-16,0,238,112,120,43,106,56,200,6
-15,0,228,210,14,93,84,102,240,241
-14,0,93,40,233,147,127,250,136,210
-13,0,136,78,238,56,14,241,68,112
-12,0,134,36,28,222,124,151,76,72
-11,0,139,13,174,70,204,192,159,151
-10,0,92,172,144,234,111,186,188,155
-9,0,70,124,222,199,151,62,176,36
-8,0,233,117,226,146,11,128,80,171
-7,0,210,92,144,186,234,155,188,84
-6,0,151,124,199,116,159,174,222,69
-5,0,142,166,97,123,113,205,150,210
-4,0,66,92,6,223,147,222,124,151
-3,0,131,15,198,226,102,194,117,96
-2,0,228,102,194,21,151,210,14,200
-1,0,123,249,196,229,105,216,16,7
-16,1,214,182,143,112,86,1,19,240
-15,1,182,112,195,250,97,143,199,19
-14,1,16,96,57,183,40,230,222,224
-13,1,222,16,241,79,135,6,186,234
-12,1,254,52,109,101,165,95,205,14
-11,1,174,162,209,254,14,80,49,141
-10,1,43,66,198,123,133,14,239,251
-9,1,153,98,49,14,48,245,42,40
-8,1,43,66,120,13,133,81,57,123
-7,1,198,178,175,217,95,14,8,131
-6,1,153,49,40,48,98,245,120,206
-5,1,34,26,11,155,87,132,75,187
-4,1,191,189,118,14,112,250,5,153
-3,1,234,134,133,5,87,88,16,222
-2,1,154,94,253,148,16,173,234,224
-1,1,11,231,225,27,155,118,244,75
-16,2,11,217,187,60,255,170,58,233
-15,2,11,60,187,255,49,133,92,80
-14,2,253,80,120,39,106,158,20,49
-13,2,58,253,158,108,89,179,120,64
-12,2,216,158,150,58,193,3,182,201
-11,2,226,252,124,207,128,39,158,234
-10,2,158,92,150,230,31,110,86,164
-9,2,3,71,115,158,56,5,193,254
-8,2,158,249,164,115,107,71,20,196
-7,2,92,158,150,13,159,86,230,110
-6,2,141,3,158,71,191,193,137,116
-5,2,158,249,210,252,242,90,162,38
-4,2,158,198,76,92,87,150,230,110
-3,2,158,0,19,198,197,93,87,76
-2,2,233,217,158,179,1,153,172,171
-1,2,158,0,109,179,210,127,152,4
-16,3,162,214,75,171,191,1,108,123
-15,3,25,113,225,214,4,159,199,157
-14,3,188,228,25,199,236,113,159,214
-13,3,228,188,199,25,223,225,139,11
-12,3,23,243,199,87,112,36,16,82
-11,3,166,199,79,94,23,163,54,207
-10,3,188,199,228,116,218,251,155,207
-9,3,199,243,251,112,23,247,218,36
-8,3,188,228,91,221,199,119,170,75
-7,3,251,199,228,207,218,159,155,188
-6,3,243,247,192,199,159,251,207,218
-5,3,199,211,37,31,228,146,46,25
-4,3,197,199,155,25,159,188,228,154
-3,3,25,240,190,218,159,199,225,188
-2,3,216,183,12,159,255,212,77,188
-1,3,25,133,199,37,225,240,187,206
-16,4,195,88,233,87,98,246,172,191
-15,4,88,98,195,94,154,27,54,5
-14,4,122,154,98,119,195,172,88,254
-13,4,253,17,154,254,172,79,195,5
-12,4,253,175,154,233,132,134,206,192
-11,4,148,221,121,206,158,175,2,29
-10,4,154,8,94,112,71,152,53,121
-9,4,154,121,158,192,152,186,53,132
-8,4,154,119,8,139,105,55,2,228
-7,4,94,154,121,133,158,87,71,192
-6,4,158,70,175,121,132,180,134,154
-5,4,154,161,167,14,15,13,65,160
-4,4,154,98,118,192,139,160,94,158
-3,4,154,180,118,192,164,105,139,231
-2,4,154,20,160,70,158,51,134,152
-1,4,154,142,222,13,108,15,167,102
-16,5,15,56,110,25,159,64,60,57
-15,5,110,15,147,166,71,158,60,205
-14,5,61,250,151,147,31,158,205,114
-13,5,174,151,147,61,183,250,32,217
-12,5,64,208,164,151,251,40,163,120
-11,5,153,163,228,52,50,208,63,64
-10,5,151,9,61,153,81,98,194,0
-9,5,164,9,151,153,115,228,98,163
-8,5,9,151,61,27,153,170,19,98
-7,5,2,151,164,61,81,52,9,251
-6,5,81,236,19,2,251,164,151,165
-5,5,186,151,104,235,161,120,81,9
-4,5,151,251,81,158,205,0,198,98
-3,5,81,151,67,115,254,2,165,52
-2,5,163,153,228,120,137,40,242,177
-1,5,104,151,158,165,218,186,236,205
-16,6,110,138,46,40,91,24,254,173
-15,6,138,65,22,133,79,183,196,192
-14,6,65,138,79,196,133,49,192,143
-13,6,65,192,196,79,209,107,95,138
-12,6,192,168,196,102,82,209,227,185
-11,6,102,192,148,196,128,195,159,185
-10,6,196,192,128,16,102,235,209,107
-9,6,192,57,102,196,159,39,185,26
-8,6,196,90,57,192,159,55,27,39
-7,6,196,92,154,235,185,102,209,192
-6,6,185,196,154,57,192,209,171,157
-5,6,196,167,159,192,154,157,246,107
-4,6,196,114,79,157,143,138,19,3
-3,6,114,79,196,3,157,15,143,183
-2,6,102,168,159,192,148,82,171,25
-1,6,79,196,167,153,243,138,157,177
-16,7,221,191,112,200,142,241,39,148
-15,7,221,75,159,203,184,36,101,191
-14,7,221,147,101,75,109,229,184,199
-13,7,109,199,147,191,148,221,57,132
-12,7,166,132,116,147,57,75,185,212
-11,7,132,128,38,26,171,218,80,111
-10,7,132,147,199,229,128,62,181,171
-9,7,132,223,111,171,26,81,182,218
-8,7,132,181,147,27,26,218,187,171
-7,7,181,132,243,147,116,171,187,184
-6,7,132,223,171,187,116,185,26,184
-5,7,199,171,147,128,132,86,76,29
-4,7,147,91,19,171,35,76,184,2
-3,7,91,147,19,171,35,2,76,229
-2,7,182,132,120,128,184,154,185,171
-1,7,171,36,147,91,29,76,19,184
-16,8,175,217,127,123,17,223,78,139
-15,8,123,159,107,191,176,175,84,23
-14,8,123,107,180,175,159,191,176,4
-13,8,123,107,157,176,180,175,55,111
-12,8,123,219,246,224,53,110,107,75
-11,8,224,133,62,189,246,59,100,231
-10,8,246,224,107,180,65,212,4,52
-9,8,224,133,151,98,171,246,23,41
-8,8,224,107,57,98,151,74,52,164
-7,8,224,107,194,100,133,72,161,151
-6,8,224,194,72,171,133,161,98,100
-5,8,224,107,164,52,57,74,33,191
-4,8,224,52,107,180,171,194,164,212
-3,8,164,107,180,224,194,52,4,56
-2,8,224,133,72,98,164,74,16,63
-1,8,224,107,164,234,56,191,52,180
-16,9,72,246,122,210,95,232,12,136
-15,9,45,95,120,156,194,97,248,112
-14,9,217,95,45,120,151,112,85,97
-13,9,95,120,45,217,101,248,151,97
-12,9,95,101,134,226,106,99,207,233
-11,9,95,207,101,243,189,61,81,48
-10,9,120,178,95,207,61,101,81,166
-9,9,95,20,32,137,1,172,134,229
-8,9,95,178,20,84,19,206,207,44
-7,9,95,207,120,61,143,41,84,198
-6,9,207,61,95,229,146,161,189,198
-5,9,95,39,29,61,94,44,207,11
-4,9,95,44,61,156,9,207,197,255
-3,9,95,197,61,156,44,98,9,8
-2,9,95,189,207,61,44,255,161,20
-1,9,95,29,94,197,44,61,164,8
-16,10,175,120,14,100,249,183,179,203
-15,10,247,91,234,162,243,79,124,25
-14,10,247,62,236,211,63,234,185,124
-13,10,228,68,12,247,211,86,129,11
-12,10,86,116,228,146,165,12,66,205
-11,10,116,92,165,12,86,134,242,228
-10,10,12,247,86,218,9,116,207,40
-9,10,242,19,232,116,147,132,156,138
-8,10,163,247,19,232,40,116,165,124
-7,10,165,9,40,5,207,232,252,116
-6,10,165,19,232,40,5,242,9,64
-5,10,130,247,40,232,198,165,252,5
-4,10,253,234,17,165,40,247,31,250
-3,10,253,247,234,8,40,17,171,167
-2,10,165,146,119,116,207,223,85,8
-1,10,234,198,130,169,247,185,171,8
-16,11,180,41,246,96,149,152,143,92
-15,11,57,27,51,13,3,107,87,228
-14,11,57,27,16,87,107,192,239,228
-13,11,64,27,51,107,92,57,16,87
-12,11,12,134,231,225,157,124,191,15
-11,11,60,222,134,154,220,141,225,237
-10,11,114,107,130,153,134,111,154,15
-9,11,218,223,44,60,134,225,59,141
-8,11,142,18,107,225,111,174,44,20
-7,11,225,153,134,111,142,207,3,255
-6,11,85,225,59,231,218,134,101,84
-5,11,111,20,107,12,84,103,225,128
-4,11,111,54,142,109,85,15,156,3
-3,11,111,54,3,101,50,142,116,225
-2,11,231,157,60,37,225,12,141,59
-1,11,189,111,3,107,98,128,145,160
-16,12,4,124,68,77,24,52,216,167
-15,12,221,169,68,16,235,100,174,167
-14,12,68,221,169,16,235,100,199,43
-13,12,68,221,169,100,199,104,16,201
-12,12,221,39,225,201,9,2,208,116
-11,12,186,163,1,201,208,39,158,168
-10,12,84,1,128,15,201,147,43,238
-9,12,157,116,50,186,39,250,161,42
-8,12,1,39,43,15,67,116,128,157
-7,12,222,39,116,186,111,207,107,125
-6,12,39,222,116,207,208,186,111,134
-5,12,1,39,128,26,63,3,15,74
-4,12,39,1,55,206,208,116,128,47
-3,12,39,208,206,1,55,128,116,15
-2,12,208,39,116,55,186,143,163,50
-1,12,39,1,74,26,63,65,128,208
-16,13,231,119,132,221,167,177,64,161
-15,13,132,141,146,234,233,55,26,49
-14,13,221,251,209,141,236,55,57,64
-13,13,42,47,132,154,221,251,28,167
-12,13,47,166,42,154,155,132,40,219
-11,13,166,47,101,93,176,151,212,228
-10,13,47,28,176,154,166,95,38,219
-9,13,47,212,151,228,248,194,93,176
-8,13,47,151,154,228,212,200,199,116
-7,13,47,199,93,228,219,151,116,166
-6,13,47,199,228,93,151,166,219,125
-5,13,47,154,199,43,228,137,219,109
-4,13,199,47,154,66,155,37,228,219
-3,13,199,47,154,219,37,113,28,66
-2,13,93,219,47,13,66,19,212,151
-1,13,47,43,154,66,219,147,202,93
-16,14,217,57,244,211,123,136,191,181
-15,14,71,12,31,193,57,229,88,166
-14,14,193,209,12,97,166,57,9,112
-13,14,166,229,244,97,193,57,71,52
-12,14,67,238,58,252,166,54,17,71
-11,14,189,67,194,73,17,96,202,249
-10,14,52,224,67,73,51,189,84,166
-9,14,189,73,67,17,44,252,96,253
-8,14,189,51,52,224,160,73,137,67
-7,14,189,67,54,73,52,139,84,88
-6,14,67,54,189,139,84,194,73,96
-5,14,137,189,224,51,52,160,252,124
-4,14,189,52,51,167,67,137,38,139
-3,14,52,167,189,51,137,38,224,160
-2,14,189,67,96,249,109,167,54,139
-1,14,137,189,167,51,52,124,160,224
-16,15,225,247,218,191,117,82,48,83
-15,15,108,255,225,228,132,127,229,150
-14,15,127,233,228,108,225,83,217,150
-13,15,228,225,127,233,132,82,68,83
-12,15,18,134,68,206,217,158,112,151
-11,15,18,6,121,206,101,231,114,68
-10,15,103,217,206,68,233,145,248,18
-9,15,18,33,6,169,114,149,240,50
-8,15,233,99,148,217,121,240,147,169
-7,15,248,206,204,18,93,121,233,250
-6,15,18,33,121,206,204,60,182,142
-5,15,233,121,220,148,217,181,65,206
-4,15,146,148,121,229,206,233,142,204
-3,15,178,148,83,217,162,121,229,4
-2,15,18,121,114,112,142,206,204,101
-1,15,121,233,148,250,242,142,181,220
-16,16,89,245,166,88,203,16,107,141
-15,16,166,75,248,60,93,88,63,130
-14,16,166,29,130,248,205,39,229,112
-13,16,247,130,205,245,64,29,39,182
-12,16,130,230,56,247,59,51,146,165
-11,16,130,72,56,59,190,51,253,165
-10,16,228,130,205,72,152,170,165,150
-9,16,130,228,190,72,56,169,234,253
-8,16,130,228,54,72,51,152,253,170
-7,16,130,54,230,253,72,165,162,169
-6,16,130,169,253,31,190,72,233,56
-5,16,130,51,228,170,233,5,31,152
-4,16,130,170,51,88,26,252,227,10
-3,16,170,130,51,205,138,252,152,227
-2,16,59,130,53,230,72,56,253,82
-1,16,130,170,233,51,5,80,252,28
-16,17,96,106,26,171,150,25,125,86
-15,17,25,248,150,171,74,35,96,33
-14,17,150,131,248,249,35,15,93,25
-13,17,185,35,145,93,248,161,125,150
-12,17,126,35,185,19,93,115,145,117
-11,17,35,126,21,185,89,144,135,9
-10,17,35,115,93,124,28,60,15,204
-9,17,164,204,152,35,60,115,64,28
-8,17,35,115,64,28,60,89,226,15
-7,17,142,28,35,115,152,226,8,64
-6,17,164,115,28,142,238,35,126,89
-5,17,35,115,64,89,60,87,28,226
-4,17,142,115,35,64,20,204,28,126
-3,17,35,15,115,64,20,142,226,78
-2,17,89,19,226,35,142,170,191,126
-1,17,35,115,64,87,250,89,200,242
-16,18,100,201,174,94,75,172,44,141
-15,18,199,192,126,217,94,180,155,32
-14,18,199,94,192,126,217,180,100,155
-13,18,199,94,192,217,126,180,155,13
-12,18,199,195,13,212,219,121,141,126
-11,18,108,13,116,195,126,117,80,139
-10,18,126,69,192,161,117,35,135,13
-9,18,13,72,175,141,117,91,80,130
-8,18,13,6,126,192,80,94,91,117
-7,18,13,69,141,80,117,94,68,126
-6,18,13,80,250,72,35,5,68,117
-5,18,13,57,192,126,50,148,134,197
-4,18,192,126,13,5,209,148,204,130
-3,18,126,192,13,134,161,130,226,204
-2,18,219,80,13,139,177,91,141,108
-1,18,192,13,57,126,197,50,134,43
-16,19,41,204,44,221,142,207,238,173
-15,19,41,173,221,154,26,125,195,235
-14,19,173,26,41,195,154,236,44,24
-13,19,173,26,195,41,236,154,75,35
-12,19,35,75,137,26,247,67,239,48
-11,19,35,75,137,144,33,239,226,59
-10,19,26,137,75,59,35,30,236,33
-9,19,59,33,85,75,35,248,212,226
-8,19,75,226,59,36,35,33,108,199
-7,19,30,226,35,221,75,137,201,195
-6,19,30,226,35,137,228,75,33,70
-5,19,35,36,75,4,226,20,26,162
-4,19,30,36,173,60,226,75,26,228
-3,19,173,26,75,36,41,195,30,162
-2,19,247,226,61,30,35,48,60,102
-1,19,20,35,30,36,226,130,4,162
-16,20,17,127,175,217,18,223,11,8
-15,20,92,18,176,159,223,217,8,139
-14,20,176,223,197,175,40,18,107,116
-13,20,175,246,176,197,127,17,214,223
-12,20,246,219,53,75,41,140,151,172
-11,20,224,246,171,172,151,41,59,23
-10,20,246,224,52,151,41,53,107,171
-9,20,224,151,246,171,41,23,71,133
-8,20,224,23,151,72,98,107,112,171
-7,20,224,72,151,61,133,171,23,246
-6,20,224,171,72,133,220,151,246,23
-5,20,224,107,33,23,171,238,151,83
-4,20,224,116,194,171,151,72,23,110
-3,20,224,56,194,191,23,171,151,107
-2,20,224,133,98,171,72,71,151,23
-1,20,224,107,234,56,23,116,191,171
-16,21,72,246,184,232,210,113,127,122
-15,21,156,95,112,194,45,248,122,210
-14,21,217,95,113,45,112,127,232,138
-13,21,45,95,232,113,171,30,217,248
-12,21,95,101,226,140,45,134,233,103
-11,21,95,207,61,188,189,101,251,44
-10,21,95,178,207,27,101,143,166,188
-9,21,95,251,207,188,229,61,32,81
-8,21,95,207,178,81,61,146,44,137
-7,21,95,146,207,243,61,198,189,67
-6,21,95,207,146,61,44,243,198,5
-5,21,95,39,29,44,207,61,94,197
-4,21,95,207,146,44,197,156,243,248
-3,21,95,44,197,207,156,146,255,243
-2,21,95,207,61,189,137,243,63,251
-1,21,95,29,44,207,197,164,94,61
-16,22,120,175,100,50,192,82,231,90
-15,22,95,133,206,176,238,175,247,243
-14,22,62,206,136,50,133,151,95,176
-13,22,151,211,80,48,68,115,12,4
-12,22,12,116,109,40,86,228,122,205
-11,22,12,40,137,116,242,122,228,92
-10,22,122,9,116,40,0,218,86,163
-9,22,19,40,122,242,116,146,156,232
-8,22,165,163,232,122,124,116,207,252
-7,22,165,9,122,5,232,124,40,0
-6,22,19,165,232,122,5,40,242,146
-5,22,122,198,130,116,8,232,124,234
-4,22,253,122,109,250,234,185,232,165
-3,22,253,122,234,167,185,124,17,40
-2,22,165,119,146,194,223,122,116,78
-1,22,198,122,234,169,124,8,130,65
-16,23,180,41,87,152,96,132,213,92
-15,23,126,51,193,204,27,183,239,150
-14,23,204,5,162,87,27,226,187,76
-13,23,78,64,204,213,183,16,228,124
-12,23,214,135,204,213,134,157,231,217
-11,23,220,222,154,157,60,134,135,85
-10,23,114,130,153,134,111,15,213,107
-9,23,60,201,10,218,134,59,231,85
-8,23,142,213,111,10,225,134,107,60
-7,23,225,153,15,130,142,134,107,204
-6,23,231,201,85,59,218,225,157,116
-5,23,111,20,128,107,213,206,108,225
-4,23,111,54,109,22,156,40,85,3
-3,23,111,3,209,109,14,59,116,107
-2,23,157,231,37,225,248,80,60,222
-1,23,189,111,128,206,108,107,3,160
-16,24,53,216,124,4,167,24,58,100
-15,24,221,68,16,100,58,199,167,78
-14,24,221,100,16,99,104,144,68,167
-13,24,221,104,100,58,16,127,102,211
-12,24,221,1,9,201,101,2,80,111
-11,24,1,50,84,221,163,101,201,11
-10,24,1,221,84,9,207,80,42,201
-9,24,1,50,157,11,250,205,55,39
-8,24,1,43,186,39,222,205,250,84
-7,24,1,39,106,207,186,125,205,107
-6,24,1,205,11,39,222,128,134,119
-5,24,1,26,63,74,39,160,221,205
-4,24,1,39,47,186,24,55,208,207
-3,24,1,39,221,60,208,15,165,55
-2,24,1,50,55,189,147,125,163,166
-1,24,1,74,39,26,63,221,160,15
-16,25,167,52,236,132,221,231,242,119
-15,25,132,180,20,243,234,251,227,135
-14,25,209,251,167,132,78,35,139,180
-13,25,132,42,167,209,212,99,114,47
-12,25,132,40,155,42,47,166,80,208
-11,25,47,101,155,42,137,166,202,228
-10,25,47,228,208,166,7,40,200,250
-9,25,47,155,212,151,0,228,166,101
-8,25,47,199,151,212,228,166,200,202
-7,25,47,199,200,89,151,228,212,166
-6,25,47,224,199,74,28,228,140,155
-5,25,47,43,147,202,228,134,89,137
-4,25,47,155,199,228,78,130,89,86
-3,25,47,130,154,66,190,224,95,212
-2,25,47,93,13,89,66,74,199,42
-1,25,47,147,43,134,182,130,202,78
-16,26,217,81,57,136,181,244,211,150
-15,26,193,12,112,229,88,57,166,137
-14,26,193,97,166,9,142,112,12,211
-13,26,166,97,193,244,125,54,71,142
-12,26,58,238,252,67,166,54,78,111
-11,26,137,67,155,194,213,252,189,160
-10,26,67,137,84,252,189,52,54,194
-9,26,189,67,73,160,252,137,194,203
-8,26,189,67,73,160,137,251,38,84
-7,26,189,67,54,139,38,160,137,73
-6,26,137,160,67,139,224,52,96,252
-5,26,137,52,160,124,146,20,64,189
-4,26,137,160,189,52,67,139,167,87
-3,26,137,160,52,167,231,106,67,189
-2,26,67,189,167,249,196,40,156,109
-1,26,137,160,52,124,167,51,148,32
-16,27,247,191,225,218,83,108,82,48
-15,27,108,255,225,150,85,132,124,83
-14,27,85,82,150,127,225,255,83,191
-13,27,85,228,132,82,83,139,92,225
-12,27,18,134,206,85,158,68,139,30
-11,27,18,85,121,233,206,28,110,68
-10,27,85,103,206,248,233,121,158,94
-9,27,33,85,18,28,206,240,177,233
-8,27,85,99,121,182,206,146,218,233
-7,27,248,241,121,85,204,182,206,99
-6,27,85,121,13,33,3,60,206,146
-5,27,65,85,181,81,165,206,242,218
-4,27,85,156,178,146,54,168,204,18
-3,27,85,178,54,218,204,242,121,58
-2,27,121,240,101,85,182,99,16,204
-1,27,181,165,85,58,87,81,242,200
-16,28,158,107,166,88,93,218,18,89
-15,28,166,229,130,252,152,248,60,28
-14,28,130,229,18,166,182,175,148,152
-13,28,247,130,18,182,152,148,229,129
-12,28,130,56,59,165,247,72,152,146
-11,28,130,72,59,165,190,181,51,152
-10,28,130,228,72,165,54,152,116,250
-9,28,130,228,72,190,51,26,169,56
-8,28,130,54,228,72,116,152,33,253
-7,28,130,230,54,152,149,169,185,165
-6,28,130,193,51,190,72,152,26,33
-5,28,130,170,5,152,96,28,51,26
-4,28,130,10,152,170,88,51,56,252
-3,28,130,152,170,252,51,80,28,232
-2,28,130,74,179,59,232,39,53,40
-1,28,130,170,152,133,252,5,28,80
-16,29,106,96,171,25,86,125,112,42
-15,29,248,171,64,20,25,96,145,22
-14,29,145,248,115,64,68,131,69,93
-13,29,145,185,248,161,64,115,251,93
-12,29,117,185,19,93,115,60,4,96
-11,29,214,115,185,21,60,204,142,93
-10,29,236,115,28,204,142,151,218,66
-9,29,115,164,88,64,60,21,38,204
-8,29,142,28,115,218,236,64,38,89
-7,29,28,236,115,142,64,200,238,89
-6,29,64,115,164,88,28,35,142,238
-5,29,115,20,64,172,35,60,243,124
-4,29,126,64,20,18,35,142,115,213
-3,29,64,20,78,213,49,115,35,142
-2,29,89,9,142,150,39,185,115,64
-1,29,64,20,250,87,76,172,115,35
-16,30,31,174,75,94,32,160,141,217
-15,30,199,13,192,217,155,161,126,180
-14,30,94,199,13,217,192,34,180,176
-13,30,94,199,13,72,217,34,180,44
-12,30,13,72,141,212,143,192,219,209
-11,30,192,13,90,116,232,108,72,117
-10,30,6,117,69,192,212,13,77,118
-9,30,192,162,13,63,232,117,151,245
-8,30,80,71,117,6,232,251,192,221
-7,30,69,80,13,251,6,94,117,5
-6,30,162,192,13,50,80,63,5,250
-5,30,192,148,187,13,117,5,128,88
-4,30,192,209,13,148,126,18,134,130
-3,30,13,192,148,50,99,126,66,134
-2,30,13,141,219,80,192,139,99,203
-1,30,43,179,192,13,187,134,197,163
-16,31,35,20,57,241,191,75,96,26
-15,31,75,35,162,41,36,195,172,221
-14,31,75,35,172,195,162,125,41,221
-13,31,75,35,172,194,195,207,137,236
-12,31,157,35,75,247,137,67,83,162
-11,31,35,33,199,137,247,144,108,75
-10,31,35,233,67,137,75,33,243,162
-9,31,35,33,70,162,137,85,34,43
-8,31,35,226,33,199,30,137,108,162
-7,31,35,30,226,137,221,60,33,70
-6,31,35,162,108,33,226,30,137,151
-5,31,35,75,130,30,162,20,228,201
-4,31,75,35,60,162,201,191,30,204
-3,31,35,30,75,162,183,201,228,204
-2,31,204,35,226,75,139,33,20,70
-1,31,20,162,35,30,75,201,109,205
-16,32,58,112,252,202,191,137,55,2
-15,32,68,252,178,27,71,52,195,227
-14,32,186,252,96,42,27,68,227,82
-13,32,224,42,27,252,68,82,197,71
-12,32,162,12,22,14,144,92,59,27
-11,32,123,22,48,18,109,220,254,47
-10,32,194,195,146,59,199,247,17,47
-9,32,123,86,179,109,220,18,47,117
-8,32,89,17,220,47,159,221,247,18
-7,32,146,195,199,194,61,86,220,65
-6,32,179,123,86,27,76,85,125,18
-5,32,113,178,99,238,77,192,254,159
-4,32,109,27,68,123,178,112,92,219
-3,32,179,109,101,185,140,219,68,175
-2,32,162,33,10,210,178,231,47,117
-1,32,98,99,178,192,185,134,90,112
-16,33,127,176,133,29,147,55,198,23
-15,33,127,75,241,37,49,97,71,9
-14,33,127,11,49,55,0,241,215,182
-13,33,63,127,156,217,55,99,184,18
-12,33,127,81,13,108,91,72,189,245
-11,33,127,139,49,108,81,107,151,203
-10,33,97,127,81,94,37,108,217,75
-9,33,234,127,81,49,11,108,95,36
-8,33,105,244,127,81,72,107,214,49
-7,33,75,97,81,37,94,127,189,72
-6,33,127,234,95,11,104,81,49,36
-5,33,127,190,41,49,104,232,81,72
-4,33,127,231,72,16,176,7,150,36
-3,33,127,132,231,72,103,16,203,150
-2,33,127,72,81,132,192,49,103,203
-1,33,127,183,86,126,49,129,72,92
-16,34,63,15,182,9,249,164,85,226
-15,34,204,63,51,255,9,212,234,231
-14,34,204,51,196,180,205,101,9,63
-13,34,204,152,51,196,130,54,234,236
-12,34,130,18,152,195,73,247,211,204
-11,34,240,175,252,48,130,56,195,220
-10,34,19,187,212,54,247,255,130,79
-9,34,238,44,240,72,195,79,194,51
-8,34,81,252,12,56,21,51,58,208
-7,34,187,212,54,251,255,19,90,107
-6,34,44,240,238,72,28,51,251,107
-5,34,88,51,161,97,62,252,21,34
-4,34,249,63,51,80,143,202,122,90
-3,34,249,177,51,143,15,227,44,63
-2,34,143,105,44,227,181,195,51,238
-1,34,84,51,96,26,1,207,252,62
-16,35,43,97,106,95,132,180,203,8
-15,35,43,203,22,84,112,97,225,240
-14,35,132,153,203,210,28,102,240,243
-13,35,210,62,156,1,28,230,13,34
-12,35,77,185,23,76,117,156,254,32
-11,35,114,5,167,94,85,235,218,2
-10,35,202,253,167,229,76,254,89,36
-9,35,190,148,167,253,74,191,89,235
-8,35,132,167,218,235,61,89,10,202
-7,35,167,10,49,104,229,83,212,202
-6,35,190,148,191,167,97,74,212,185
-5,35,74,61,97,218,22,167,135,160
-4,35,191,43,44,135,112,84,174,185
-3,35,44,191,97,107,43,182,128,7
-2,35,167,89,107,104,155,190,148,185
-1,35,57,42,84,22,145,218,160,102
-16,36,73,21,45,138,17,59,103,253
-15,36,73,45,234,235,35,56,98,186
-14,36,73,45,159,98,186,35,23,141
-13,36,73,24,186,212,155,159,23,239
-12,36,125,37,26,92,118,198,44,131
-11,36,26,142,246,248,152,158,67,195
-10,36,158,10,0,118,8,188,23,82
-9,36,227,158,142,26,50,115,74,194
-8,36,253,246,152,158,248,194,211,74
-7,36,158,198,0,234,194,214,8,34
-6,36,227,142,115,73,39,158,147,214
-5,36,207,248,73,246,158,211,120,203
-4,36,45,73,79,221,26,238,76,59
-3,36,73,59,251,7,245,45,36,253
-2,36,39,74,115,227,73,7,158,125
-1,36,70,120,248,181,83,20,203,14
-16,37,72,110,109,244,219,145,243,92
-15,37,72,145,219,165,4,69,109,84
-14,37,219,165,72,31,69,84,109,36
-13,37,219,50,235,200,165,9,11,109
-12,37,219,162,196,103,64,11,227,130
-11,37,135,64,161,60,67,43,21,32
-10,37,64,103,21,35,124,147,22,227
-9,37,64,78,27,238,32,124,196,175
-8,37,64,161,135,67,60,143,32,158
-7,37,21,64,90,105,32,124,220,28
-6,37,27,78,64,233,126,55,21,175
-5,37,145,48,67,135,143,27,60,64
-4,37,205,196,72,254,219,126,166,69
-3,37,62,108,175,196,166,152,254,55
-2,37,233,27,175,78,108,166,55,145
-1,37,182,190,143,58,145,65,48,31
-16,38,120,177,209,195,156,141,0,242
-15,38,209,120,241,125,22,95,0,139
-14,38,209,22,125,226,100,79,120,66
-13,38,209,146,226,79,205,94,114,32
-12,38,209,52,205,79,32,66,127,59
-11,38,209,30,119,201,234,9,127,94
-10,38,209,22,127,79,212,94,86,118
-9,38,209,215,80,94,212,127,119,118
-8,38,209,30,9,234,127,101,94,84
-7,38,209,22,94,86,79,84,212,74
-6,38,209,215,251,80,94,119,169,84
-5,38,209,71,30,9,234,94,80,84
-4,38,209,120,132,52,149,87,47,173
-3,38,209,120,173,136,52,254,166,241
-2,38,209,149,215,190,182,161,35,61
-1,38,209,148,92,71,173,30,151,101
-16,39,142,209,144,108,127,37,66,11
-15,39,241,108,23,16,146,68,145,159
-14,39,108,16,146,145,9,34,130,241
-13,39,108,85,177,34,13,89,30,116
-12,39,44,99,77,108,224,30,89,188
-11,39,1,246,92,138,250,215,70,239
-10,39,34,16,145,30,116,130,70,62
-9,39,158,239,244,70,231,183,253,72
-8,39,246,250,1,248,92,70,203,188
-7,39,62,145,34,16,242,188,30,181
-6,39,158,239,231,244,179,72,122,36
-5,39,69,250,248,92,72,244,183,1
-4,39,66,224,91,108,151,99,251,127
-3,39,113,78,114,208,91,73,164,106
-2,39,231,239,44,47,78,253,91,75
-1,39,2,248,69,189,38,78,213,154
0,0,177,235,47,187,81,115,132,158
0,1,250,112,11,224,118,75,172,155
0,2,10,109,158,123,145,93,179,29
0,3,225,25,214,199,117,159,39,118
0,4,222,154,142,15,102,108,195,160
0,5,158,151,65,193,43,88,218,188
0,6,138,79,196,153,167,143,156,157
0,7,36,117,147,184,35,76,185,120
0,8,224,164,107,191,56,52,239,220
0,9,2,95,239,255,164,197,161,8
0,10,198,247,234,169,185,65,125,243
0,11,189,111,107,206,128,160,108,42
0,12,39,1,74,93,65,221,26,208
0,13,47,154,93,134,66,43,147,202
0,14,137,189,52,51,167,160,64,224
0,15,148,165,242,87,58,121,229,162
0,16,130,51,170,80,233,252,28,205
0,17,35,115,64,87,248,89,20,250
0,18,192,13,197,134,43,163,34,177
0,19,20,109,116,4,36,75,30,195
0,20,224,56,239,116,115,23,107,186
0,21,197,2,95,203,164,191,61,47
0,22,198,196,169,234,125,243,65,8
0,23,206,128,107,111,108,189,160,42
0,24,93,1,221,74,220,68,107,39
0,25,134,182,202,212,147,66,78,93
0,26,137,52,51,167,32,124,103,12
0,27,165,181,162,87,58,85,172,242
0,28,130,229,80,170,43,5,95,111
0,29,87,0,248,250,60,64,20,124
0,30,13,197,163,43,134,179,205,106
0,31,4,116,20,109,205,75,162,39
0,32,119,112,90,134,77,186,192,178
0,33,127,93,183,238,43,86,129,83
0,34,26,1,85,96,207,180,82,51
0,35,57,42,84,160,203,145,22,72
0,36,120,70,20,83,98,181,248,14
0,37,182,104,190,31,58,39,124,143
0,38,209,148,71,27,92,151,173,94
0,39,154,38,110,243,69,12,78,248
1,0,77,37,138,173,238,75,184,26
1,1,214,112,250,172,224,147,129,97
1,2,49,217,219,153,158,11,29,41
1,3,6,159,25,196,61,69,224,87
1,4,163,200,233,195,90,129,108,154
1,5,65,188,71,110,158,43,127,86
1,6,143,203,138,169,133,22,254,60
1,7,184,125,208,35,229,117,203,36
1,8,224,98,133,191,72,29,20,141
1,9,20,255,2,189,8,36,243,18
1,10,157,243,65,247,185,162,134,125
1,11,150,89,204,128,206,108,160,144
1,12,145,60,221,189,39,192,220,199
1,13,202,89,93,66,182,212,151,32
1,14,103,189,137,28,88,125,51,214
1,15,229,244,185,165,242,238,58,46
1,16,60,163,130,35,229,38,252,134
1,17,248,208,64,5,22,35,87,167
1,18,213,43,134,2,203,217,197,13
1,19,195,36,121,167,231,20,201,41
1,20,175,224,191,99,173,239,20,223
1,21,18,170,2,95,255,155,232,189
1,22,185,35,243,247,48,65,125,176
1,23,150,239,16,160,206,128,143,162
1,24,60,221,145,0,235,193,127,58
1,25,243,182,202,89,212,185,134,78
1,26,103,88,229,12,137,28,189,0
1,27,229,185,242,165,183,58,46,153
1,28,163,229,205,75,28,35,238,60
1,29,22,241,248,87,46,208,15,111
1,30,126,43,15,134,201,197,163,203
1,31,36,121,20,26,167,75,201,154
1,32,112,2,250,53,150,160,90,95
1,33,127,92,52,164,32,83,72,43
1,34,26,63,186,85,132,92,1,105
1,35,43,42,72,57,84,22,18,160
1,36,45,14,120,20,201,83,110,75
1,37,72,190,23,182,39,55,138,89
1,38,209,103,151,120,249,117,248,176
1,39,238,162,222,80,106,63,10,120
2,0,115,81,132,158,177,47,235,208
2,1,250,172,112,224,94,19,11,147
2,2,41,106,129,153,179,11,29,158
2,3,37,25,214,159,41,199,94,225
2,4,58,154,88,129,127,165,222,219
2,5,218,127,158,251,65,71,88,135
2,6,143,138,65,169,22,196,7,79
2,7,184,229,36,14,117,208,147,35
2,8,224,191,4,164,180,98,107,99
2,9,255,239,2,59,161,95,197,8
2,10,125,65,247,196,185,157,243,198
2,11,160,19,99,206,128,108,86,150
2,12,60,145,221,223,93,151,193,128
2,13,89,103,202,182,134,108,243,154
2,14,103,28,189,137,51,32,64,125
2,15,229,58,46,165,185,242,244,87
2,16,163,28,130,60,252,238,35,160
2,17,87,248,46,5,64,241,0,208
2,18,43,254,134,213,197,13,161,203
2,19,195,36,121,116,20,167,166,173
2,20,224,99,175,116,239,56,191,23
2,21,239,2,255,95,191,197,116,170
2,22,125,243,65,120,185,176,35,157
2,23,160,206,108,128,19,86,89,150
2,24,60,151,93,199,221,145,193,209
2,25,103,243,182,202,134,212,220,89
2,26,103,226,88,105,28,214,149,189
2,27,46,165,185,242,31,58,87,23
2,28,17,61,60,35,238,229,205,40
2,29,46,87,0,22,198,248,111,76
2,30,43,15,134,89,163,254,203,85
2,31,121,116,57,20,166,36,26,75
2,32,112,119,53,90,252,181,250,134
2,33,92,43,52,210,93,127,129,164
2,34,132,26,85,92,133,1,82,219
2,35,72,119,84,42,57,18,160,241
2,36,20,45,222,83,73,221,70,66
2,37,182,39,72,138,206,88,23,233
2,38,120,151,249,209,103,193,248,148
2,39,162,107,211,222,2,221,38,108
3,0,173,43,238,30,200,75,95,140
3,1,224,250,112,172,129,147,86,19
3,2,49,11,219,106,41,153,60,217
3,3,159,25,38,6,69,113,199,8
3,4,58,154,195,88,129,108,233,205
3,5,158,65,127,205,251,86,79,88
3,6,138,169,143,22,226,60,68,203
3,7,35,125,229,14,36,117,123,184
3,8,224,191,98,99,20,173,133,180
3,9,255,2,243,36,170,20,161,59
3,10,65,243,125,247,185,27,157,198
3,11,160,206,128,150,89,108,106,204
3,12,199,145,60,223,221,220,39,93
3,13,202,89,182,93,134,243,66,32
3,14,189,28,137,32,103,51,64,125
3,15,58,87,229,165,185,242,4,148
3,16,163,60,28,229,51,43,238,130
3,17,87,64,248,35,15,5,0,89
3,18,43,134,197,13,34,163,254,161
3,19,195,36,109,167,20,121,116,86
3,20,224,239,56,23,116,77,191,72
3,21,255,2,197,191,170,95,164,203
3,22,196,125,243,65,176,185,198,157
3,23,206,128,160,9,108,189,47,254
3,24,199,93,151,221,220,145,193,60
3,25,134,182,202,89,243,66,93,212
3,26,137,103,51,32,88,214,189,148
3,27,165,87,58,242,162,181,172,4
3,28,229,43,9,163,205,150,238,80
3,29,0,87,64,248,124,16,15,20
3,30,134,163,43,197,13,226,161,254
3,31,20,116,109,4,154,75,205,86
3,32,90,119,134,112,252,192,2,77
3,33,92,43,93,129,127,183,83,16
3,34,26,85,1,86,186,132,96,113
3,35,57,42,84,72,160,108,22,145
3,36,83,20,70,120,14,181,98,221
3,37,182,72,190,39,31,58,138,184
3,38,209,148,249,151,17,92,180,42
3,39,238,38,2,222,202,173,217,37
4,0,200,81,140,158,115,208,132,67
4,1,182,233,19,82,250,128,16,94
4,2,172,106,41,95,217,153,57,119
4,3,199,25,233,214,225,117,37,159
4,4,154,58,102,142,54,195,15,222
4,5,135,158,65,88,43,127,79,205
4,6,138,143,79,22,196,65,36,60
4,7,14,36,117,35,229,147,184,76
4,8,224,239,180,56,4,77,164,191
4,9,2,203,197,255,36,239,95,161
4,10,185,65,247,243,196,157,198,234
4,11,160,108,128,111,206,107,47,42
4,12,93,39,220,221,74,208,1,65
4,13,134,154,182,202,138,93,66,47
4,14,137,52,51,167,32,64,189,88
4,15,58,162,165,148,87,242,4,121
4,16,170,51,229,130,43,252,233,80
4,17,87,64,35,115,0,5,89,20
4,18,13,197,192,204,43,226,134,177
4,19,4,109,20,167,205,116,30,39
4,20,239,224,116,56,23,115,4,107
4,21,197,2,203,95,207,191,61,189
4,22,196,243,198,234,65,157,8,35
4,23,128,206,107,111,108,42,160,62
4,24,1,220,93,221,74,254,107,39
4,25,134,182,202,154,28,78,147,66
4,26,137,52,51,32,167,60,124,103
4,27,181,165,162,58,87,172,110,85
4,28,229,170,43,80,95,130,5,205
4,29,87,60,0,248,5,250,229,166
4,30,13,197,205,179,106,163,192,134
4,31,4,20,109,116,205,252,75,39
4,32,119,134,90,77,186,192,178,112
4,33,93,183,238,86,81,127,83,129
4,34,1,207,85,96,180,82,26,101
4,35,57,22,42,160,167,84,145,89
4,36,120,70,181,14,98,20,83,74
4,37,190,182,104,31,58,64,124,21
4,38,148,27,71,92,94,209,212,213
4,39,69,38,110,243,154,12,78,217
5,0,238,43,78,56,236,120,206,254
5,1,242,19,224,124,186,118,86,211
5,2,49,11,217,60,188,58,133,153
5,3,225,246,199,214,219,11,159,39
5,4,154,88,253,160,195,79,74,54
5,5,147,174,205,158,153,65,149,44
5,6,138,68,36,196,65,183,22,148
5,7,199,147,35,184,229,36,117,14
5,8,56,180,157,224,52,239,116,4
5,9,197,151,2,61,217,189,156,44
5,10,196,228,12,68,171,185,157,247
5,11,107,27,64,111,69,108,154,160
5,12,1,220,128,39,169,147,15,221
5,13,42,138,154,134,13,93,182,28
5,14,52,51,137,167,238,213,189,252
5,15,162,165,121,110,181,213,58,206
5,16,95,130,205,233,51,229,181,243
5,17,60,185,87,64,166,89,229,35
5,18,13,159,197,91,192,155,5,139
5,19,4,33,252,109,20,205,26,229
5,20,224,23,116,151,171,157,133,239
5,21,61,207,217,151,95,189,197,243
5,22,196,228,116,68,92,12,225,223
5,23,107,64,27,111,154,60,225,195
5,24,1,147,155,125,16,207,191,254
5,25,13,42,228,28,219,166,212,202
5,26,67,238,252,138,137,194,11,52
5,27,110,121,101,80,206,116,142,182
5,28,72,130,149,31,45,20,247,147
5,29,60,185,188,229,248,89,130,28
5,30,13,72,159,106,139,220,240,117
5,31,67,33,229,226,137,14,102,233
5,32,224,42,197,47,220,206,178,124
5,33,63,81,156,18,40,217,127,12
5,34,152,196,54,181,213,169,226,149
5,35,210,253,167,89,95,104,79,14
5,36,158,239,24,50,194,198,74,251
5,37,21,62,64,50,32,124,89,229
5,38,146,94,86,84,212,127,79,74
5,39,13,85,34,62,134,177,242,30
6,0,134,36,28,222,48,94,231,124
6,1,254,52,101,109,205,245,14,165
6,2,216,150,182,157,126,201,79,193
6,3,243,159,36,155,23,112,163,249
6,4,134,192,175,51,70,158,75,253
6,5,153,251,228,163,120,52,77,64
6,6,82,171,168,148,102,209,227,159
6,7,182,128,120,35,132,185,171,154
6,8,224,133,63,16,171,98,34,74
6,9,44,189,207,61,95,255,161,137
6,10,165,146,119,116,85,207,232,223
6,11,157,231,37,60,225,141,70,59
6,12,208,116,39,50,166,186,125,143
6,13,93,219,13,19,66,47,151,212
6,14,67,189,96,167,249,109,194,54
6,15,121,18,142,101,206,114,204,231
6,16,53,59,102,72,130,82,253,230
6,17,89,19,226,191,214,28,238,135
6,18,219,80,13,139,177,91,251,203
6,19,247,33,48,226,30,61,137,102
6,20,224,133,98,171,23,206,151,246
6,21,61,189,95,207,251,137,255,146
6,22,119,146,165,223,116,194,109,232
6,23,157,231,37,70,225,248,9,107
6,24,50,166,1,125,147,163,55,119
6,25,13,0,42,93,203,74,66,89
6,26,67,196,182,189,249,238,213,194
6,27,35,121,101,18,206,79,182,240
6,28,59,53,56,130,72,181,102,247
6,29,60,185,19,89,188,99,130,214
6,30,90,13,66,219,72,209,143,240
6,31,247,229,33,67,70,226,137,99
6,32,162,22,173,14,12,254,85,144
6,33,81,189,56,143,72,136,84,203
6,34,18,175,166,152,181,195,11,48
6,35,5,94,104,77,167,185,206,85
6,36,37,125,158,67,92,44,50,194
6,37,162,21,64,32,130,43,25,207
6,38,94,59,254,127,209,84,52,62
6,39,77,44,173,34,62,95,99,164
7,0,139,174,13,204,70,159,211,192
7,1,174,209,162,254,80,49,14,141
7,2,226,252,128,124,39,207,213,244
7,3,166,159,79,94,36,207,163,243
7,4,148,206,121,221,51,158,2,29
7,5,163,153,228,52,63,77,24,64
7,6,102,148,159,128,171,25,209,26
7,7,128,38,132,182,26,171,80,120
7,8,224,133,16,72,98,151,74,171
7,9,20,189,61,243,81,44,207,251
7,10,116,165,92,146,242,232,12,134
7,11,222,60,134,141,154,231,220,157
7,12,208,50,186,163,147,207,42,39
7,13,13,219,151,93,212,166,47,19
7,14,189,67,96,194,139,44,138,11
7,15,121,101,18,206,142,250,231,21
7,16,59,72,130,102,234,53,56,190
7,17,60,89,21,135,185,35,214,142
7,18,108,13,116,209,80,117,240,139
7,19,144,48,137,33,67,35,226,59
7,20,224,151,171,41,23,98,133,145
7,21,61,251,207,95,189,146,243,32
7,22,146,137,242,116,12,92,119,194
7,23,107,222,154,220,157,218,225,60
7,24,50,1,11,84,147,125,163,207
7,25,13,101,0,42,228,219,28,202
7,26,67,213,196,252,96,194,138,73
7,27,121,28,206,101,142,146,35,182
7,28,181,72,130,102,31,59,161,53
7,29,60,214,229,185,21,132,166,204
7,30,90,13,232,116,190,117,188,106
7,31,33,199,252,137,226,108,144,229
7,32,123,254,48,22,102,109,220,21
7,33,107,81,139,151,143,84,203,95
7,34,175,240,252,56,48,220,67,64
7,35,94,5,167,114,85,218,61,2
7,36,248,246,142,152,67,195,211,74
7,37,135,60,161,64,67,43,32,21
7,38,30,9,119,234,201,94,127,163
7,39,250,246,1,92,138,215,183,70
8,0,144,172,92,234,186,188,4,111
8,1,66,198,123,43,171,14,239,211
8,2,110,230,150,40,92,15,31,164
8,3,116,177,202,155,251,30,199,218
8,4,154,112,94,71,158,12,253,70
8,5,81,115,249,153,98,52,1,93
8,6,196,128,246,148,92,235,102,200
8,7,199,40,128,132,23,181,243,239
8,8,224,52,164,56,212,180,65,35
8,9,5,61,96,189,120,197,98,207
8,10,9,196,218,12,8,171,232,165
8,11,107,153,114,116,174,15,130,111
8,12,1,206,3,56,128,84,11,147
8,13,199,38,154,28,74,219,13,138
8,14,52,51,252,67,189,137,249,167
8,15,213,248,162,142,103,121,181,165
8,16,181,20,95,51,205,31,161,130
8,17,60,166,218,197,229,28,187,115
8,18,69,13,103,108,130,90,188,80
8,19,4,91,252,33,137,59,108,75
8,20,224,4,151,212,35,171,23,68
8,21,61,96,5,207,146,151,166,95
8,22,218,9,196,232,0,8,205,116
8,23,107,114,116,111,15,153,130,195
8,24,1,15,207,191,84,42,252,237
8,25,28,228,38,199,29,51,166,7
8,26,67,52,137,252,139,251,180,11
8,27,121,142,110,13,206,103,249,248
8,28,31,188,26,72,20,130,181,230
8,29,218,49,60,229,28,166,204,187
8,30,190,69,165,117,106,103,80,251
8,31,28,33,252,108,226,137,60,14
8,32,146,86,254,102,195,21,220,40
8,33,97,75,81,36,181,37,6,224
8,34,238,212,255,5,90,55,28,21
8,35,49,167,89,61,148,190,212,114
8,36,227,234,147,248,158,34,74,98
8,37,15,78,193,64,21,153,32,27
8,38,139,215,251,94,84,119,127,66
8,39,158,72,36,244,179,165,122,224
9,0,117,187,226,185,171,128,146,11
9,1,171,96,40,223,183,13,57,209
9,2,20,252,113,128,149,238,122,236
9,3,4,255,202,17,170,137,50,119
9,4,154,8,119,139,71,105,228,2
9,5,194,81,114,161,98,153,144,226
9,6,16,196,182,200,3,92,114,55
9,7,199,132,23,128,171,243,28,86
9,8,35,224,212,52,164,112,56,180
9,9,178,61,98,19,207,5,120,96
9,10,196,163,218,8,171,9,63,207
9,11,107,111,116,130,42,18,247,142
9,12,43,128,67,3,1,116,56,39
9,13,28,199,154,219,74,200,29,151
9,14,67,52,189,51,139,167,73,252
9,15,206,103,162,121,213,181,142,146
9,16,181,179,31,72,130,205,51,24
9,17,60,218,166,142,28,204,236,244
9,18,80,91,117,13,5,135,77,103
9,19,59,199,4,33,137,226,26,108
9,20,224,151,35,171,71,23,4,212
9,21,178,207,146,61,5,95,166,81
9,22,232,163,236,116,8,205,250,165
9,23,107,111,134,10,142,225,60,54
9,24,43,1,207,67,42,116,186,59
9,25,228,28,29,51,199,7,151,212
9,26,67,73,252,189,84,139,96,194
9,27,206,103,121,120,142,146,177,249
9,28,31,179,72,130,24,231,169,253
9,29,218,28,204,142,60,236,17,89
9,30,71,117,80,5,103,91,221,35
9,31,199,33,226,137,91,108,135,113
9,32,17,89,159,247,254,47,40,221
9,33,23,81,244,107,214,151,58,143
9,34,252,56,12,21,58,81,220,208
9,35,167,99,218,61,229,132,202,76
9,36,248,152,246,253,211,158,202,74
9,37,161,135,64,60,67,227,143,174
9,38,234,9,30,127,94,136,84,118
9,39,250,72,92,203,70,23,36,0
10,0,92,144,111,234,186,155,62,4
10,1,198,195,83,95,208,14,79,128
10,2,56,194,92,150,230,5,86,110
10,3,177,251,155,218,199,202,30,22
10,4,94,2,154,112,54,98,132,152
10,5,23,115,194,0,210,2,153,52
10,6,55,92,200,196,235,243,102,125
10,7,132,181,171,199,128,243,62,28
10,8,224,164,247,35,151,57,212,171
10,9,120,22,61,5,98,207,240,166
10,10,9,8,171,207,116,218,205,232
10,11,54,130,153,107,111,101,207,134
10,12,116,128,3,207,154,206,95,237
10,13,28,219,154,166,38,199,29,151
10,14,67,189,139,52,96,167,93,138
10,15,248,121,206,177,13,123,240,103
10,16,26,179,20,169,205,72,181,31
10,17,236,204,102,60,28,166,218,135
10,18,69,117,80,135,103,65,130,232
10,19,59,33,108,137,102,248,70,226
10,20,224,151,171,35,4,212,41,161
10,21,207,240,61,120,22,146,5,166
10,22,232,116,205,9,8,165,66,218
10,23,49,130,153,107,134,111,101,60
10,24,207,42,1,106,116,59,250,71
10,25,228,28,211,142,200,151,166,212
10,26,67,189,73,139,194,252,96,251
10,27,206,248,121,166,103,182,142,177
10,28,72,169,54,31,231,78,230,185
10,29,28,236,102,204,142,89,218,135
10,30,117,69,80,221,5,139,35,91
10,31,33,102,226,137,233,248,51,108
10,32,162,194,195,146,206,220,247,199
10,33,81,75,94,97,37,40,217,245
10,34,19,187,212,54,21,181,188,255
10,35,167,253,229,202,89,212,214,76
10,36,158,0,203,8,74,23,234,239
10,37,64,21,84,124,57,227,32,209
10,38,22,94,84,127,86,79,250,212
10,39,16,145,62,242,34,23,181,36
11,0,136,78,241,56,18,89,68,33
11,1,183,166,40,209,6,119,165,222
11,2,2,232,56,244,118,209,95,191
11,3,9,162,72,191,200,50,166,143
11,4,123,253,2,156,98,216,60,20
11,5,174,19,153,23,52,170,0,9
11,6,55,102,25,16,76,159,148,92
11,7,132,128,171,182,195,26,159,243
11,8,224,157,151,133,161,98,171,35
11,9,120,61,207,5,243,81,22,166
11,10,68,12,116,165,66,232,8,81
11,11,64,130,134,60,111,15,225,207
11,12,157,116,42,250,163,143,154,210
11,13,42,151,93,212,228,219,174,166
11,14,189,67,84,139,73,96,194,44
11,15,206,145,101,120,121,240,116,103
11,16,72,179,31,169,253,67,24,20
11,17,185,204,60,152,89,28,135,102
11,18,117,175,141,91,72,171,135,138
11,19,59,226,102,25,137,30,228,33
11,20,224,151,71,157,133,184,165,171
11,21,251,243,146,207,189,95,61,120
11,22,68,205,232,116,12,92,66,156
11,23,64,134,141,60,130,10,225,101
11,24,42,251,147,207,125,250,106,9
11,25,228,42,211,192,166,200,164,212
11,26,67,189,194,252,73,251,139,84
11,27,206,101,121,142,182,241,116,80
11,28,169,72,20,147,197,149,179,31
11,29,185,28,204,89,102,142,60,26
11,30,117,72,80,139,251,35,221,240
11,31,67,33,137,248,102,233,226,70
11,32,224,197,206,64,59,220,199,47
11,33,63,81,156,217,18,40,12,245
11,34,152,54,188,181,213,141,149,217
11,35,167,253,214,89,229,202,196,76
11,36,158,239,24,203,23,74,129,50
11,37,64,50,21,32,90,124,14,57
11,38,146,94,127,79,86,84,212,59
11,39,85,177,13,62,34,36,242,213
12,0,191,29,86,36,41,134,2,136
12,1,243,167,163,14,254,21,22,51
12,2,223,139,187,182,170,77,216,56
12,3,108,154,251,196,56,182,159,36
12,4,121,149,253,134,70,132,110,186
12,5,163,0,210,153,213,52,40,22
12,6,102,159,113,185,255,209,25,171
12,7,182,132,166,111,32,184,96,244
12,8,224,41,151,242,74,171,161,62
12,9,61,81,166,207,229,243,189,3
12,10,116,109,119,146,77,66,12,205
12,11,141,37,151,134,60,19,231,157
12,12,166,50,42,163,207,208,55,157
12,13,20,151,0,126,42,110,74,174
12,14,189,138,67,96,194,44,252,11
12,15,12,206,244,238,94,101,121,78
12,16,53,67,59,82,169,179,138,154
12,17,185,4,60,135,214,204,130,27
12,18,237,66,240,117,13,219,55,199
12,19,67,137,33,48,196,102,248,247
12,20,224,151,41,98,171,56,165,61
12,21,201,251,61,189,243,166,95,32
12,22,109,205,12,119,116,77,92,146
12,23,141,19,58,134,157,37,146,137
12,24,50,251,166,42,55,119,125,9
12,25,20,0,64,42,228,110,192,174
12,26,67,182,189,194,183,78,251,249
12,27,12,206,80,18,121,151,112,27
12,28,67,234,59,56,228,10,138,72
12,29,4,126,185,28,125,60,89,220
12,30,237,117,143,66,130,240,219,209
12,31,67,83,33,137,247,248,157,201
12,32,101,19,14,151,168,120,162,59
12,33,81,161,203,198,5,103,185,15
12,34,164,152,18,53,181,227,194,247
12,35,253,89,167,104,114,229,117,58
12,36,55,158,148,48,203,10,23,50
12,37,64,196,89,92,162,21,227,58
12,38,242,94,132,185,92,120,209,173
12,39,27,173,167,166,219,189,226,174
13,0,131,124,134,70,50,159,220,156
13,1,243,163,206,14,183,21,215,254
13,2,131,100,145,104,83,235,223,160
13,3,163,178,36,251,182,154,131,113
13,4,175,206,221,121,160,154,253,158
13,5,77,163,52,164,120,71,177,64
13,6,168,102,171,185,159,48,115,195
13,7,132,96,182,120,166,111,184,32
13,8,224,151,133,98,41,63,61,59
13,9,61,81,207,189,166,229,54,137
13,10,116,146,92,119,81,165,109,77
13,11,141,37,134,60,157,231,154,3
13,12,208,50,42,116,163,39,84,189
13,13,151,219,19,0,228,93,126,174
13,14,189,67,44,96,73,84,139,138
13,15,206,250,12,101,121,54,94,145
13,16,53,253,72,82,161,169,24,59
13,17,204,214,17,142,89,244,230,144
13,18,117,135,80,219,68,5,116,233
13,19,67,59,226,228,30,48,102,201
13,20,224,151,171,41,165,47,184,133
13,21,243,207,146,251,95,137,32,84
13,22,116,92,146,205,109,232,77,225
13,23,134,154,141,37,224,225,157,197
13,24,50,42,84,119,9,23,166,157
13,25,228,0,101,151,192,174,42,230
13,26,67,189,73,251,139,84,252,249
13,27,12,206,250,121,54,101,70,28
13,28,53,72,59,82,234,228,179,169
13,29,204,185,28,214,125,19,142,9
13,30,117,116,240,219,143,151,66,251
13,31,67,137,33,248,47,247,70,226
13,32,85,19,101,14,235,151,59,123
13,33,203,81,198,84,68,47,252,102
13,34,164,48,195,18,181,152,73,185
13,35,101,117,253,185,114,167,191,89
13,36,158,26,125,37,44,103,203,79
13,37,64,196,130,85,73,56,242,175
13,38,242,254,209,132,173,217,55,62
13,39,219,99,44,141,189,173,190,164
14,0,159,220,13,174,116,204,62,199
14,1,69,141,235,253,254,23,80,174
14,2,80,131,168,104,204,145,184,214
14,3,166,45,251,89,159,196,178,36
14,4,221,121,253,175,72,160,148,44
14,5,77,164,9,163,19,52,192,63
14,6,102,76,148,209,159,196,100,43
14,7,38,132,111,182,120,246,96,62
14,8,224,151,98,41,133,121,59,100
14,9,81,61,189,20,243,166,95,207
14,10,116,92,146,242,12,119,77,138
14,11,154,141,134,60,37,220,218,231
14,12,157,208,84,42,119,50,163,201
14,13,151,174,228,219,19,0,166,126
14,14,189,67,44,73,252,96,194,138
14,15,206,12,101,94,145,121,238,250
14,16,53,169,72,82,197,31,161,24
14,17,204,214,21,125,185,60,152,135
14,18,117,151,240,219,35,72,171,233
14,19,67,137,85,59,48,248,33,102
14,20,224,151,41,171,165,246,108,201
14,21,251,189,61,166,98,146,243,95
14,22,205,12,146,242,116,92,77,232
14,23,220,154,218,197,59,134,231,37
14,24,157,128,50,11,84,119,42,1
14,25,192,211,228,101,19,42,0,219
14,26,67,194,73,251,252,96,114,203
14,27,28,206,121,101,80,12,130,142
14,28,82,197,102,219,190,31,179,72
14,29,185,204,21,214,125,225,19,88
14,30,117,63,151,251,232,80,139,72
14,31,33,137,226,28,102,67,108,248
14,32,123,57,254,235,19,179,86,18
14,33,203,81,139,84,151,95,11,162
14,34,240,195,238,44,48,67,220,72
14,35,79,148,167,101,89,74,229,253
14,36,134,158,142,227,203,26,44,36
14,37,56,64,175,170,73,229,166,123
14,38,209,94,254,46,102,176,179,168
14,39,35,219,178,136,226,235,58,44
15,0,27,35,101,166,79,135,108,169
15,1,11,139,123,26,174,132,75,216
15,2,175,168,90,204,130,111,51,38
15,3,106,39,211,46,45,199,110,67
15,4,240,14,129,154,65,253,160,83
15,5,120,177,137,182,252,222,175,139
15,6,255,196,102,8,51,246,76,191
15,7,199,2,147,132,78,62,244,182
15,8,224,56,180,116,151,52,4,59
15,9,241,180,61,197,69,169,98,95
15,10,77,247,243,79,185,12,88,137
15,11,128,12,108,107,39,160,174,42
15,12,1,128,3,251,39,145,163,208
15,13,154,134,93,212,151,182,66,118
15,14,167,51,137,52,189,67,106,252
15,15,162,165,87,206,181,121,242,142
15,16,51,130,72,233,80,150,61,74
15,17,60,89,35,87,211,64,0,198
15,18,13,43,127,161,163,139,191,134
15,19,20,33,4,109,67,137,226,212
15,20,224,116,23,151,98,56,133,145
15,21,61,243,95,207,241,197,251,188
15,22,176,116,134,205,156,77,65,125
15,23,107,128,80,111,254,60,204,141
15,24,1,251,250,151,62,207,52,163
15,25,212,118,134,95,178,166,165,32
15,26,252,194,137,88,138,67,189,51
15,27,87,206,165,27,121,80,187,85
15,28,61,164,112,130,96,72,182,67
15,29,60,94,124,198,89,248,152,42
15,30,170,85,148,117,166,122,138,35
15,31,67,130,248,241,212,195,191,24
15,32,60,254,99,158,151,101,237,252
15,33,203,33,81,190,232,41,220,143
15,34,82,161,97,169,181,55,46,158
15,35,24,253,79,167,39,89,229,202
15,36,207,158,134,203,50,198,74,23
15,37,104,64,21,89,32,124,227,73
15,38,27,135,102,94,71,212,205,180
15,39,110,243,12,69,58,46,247,244
16,0,254,191,120,75,72,217,160,189
16,1,51,192,167,163,21,255,243,1
16,2,175,188,223,25,37,170,216,187
16,3,154,108,159,251,196,54,36,45
16,4,87,150,69,121,232,236,154,134
16,5,163,143,22,162,243,210,25,137
16,6,159,34,148,102,26,177,25,209
16,7,132,171,208,26,128,182,140,111
16,8,224,133,98,72,220,151,100,23
16,9,207,20,189,137,243,95,251,32
16,10,165,146,116,217,232,119,156,176
16,11,60,134,141,225,157,37,231,42
16,12,116,39,186,50,143,208,163,17
16,13,93,212,219,151,19,66,194,165
16,14,189,67,44,139,96,109,167,202
16,15,114,12,169,74,145,50,121,149
16,16,72,234,253,112,74,130,59,116
16,17,142,89,230,204,152,54,135,238
16,18,139,175,135,91,80,141,53,117
16,19,61,219,226,22,59,212,33,67
16,20,224,71,133,23,98,151,206,145
16,21,207,172,137,251,189,188,243,255
16,22,116,160,156,165,134,128,132,77
16,23,80,225,10,60,134,141,157,111
16,24,17,186,163,250,58,1,50,125
16,25,212,93,66,166,252,165,89,95
16,26,189,67,194,73,202,96,182,84
16,27,114,182,178,146,121,204,206,203
16,28,72,74,112,234,169,165,130,166
16,29,89,150,142,152,38,28,9,204
16,30,139,201,240,117,141,18,32,80
16,31,219,33,248,201,15,67,226,61
16,32,235,58,202,248,19,92,101,220
16,33,203,198,81,176,47,84,167,177
16,34,164,185,166,128,181,162,80,242
16,35,101,24,14,121,79,253,106,77
16,36,103,158,228,50,224,126,47,21
16,37,181,156,100,64,89,244,214,144
16,38,197,204,55,50,209,134,238,141
16,39,141,226,83,173,219,192,88,237
17,0,8,220,38,240,87,159,244,5
17,1,255,163,243,215,21,139,61,68
17,2,175,223,37,42,170,216,51,168
17,3,36,243,199,154,45,159,163,251
17,4,175,233,121,178,253,154,160,158
17,5,77,164,163,52,153,165,1,137
17,6,255,102,226,148,171,106,70,12
17,7,38,132,182,111,96,120,246,128
17,8,224,98,41,151,133,121,59,100
17,9,61,81,189,207,20,166,32,229
17,10,116,77,146,92,242,119,12,134
17,11,141,37,134,60,154,157,231,218
17,12,50,208,163,42,157,84,116,2
17,13,151,19,0,126,93,174,166,219
17,14,189,67,44,96,138,194,11,252
17,15,206,12,101,121,94,78,250,154
17,16,53,72,59,82,67,169,161,102
17,17,94,214,54,204,89,4,185,60
17,18,116,117,240,151,66,219,171,166
17,19,48,67,247,137,59,33,144,219
17,20,224,151,41,171,246,98,116,108
17,21,251,243,189,61,207,81,166,95
17,22,77,146,205,116,92,12,225,156
17,23,141,37,134,118,157,197,154,59
17,24,50,119,251,157,128,84,55,42
17,25,0,178,228,42,192,19,211,174
17,26,67,194,196,189,251,73,84,249
17,27,206,12,101,121,80,28,130,250
17,28,82,219,53,72,102,179,197,56
17,29,94,54,185,214,19,204,21,125
17,30,117,151,116,66,63,143,251,80
17,31,219,33,137,226,102,70,248,47
17,32,235,202,57,254,28,220,179,14
17,33,203,198,81,84,47,162,139,151
17,34,164,185,128,48,44,166,181,18
17,35,101,253,167,89,148,74,24,196
17,36,103,158,142,203,227,115,74,44
17,37,100,64,181,56,233,32,21,229
17,38,254,61,209,94,18,180,36,134
17,39,40,141,163,219,136,18,178,190
18,0,51,48,145,179,91,197,79,249
18,1,123,139,64,87,174,216,5,11
18,2,164,111,175,51,25,204,130,168
18,3,59,211,146,199,45,12,142,27
18,4,241,131,240,253,154,191,170,230
18,5,252,120,139,153,149,9,163,24
18,6,102,196,159,128,148,59,209,250
18,7,132,111,128,62,182,199,171,26
18,8,224,151,41,98,74,100,59,247
18,9,69,81,20,61,207,243,237,95
18,10,116,92,165,12,81,207,232,23
18,11,154,42,134,111,225,107,60,10
18,12,186,84,116,205,39,207,42,3
18,13,151,219,228,212,140,93,51,166
18,14,189,67,139,167,96,73,44,109
18,15,146,169,206,250,145,13,121,109
18,16,72,253,4,169,31,74,195,24
18,17,204,142,244,17,60,28,8,58
18,18,53,117,135,91,175,73,141,80
18,19,59,226,25,240,181,228,231,33
18,20,224,151,41,171,71,161,23,85
18,21,207,146,137,243,227,105,95,69
18,22,250,160,116,232,31,81,245,132
18,23,80,134,111,107,54,225,60,10
18,24,186,116,50,1,58,207,42,23
18,25,228,212,95,151,28,118,208,47
18,26,189,67,73,252,84,139,78,52
18,27,206,146,249,182,142,3,177,100
18,28,74,72,146,31,130,169,165,24
18,29,28,150,204,142,214,152,10,60
18,30,117,80,5,35,127,91,151,191
18,31,137,248,33,67,226,113,59,108
18,32,57,159,86,59,179,254,47,247
18,33,139,126,81,36,162,151,203,84
18,34,240,238,44,195,90,28,72,48
18,35,101,148,49,167,229,114,74,41
18,36,227,158,142,44,2,11,147,103
18,37,64,78,56,227,27,21,103,32
18,38,94,119,215,127,80,84,250,254
18,39,158,244,44,62,242,77,70,72
19,0,171,117,11,185,226,187,58,128
19,1,43,169,13,66,223,81,123,183
19,2,164,22,208,169,90,130,40,111
19,3,170,255,98,251,97,247,238,221
19,4,2,123,67,8,119,55,253,60
19,5,19,23,194,170,153,9,52,191
19,6,55,16,92,102,196,3,43,200
19,7,132,44,66,62,108,140,128,111
19,8,224,33,151,247,112,212,164,41
19,9,132,22,240,61,239,98,19,178
19,10,163,12,205,116,207,66,8,171
19,11,36,18,130,107,134,174,49,116
19,12,160,128,3,67,116,157,251,42
19,13,33,200,219,151,166,29,142,51
19,14,189,67,96,147,11,194,138,38
19,15,240,206,121,103,238,101,120,91
19,16,72,156,169,78,67,228,179,253
19,17,110,135,204,60,218,236,89,28
19,18,6,128,117,171,91,139,69,175
19,19,33,59,12,248,137,120,67,226
19,20,224,151,171,112,33,71,133,23
19,21,251,61,132,207,120,188,178,240
19,22,116,163,232,156,205,165,66,134
19,23,130,36,18,60,10,107,134,225
19,24,42,207,106,250,125,67,59,111
19,25,228,33,166,200,212,28,142,151
19,26,67,189,194,96,252,73,38,11
19,27,240,121,206,241,213,103,182,99
19,28,169,72,231,54,31,156,78,47
19,29,236,28,110,89,204,102,142,60
19,30,6,139,117,80,221,69,128,240
19,31,33,248,233,226,137,70,28,120
19,32,17,194,238,247,47,220,206,89
19,33,81,214,23,94,217,40,41,245
19,34,19,54,187,188,58,181,21,246
19,35,167,212,89,196,253,214,244,229
19,36,0,158,239,8,50,74,253,188
19,37,64,124,21,32,209,90,164,227
19,38,22,94,127,86,212,79,118,84
19,39,145,16,62,34,70,242,30,36
20,0,136,78,241,56,14,89,18,68
20,1,135,166,165,119,6,31,168,179
20,2,76,115,16,81,246,61,56,108
20,3,9,153,119,67,195,194,72,89
20,4,253,133,123,2,244,121,19,67
20,5,174,9,153,120,170,0,52,139
20,6,102,159,16,148,19,194,25,26
20,7,111,132,195,128,203,182,171,240
20,8,224,157,151,98,133,74,216,62
20,9,243,81,251,61,20,207,120,172
20,10,116,68,12,165,66,156,205,240
20,11,64,60,134,130,225,141,238,10
20,12,116,143,163,250,157,17,186,42
20,13,93,212,42,151,252,164,219,228
20,14,189,67,202,194,96,44,73,84
20,15,114,12,206,169,149,240,145,241
20,16,72,234,112,253,165,149,67,169
20,17,185,152,204,89,230,38,60,135
20,18,175,91,141,139,138,135,117,72
20,19,33,59,67,212,61,226,143,25
20,20,224,71,133,23,151,145,98,171
20,21,137,172,207,188,251,186,243,165
20,22,68,116,12,156,205,232,128,165
20,23,64,10,60,225,134,101,130,44
20,24,250,17,42,143,186,213,116,125
20,25,42,93,212,228,166,164,252,151
20,26,189,67,194,73,252,96,84,251
20,27,240,116,101,206,142,121,182,103
20,28,20,72,169,147,197,31,179,231
20,29,185,28,204,89,60,26,142,122
20,30,72,117,139,240,221,80,91,5
20,31,248,33,226,137,102,67,212,120
20,32,224,206,197,47,220,64,40,216
20,33,63,81,156,217,12,18,40,117
20,34,152,54,188,213,181,141,33,49
20,35,167,214,89,244,196,212,253,202
20,36,239,24,158,74,50,251,129,57
20,37,50,64,14,124,32,21,90,57
20,38,146,94,127,212,86,79,84,118
20,39,177,85,13,62,70,34,242,30
21,0,134,36,70,151,211,199,62,192
21,1,254,22,14,190,221,165,101,48
21,2,115,201,182,3,56,76,77,95
21,3,177,113,202,199,251,218,207,101
21,4,253,121,70,132,133,2,54,239
21,5,213,115,23,9,170,153,52,210
21,6,19,159,25,102,157,171,16,196
21,7,61,132,171,128,32,240,218,167
21,8,157,224,171,151,212,57,59,246
21,9,120,61,5,98,207,243,198,165
21,10,12,165,8,66,171,251,232,220
21,11,130,54,238,85,134,60,225,158
21,12,157,116,207,71,201,115,42,39
21,13,42,151,37,219,199,245,72,228
21,14,189,96,67,194,182,73,139,252
21,15,116,33,240,206,121,238,213,182
21,16,72,169,26,31,20,190,179,253
21,17,60,135,204,28,89,142,185,218
21,18,72,91,63,117,130,139,141,171
21,19,59,33,70,226,248,25,212,137
21,20,157,224,151,171,23,161,71,145
21,21,120,207,61,251,229,188,146,186
21,22,232,251,156,205,220,19,116,165
21,23,158,85,107,156,130,60,238,54
21,24,157,106,207,42,250,71,59,189
21,25,42,228,212,166,145,199,37,109
21,26,67,252,96,73,194,189,204,251
21,27,116,33,213,240,121,249,182,142
21,28,169,147,72,201,31,231,20,26
21,29,204,28,122,185,89,60,99,142
21,30,72,139,221,69,80,117,91,251
21,31,33,70,248,226,59,137,233,108
21,32,197,64,47,220,206,123,40,247
21,33,95,81,206,59,189,18,217,40
21,34,152,11,72,19,188,182,213,181
21,35,167,44,212,89,196,14,244,229
21,36,239,251,74,158,34,129,50,194
21,37,64,90,32,21,124,209,22,227
21,38,94,127,86,79,212,118,84,124
21,39,165,70,242,34,89,52,62,224
22,0,80,226,136,96,93,171,247,198
22,1,254,63,131,234,178,175,15,126
22,2,137,182,254,115,201,56,232,141
22,3,188,221,134,202,170,15,113,200
22,4,119,253,123,133,2,121,132,20
22,5,213,153,9,170,61,23,210,52
22,6,16,39,159,102,157,26,19,196
22,7,132,171,128,111,26,61,184,248
22,8,224,98,157,151,133,171,100,161
22,9,20,207,243,172,251,137,81,229
22,10,116,165,232,156,217,146,176,81
22,11,134,60,225,141,223,44,111,204
22,12,116,50,186,39,157,143,17,163
22,13,212,151,93,228,248,252,219,199
22,14,189,44,67,96,73,202,165,139
22,15,149,12,169,206,114,14,50,28
22,16,72,234,112,253,169,26,56,165
22,17,152,204,60,28,135,142,244,38
22,18,141,175,91,117,171,138,72,108
22,19,212,59,67,25,33,137,226,122
22,20,224,151,71,41,171,98,23,145
22,21,207,137,251,146,243,229,1,63
22,22,116,232,156,147,160,134,205,132
22,23,80,10,111,134,223,60,204,225
22,24,50,17,250,116,195,52,205,42
22,25,212,228,151,89,13,250,248,118
22,26,189,252,73,67,84,204,96,253
22,27,206,33,177,129,55,116,249,182
22,28,72,169,26,112,147,228,74,203
22,29,204,152,28,60,38,246,26,89
22,30,117,221,72,141,240,139,80,45
22,31,248,33,70,212,137,59,25,233
22,32,89,197,47,64,206,194,220,17
22,33,81,206,214,59,40,217,94,245
22,34,54,213,152,188,187,182,181,19
22,35,167,244,214,89,212,14,253,202
22,36,239,158,253,74,50,129,188,23
22,37,64,90,32,124,21,22,209,57
22,38,94,127,86,79,118,212,84,22
22,39,62,34,70,13,30,242,116,145
23,0,41,222,28,223,2,62,162,203
23,1,14,101,182,143,153,97,95,48
23,2,63,211,83,137,139,93,182,232
23,3,243,36,251,23,154,199,207,218
23,4,149,121,158,132,70,175,51,10
23,5,153,115,213,164,210,81,52,163
23,6,154,39,102,245,159,25,238,185
23,7,161,132,171,111,62,182,169,26
23,8,224,98,16,151,171,246,133,23
23,9,207,61,229,172,137,243,81,186
23,10,116,232,165,207,117,132,134,156
23,11,60,231,134,44,225,15,209,223
23,12,166,116,157,143,178,250,189,39
23,13,93,212,199,42,100,219,151,183
23,14,189,67,202,44,96,194,204,73
23,15,206,16,114,169,215,14,116,12
23,16,72,154,169,230,138,56,82,253
23,17,49,89,78,238,204,152,28,142
23,18,175,91,108,141,139,135,117,45
23,19,59,248,247,33,212,61,70,22
23,20,224,71,171,23,151,206,98,133
23,21,207,188,137,172,229,189,186,61
23,22,116,17,232,146,40,207,165,156
23,23,10,225,209,60,59,231,15,158
23,24,166,157,119,42,128,17,250,186
23,25,212,155,93,42,5,199,19,166
23,26,67,73,189,194,202,252,84,251
23,27,116,206,16,114,182,79,238,142
23,28,138,169,72,56,82,112,20,201
23,29,78,89,28,204,152,185,171,38
23,30,108,141,66,139,151,72,130,91
23,31,70,248,33,247,212,157,226,67
23,32,14,197,146,47,64,206,216,220
23,33,103,81,75,133,59,5,245,12
23,34,11,227,5,213,181,18,152,246
23,35,167,244,214,253,89,14,100,36
23,36,48,158,50,129,74,239,23,10
23,37,64,162,32,124,21,22,14,57
23,38,127,94,118,79,212,185,84,124
23,39,62,77,34,70,116,30,242,13
24,0,70,124,62,211,192,174,199,34
24,1,44,14,101,206,49,193,253,23
24,2,235,71,3,7,149,167,31,183
24,3,17,251,243,6,138,75,201,43
24,4,44,121,175,158,70,76,192,221
24,5,153,136,210,22,228,52,177,164
24,6,159,26,39,102,57,238,25,34
24,7,223,111,132,182,38,184,171,12
24,8,224,133,151,98,23,41,171,71
24,9,243,20,172,32,186,137,207,251
24,10,242,116,146,19,217,156,232,147
24,11,60,44,218,223,134,141,225,59
24,12,157,50,116,39,186,161,250,208
24,13,212,13,151,93,248,19,185,194
24,14,189,44,96,67,253,73,204,202
24,15,169,33,114,12,238,149,121,98
24,16,72,169,234,56,82,190,102,253
24,17,164,60,204,152,89,21,28,38
24,18,91,72,139,130,175,141,117,250
24,19,85,48,59,33,212,70,143,248
24,20,224,151,121,171,71,23,145,41
24,21,251,207,188,32,229,61,95,98
24,22,242,19,146,216,116,232,156,147
24,23,59,201,60,220,222,218,231,107
24,24,50,157,128,11,205,195,115,119
24,25,13,0,19,37,42,140,212,192
24,26,196,203,67,252,73,171,96,194
24,27,33,28,240,177,249,3,206,169
24,28,193,190,72,82,169,228,102,219
24,29,88,164,21,60,61,204,119,185
24,30,232,162,63,151,91,80,117,250
24,31,33,135,70,108,28,151,249,59
24,32,123,179,125,254,86,109,246,80
24,33,234,104,11,95,143,81,132,162
24,34,44,240,238,28,67,72,220,181
24,35,74,148,190,167,89,61,253,196
24,36,115,142,227,74,248,158,92,147
24,37,78,27,64,175,124,238,16,32
24,38,169,119,80,94,215,127,118,96
24,39,158,231,244,179,117,122,75,183
25,0,123,196,229,249,216,105,7,104
25,1,225,231,27,155,11,150,244,93
25,2,103,210,249,164,17,162,4,90
25,3,31,133,187,37,152,235,84,199
25,4,154,54,13,142,236,102,167,222
25,5,104,161,186,193,6,90,205,158
25,6,196,167,153,39,157,54,55,138
25,7,199,23,29,147,132,229,184,14
25,8,56,234,116,224,180,212,4,89
25,9,94,29,197,164,61,203,98,22
25,10,130,169,216,196,198,171,12,207
25,11,189,107,111,248,128,134,136,54
25,12,128,26,63,74,1,3,160,56
25,13,154,43,28,147,134,219,74,95
25,14,51,137,124,52,252,167,88,189
25,15,162,181,165,81,206,200,238,217
25,16,5,196,51,130,205,80,170,233
25,17,87,60,250,166,61,35,172,15
25,18,13,161,57,179,187,43,134,50
25,19,20,4,109,205,130,26,75,252
25,20,56,234,116,4,115,23,224,212
25,21,197,29,94,164,95,207,61,13
25,22,169,196,130,198,176,185,116,65
25,23,107,189,128,111,42,206,12,62
25,24,1,74,26,63,15,128,160,3
25,25,134,147,43,154,28,182,32,212
25,26,137,51,52,124,148,252,138,20
25,27,181,162,81,58,200,165,206,13
25,28,5,133,196,31,170,95,130,45
25,29,172,250,87,76,60,229,0,61
25,30,179,205,187,16,106,13,117,17
25,31,205,4,130,109,252,151,137,135
25,32,98,186,99,77,254,192,96,131
25,33,238,183,73,126,86,81,143,232
25,34,84,96,207,101,180,62,21,252
25,35,57,160,145,167,153,218,61,89
25,36,181,70,98,120,248,158,211,74
25,37,31,58,182,64,190,143,21,175
25,38,148,92,71,94,127,84,118,209
25,39,2,69,189,38,217,213,78,70
26,0,40,46,63,172,106,66,32,121
26,1,128,112,211,242,252,124,19,118
26,2,217,58,60,255,121,80,10,219
26,3,202,177,30,219,199,214,118,92
26,4,154,54,118,139,155,242,105,88
26,5,161,147,114,67,11,100,194,254
26,6,183,55,166,196,175,3,122,208
26,7,199,101,253,79,23,242,32,2
26,8,38,56,247,212,35,49,52,7
26,9,151,240,197,98,22,156,61,13
26,10,142,161,62,26,171,163,63,196
26,11,69,195,27,107,79,49,236,130
26,12,56,203,191,138,128,154,116,7
26,13,28,168,76,142,22,29,111,195
26,14,146,40,138,96,11,189,67,18
26,15,76,3,206,91,13,110,121,96
26,16,78,31,45,95,71,181,137,13
26,17,60,114,102,229,8,187,135,139
26,18,214,158,215,159,91,117,80,16
26,19,28,33,59,4,137,226,252,218
26,20,224,171,151,49,35,206,98,71
26,21,240,61,207,189,146,54,243,178
26,22,142,116,119,26,163,205,223,232
26,23,49,69,27,195,225,79,101,134
26,24,203,147,191,67,207,42,125,138
26,25,192,228,151,76,195,166,51,142
26,26,67,40,146,189,11,39,251,194
26,27,166,206,142,121,241,101,76,120
26,28,45,72,78,231,119,31,122,185
26,29,102,188,89,236,130,114,229,28
26,30,6,158,117,245,139,214,251,177
26,31,33,28,233,226,137,30,102,107
26,32,75,194,116,220,42,61,17,158
26,33,81,168,182,94,23,214,6,11
26,34,19,187,205,54,12,181,149,34
26,35,167,89,83,218,212,253,3,206
26,36,158,8,253,0,194,74,34,203
26,37,64,21,32,90,124,84,93,28
26,38,94,22,127,86,212,59,44,84
26,39,16,145,34,70,23,36,62,68
27,0,136,78,56,241,89,18,68,227
27,1,79,230,166,183,6,228,240,82
27,2,246,237,101,147,81,45,177,13
27,3,132,107,194,9,203,173,48,216
27,4,253,242,133,123,155,251,215,20
27,5,174,12,114,147,170,230,149,137
27,6,175,102,246,230,159,194,25,18
27,7,253,199,128,132,66,195,218,85
27,8,224,49,157,151,120,88,171,98
27,9,61,207,189,11,55,246,81,240
27,10,68,12,116,66,26,223,92,97
27,11,64,248,134,130,69,225,154,60
27,12,203,56,116,147,189,154,207,119
27,13,42,195,76,219,93,192,151,228
27,14,67,189,146,40,96,44,11,194
27,15,142,121,206,101,3,13,76,250
27,16,45,31,72,185,137,253,13,149
27,17,102,185,89,8,114,135,139,187
27,18,214,80,139,135,91,215,5,117
27,19,226,33,59,30,137,61,28,102
27,20,224,98,71,206,133,49,157,151
27,21,207,137,61,81,189,54,243,237
27,22,68,12,116,119,223,92,66,165
27,23,64,10,225,248,134,101,60,207
27,24,203,219,147,58,186,17,9,107
27,25,42,151,93,166,192,195,228,76
27,26,67,189,146,40,73,96,251,194
27,27,101,250,142,116,121,76,241,166
27,28,45,72,149,231,147,137,31,253
27,29,185,89,102,130,17,230,26,114
27,30,72,245,117,139,177,221,214,91
27,31,33,120,226,233,67,102,107,137
27,32,224,197,220,102,47,61,245,139
27,33,63,81,156,168,12,18,40,154
27,34,152,54,181,213,149,55,155,196
27,35,39,89,167,83,206,10,3,212
27,36,239,158,24,194,74,251,203,214
27,37,50,21,64,90,32,124,28,14
27,38,94,146,127,86,79,59,212,84
27,39,34,85,177,13,62,36,52,70
28,0,36,41,134,29,86,65,62,2
28,1,254,101,165,22,14,5,37,42
28,2,139,237,147,45,101,182,5,77
28,3,132,251,177,113,42,39,218,199
28,4,253,149,121,36,70,51,4,152
28,5,213,170,115,12,153,62,210,52
28,6,102,175,159,25,148,241,18,110
28,7,253,199,32,66,132,128,242,190
28,8,224,49,157,151,220,77,206,74
28,9,61,120,98,189,14,250,5,207
28,10,17,12,117,26,142,223,66,97
28,11,209,207,69,248,79,17,134,201
28,12,56,166,203,147,206,116,119,128
28,13,192,42,76,195,219,111,28,143
28,14,146,40,96,67,138,189,11,194
28,15,116,79,76,110,121,206,142,96
28,16,185,45,138,71,137,31,95,73
28,17,185,60,114,78,229,8,102,89
28,18,130,158,214,91,80,72,117,215
28,19,33,28,137,59,206,226,61,212
28,20,224,71,157,98,151,206,181,41
28,21,61,189,240,81,54,243,207,137
28,22,17,12,116,119,66,223,26,205
28,23,209,141,134,60,10,207,225,101
28,24,203,166,147,219,125,9,17,106
28,25,192,151,166,42,195,228,89,76
28,26,67,146,40,189,251,194,11,96
28,27,116,250,79,182,80,101,206,21
28,28,138,72,201,45,67,137,31,147
28,29,78,185,89,188,130,157,230,17
28,30,130,245,72,117,139,177,158,237
28,31,33,226,70,137,67,201,107,110
28,32,75,197,220,14,47,61,151,22
28,33,5,81,103,63,18,161,59,154
28,34,152,227,181,11,213,149,55,18
28,35,89,167,253,104,83,198,244,3
28,36,158,194,48,74,239,214,203,251
28,37,64,28,21,32,162,14,124,50
28,38,94,127,79,59,212,124,97,84
28,39,34,13,177,62,78,70,77,30
29,0,192,72,28,124,62,151,134,70
29,1,90,230,14,254,101,51,245,44
29,2,216,42,228,253,3,149,126,147
29,3,243,197,16,36,154,251,182,196
29,4,121,175,192,253,44,132,178,70
29,5,163,164,77,165,137,81,52,228
29,6,168,25,102,82,238,171,159,148
29,7,111,182,246,120,132,253,208,184
29,8,224,74,98,151,61,49,100,41
29,9,54,81,61,189,20,207,237,47
29,10,116,146,119,165,81,92,109,12
29,11,141,225,60,157,134,37,231,10
29,12,17,186,50,119,116,208,42,194
29,13,151,93,66,195,166,212,0,228
29,14,189,67,96,44,11,109,165,73
29,15,250,21,101,169,12,146,206,121
29,16,72,45,253,53,82,31,59,56
29,17,17,19,230,185,89,222,135,204
29,18,245,135,80,91,177,251,209,117
29,19,33,247,226,59,202,30,48,61
29,20,224,98,71,151,171,49,206,220
29,21,54,81,189,237,243,137,47,61
29,22,109,146,12,116,119,156,66,81
29,23,10,225,157,248,37,60,134,141
29,24,203,119,166,17,47,50,55,147
29,25,192,151,42,89,0,166,195,76
29,26,40,67,146,189,194,73,251,61
29,27,250,18,101,182,206,76,112,21
29,28,56,82,72,59,45,53,219,137
29,29,19,185,125,126,130,62,89,17
29,30,209,245,219,151,117,158,72,66
29,31,33,247,60,226,7,67,107,110
29,32,144,14,220,12,109,92,148,120
29,33,189,81,181,180,84,56,250,154
29,34,181,18,249,195,11,152,48,109
29,35,185,104,89,77,206,114,136,3
29,36,37,158,138,194,79,214,125,74
29,37,196,162,28,64,32,21,14,214
29,38,132,94,59,87,52,79,127,149
29,39,251,44,77,70,99,224,173,5
30,0,159,240,239,116,69,220,209,19
30,1,177,179,97,253,90,222,51,208
30,2,36,202,200,108,39,162,163,253
30,3,243,36,113,188,163,166,251,197
30,4,121,221,175,44,233,132,253,148
30,5,77,163,228,137,52,164,153,165
30,6,102,159,238,25,106,12,201,209
30,7,38,253,182,132,111,208,26,120
30,8,224,98,151,72,41,49,74,63
30,9,54,81,189,61,161,95,20,44
30,10,116,146,119,92,242,12,165,81
30,11,157,248,141,220,60,154,231,134
30,12,119,208,147,42,194,116,50,17
30,13,151,195,66,219,76,192,166,93
30,14,146,11,189,67,96,138,40,252
30,15,250,101,142,206,79,121,137,21
30,16,45,31,72,53,161,169,82,185
30,17,21,114,125,60,214,185,135,229
30,18,158,90,214,245,209,117,80,116
30,19,144,33,137,48,59,247,85,28
30,20,224,49,171,69,151,41,88,98
30,21,98,61,81,189,54,237,146,243
30,22,142,242,12,92,146,26,216,119
30,23,154,220,134,59,248,10,79,157
30,24,203,128,84,56,11,119,147,7
30,25,192,76,151,195,228,19,101,51
30,26,40,146,67,39,96,11,73,251
30,27,250,96,146,249,76,206,169,3
30,28,45,31,82,161,253,190,99,195
30,29,214,17,21,139,229,122,185,88
30,30,158,117,251,135,90,214,103,215
30,31,91,33,107,144,226,199,30,228
30,32,18,148,220,179,159,91,144,48
30,33,139,151,11,107,104,58,81,132
30,34,240,56,44,48,45,252,195,128
30,35,218,114,74,185,148,20,167,235
30,36,142,115,211,203,158,202,152,172
30,37,67,48,64,174,161,135,27,143
30,38,234,119,30,94,101,80,127,254
30,39,244,92,179,122,44,250,75,183
31,0,49,165,85,233,22,227,128,119
31,1,66,133,203,171,169,43,158,107
31,2,164,169,90,237,31,147,22,200
31,3,55,132,171,42,75,146,19,107
31,4,65,228,122,253,242,251,17,105
31,5,12,249,170,161,153,61,142,137
31,6,90,166,175,128,196,246,129,241
31,7,199,131,44,253,242,66,56,132
31,8,212,49,35,224,52,56,164,77
31,9,217,98,96,61,14,178,240,207
31,10,62,26,12,142,216,253,24,171
31,11,142,69,207,20,154,79,107,49
31,12,56,67,43,160,7,147,84,154
31,13,76,29,195,151,228,81,211,111
31,14,146,67,189,11,39,96,44,165
31,15,250,96,76,206,79,3,142,13
31,16,13,31,45,169,147,72,195,253
31,17,102,139,114,60,135,8,132,122
31,18,214,158,215,68,135,117,80,91
31,19,199,59,226,33,228,211,30,218
31,20,224,35,49,69,151,171,98,71
31,21,217,137,207,81,54,240,146,61
31,22,24,232,62,81,66,51,165,116
31,23,10,225,142,134,101,49,20,203
31,24,203,43,84,186,42,181,67,56
31,25,51,151,228,100,76,166,195,250
31,26,67,189,73,39,251,96,11,18
31,27,250,146,142,96,54,249,206,169
31,28,161,45,231,31,237,253,72,181
31,29,17,139,132,206,230,122,218,204
31,30,71,117,135,251,103,158,188,245
31,31,91,199,33,107,226,30,225,71
31,32,48,221,18,220,91,159,102,62
31,33,11,107,121,151,58,81,28,180
31,34,56,252,175,208,95,33,220,64
31,35,218,85,5,94,167,132,20,235
31,36,246,152,195,211,203,158,248,202
31,37,67,161,48,135,174,64,60,143
31,38,30,234,9,201,127,101,94,44
31,39,250,246,1,92,138,215,70,125
32,0,218,46,65,63,212,202,233,121
32,1,133,203,85,255,63,79,211,251
32,2,230,110,150,89,15,92,117,147
32,3,55,92,177,30,218,202,19,113
32,4,71,112,12,215,152,242,133,54
32,5,254,67,12,18,11,31,100,170
32,6,18,166,235,73,238,175,241,200
32,7,66,56,131,253,132,199,61,187
32,8,35,65,212,49,88,224,103,41
32,9,240,120,61,96,14,98,207,81
32,10,24,218,1,114,26,17,51,171
32,11,49,114,207,247,156,236,69,142
32,12,56,206,43,7,32,116,42,84
32,13,151,76,38,228,222,111,100,166
32,14,189,67,11,146,73,96,39,114
32,15,76,250,96,206,169,203,13,3
32,16,31,45,13,169,72,147,195,253
32,17,102,218,135,8,139,122,197,204
32,18,80,214,135,117,215,68,158,91
32,19,59,199,33,226,228,91,71,30
32,20,224,35,65,151,41,193,98,71
32,21,240,137,81,207,243,54,146,45
32,22,232,24,218,17,81,165,66,114
32,23,10,49,156,225,134,101,114,247
32,24,203,43,219,186,178,116,250,42
32,25,151,51,228,89,166,222,38,100
32,26,67,189,73,84,96,251,39,11
32,27,76,250,206,142,146,54,169,182
32,28,161,231,31,45,72,169,253,13
32,29,204,17,102,218,122,206,56,230
32,30,71,117,251,135,103,91,245,188
32,31,199,33,91,226,107,30,137,71
32,32,116,221,48,75,220,91,18,159
32,33,182,107,81,58,121,244,151,253
32,34,205,56,252,175,208,95,81,33
32,35,218,167,132,85,235,20,94,99
32,36,246,203,152,158,211,195,248,194
32,37,67,161,64,135,48,143,174,60
32,38,30,9,234,127,201,101,118,97
32,39,246,250,1,92,138,215,70,203
33,0,234,144,92,111,188,186,155,62
33,1,198,3,56,79,37,95,203,7
33,2,201,92,150,147,177,72,110,89
33,3,213,251,155,189,81,182,177,116
33,4,94,121,112,71,192,70,152,158
33,5,165,115,153,52,12,210,0,136
33,6,92,18,91,235,102,125,59,238
33,7,66,181,132,111,228,171,208,243
33,8,224,98,151,49,132,41,74,124
33,9,81,120,61,189,243,54,207,137
33,10,207,116,165,232,81,9,218,245
33,11,153,225,134,3,130,10,114,15
33,12,42,186,116,39,219,84,59,178
33,13,222,219,151,174,52,228,93,195
33,14,189,67,139,44,11,96,73,156
33,15,248,250,76,206,54,121,13,142
33,16,45,31,230,169,253,54,72,195
33,17,236,230,142,204,17,139,8,28
33,18,69,135,117,80,214,68,91,245
33,19,226,59,30,61,71,228,248,96
33,20,224,151,71,98,41,49,193,65
33,21,137,243,207,120,81,54,146,166
33,22,0,207,9,232,165,218,81,111
33,23,153,15,225,10,134,130,17,101
33,24,203,9,106,42,186,219,116,59
33,25,151,52,228,219,166,222,93,51
33,26,67,189,73,39,93,84,209,251
33,27,248,76,54,250,146,206,249,169
33,28,54,230,45,169,31,72,231,185
33,29,236,230,102,204,103,89,17,142
33,30,69,117,251,177,45,135,221,91
33,31,33,226,233,30,70,71,51,59
33,32,195,146,86,220,194,199,40,247
33,33,97,75,81,37,217,94,180,36
33,34,212,33,187,54,19,188,255,90
33,35,49,214,167,3,16,244,92,104
33,36,203,158,0,234,239,8,194,214
33,37,64,90,28,48,124,22,84,21
33,38,127,94,22,79,86,97,212,118
33,39,16,78,145,62,34,70,30,23
34,0,70,222,211,62,72,103,192,137
34,1,48,153,245,14,193,98,42,40
34,2,95,178,125,201,147,20,128,3
34,3,4,243,197,15,251,41,247,113
34,4,175,121,178,192,180,158,70,132
34,5,19,165,164,52,202,86,136,137
34,6,91,34,125,204,18,59,102,238
34,7,66,132,111,246,208,171,26,120
34,8,224,151,98,16,124,49,72,41
34,9,81,54,47,189,61,243,137,73
34,10,81,232,165,116,119,146,138,134
34,11,10,231,134,225,37,59,218,191
34,12,42,219,157,189,116,39,186,194
34,13,151,222,174,219,166,228,52,120
34,14,67,189,44,11,96,165,73,209
34,15,250,79,206,76,54,121,145,142
34,16,169,31,45,193,138,72,53,82
34,17,204,230,28,244,90,17,8,152
34,18,219,151,135,117,66,175,45,68
34,19,247,59,226,33,85,25,248,96
34,20,224,151,41,193,71,171,161,121
34,21,137,81,243,98,146,54,207,166
34,22,232,146,245,233,216,66,81,67
34,23,10,37,231,59,134,201,225,218
34,24,203,128,205,119,157,11,42,219
34,25,228,151,222,19,76,0,166,195
34,26,67,84,73,39,114,251,146,11
34,27,250,76,206,146,79,249,54,169
34,28,193,82,45,219,31,196,190,2
34,29,88,204,61,21,122,17,56,230
34,30,162,135,117,251,219,158,50,245
34,31,34,151,107,33,226,211,30,28
34,32,85,148,86,179,220,246,91,40
34,33,102,139,104,36,11,81,132,95
34,34,44,238,45,195,240,28,33,143
34,35,190,148,74,167,185,16,92,163
34,36,227,142,147,115,203,158,26,39
34,37,78,64,175,27,193,186,28,24
34,38,215,254,119,169,94,251,18,127
34,39,158,75,44,117,78,22,70,122
35,0,142,166,97,113,205,123,150,210
35,1,34,26,59,199,132,11,187,87
35,2,162,210,147,146,164,39,103,59
35,3,211,31,146,132,42,37,135,194
35,4,161,17,102,251,167,67,131,105
35,5,12,186,161,104,10,235,204,6
35,6,18,167,175,61,196,241,62,245
35,7,23,66,199,253,29,40,91,242
35,8,33,49,89,56,212,77,35,57
35,9,39,94,240,29,13,98,197,132
35,10,130,248,216,142,26,1,62,171
35,11,203,248,79,107,49,236,20,103
35,12,56,26,63,128,32,203,7,160
35,13,76,43,28,29,222,192,22,51
35,14,146,18,124,51,11,138,93,241
35,15,65,76,238,96,91,13,81,206
35,16,71,196,31,5,95,188,181,13
35,17,166,60,61,132,187,172,238,135
35,18,90,187,232,205,161,57,215,35
35,19,4,252,33,120,59,205,137,102
35,20,224,33,35,212,4,171,41,151
35,21,39,240,61,94,13,217,151,207
35,22,62,142,130,232,76,66,205,136
35,23,107,42,49,203,103,186,170,92
35,24,56,26,15,63,1,191,147,59
35,25,29,43,142,51,134,147,28,22
35,26,146,51,67,96,40,252,241,11
35,27,65,37,96,142,13,120,206,162
35,28,31,237,5,72,188,71,181,169
35,29,229,130,132,60,122,172,204,255
35,30,205,90,187,103,13,5,71,117
35,31,130,137,33,252,233,120,91,12
35,32,96,148,186,113,199,220,159,77
35,33,190,238,232,81,58,143,86,12
35,34,88,196,180,45,101,19,149,207
35,35,153,167,104,253,89,83,218,145
35,36,207,8,158,198,194,181,98,211
35,37,21,64,31,98,32,89,124,226
35,38,94,22,59,84,212,161,127,71
35,39,241,68,16,9,145,173,134,225
36,0,78,6,56,136,89,241,238,18
36,1,250,242,191,158,6,189,186,112
36,2,58,198,64,134,108,76,87,239
36,3,194,76,227,92,132,178,246,173
36,4,253,17,242,254,79,67,74,229
36,5,147,174,12,11,249,170,10,97
36,6,166,164,191,246,194,112,144,81
36,7,199,253,195,132,242,168,109,111
36,8,157,224,35,120,49,216,56,197
36,9,61,189,127,151,71,217,250,93
36,10,68,228,145,12,26,236,78,116
36,11,42,64,12,181,27,107,69,204
36,12,116,56,250,207,80,17,42,186
36,13,212,151,228,93,166,42,109,250
36,14,189,67,73,165,44,139,96,84
36,15,169,146,145,3,206,50,170,14
36,16,72,74,195,169,31,253,4,116
36,17,204,142,244,238,58,17,60,8
36,18,91,135,53,232,175,73,117,68
36,19,59,228,226,240,108,33,30,25
36,20,224,171,184,151,71,165,69,41
36,21,207,146,137,81,5,229,227,105
36,22,232,250,31,81,165,160,207,68
36,23,80,10,225,134,2,64,103,107
36,24,186,59,178,116,222,205,42,12
36,25,228,140,51,212,250,72,199,166
36,26,67,189,73,96,139,84,156,252
36,27,146,206,142,3,249,121,13,169
36,28,31,74,169,72,253,116,146,45
36,29,28,142,246,60,150,185,26,204
36,30,72,117,5,35,167,127,80,251
36,31,137,102,33,201,226,10,154,248
36,32,224,197,42,245,199,220,206,172
36,33,63,81,156,12,40,180,168,15
36,34,152,54,196,181,213,149,155,107
36,35,167,253,89,104,210,206,83,212
36,36,239,158,24,194,198,251,50,74
36,37,50,21,62,64,32,124,89,14
36,38,146,94,84,86,79,127,212,59
36,39,85,13,62,34,177,242,30,134
37,0,36,134,231,28,222,124,94,72
37,1,254,52,101,109,245,14,165,144
37,2,216,150,182,157,201,193,3,58
37,3,243,36,251,87,159,249,196,23
37,4,121,70,192,175,51,253,158,75
37,5,153,228,163,165,52,137,251,120
37,6,168,82,148,171,159,102,209,177
37,7,128,132,182,120,111,62,154,185
37,8,224,133,98,16,74,251,171,151
37,9,189,207,137,243,255,44,251,61
37,10,146,165,116,119,232,207,85,223
37,11,37,231,60,141,225,157,134,70
37,12,116,208,50,39,186,143,163,17
37,13,93,219,13,19,212,151,66,89
37,14,189,67,96,109,194,167,44,179
37,15,114,121,12,169,101,54,250,13
37,16,59,72,53,102,253,82,67,56
37,17,89,19,238,135,142,170,204,230
37,18,80,219,139,91,135,240,245,5
37,19,33,137,226,61,247,59,48,30
37,20,224,133,98,71,171,23,206,151
37,21,207,61,189,251,188,137,172,243
37,22,119,146,116,165,232,223,66,194
37,23,225,157,164,231,70,37,60,10
37,24,50,166,147,125,189,222,144,58
37,25,13,0,93,42,212,219,228,166
37,26,67,213,196,96,194,146,238,138
37,27,35,121,3,13,101,79,80,26
37,28,181,53,59,102,31,72,169,219
37,29,60,214,229,132,99,185,204,89
37,30,90,66,219,209,143,232,141,13
37,31,247,199,70,91,33,137,252,67
37,32,162,173,22,48,14,85,254,245
37,33,107,81,189,143,56,181,209,84
37,34,56,175,252,166,18,220,67,48
37,35,94,5,167,218,85,77,2,61
37,36,248,37,211,246,158,125,44,152
37,37,67,64,233,161,135,21,123,73
37,38,94,59,254,62,52,145,31,112
37,39,44,77,164,47,173,219,170,99
38,0,139,174,13,159,204,192,211,70
38,1,174,209,162,254,14,80,49,141
38,2,226,128,124,252,39,244,213,169
38,3,166,79,159,54,36,251,94,73
38,4,121,221,148,253,175,70,158,44
38,5,163,52,153,228,77,63,137,139
38,6,159,102,148,26,171,128,34,209
38,7,132,38,111,128,182,62,154,208
38,8,224,151,98,74,206,41,59,132
38,9,20,243,189,81,251,44,61,188
38,10,116,146,242,92,165,12,134,137
38,11,222,134,220,164,60,141,154,70
38,12,50,208,163,238,207,125,147,84
38,13,13,151,212,19,219,166,93,101
38,14,189,67,96,44,194,213,138,11
38,15,121,169,101,21,250,240,220,206
38,16,72,102,59,169,165,67,31,253
38,17,60,21,135,89,214,238,185,142
38,18,90,108,80,91,13,240,117,139
38,19,199,33,137,144,59,48,226,4
38,20,224,35,151,171,23,41,71,98
38,21,207,61,189,146,81,5,251,188
38,22,242,116,92,232,24,252,205,137
38,23,164,107,154,203,220,225,10,70
38,24,84,11,50,43,147,186,42,59
38,25,228,51,28,29,21,140,72,219
38,26,67,213,73,96,189,139,156,252
38,27,146,142,96,249,206,13,121,192
38,28,161,31,181,72,253,169,237,33
38,29,214,122,204,132,139,17,142,229
38,30,71,103,90,117,5,251,91,80
38,31,199,91,33,120,226,111,228,108
38,32,48,123,159,254,245,102,220,40
38,33,81,107,151,58,139,95,234,181
38,34,56,240,252,175,21,220,48,5
38,35,167,218,5,94,85,61,235,229
38,36,246,211,248,152,195,158,202,142
38,37,161,67,135,64,60,143,174,43
38,38,9,234,201,30,127,94,84,118
38,39,246,250,1,92,138,215,70,125
39,0,63,172,233,127,202,46,121,110
39,1,165,43,66,109,171,52,123,57
39,2,15,169,31,164,134,110,57,40
39,3,55,116,171,20,132,4,70,185
39,4,112,215,54,172,12,79,229,228
39,5,27,11,249,169,12,170,161,153
39,6,154,128,166,55,235,196,73,102
39,7,56,40,132,199,128,111,242,66
39,8,224,65,212,164,35,151,52,132
39,9,215,61,98,96,11,207,204,250
39,10,24,218,26,252,171,66,12,1
39,11,247,114,203,170,107,210,236,154
39,12,178,56,43,84,11,116,147,3
39,13,38,72,228,111,166,29,28,116
39,14,67,189,96,73,11,138,194,44
39,15,16,206,39,250,3,169,121,13
39,16,13,169,72,31,54,181,253,33
39,17,238,218,197,102,204,135,28,60
39,18,232,135,91,80,175,117,245,68
39,19,199,33,59,226,70,228,108,137
39,20,224,35,65,171,71,98,206,212
39,21,207,215,81,188,137,240,146,189
39,22,232,24,165,218,66,81,7,207
39,23,10,247,101,114,225,49,107,60
39,24,43,178,186,17,189,42,59,154
39,25,199,38,51,93,166,212,228,29
39,26,67,189,73,194,96,93,251,139
39,27,16,146,142,213,169,182,206,121
39,28,54,161,231,72,169,31,253,116
39,29,218,28,17,89,142,204,236,122
39,30,71,139,175,221,91,245,103,251
39,31,33,199,91,70,226,120,59,228
39,32,221,159,64,246,220,195,40,91
39,33,244,81,121,107,58,96,245,122
39,34,81,56,252,208,21,33,34,95
39,35,132,218,167,235,89,20,61,229
39,36,246,211,152,158,195,74,248,202
39,37,161,67,143,64,135,60,158,32
39,38,9,234,30,127,101,94,118,201
39,39,246,250,1,92,248,70,203,125
40,0,88,61,135,108,160,103,59,79
40,1,192,140,181,11,155,211,152,70
40,2,159,236,36,8,43,64,84,57
40,3,106,236,226,199,211,110,12,113
40,4,240,54,154,171,133,129,45,96
40,5,47,254,65,67,182,69,100,245
40,6,154,255,122,196,182,166,73,15
40,7,117,23,199,184,56,78,32,14
40,8,35,56,115,180,52,77,116,212
40,9,69,180,197,13,98,215,96,6
40,10,88,240,125,247,171,120,17,194
40,11,39,99,107,108,66,19,111,188
40,12,178,85,43,151,128,56,206,116
40,13,112,103,204,107,38,72,29,28
40,14,189,139,252,220,67,180,51,73
40,15,16,36,206,123,213,121,91,238
40,16,61,31,169,181,72,20,26,54
40,17,60,28,204,166,102,197,187,142
40,18,170,91,175,68,232,135,69,103
40,19,199,59,33,228,157,25,71,60
40,20,224,65,171,35,151,71,184,41
40,21,69,207,180,146,81,137,215,229
40,22,232,140,194,24,81,7,120,165
40,23,39,99,10,101,225,156,107,134
40,24,43,186,42,178,116,59,151,207
40,25,228,51,199,204,209,166,212,250
40,26,189,67,73,139,194,251,114,156
40,27,16,142,206,213,146,121,182,192
40,28,61,31,253,72,231,169,161,116
40,29,204,28,142,17,122,206,38,139
40,30,170,71,117,221,103,175,251,91
40,31,33,166,120,91,199,226,111,113
40,32,60,158,221,47,40,64,220,159
40,33,244,229,81,33,107,245,58,190
40,34,34,82,56,81,252,21,97,208
40,35,167,218,229,132,20,76,236,61
40,36,158,211,74,246,152,50,207,15
40,37,104,161,64,67,143,135,32,21
40,38,135,30,234,9,101,27,127,94
40,39,248,243,110,92,12,1,246,250
41,0,186,234,188,144,92,207,78,223
41,1,198,191,165,179,14,186,25,240
41,2,150,92,86,110,159,230,57,236
41,3,251,155,177,218,182,156,154,30
41,4,94,121,152,158,112,71,70,98
41,5,81,115,52,0,165,153,98,2
41,6,154,185,92,200,159,102,148,235
41,7,132,243,181,111,171,128,26,85
41,8,224,151,98,120,171,161,69,74
41,9,243,215,58,20,166,207,81,137
41,10,232,116,9,165,207,245,8,218
41,11,153,225,231,134,223,60,99,116
41,12,116,186,178,143,42,207,39,17
41,13,199,151,212,93,228,140,51,166
41,14,189,67,73,44,139,204,96,194
41,15,248,16,169,206,250,146,170,121
41,16,169,31,72,230,253,56,82,112
41,17,28,204,86,142,78,206,238,135
41,18,108,69,35,103,117,91,175,245
41,19,91,248,71,33,59,25,70,137
41,20,224,171,151,71,165,41,69,65
41,21,207,146,5,61,215,98,243,81
41,22,232,0,9,194,165,146,140,66
41,23,15,153,225,99,59,10,231,116
41,24,205,42,59,178,186,206,128,119
41,25,199,228,51,155,140,151,166,19
41,26,93,67,189,73,139,220,251,114
41,27,142,16,248,146,206,192,182,121
41,28,31,230,82,54,193,169,253,21
41,29,28,206,204,49,56,88,122,142
41,30,69,151,165,50,103,162,80,108
41,31,33,60,226,111,170,113,28,108
41,32,86,179,40,195,220,57,146,64
41,33,229,181,36,104,81,97,37,162
41,34,212,90,44,238,28,255,52,172
41,35,49,167,148,190,89,74,114,136
41,36,227,115,147,234,138,74,158,39
41,37,100,78,175,64,193,229,15,126
41,38,139,215,87,94,61,36,254,119
41,39,158,197,224,178,163,127,225,47
42,0,179,145,91,130,213,197,79,119
42,1,139,64,87,216,106,11,99,148
42,2,250,88,252,17,123,236,35,25
42,3,211,59,37,228,4,8,146,113
42,4,240,241,131,170,129,71,154,181
42,5,81,66,0,33,254,6,52,175
42,6,154,255,185,200,92,246,197,125
42,7,132,243,66,111,171,181,26,239
42,8,224,151,69,171,132,98,88,100
42,9,69,215,81,23,243,98,61,207
42,10,232,207,245,116,165,1,66,8
42,11,99,153,231,225,134,103,191,255
42,12,178,59,116,181,207,55,119,180
42,13,72,199,51,140,228,151,222,38
42,14,67,189,96,139,11,73,114,251
42,15,16,206,248,169,250,182,142,213
42,16,169,31,72,33,230,195,13,253
42,17,238,206,88,78,204,28,122,243
42,18,35,108,69,103,188,232,63,170
42,19,91,71,70,33,151,59,60,248
42,20,224,65,171,69,120,159,165,246
42,21,69,5,146,207,96,237,215,98
42,22,232,0,66,216,140,5,207,7
42,23,15,116,10,103,153,107,225,231
42,24,128,205,178,252,59,42,62,95
42,25,199,51,140,28,228,222,72,38
42,26,93,67,73,220,251,83,139,114
42,27,23,16,248,146,142,192,249,182
42,28,230,31,54,253,33,193,82,169
42,29,28,88,56,204,206,49,236,122
42,30,69,151,139,165,162,80,245,50
42,31,33,226,60,51,70,28,111,34
42,32,86,179,195,220,40,246,47,216
42,33,104,81,126,36,97,6,37,162
42,34,44,238,212,90,255,52,28,21
42,35,49,148,190,89,167,74,17,114
42,36,227,115,234,2,74,147,39,158
42,37,27,78,15,64,193,32,126,124
42,38,215,139,94,119,251,127,169,84
42,39,158,72,224,165,122,178,197,174
43,0,58,117,187,185,226,96,170,171
43,1,96,171,40,209,183,13,179,57
43,2,250,57,20,123,209,118,122,149
43,3,4,170,201,217,155,179,156,112
43,4,55,8,2,152,71,119,121,98
43,5,81,2,0,153,194,61,210,52
43,6,154,200,92,3,125,114,159,59
43,7,243,181,132,171,239,26,66,21
43,8,112,224,98,246,151,69,171,85
43,9,19,206,207,81,120,215,178,137
43,10,163,9,232,207,116,165,245,190
43,11,18,153,116,134,102,10,99,225
43,12,67,178,186,116,106,59,42,17
43,13,199,200,140,151,228,72,212,51
43,14,67,38,189,73,139,220,96,24
43,15,241,103,248,16,123,99,206,215
43,16,253,149,169,31,13,54,72,230
43,17,155,236,204,142,238,28,17,88
43,18,69,175,135,6,91,245,103,80
43,19,151,33,59,226,25,34,70,30
43,20,112,224,68,206,71,171,65,98
43,21,19,206,207,188,172,165,137,120
43,22,163,232,140,165,207,66,128,5
43,23,10,18,15,153,225,60,101,130
43,24,106,67,186,143,17,178,39,250
43,25,199,200,93,166,51,212,252,228
43,26,67,73,38,194,189,251,202,220
43,27,241,103,248,114,121,16,182,206
43,28,54,185,149,72,169,31,230,122
43,29,236,155,28,89,204,142,56,38
43,30,69,6,139,245,165,221,80,91
43,31,33,51,70,233,226,60,71,22
43,32,17,199,194,220,37,216,40,206
43,33,81,94,214,23,117,40,154,245
43,34,177,187,19,54,58,188,181,33
43,35,214,89,167,244,49,104,7,212
43,36,0,8,74,57,253,158,239,129
43,37,84,164,64,32,124,220,57,21
43,38,22,94,136,127,79,86,212,84
43,39,16,145,23,62,242,70,34,78
44,0,57,59,88,56,180,110,122,157
44,1,166,165,190,95,119,60,237,89
44,2,174,238,181,99,209,234,246,113
44,3,70,4,19,137,72,247,216,186
44,4,2,138,133,55,60,156,123,152
44,5,24,174,3,19,144,114,81,2
44,6,200,186,154,128,92,194,102,115
44,7,129,243,132,239,19,128,171,187
44,8,224,68,69,112,184,151,171,65
44,9,148,81,11,5,19,207,120,243
44,10,68,81,154,73,66,232,46,92
44,11,210,134,207,225,154,3,10,145
44,12,84,116,186,42,120,147,178,39
44,13,164,228,212,199,51,151,93,208
44,14,189,67,73,139,61,84,165,179
44,15,101,203,250,109,114,94,146,121
44,16,253,74,161,72,116,54,185,31
44,17,17,142,26,204,152,244,238,230
44,18,135,80,117,68,5,103,175,63
44,19,228,226,30,34,59,137,201,244
44,20,224,184,151,112,171,69,68,98
44,21,148,146,207,227,47,206,243,81
44,22,68,232,165,81,91,5,207,92
44,23,210,134,64,225,80,3,207,154
44,24,186,12,84,39,59,42,106,67
44,25,199,164,228,151,200,192,212,51
44,26,189,67,38,139,220,73,235,61
44,27,203,241,103,121,250,206,99,116
44,28,161,185,78,149,232,179,253,21
44,29,26,155,28,142,17,56,122,206
44,30,117,103,69,80,165,251,245,135
44,31,226,33,30,102,60,70,111,113
44,32,224,206,197,37,220,40,91,89
44,33,177,96,81,156,117,84,40,12
44,34,177,49,217,213,188,58,33,28
44,35,224,214,244,167,89,7,229,14
44,36,255,57,24,203,129,158,239,74
44,37,50,14,64,57,32,147,124,241
44,38,146,94,79,127,84,250,124,97
44,39,177,85,13,62,242,78,34,181
45,0,180,124,211,62,231,176,72,122
45,1,111,143,14,22,49,190,37,245
45,2,174,3,193,5,115,234,199,250
45,3,243,251,247,167,182,159,51,199
45,4,243,121,70,158,2,180,152,175
45,5,164,115,153,52,81,3,0,19
45,6,186,159,185,200,238,161,102,48
45,7,129,132,26,81,185,38,239,227
45,8,224,68,151,23,171,133,98,71
45,9,1,207,243,172,229,58,166,137
45,10,232,154,165,116,242,64,128,66
45,11,134,231,60,201,225,59,218,44
45,12,116,143,189,161,17,205,42,186
45,13,212,93,228,151,51,199,183,252
45,14,189,67,194,202,73,96,44,156
45,15,206,114,182,169,238,50,215,21
45,16,72,169,31,190,82,193,253,56
45,17,28,238,62,204,152,214,135,38
45,18,175,130,91,139,117,135,245,108
45,19,33,85,70,25,59,61,212,137
45,20,68,224,71,171,206,151,23,145
45,21,188,172,207,165,98,189,137,61
45,22,154,242,232,216,128,165,66,156
45,23,201,231,59,60,10,85,147,218
45,24,128,205,11,178,210,119,189,250
45,25,19,140,230,166,222,93,252,51
45,26,73,67,194,96,251,203,93,252
45,27,146,16,206,169,28,182,13,101
45,28,193,82,72,196,169,31,33,190
45,29,88,62,61,21,204,243,122,56
45,30,232,162,151,50,250,114,139,63
45,31,33,70,108,28,34,146,43,228
45,32,179,123,86,125,159,85,216,220
45,33,95,104,132,139,143,177,162,81
45,34,44,238,240,72,28,252,21,94
45,35,190,74,148,235,167,89,218,191
45,36,227,115,74,142,248,211,147,39
45,37,78,27,175,233,124,16,32,22
45,38,169,215,119,127,94,118,251,96
45,39,158,231,179,75,70,122,178,117
46,0,123,229,196,249,216,105,7,104
46,1,225,231,244,155,27,150,11,93
46,2,103,4,162,17,57,210,145,163
46,3,31,133,187,152,235,84,37,199
46,4,154,142,54,13,236,102,222,167
46,5,104,193,161,186,90,6,236,47
46,6,154,167,153,200,196,61,125,123
46,7,23,29,199,132,185,147,171,14
46,8,234,56,89,224,180,116,77,57
46,9,29,94,164,215,197,13,98,207
46,10,130,169,216,1,232,198,26,171
46,11,107,189,103,248,128,134,170,111
46,12,178,128,26,63,56,74,116,222
46,13,147,43,28,51,154,95,228,166
46,14,124,51,20,44,252,96,18,189
46,15,81,181,162,200,206,238,3,169
46,16,5,196,72,130,133,174,31,51
46,17,60,250,61,87,172,166,89,76
46,18,187,179,57,161,13,50,205,134
46,19,4,205,109,130,20,26,137,252
46,20,234,56,23,115,224,4,116,180
46,21,197,29,164,94,95,207,13,61
46,22,169,130,198,196,185,234,116,65
46,23,189,107,111,128,206,42,46,62
46,24,74,63,26,15,1,128,160,220
46,25,134,147,43,154,28,97,32,182
46,26,137,52,51,124,148,20,252,138
46,27,181,162,81,58,200,165,206,232
46,28,5,133,170,196,95,80,182,130
46,29,172,76,250,87,60,61,229,0
46,30,179,187,205,13,16,106,17,220
46,31,205,4,130,109,252,20,137,30
46,32,98,77,186,99,254,192,131,134
46,33,183,238,126,73,86,232,81,166
46,34,84,96,207,180,101,62,21,107
46,35,57,160,145,153,167,61,89,76
46,36,98,70,181,120,248,158,235,171
46,37,31,182,58,65,190,64,105,175
46,38,148,71,92,209,94,95,42,252
46,39,2,69,38,189,217,213,78,178
47,0,177,132,158,235,115,47,81,141
47,1,182,155,244,93,11,233,118,211
47,2,57,93,10,121,103,123,100,145
47,3,117,133,187,119,199,37,235,190
47,4,154,54,142,102,236,222,95,160
47,5,193,90,47,158,43,65,188,127
47,6,153,138,196,60,79,22,36,15
47,7,14,23,117,29,229,147,199,184
47,8,77,56,234,239,224,180,99,173
47,9,164,239,255,2,197,191,161,8
47,10,169,196,198,185,247,125,243,65
47,11,107,108,206,128,189,160,62,86
47,12,74,93,128,26,63,223,145,1
47,13,154,134,147,182,66,202,43,93
47,14,137,52,167,51,148,124,32,88
47,15,162,165,242,87,200,58,181,4
47,16,51,5,133,80,43,252,28,170
47,17,87,15,35,250,76,0,64,89
47,18,13,179,43,134,161,226,187,204
47,19,20,116,205,109,4,195,121,39
47,20,56,116,234,4,239,23,224,115
47,21,197,191,164,255,239,161,94,2
47,22,176,169,196,125,198,243,185,65
47,23,128,189,206,107,111,160,9,86
47,24,93,74,151,220,15,235,1,85
47,25,134,154,147,182,66,43,212,6
47,26,137,51,52,88,148,32,124,103
47,27,165,162,58,181,87,200,81,217
47,28,80,133,170,43,5,150,111,205
47,29,0,87,76,250,20,172,124,60
47,30,13,163,179,187,205,226,192,43
47,31,116,20,205,4,109,30,75,39
47,32,119,192,90,178,77,134,186,185
47,33,93,183,86,238,16,129,184,127
47,34,96,82,207,85,84,180,26,1
47,35,57,84,72,42,160,145,22,108
47,36,83,70,181,98,120,20,235,127
47,37,182,104,31,190,58,105,88,124
47,38,27,148,71,92,209,94,95,151
47,39,69,38,110,243,12,217,154,78
48,0,106,66,218,212,4,33,32,157
48,1,242,128,211,19,124,250,224,103
48,2,49,60,255,80,121,219,217,10
48,3,92,191,119,177,117,219,30,199
48,4,154,54,118,88,74,98,242,139
48,5,147,158,178,14,161,127,44,205
48,6,138,79,183,68,143,65,196,208
48,7,101,221,23,229,191,35,147,199
48,8,56,77,180,173,116,234,104,4
48,9,197,156,151,217,2,239,161,98
48,10,234,196,171,157,247,62,185,243
48,11,111,27,107,181,160,195,128,108
48,12,191,39,220,81,62,213,145,169
48,13,154,93,66,134,202,212,52,32
48,14,167,52,189,51,137,67,231,106
48,15,162,181,165,58,110,206,148,87
48,16,170,205,51,252,80,26,130,43
48,17,35,89,15,87,142,115,166,20
48,18,192,204,226,13,77,182,43,197
48,19,4,30,109,226,225,20,183,195
48,20,116,224,56,171,115,239,194,152
48,21,197,156,207,151,55,88,2,102
48,22,234,196,157,79,8,46,250,63
48,23,111,27,107,80,3,128,206,239
48,24,39,220,191,15,107,81,1,120
48,25,13,78,134,66,130,6,37,154
48,26,137,52,167,67,51,54,231,252
48,27,162,181,165,58,110,177,233,203
48,28,170,80,252,205,130,250,152,162
48,29,104,20,35,248,242,166,218,238
48,30,13,192,159,204,34,177,134,166
48,31,225,30,207,228,75,229,226,51
48,32,192,178,185,201,157,77,221,116
48,33,16,72,127,182,253,49,40,6
48,34,9,21,63,45,205,101,51,33
48,35,40,22,84,112,135,132,95,183
48,36,45,98,67,148,117,73,55,119
48,37,56,145,240,88,250,43,219,205
48,38,195,163,120,173,254,193,241,209
48,39,27,235,138,127,246,37,106,215
49,0,228,102,127,14,21,85,84,153
49,1,182,29,251,63,195,3,158,143
49,2,49,217,64,60,117,94,80,133
49,3,214,116,171,20,70,199,51,113
49,4,54,154,74,79,195,215,98,88
49,5,158,147,11,178,169,127,31,44
49,6,138,79,183,65,143,196,42,36
49,7,229,101,35,23,76,147,65,78
49,8,56,180,173,77,116,52,120,104
49,9,151,197,156,239,148,120,93,255
49,10,234,171,196,24,46,161,157,72
49,11,27,107,114,111,181,228,3,195
49,12,191,193,62,138,235,39,1,41
49,13,154,168,113,134,138,66,202,182
49,14,167,52,51,137,231,106,93,191
49,15,162,165,181,58,4,213,148,137
49,16,170,205,80,252,51,28,231,134
49,17,15,104,35,87,242,20,166,106
49,18,192,204,226,13,34,161,159,134
49,19,225,207,51,228,195,30,4,39
49,20,116,104,56,4,115,224,194,23
49,21,197,151,156,120,255,239,5,207
49,22,234,46,196,133,171,24,185,8
49,23,107,27,3,114,111,195,130,160
49,24,191,39,208,145,15,206,252,1
49,25,66,134,32,154,113,6,199,190
49,26,137,167,52,51,106,159,67,231
49,27,58,162,233,181,4,54,121,110
49,28,80,170,252,0,152,20,205,54
49,29,104,20,35,218,242,238,166,142
49,30,13,192,221,177,159,34,190,251
49,31,225,30,51,229,226,14,228,201
49,32,221,178,185,206,195,194,237,21
49,33,40,121,49,168,16,72,81,94
49,34,81,21,19,141,188,208,54,187
49,35,22,212,214,84,112,167,76,229
49,36,8,0,23,239,119,198,129,203
49,37,145,220,209,105,108,84,21,48
49,38,22,139,84,97,86,58,94,35
49,39,68,241,23,16,78,91,178,106
50,0,14,181,82,107,251,194,80,68
50,1,234,221,126,92,63,29,85,8
50,2,64,94,217,233,117,237,1,106
50,3,194,246,134,225,20,195,38,70
50,4,154,79,195,37,127,254,172,89
50,5,174,158,147,153,178,151,253,250
50,6,157,79,149,254,209,159,49,21
50,7,132,171,199,111,26,140,185,203
50,8,224,151,41,98,56,107,171,74
50,9,81,20,61,207,243,166,1,54
50,10,116,165,232,68,134,8,81,250
50,11,42,134,111,225,60,141,64,204
50,12,116,186,39,207,163,42,50,201
50,13,219,151,164,228,212,199,93,166
50,14,189,67,73,139,84,165,96,44
50,15,146,145,206,169,250,12,121,94
50,16,72,74,24,169,195,253,4,31
50,17,204,142,60,244,28,152,26,8
50,18,117,108,141,135,91,175,53,73
50,19,59,25,137,67,226,228,212,60
50,20,224,151,171,41,71,34,165,161
50,21,207,243,146,137,81,227,251,166
50,22,250,160,116,232,194,165,122,207
50,23,80,111,134,54,225,56,60,107
50,24,42,116,207,135,58,250,186,39
50,25,228,212,174,95,151,208,118,164
50,26,189,67,252,78,84,73,52,139
50,27,206,100,146,182,55,142,121,177
50,28,74,72,130,146,20,31,170,24
50,29,204,28,150,26,152,60,142,69
50,30,117,55,59,122,91,192,35,118
50,31,137,67,237,248,14,59,25,212
50,32,101,33,178,224,47,59,206,197
50,33,81,179,201,156,12,192,245,91
50,34,16,49,217,141,181,247,213,107
50,35,167,229,224,76,253,14,93,212
50,36,158,255,24,239,50,198,235,82
50,37,50,21,64,14,105,57,75,103
50,38,146,79,84,86,94,128,97,127
50,39,85,177,13,62,34,78,242,30
51,0,24,109,199,151,231,175,207,124
51,1,234,236,22,226,221,14,33,49
51,2,64,221,77,3,253,217,117,237
51,3,202,197,199,38,25,11,225,167
51,4,154,243,192,160,127,121,195,89
51,5,158,81,153,236,2,178,180,52
51,6,79,157,168,196,49,209,177,161
51,7,171,132,32,19,76,203,128,26
51,8,224,56,47,171,151,194,220,74
51,9,61,207,44,166,197,198,81,243
51,10,31,250,234,232,165,17,8,159
51,11,111,134,54,109,225,85,42,2
51,12,39,208,186,116,12,207,47,201
51,13,199,13,154,93,219,176,37,151
51,14,52,67,189,167,139,22,109,73
51,15,146,121,250,206,181,166,109,142
51,16,26,51,170,72,116,253,24,95
51,17,142,204,115,28,158,89,244,17
51,18,226,80,204,192,5,135,162,68
51,19,226,59,228,30,183,137,75,34
51,20,224,171,151,71,98,107,246,23
51,21,146,207,227,81,243,197,55,123
51,22,165,232,234,207,122,160,196,79
51,23,80,111,134,17,109,225,95,152
51,24,220,39,186,12,207,47,107,116
51,25,199,228,151,130,211,78,154,93
51,26,52,139,67,73,165,252,189,54
51,27,121,206,146,182,142,54,109,177
51,28,10,170,88,116,41,24,130,31
51,29,126,142,150,18,28,213,20,35
51,30,18,13,130,192,34,55,126,209
51,31,154,60,75,150,17,148,201,99
51,32,109,101,173,123,14,248,76,178
51,33,231,72,179,16,176,127,252,17
51,34,94,63,249,80,18,204,122,202
51,35,191,112,44,43,84,185,135,38
51,36,45,73,79,221,26,125,37,80
51,37,205,126,196,254,242,108,130,219
51,38,120,52,132,149,193,173,196,78
51,39,66,224,91,99,151,175,251,106
52,0,131,15,102,21,116,239,194,228
52,1,234,236,5,134,87,16,133,94
52,2,253,64,221,0,94,77,117,201
52,3,199,202,190,150,11,225,218,177
52,4,154,243,149,229,192,4,160,132
52,5,158,213,81,115,153,2,110,178
52,6,79,149,49,196,15,25,10,157
52,7,35,76,32,155,171,203,147,229
52,8,56,116,180,224,77,173,220,52
52,9,197,8,98,61,44,120,5,189
52,10,234,171,8,31,196,250,17,232
52,11,111,3,54,50,225,107,109,91
52,12,166,208,39,207,189,191,193,3
52,13,230,13,199,154,66,113,37,219
52,14,167,52,231,106,137,51,189,12
52,15,181,213,4,146,162,121,178,177
52,16,170,26,14,51,252,80,205,138
52,17,15,35,78,242,20,115,142,28
52,18,192,204,226,13,55,130,209,34
52,19,237,26,75,4,183,204,60,30
52,20,56,171,194,115,224,116,185,107
52,21,197,207,151,120,87,146,208,61
52,22,234,196,17,250,8,232,220,194
52,23,111,158,59,107,54,209,3,50
52,24,166,39,50,157,81,210,15,175
52,25,13,230,37,66,199,113,74,19
52,26,52,196,167,137,67,252,231,106
52,27,233,178,116,121,85,110,68,177
52,28,170,20,138,80,130,56,82,31
52,29,78,35,20,213,242,28,142,187
52,30,13,192,55,204,66,34,221,130
52,31,226,14,30,60,237,229,228,137
52,32,206,14,109,178,197,101,76,162
52,33,167,179,103,201,40,81,203,16
52,34,141,94,11,15,18,21,249,227
52,35,214,244,191,44,167,112,224,229
52,36,129,251,198,24,48,239,158,57
52,37,62,14,21,57,105,214,147,64
52,38,52,120,79,84,124,94,254,97
52,39,78,87,242,201,224,5,91,164
53,0,69,239,116,240,250,140,98,67
53,1,234,173,94,253,16,154,236,5
53,2,253,73,222,106,153,0,1,233
53,3,60,240,199,237,244,75,39,25
53,4,154,87,97,149,160,184,195,232
53,5,25,20,163,143,158,234,162,244
53,6,159,254,26,177,21,148,102,209
53,7,132,182,111,26,184,154,218,128
53,8,224,98,133,151,59,74,206,72
53,9,81,54,61,251,20,189,207,172
53,10,116,165,134,176,156,146,243,66
53,11,60,141,134,225,204,42,157,9
53,12,143,186,163,39,17,145,194,71
53,13,93,219,66,151,212,166,14,165
53,14,67,96,189,109,11,167,194,156
53,15,121,114,12,169,166,101,147,21
53,16,72,74,253,59,130,67,145,165
53,17,89,238,170,230,142,17,226,135
53,18,80,139,175,135,245,91,13,177
53,19,226,61,33,22,137,35,59,30
53,20,224,71,98,133,145,171,23,151
53,21,207,172,81,61,188,186,243,165
53,22,165,160,119,207,232,140,91,85
53,23,80,225,60,54,157,10,24,104
53,24,186,39,205,17,222,53,143,107
53,25,93,199,219,1,151,166,212,95
53,26,67,189,225,73,194,54,96,40
53,27,121,114,48,182,166,146,85,16
53,28,74,130,72,250,166,253,40,152
53,29,150,142,89,28,213,104,17,101
53,30,13,192,55,80,221,34,204,139
53,31,237,226,229,14,204,33,51,248
53,32,197,206,178,101,64,47,237,220
53,33,103,81,40,179,201,95,18,49
53,34,141,213,11,94,227,21,49,107
53,35,244,214,167,191,224,229,76,202
53,36,48,24,251,129,239,255,158,198
53,37,14,21,162,57,50,147,64,153
53,38,79,124,84,94,97,146,127,74
53,39,177,62,13,242,77,78,34,181
54,0,151,231,131,207,175,134,62,199
54,1,16,17,236,195,234,44,134,5
54,2,253,0,226,239,183,235,19,64
54,3,240,199,202,25,190,150,90,159
54,4,154,44,243,192,250,148,229,116
54,5,158,115,234,153,236,178,165,2
54,6,79,149,82,25,196,49,161,177
54,7,76,171,35,199,23,79,229,32
54,8,56,159,220,116,164,246,224,173
54,9,197,98,5,8,47,61,59,85
54,10,234,9,171,196,8,99,3,133
54,11,3,111,85,145,107,54,59,220
54,12,39,191,128,15,81,193,3,189
54,13,154,230,28,113,74,219,66,168
54,14,52,167,51,106,12,231,88,159
54,15,181,162,233,248,4,213,110,165
54,16,170,205,80,252,26,51,14,20
54,17,35,15,242,78,20,166,104,124
54,18,192,204,226,13,161,34,69,250
54,19,51,26,4,60,114,228,229,225
54,20,115,159,56,116,107,4,52,171
54,21,197,151,120,5,207,208,198,127
54,22,234,9,196,171,46,79,133,63
54,23,111,107,3,85,145,220,153,59
54,24,15,39,1,191,175,128,81,220
54,25,113,28,230,13,66,32,199,78
54,26,52,167,137,83,231,51,106,67
54,27,233,162,177,181,248,58,54,4
54,28,170,80,190,26,54,0,230,95
54,29,20,35,242,238,166,21,236,78
54,30,13,192,250,204,16,63,165,34
54,31,51,151,14,60,30,226,108,33
54,32,146,76,77,178,179,162,109,18
54,33,49,181,56,6,81,75,189,104
54,34,72,21,195,94,240,182,44,101
54,35,185,44,191,74,49,66,61,112
54,36,98,115,125,167,248,79,227,27
54,37,145,126,175,240,242,180,73,130
54,38,254,87,161,173,119,169,35,70
54,39,165,179,81,202,174,159,73,148
55,0,96,226,93,11,247,80,171,107
55,1,16,195,2,81,234,236,57,169
55,2,253,215,106,160,0,73,117,39
55,3,221,188,170,216,240,150,122,141
55,4,119,154,105,20,123,172,192,8
55,5,61,158,194,183,178,202,2,153
55,6,16,79,49,149,90,157,196,92
55,7,76,101,35,199,171,204,108,181
55,8,112,56,159,116,212,180,52,77
55,9,120,197,206,98,5,151,178,230
55,10,229,234,171,196,163,80,63,3
55,11,18,111,3,107,104,145,142,130
55,12,106,191,154,39,67,43,134,252
55,13,200,28,199,113,154,230,219,74
55,14,52,167,252,138,51,139,93,29
55,15,233,213,181,241,110,162,45,53
55,16,149,182,170,54,20,205,26,112
55,17,166,236,15,35,60,142,88,204
55,18,192,204,226,13,6,63,34,77
55,19,4,51,229,137,33,252,14,59
55,20,224,116,151,171,107,112,56,4
55,21,120,207,206,151,61,197,5,55
55,22,229,163,234,8,80,232,116,205
55,23,111,107,18,142,66,75,2,225
55,24,106,154,39,88,207,252,107,67
55,25,199,13,200,28,228,137,29,219
55,26,52,83,67,252,167,251,73,137
55,27,233,110,213,142,206,146,241,177
55,28,54,31,149,231,20,72,182,185
55,29,236,28,142,204,206,60,106,35
55,30,192,13,6,165,204,80,221,190
55,31,51,151,229,33,137,226,108,233
55,32,89,194,178,17,199,206,40,21
55,33,49,81,214,23,40,94,245,91
55,34,182,187,19,21,101,54,141,87
55,35,167,214,49,229,212,61,76,244
55,36,8,253,0,129,98,158,74,23
55,37,145,84,164,64,21,220,250,180
55,38,35,94,22,196,139,84,235,206
55,39,241,68,23,16,145,165,159,105
56,0,233,40,127,250,147,136,110,207
56,1,98,131,190,166,81,222,234,253
56,2,253,211,106,39,149,20,117,33
56,3,216,255,202,188,240,75,17,150
56,4,122,154,123,119,133,105,172,98
56,5,61,31,250,158,151,2,114,178
56,6,49,79,129,90,157,196,149,65
56,7,199,101,76,195,142,79,171,109
56,8,56,103,159,107,116,164,65,57
56,9,217,197,98,120,61,151,207,5
56,10,62,171,234,63,196,8,114,40
56,11,111,104,3,107,27,247,145,66
56,12,43,191,206,39,6,94,106,136
56,13,199,28,13,154,74,219,137,113
56,14,52,167,67,138,252,40,93,139
56,15,233,213,206,121,110,181,4,45
56,16,170,54,243,205,95,20,149,188
56,17,88,236,35,166,15,115,229,60
56,18,192,13,63,205,226,204,232,34
56,19,229,4,51,137,252,151,33,178
56,20,107,224,103,4,65,151,171,212
56,21,217,207,120,5,151,61,197,96
56,22,62,232,63,8,196,205,234,116
56,23,111,107,247,66,27,195,225,142
56,24,106,147,206,191,138,154,39,94
56,25,199,13,28,200,137,228,219,29
56,26,83,67,52,137,167,252,180,146
56,27,233,213,142,110,241,177,121,206
56,28,54,31,72,231,95,130,19,203
56,29,236,115,229,130,28,89,35,238
56,30,192,13,165,159,71,11,106,205
56,31,151,33,137,229,108,233,71,226
56,32,96,186,199,75,18,116,42,159
56,33,49,11,81,58,253,182,40,29
56,34,101,180,205,196,56,149,252,19
56,35,153,132,167,218,61,145,212,89
56,36,8,248,158,211,98,74,0,167
56,37,64,21,84,250,31,152,207,220
56,38,94,22,84,127,59,36,86,196
56,39,241,9,68,145,16,27,62,52
57,0,136,78,56,18,89,14,241,68
57,1,222,241,135,134,166,16,186,45
57,2,108,89,253,58,179,158,0,246
57,3,188,228,139,240,28,216,9,173
57,4,253,154,17,254,133,121,172,79
57,5,174,61,151,153,250,137,52,63
57,6,159,102,148,209,124,194,128,145
57,7,132,128,199,26,195,111,218,154
57,8,224,157,151,98,107,56,74,62
57,9,81,61,207,189,54,243,20,217
57,10,116,68,165,12,66,92,78,228
57,11,64,134,42,225,12,60,204,111
57,12,39,186,116,163,17,125,238,167
57,13,93,219,151,42,212,66,166,199
57,14,189,67,96,194,202,165,109,90
57,15,146,114,169,250,101,21,206,50
57,16,72,74,253,145,195,31,116,73
57,17,204,38,142,58,185,60,89,222
57,18,175,91,53,245,139,117,135,73
57,19,33,59,137,25,231,212,22,240
57,20,224,71,133,98,151,23,171,145
57,21,207,81,189,45,61,188,251,186
57,22,250,205,116,68,160,92,12,31
57,23,64,80,134,60,225,51,102,215
57,24,147,163,58,125,207,186,250,104
57,25,42,212,228,166,95,93,208,174
57,26,67,84,194,73,252,251,189,165
57,27,206,101,241,182,48,116,110,80
57,28,149,72,247,203,130,147,169,201
57,29,185,204,130,60,35,152,89,215
57,30,72,13,117,94,166,240,192,181
57,31,137,229,67,33,70,35,233,14
57,32,224,42,197,199,124,47,63,220
57,33,63,81,156,18,217,136,12,40
57,34,152,54,196,181,213,149,98,130
57,35,253,167,210,14,104,212,89,155
57,36,158,239,24,50,3,36,198,163
57,37,50,21,62,64,175,98,152,89
57,38,146,94,86,84,254,145,79,209
57,39,85,34,13,134,62,177,242,52
58,0,36,134,28,222,231,124,151,72
58,1,254,52,109,101,14,165,245,95
58,2,216,150,182,193,157,158,126,3
58,3,243,36,249,159,251,87,196,23
58,4,121,70,175,51,158,192,253,194
58,5,153,163,228,52,165,137,22,251
58,6,168,159,148,82,102,171,26,209
58,7,132,128,120,182,111,62,38,26
58,8,224,133,98,151,74,16,71,206
58,9,207,189,251,137,243,81,44,172
58,10,146,116,165,119,156,85,232,223
58,11,60,37,225,157,231,70,141,134
58,12,116,50,39,186,17,143,208,163
58,13,93,219,19,13,212,66,250,166
58,14,67,189,202,96,198,54,204,44
58,15,114,169,74,50,121,28,215,147
58,16,72,74,253,24,112,59,250,145
58,17,89,169,140,204,142,230,226,38
58,18,139,175,91,135,80,117,219,71
58,19,22,61,226,59,30,33,88,212
58,20,224,71,133,23,206,98,193,72
58,21,207,137,172,255,165,251,1,186
58,22,165,207,160,116,246,156,146,232
58,23,80,225,10,60,157,44,162,165
58,24,186,17,58,205,39,50,21,219
58,25,93,212,57,0,140,66,219,199
58,26,67,165,202,194,73,189,209,179
58,27,114,236,153,215,121,27,60,158
58,28,72,74,53,116,59,112,250,169
58,29,89,185,142,215,150,19,230,96
58,30,219,13,72,141,66,143,139,132
58,31,247,60,154,229,70,99,17,33
58,32,173,162,22,14,12,144,85,133
58,33,81,49,253,107,189,143,203,59
58,34,175,56,166,252,18,220,64,67
58,35,94,5,85,77,155,2,218,167
58,36,248,246,37,125,211,167,44,92
58,37,233,242,207,175,80,51,25,123
58,38,254,173,62,111,94,52,206,112
58,39,44,77,218,22,164,223,118,109
59,0,139,174,13,204,192,211,159,70
59,1,174,209,162,254,80,14,171,141
59,2,226,252,128,124,207,244,39,169
59,3,166,36,79,159,251,243,94,54
59,4,121,221,148,253,158,70,175,2
59,5,163,52,77,228,153,63,24,22
59,6,102,159,148,128,26,209,185,238
59,7,38,132,128,26,62,182,154,111
59,8,224,151,98,206,41,59,74,63
59,9,20,44,243,251,189,81,134,61
59,10,116,146,92,12,242,165,232,119
59,11,164,70,222,134,154,220,141,60
59,12,50,208,84,163,147,39,238,125
59,13,19,13,219,212,151,166,101,93
59,14,189,67,252,138,44,96,194,109
59,15,220,121,169,101,142,206,233,12
59,16,102,72,59,53,31,67,73,143
59,17,60,89,21,214,115,35,135,185
59,18,13,108,90,91,240,117,191,80
59,19,48,199,137,144,33,59,226,35
59,20,224,151,56,107,171,98,23,145
59,21,61,207,189,251,115,81,243,44
59,22,92,12,242,116,146,122,205,137
59,23,164,154,70,220,218,157,111,107
59,24,11,50,84,147,43,1,120,107
59,25,13,101,228,42,137,19,199,28
59,26,67,203,52,73,137,252,213,251
59,27,233,146,206,28,142,121,182,35
59,28,161,102,130,53,72,181,31,33
59,29,214,21,185,142,204,115,28,206
59,30,71,192,13,165,80,103,204,117
59,31,199,229,91,33,144,108,226,111
59,32,123,48,18,159,21,91,220,40
59,33,107,139,151,49,81,95,58,253
59,34,252,56,240,175,48,21,220,64
59,35,85,167,114,5,218,94,61,229
59,36,152,246,248,195,211,142,202,67
59,37,161,135,60,67,64,143,21,174
59,38,9,30,234,201,127,94,84,101
59,39,250,246,1,92,138,215,203,70
60,0,92,172,234,144,111,186,188,155
60,1,198,43,66,123,239,111,255,251
60,2,92,150,230,86,110,15,89,158
60,3,188,228,116,155,202,251,132,216
60,4,8,94,154,112,71,152,121,158
60,5,151,9,81,61,194,98,153,0
60,6,128,16,200,49,235,159,196,157
60,7,181,199,132,128,243,139,171,108
60,8,224,65,107,206,56,171,103,151
60,9,178,61,120,207,44,166,5,189
60,10,9,207,218,171,8,232,165,26
60,11,153,111,114,130,14,116,165,207
60,12,39,116,84,208,147,43,3,201
60,13,13,199,74,28,210,47,137,228
60,14,52,167,67,252,96,139,73,189
60,15,233,103,213,248,206,146,142,121
60,16,228,243,31,230,72,179,170,253
60,17,115,236,35,204,28,60,142,197
60,18,69,192,13,6,34,35,226,77
60,19,229,35,71,75,59,33,137,139
60,20,107,171,65,224,152,165,151,103
60,21,178,207,5,120,61,146,197,231
60,22,232,9,0,122,8,165,107,205
60,23,15,153,130,111,114,14,107,142
60,24,106,39,107,253,207,59,22,1
60,25,13,200,28,199,210,209,228,137
60,26,83,67,252,52,137,139,114,38
60,27,103,248,241,213,233,142,121,206
60,28,228,54,185,230,72,31,149,130
60,29,236,28,35,115,204,243,186,142
60,30,6,69,13,117,94,80,34,192
60,31,229,33,233,226,70,137,67,25
60,32,195,146,199,86,194,247,162,220
60,33,97,81,37,94,217,136,173,36
60,34,212,187,19,54,255,181,90,87
60,35,167,49,229,253,196,214,14,17
60,36,0,8,158,167,234,163,198,50
60,37,175,152,242,166,21,64,207,202
60,38,173,254,62,161,22,37,42,65
60,39,16,22,73,47,23,159,53,109
61,0,70,124,222,62,176,231,211,151
61,1,153,98,49,245,48,14,42,40
61,2,115,3,71,56,5,254,158,193
61,3,243,251,247,36,112,196,16,185
61,4,121,158,70,175,178,51,154,194
61,5,164,153,9,137,52,163,165,228
61,6,39,57,159,102,185,26,238,157
61,7,111,223,132,26,38,182,171,218
61,8,224,151,98,133,71,72,41,16
61,9,20,243,1,32,137,134,172,251
61,10,242,116,146,232,19,165,147,138
61,11,218,44,134,60,223,70,59,231
61,12,116,50,157,39,186,208,161,42
61,13,13,212,19,151,228,93,185,183
61,14,189,44,67,96,252,73,204,139
61,15,169,33,114,50,238,149,206,121
61,16,102,72,228,169,253,56,234,82
61,17,164,204,115,60,158,214,21,89
61,18,91,175,72,117,13,130,225,139
61,19,48,59,85,33,88,70,212,25
61,20,224,121,151,171,71,246,41,107
61,21,207,229,146,251,188,44,61,166
61,22,146,122,19,242,116,232,165,156
61,23,201,164,70,111,218,231,60,59
61,24,50,205,11,195,250,119,210,128
61,25,13,140,37,0,19,222,137,228
61,26,52,203,196,252,137,73,67,251
61,27,28,33,35,146,177,3,206,121
61,28,228,102,193,130,82,26,219,190
61,29,88,164,21,35,115,28,238,116
61,30,162,232,192,204,151,165,80,13
61,31,229,34,108,70,111,137,226,33
61,32,123,109,179,86,18,63,85,40
61,33,234,95,81,104,36,136,68,132
61,34,44,238,240,166,28,21,195,155
61,35,190,148,61,167,74,218,17,229
61,36,227,115,142,248,202,147,211,39
61,37,78,175,152,27,242,73,195,233
61,38,119,254,138,169,215,166,17,145
61,39,179,165,202,22,173,201,218,158
62,0,233,117,226,146,171,80,128,11
62,1,120,43,66,13,81,133,57,171
62,2,249,115,196,158,107,169,149,159
62,3,228,91,188,75,119,170,221,195
62,4,119,8,55,139,105,154,228,60
62,5,61,9,151,194,27,81,153,19
62,6,90,55,200,196,124,157,235,57
62,7,181,132,171,199,26,109,128,187
62,8,107,112,57,224,194,56,151,103
62,9,178,44,207,61,129,37,227,166
62,10,163,207,19,8,232,165,116,171
62,11,111,18,142,174,225,134,116,14
62,12,43,67,116,39,59,205,186,207
62,13,13,200,199,28,47,219,140,74
62,14,52,67,44,96,139,11,167,38
62,15,233,99,121,146,3,206,13,213
62,16,54,31,228,72,253,179,95,47
62,17,115,142,28,88,204,35,60,8
62,18,6,232,13,91,192,80,71,175
62,19,108,199,33,137,226,59,139,75
62,20,224,112,171,23,107,151,206,98
62,21,207,178,5,146,61,115,145,189
62,22,232,163,165,122,5,207,116,246
62,23,142,225,111,107,18,14,10,20
62,24,43,222,39,186,146,67,59,207
62,25,199,13,28,228,200,140,210,116
62,26,67,139,189,38,73,96,251,156
62,27,99,121,213,142,146,206,182,13
62,28,54,33,31,231,253,130,161,149
62,29,28,142,236,206,218,200,139,238
62,30,80,71,6,221,103,5,165,251
62,31,229,226,199,108,30,33,111,70
62,32,89,17,159,21,64,40,62,220
62,33,105,244,81,107,136,214,28,72
62,34,81,56,252,21,12,58,155,220
62,35,132,167,218,61,229,107,10,83
62,36,253,152,246,211,248,202,74,158
62,37,161,21,60,135,67,143,32,20
62,38,9,30,101,234,84,254,94,70
62,39,246,250,1,248,92,203,15,218
63,0,210,92,144,234,186,155,188,84
63,1,175,178,198,95,217,8,131,25
63,2,92,150,13,159,158,86,115,15
63,3,251,159,155,207,182,188,243,202
63,4,94,158,121,70,87,133,112,192
63,5,2,81,52,165,151,194,153,163
63,6,171,154,92,159,235,209,185,227
63,7,181,132,243,171,128,86,185,111
63,8,224,107,98,74,194,220,72,151
63,9,207,61,44,81,189,188,243,198
63,10,165,232,207,9,5,116,8,246
63,11,225,153,134,84,231,255,3,60
63,12,222,186,39,116,208,59,178,207
63,13,199,13,219,93,47,151,228,140
63,14,67,189,139,54,96,167,52,156
63,15,248,121,13,146,206,233,250,60
63,16,54,253,230,31,102,72,169,95
63,17,142,115,28,236,238,8,78,88
63,18,80,69,13,68,5,135,232,103
63,19,226,30,137,70,71,108,228,229
63,20,224,171,107,151,88,98,152,74
63,21,146,61,207,5,96,141,120,189
63,22,165,232,5,9,122,0,246,119
63,23,153,225,15,130,142,134,54,30
63,24,106,207,205,39,69,107,12,59
63,25,199,13,200,228,151,63,210,116
63,26,67,54,38,139,189,251,93,57
63,27,248,241,121,206,142,99,182,213
63,28,230,54,185,149,130,169,147,31
63,29,236,28,142,238,171,89,65,102
63,30,69,80,221,6,13,251,5,204
63,31,229,226,70,60,30,233,33,137
63,32,146,195,199,86,194,61,220,206
63,33,75,97,37,94,81,189,40,136
63,34,212,187,54,19,255,90,251,107
63,35,49,167,212,244,214,10,229,66
63,36,8,0,234,198,239,34,74,158
63,37,21,90,84,160,64,57,124,32
63,38,22,94,86,79,84,145,173,74
63,39,16,62,145,23,242,181,34,68
64,0,124,151,231,199,116,174,69,62
64,1,153,49,40,48,245,120,98,8
64,2,141,3,71,191,116,193,137,158
64,3,243,247,159,251,192,36,206,182
64,4,158,70,121,51,180,175,132,194
64,5,81,236,19,2,165,251,52,153
64,6,154,159,171,227,185,209,57,157
64,7,223,171,132,185,120,86,182,76
64,8,224,98,72,194,220,171,151,61
64,9,207,61,44,161,81,189,188,243
64,10,165,232,19,242,5,138,178,119
64,11,85,59,225,218,231,134,201,60
64,12,208,39,222,116,186,207,205,59
64,13,13,199,47,93,219,151,19,228
64,14,67,139,189,167,96,54,109,52
64,15,121,13,33,206,18,233,28,146
64,16,26,193,31,102,190,53,253,72
64,17,142,115,28,238,89,164,126,35
64,18,80,13,72,250,91,139,5,68
64,19,226,30,137,33,70,228,59,139
64,20,224,171,98,71,23,206,133,151
64,21,207,146,44,61,243,81,188,172
64,22,242,232,165,122,19,146,119,224
64,23,201,231,218,59,85,111,225,116
64,24,11,205,128,39,50,1,148,253
64,25,13,19,71,28,210,130,97,91
64,26,52,137,67,252,231,196,54,91
64,27,146,28,33,121,173,168,187,206
64,28,193,130,102,170,82,26,236,80
64,29,35,88,21,20,164,238,49,173
64,30,204,192,162,13,250,232,63,34
64,31,34,137,28,14,108,30,183,33
64,32,123,179,125,254,86,140,170,85
64,33,95,132,234,104,36,81,49,56
64,34,44,238,240,28,172,67,8,220
64,35,190,74,148,167,61,107,191,229
64,36,227,115,147,142,248,19,39,47
64,37,78,27,175,16,169,108,80,126
64,38,169,215,119,0,35,254,180,42
64,39,158,231,179,117,75,202,22,136
65,0,142,166,97,113,123,205,150,210
65,1,34,26,187,59,87,132,11,5
65,2,249,103,162,242,90,158,210,196
65,3,211,46,37,31,146,135,160,142
65,4,14,161,167,154,65,214,67,160
65,5,235,151,161,104,186,158,204,191
65,6,167,196,79,157,154,39,93,214
65,7,199,23,91,29,147,185,76,171
65,8,56,180,33,116,212,89,107,52
65,9,197,39,29,94,44,203,131,132
65,10,196,130,234,171,198,185,247,63
65,11,111,20,107,160,42,145,3,128
65,12,26,128,39,3,63,74,220,15
65,13,154,43,28,210,13,134,74,47
65,14,137,52,51,167,124,160,64,86
65,15,162,181,65,165,233,58,213,4
65,16,170,5,51,80,205,134,252,26
65,17,35,87,166,15,89,115,242,20
65,18,192,204,226,13,148,161,57,197
65,19,4,130,26,109,20,195,183,75
65,20,116,56,115,4,33,224,107,171
65,21,197,39,29,208,207,94,102,61
65,22,234,196,198,79,185,8,250,130
65,23,20,111,107,128,160,206,3,12
65,24,15,1,39,74,63,26,252,67
65,25,134,147,154,43,28,113,32,66
65,26,137,52,51,231,167,106,67,124
65,27,65,58,181,162,233,54,177,81
65,28,170,80,96,5,26,250,0,31
65,29,20,172,35,230,166,238,142,242
65,30,148,192,13,187,177,204,251,232
65,31,130,228,30,226,137,33,108,124
65,32,99,113,254,77,185,238,178,237
65,33,190,232,41,104,81,28,49,143
65,34,88,161,220,97,67,21,62,252
65,35,74,61,39,167,2,218,76,3
65,36,207,248,49,152,202,246,203,211
65,37,135,60,48,161,27,15,21,67
65,38,30,80,71,9,234,97,84,94
65,39,72,250,244,92,183,69,203,36
66,0,66,106,172,92,188,6,121,186
66,1,250,191,189,112,223,128,86,73
66,2,121,87,198,22,110,158,107,242
66,3,202,177,92,30,25,218,228,188
66,4,154,8,139,118,239,192,160,105
66,5,158,114,2,194,236,10,151,61
66,6,79,3,16,114,196,157,56,92
66,7,91,76,44,171,35,2,14,79
66,8,56,35,180,212,52,164,159,4
66,9,178,197,47,98,19,120,5,73
66,10,234,171,163,253,196,9,187,161
66,11,3,142,111,130,116,195,107,18
66,12,67,193,128,39,138,81,191,15
66,13,154,113,200,28,219,100,74,99
66,14,52,38,167,51,93,231,131,60
66,15,103,110,120,162,58,148,206,121
66,16,179,32,96,170,205,150,80,185
66,17,15,89,35,211,229,236,155,124
66,18,13,115,6,191,161,148,192,177
66,19,4,228,137,195,124,30,70,75
66,20,224,151,171,41,4,212,180,35
66,21,178,61,207,251,197,120,5,243
66,22,253,163,116,8,234,196,9,218
66,23,142,130,111,18,56,195,107,20
66,24,67,15,1,207,138,39,81,125
66,25,113,228,219,29,28,200,154,109
66,26,67,138,52,38,51,180,231,189
66,27,110,103,100,206,121,58,177,120
66,28,179,170,73,185,119,26,78,54
66,29,236,211,28,89,155,218,187,229
66,30,6,191,117,106,148,204,240,192
66,31,137,14,233,67,51,124,33,226
66,32,17,194,162,178,206,89,195,59
66,33,23,81,97,94,214,40,117,37
66,34,255,212,19,177,187,12,141,58
66,35,49,167,212,76,202,229,130,137
66,36,234,98,158,235,0,7,8,34
66,37,229,64,105,180,84,175,92,36
66,38,139,254,182,35,222,161,98,159
66,39,165,173,127,170,72,224,81,109
67,0,228,102,93,14,194,21,210,117
67,1,195,2,209,16,230,183,96,94
67,2,81,144,115,172,1,142,5,189
67,3,17,114,195,170,68,28,85,239
67,4,8,119,123,105,139,154,20,228
67,5,114,158,194,2,153,61,32,183
67,6,16,79,157,124,56,90,3,177
67,7,199,171,132,76,253,111,79,185
67,8,224,35,112,151,171,175,107,98
67,9,61,178,166,243,19,120,81,207
67,10,116,8,163,165,66,205,234,134
67,11,111,42,134,60,130,56,18,204
67,12,116,42,163,207,250,39,146,67
67,13,212,228,151,166,158,250,109,200
67,14,189,67,252,138,73,139,44,96
67,15,206,103,12,169,110,238,149,145
67,16,72,67,234,112,169,179,146,232
67,17,60,152,28,89,117,204,142,211
67,18,141,108,117,91,143,65,209,138
67,19,67,137,59,25,124,212,99,118
67,20,224,151,171,41,165,6,145,34
67,21,207,251,243,146,61,206,178,193
67,22,116,8,205,194,156,250,232,163
67,23,134,56,141,80,111,60,242,204
67,24,42,207,116,125,79,163,67,13
67,25,228,212,95,151,174,208,126,250
67,26,189,78,67,252,138,84,73,45
67,27,206,103,100,182,121,110,177,240
67,28,72,179,146,20,130,165,149,73
67,29,28,152,204,236,155,89,60,211
67,30,117,6,122,191,221,91,240,118
67,31,67,137,233,14,124,248,70,33
67,32,17,194,89,206,101,47,178,59
67,33,81,23,214,94,40,117,105,245
67,34,187,54,141,19,177,107,181,58
67,35,167,253,229,76,202,212,14,7
67,36,158,0,8,253,198,50,239,235
67,37,64,21,164,105,90,229,103,227
67,38,22,94,79,86,127,128,136,84
67,39,16,145,34,62,68,116,130,242
68,0,181,82,107,251,39,99,221,83
68,1,119,89,237,9,220,234,166,168
68,2,5,81,115,144,142,56,99,215
68,3,194,65,121,114,150,158,105,169
68,4,21,120,224,146,89,227,154,66
68,5,174,114,158,194,68,153,206,183
68,6,56,89,243,49,16,194,177,110
68,7,195,76,171,255,132,35,253,199
68,8,68,224,173,56,80,77,51,98
68,9,197,120,5,61,155,251,243,104
68,10,68,234,187,171,196,178,59,10
68,11,64,111,207,106,130,3,56,181
68,12,193,207,163,39,81,210,18,192
68,13,230,164,219,212,113,28,100,154
68,14,189,52,67,40,252,138,231,139
68,15,110,103,206,48,238,217,233,120
68,16,67,179,150,185,80,96,72,73
68,17,26,60,89,211,117,170,28,152
68,18,55,13,141,91,191,108,115,117
68,19,237,67,59,137,84,124,226,4
68,20,224,151,171,133,23,71,145,98
68,21,251,207,61,146,206,243,84,131
68,22,68,116,205,194,8,232,253,156
68,23,64,141,56,134,111,242,60,107
68,24,207,42,125,67,163,1,135,79
68,25,228,164,212,174,250,95,102,166
68,26,189,78,252,67,138,231,84,194
68,27,206,110,100,103,116,121,142,182
68,28,179,20,73,146,130,185,72,149
68,29,26,28,152,101,89,204,165,117
68,30,55,122,117,191,204,240,106,221
68,31,67,237,137,14,233,124,33,212
68,32,224,101,197,206,178,151,59,47
68,33,179,201,81,156,40,220,245,117
68,34,217,49,213,181,58,141,107,247
68,35,167,224,229,253,76,202,212,14
68,36,158,255,24,198,239,50,235,23
68,37,64,50,21,229,103,89,124,227
68,38,128,146,79,94,86,127,84,212
68,39,85,13,177,34,62,242,70,116
69,0,88,61,109,135,108,160,24,241
69,1,192,140,181,146,11,152,233,70
69,2,36,8,115,5,221,77,43,158
69,3,226,106,199,29,110,236,211,12
69,4,240,133,171,129,96,154,243,160
69,5,47,46,158,153,254,182,245,120
69,6,255,122,243,100,177,182,79,186
69,7,14,199,117,76,255,171,35,185
69,8,56,115,180,35,224,80,116,171
69,9,180,69,197,98,255,119,61,124
69,10,88,8,234,187,125,194,241,171
69,11,39,99,111,56,242,9,188,106
69,12,85,207,128,151,163,125,81,39
69,13,230,112,103,204,219,28,113,100
69,14,139,189,167,231,138,52,252,67
69,15,36,110,206,103,46,121,91,166
69,16,61,96,67,179,185,228,26,232
69,17,28,26,60,117,170,152,204,89
69,18,55,170,122,141,191,209,117,65
69,19,67,237,137,59,124,166,118,84
69,20,224,151,171,145,165,34,133,71
69,21,69,180,207,146,251,61,243,241
69,22,194,116,8,88,232,77,205,250
69,23,39,99,111,134,56,188,242,141
69,24,207,42,13,151,251,125,39,15
69,25,228,112,212,204,250,7,208,174
69,26,189,67,252,78,84,66,139,138
69,27,206,166,100,121,182,188,103,46
69,28,61,146,165,31,72,130,228,20
69,29,28,204,142,152,60,69,102,89
69,30,117,170,122,55,80,59,191,5
69,31,67,137,166,61,237,248,195,14
69,32,101,60,158,151,59,47,178,64
69,33,81,220,229,33,72,201,245,179
69,34,82,181,29,49,34,217,116,247
69,35,167,229,253,76,202,93,14,224
69,36,158,50,198,235,23,74,155,188
69,37,21,64,89,104,124,32,227,103
69,38,128,27,248,94,127,212,205,99
69,39,63,110,243,12,70,242,78,58
70,0,120,191,148,254,16,72,236,75
70,1,167,251,71,1,3,236,100,191
70,2,228,223,187,221,216,170,139,148
70,3,108,154,16,196,25,249,56,159
70,4,121,216,243,70,28,160,158,134
70,5,163,153,165,0,52,22,40,164
70,6,159,102,185,177,171,26,151,226
70,7,182,111,132,30,154,171,96,208
70,8,224,98,151,133,225,41,74,220
70,9,251,32,243,20,166,1,81,3
70,10,116,109,156,233,20,8,250,77
70,11,134,71,141,60,97,146,237,56
70,12,50,47,116,42,39,163,244,9
70,13,151,228,0,212,20,174,109,208
70,14,189,44,67,144,139,84,138,66
70,15,12,206,146,6,188,238,145,250
70,16,10,234,56,230,82,165,59,107
70,17,54,4,28,170,152,10,142,9
70,18,141,32,108,143,209,117,130,116
70,19,99,137,67,37,48,60,124,118
70,20,224,151,41,171,172,47,225,238
70,21,146,207,251,61,122,32,243,87
70,22,109,20,116,77,8,194,250,205
70,23,134,135,56,146,99,118,141,71
70,24,50,47,207,42,158,163,13,251
70,25,228,212,0,20,118,230,208,203
70,26,144,189,78,67,66,252,84,138
70,27,12,206,18,188,100,121,190,182
70,28,10,234,105,146,59,56,107,228
70,29,126,54,171,170,28,152,4,165
70,30,18,117,32,141,209,116,143,66
70,31,55,99,67,15,47,157,137,212
70,32,58,151,202,19,120,248,78,101
70,33,176,81,47,229,245,4,108,180
70,34,15,249,80,181,166,247,37,158
70,35,106,14,253,229,167,202,93,104
70,36,158,21,50,235,228,23,198,188
70,37,244,64,214,89,21,156,181,103
70,38,43,242,195,52,252,128,177,204
70,39,37,173,112,192,5,237,35,77
71,0,50,241,240,54,79,170,220,198
71,1,251,3,198,71,228,186,100,51
71,2,136,42,148,187,216,37,178,170
71,3,163,216,154,108,196,159,65,243
71,4,206,121,175,216,42,158,70,28
71,5,64,77,163,56,22,164,0,153
71,6,195,185,102,113,173,249,159,26
71,7,166,132,111,182,171,154,30,126
71,8,224,172,98,151,41,0,74,121
71,9,32,251,221,20,243,214,58,1
71,10,176,116,20,229,146,233,77,162
71,11,237,134,71,141,60,33,146,37
71,12,23,50,158,42,116,165,163,186
71,13,194,0,126,151,228,199,212,109
71,14,189,44,17,67,73,139,113,165
71,15,6,12,250,146,54,192,122,238
71,16,234,114,82,146,56,169,112,59
71,17,9,54,152,144,60,28,204,4
71,18,141,108,209,116,195,143,35,32
71,19,37,239,219,48,47,248,99,137
71,20,172,224,41,151,50,116,194,165
71,21,32,146,243,251,122,207,166,209
71,22,77,20,229,116,8,102,137,194
71,23,134,71,237,37,56,221,174,141
71,24,158,50,42,251,9,207,166,163
71,25,0,194,228,212,101,126,174,230
71,26,17,189,67,78,84,139,252,40
71,27,6,12,206,100,18,182,122,55
71,28,234,146,56,114,59,82,112,72
71,29,9,152,54,28,170,60,19,165
71,30,116,117,66,55,143,108,191,93
71,31,137,47,67,49,157,239,212,37
71,32,235,143,57,14,78,26,19,151
71,33,81,47,229,167,162,203,133,245
71,34,141,18,94,128,15,247,11,185
71,35,167,229,202,76,101,14,58,253
71,36,158,23,198,138,44,50,129,188
71,37,64,21,229,162,227,89,100,14
71,38,242,79,128,94,84,127,250,34
71,39,219,77,44,197,242,99,70,189
72,0,179,145,91,79,130,197,213,48
72,1,139,64,0,123,87,216,59,11
72,2,40,111,175,88,25,164,37,148
72,3,59,37,211,196,142,129,80,199
72,4,131,241,240,129,181,15,170,151
72,5,163,46,153,56,120,244,0,165
72,6,255,102,185,56,243,26,177,25
72,7,199,132,171,253,185,182,111,154
72,8,224,151,34,165,41,171,56,98
72,9,69,61,251,243,20,166,81,146
72,10,8,137,116,20,77,146,156,234
72,11,174,134,56,111,106,71,99,141
72,12,50,160,163,119,125,97,116,207
72,13,126,219,0,151,228,174,28,101
72,14,44,138,189,167,252,146,67,235
72,15,12,110,177,206,220,245,181,95
72,16,73,114,185,82,72,152,150,179
72,17,60,94,220,54,124,170,89,10
72,18,55,209,108,143,115,116,191,161
72,19,48,137,124,37,67,241,47,117
72,20,151,224,171,41,238,56,220,246
72,21,69,61,251,131,207,146,243,0
72,22,137,116,8,20,77,194,40,146
72,23,174,56,71,37,141,107,146,134
72,24,50,166,119,15,128,251,81,55
72,25,0,230,219,113,101,169,19,126
72,26,138,78,146,67,231,60,40,252
72,27,12,23,110,206,100,121,26,80
72,28,82,179,56,73,228,20,219,53
72,29,19,28,60,54,220,165,89,117
72,30,116,117,191,151,66,55,204,209
72,31,67,137,166,14,247,47,226,124
72,32,235,14,57,101,151,59,26,254
72,33,126,81,47,162,203,103,4,56
72,34,94,141,18,11,169,185,195,91
72,35,167,229,58,202,76,79,101,244
72,36,158,23,2,129,198,44,203,134
72,37,64,21,227,162,229,89,14,105
72,38,128,79,135,94,84,242,127,34
72,39,219,77,242,78,62,116,44,37
73,0,35,58,27,101,166,108,48,79
73,1,26,11,139,123,132,0,216,239
73,2,40,111,164,175,59,210,130,149
73,3,211,106,37,146,226,199,29,39
73,4,14,240,65,129,167,242,118,160
73,5,120,161,103,235,153,46,175,163
73,6,255,102,56,51,246,149,177,109
73,7,2,199,255,182,185,132,30,192
73,8,224,56,115,180,151,35,171,80
73,9,241,180,61,98,251,42,0,131
73,10,137,77,20,8,88,194,116,201
73,11,174,39,20,99,56,107,7,167
73,12,251,160,163,97,3,207,166,50
73,13,178,29,112,230,157,219,20,245
73,14,138,45,66,203,189,44,6,105
73,15,36,12,206,155,110,188,245,238
73,16,96,137,73,154,164,114,20,67
73,17,94,60,54,220,170,124,10,4
73,18,170,148,209,122,191,108,220,141
73,19,67,118,130,37,55,124,137,241
73,20,224,151,41,171,225,165,102,238
73,21,180,241,146,243,122,61,251,166
73,22,77,194,88,137,8,123,229,116
73,23,39,200,174,20,141,56,134,242
73,24,251,42,13,67,207,9,125,163
73,25,228,178,112,174,208,212,151,203
73,26,189,66,78,67,242,84,8,251
73,27,206,155,188,166,182,70,122,100
73,28,146,96,67,236,87,165,114,64
73,29,152,28,94,60,30,232,69,220
73,30,117,170,122,85,35,141,30,193
73,31,67,248,137,186,130,212,113,14
73,32,60,101,64,99,158,254,59,151
73,33,33,81,220,190,55,245,72,203
73,34,82,161,97,29,34,247,116,181
73,35,167,229,58,202,24,76,253,35
73,36,158,198,203,23,50,207,155,77
73,37,64,21,104,227,89,55,75,115
73,38,128,27,151,248,205,34,127,94
73,39,45,63,110,243,78,12,206,190
74,0,124,199,191,151,147,66,175,16
74,1,251,167,3,28,71,100,191,14
74,2,188,187,223,216,87,170,79,193
74,3,108,196,154,197,56,251,163,159
74,4,121,158,175,206,70,129,28,160
74,5,163,153,52,164,0,22,177,165
74,6,185,168,227,195,159,102,26,171
74,7,171,111,132,182,239,26,167,96
74,8,224,151,61,69,110,171,165,34
74,9,243,11,166,146,251,58,47,32
74,10,232,8,109,116,117,146,233,222
74,11,134,231,145,3,59,141,225,251
74,12,42,47,116,13,39,181,9,207
74,13,228,151,174,212,178,199,203,125
74,14,189,67,139,44,84,73,179,138
74,15,206,250,13,178,54,122,94,146
74,16,56,230,169,31,253,195,82,162
74,17,28,142,204,19,244,8,187,96
74,18,141,68,117,35,103,15,143,5
74,19,67,30,228,248,247,113,224,137
74,20,224,151,47,171,165,41,172,159
74,21,146,207,243,84,47,32,11,156
74,22,232,194,109,8,146,116,165,60
74,23,134,231,237,40,99,217,3,225
74,24,42,13,58,47,207,50,158,9
74,25,228,178,203,194,0,211,20,212
74,26,189,139,67,84,196,66,252,110
74,27,206,122,6,18,178,121,70,217
74,28,146,234,165,166,59,233,134,215
74,29,28,96,152,4,69,25,30,142
74,30,141,117,209,161,30,35,193,143
74,31,67,157,247,137,248,212,49,83
74,32,101,19,12,64,248,15,162,59
74,33,81,13,72,176,162,203,245,180
74,34,249,80,5,15,195,181,191,121
74,35,136,167,191,185,229,58,106,202
74,36,158,26,203,37,92,125,23,21
74,37,126,64,55,214,196,21,244,227
74,38,87,242,120,173,128,52,47,132
74,39,31,129,251,45,99,173,219,224
75,0,198,209,239,240,93,69,116,52
75,1,251,3,100,71,95,195,97,202
75,2,150,188,161,223,142,216,87,233
75,3,87,36,163,243,159,108,196,155
75,4,121,175,158,178,206,51,192,160
75,5,163,81,77,71,164,251,177,165
75,6,82,168,144,185,102,159,26,171
75,7,111,171,132,120,239,26,182,167
75,8,224,151,98,220,121,69,74,41
75,9,243,32,58,20,81,11,166,47
75,10,232,116,146,8,81,165,233,207
75,11,134,231,3,141,145,59,225,60
75,12,42,116,39,13,181,50,186,59
75,13,228,151,212,174,125,219,203,226
75,14,189,67,44,139,73,84,165,167
75,15,250,206,146,54,122,94,13,145
75,16,169,56,234,31,230,82,146,195
75,17,28,142,204,19,230,96,8,244
75,18,141,117,15,68,35,143,135,211
75,19,67,44,30,228,247,248,59,96
75,20,224,151,172,41,165,194,171,220
75,21,146,243,32,207,84,166,47,214
75,22,232,194,111,250,60,233,77,245
75,23,134,237,231,217,225,40,56,99
75,24,42,58,13,50,158,9,23,207
75,25,228,194,178,203,20,212,0,174
75,26,189,139,67,84,17,252,66,251
75,27,206,6,122,79,62,182,18,70
75,28,146,234,165,215,59,57,233,56
75,29,96,28,30,152,4,69,9,225
75,30,141,117,116,35,30,219,191,143
75,31,67,157,247,137,236,83,186,248
75,32,162,101,12,19,64,15,57,59
75,33,81,203,56,162,133,72,245,219
75,34,195,5,48,181,191,73,121,29
75,35,167,185,229,58,202,76,24,253
75,36,158,125,203,37,26,23,198,44
75,37,126,64,55,21,130,227,58,20
75,38,242,173,128,92,94,84,189,52
75,39,129,31,99,219,44,173,189,167
76,0,135,79,230,108,133,11,75,61
76,1,162,139,232,123,174,246,10,16
76,2,252,40,161,130,136,38,207,142
76,3,188,87,58,199,146,236,83,159
76,4,129,14,121,240,67,158,65,110
76,5,235,0,56,9,210,120,163,33
76,6,51,185,102,197,106,255,129,246
76,7,132,171,44,111,182,244,28,187
76,8,224,33,165,151,247,41,88,132
76,9,132,180,146,166,22,11,243,109
76,10,194,232,8,137,70,248,193,87
76,11,36,174,99,134,14,200,191,7
76,12,207,119,42,58,160,242,181,9
76,13,178,33,203,104,20,228,174,100
76,14,147,189,139,252,138,114,66,44
76,15,240,206,91,192,177,122,157,250
76,16,169,156,26,146,31,134,215,57
76,17,28,110,60,94,204,187,232,30
76,18,128,117,141,143,65,52,220,110
76,19,67,12,248,124,120,113,137,30
76,20,224,41,151,165,171,33,34,102
76,21,146,132,243,207,180,166,61,214
76,22,194,232,77,71,8,76,219,116
76,23,36,134,96,200,167,249,40,38
76,24,58,42,13,207,9,251,195,102
76,25,228,178,203,104,174,33,212,64
76,26,189,67,139,84,66,251,147,78
76,27,206,240,122,182,121,238,55,192
76,28,146,156,165,57,112,169,134,166
76,29,28,152,110,30,142,204,25,95
76,30,141,117,128,193,35,30,5,68
76,31,67,137,248,212,113,12,61,30
76,32,101,149,64,238,59,158,162,15
76,33,81,203,41,180,13,122,245,55
76,34,34,97,29,161,116,15,251,120
76,35,167,58,229,76,202,24,35,253
76,36,158,198,203,2,110,23,148,15
76,37,64,55,130,21,58,115,227,92
76,38,173,128,92,242,84,94,189,62
76,39,113,189,2,173,45,190,198,120
77,0,188,163,144,191,217,186,207,62
77,1,186,14,198,167,179,240,171,153
77,2,150,76,92,61,16,193,157,86
77,3,243,188,154,23,87,36,216,21
77,4,158,121,203,94,70,175,178,152
77,5,0,81,56,164,33,165,52,9
77,6,82,185,200,19,102,197,195,159
77,7,132,111,171,126,26,239,24,92
77,8,224,151,171,88,98,165,161,220
77,9,221,32,58,243,20,251,134,3
77,10,232,116,245,233,250,8,207,146
77,11,134,231,223,136,153,225,59,44
77,12,116,186,42,39,50,115,80,181
77,13,199,228,151,212,174,109,140,208
77,14,189,73,67,139,44,165,84,171
77,15,146,206,145,149,250,122,182,55
77,16,234,169,230,168,56,31,112,146
77,17,28,204,142,152,244,9,19,58
77,18,108,141,117,35,53,143,15,68
77,19,67,44,248,25,23,212,249,224
77,20,224,151,171,41,172,165,194,71
77,21,207,146,32,243,166,137,67,87
77,22,232,250,245,194,102,146,207,233
77,23,136,134,225,237,231,223,10,217
77,24,158,50,242,42,115,119,102,9
77,25,228,0,203,178,174,194,95,212
77,26,189,171,73,84,252,67,139,196
77,27,206,146,122,62,182,189,79,6
77,28,146,234,57,59,215,169,233,236
77,29,28,94,119,9,170,30,60,69
77,30,108,116,117,35,30,99,143,66
77,31,67,49,23,249,248,137,157,241
77,32,162,19,64,101,12,151,59,78
77,33,81,203,181,251,47,56,4,162
77,34,141,195,18,94,189,120,185,181
77,35,24,167,58,202,229,76,253,9
77,36,158,198,138,23,125,110,134,203
77,37,100,64,21,101,175,204,80,227
77,38,242,254,128,94,180,84,81,176
77,39,40,219,224,193,44,129,198,235
78,0,91,51,145,179,79,249,9,197
78,1,139,64,87,59,216,123,11,75
78,2,88,114,128,40,175,38,34,164
78,3,59,146,211,142,37,124,179,46
78,4,131,241,240,170,230,15,151,191
78,5,235,186,46,120,103,207,6,163
78,6,51,185,255,54,102,173,8,209
78,7,132,199,171,182,28,68,154,218
78,8,224,151,89,171,165,34,102,0
78,9,69,61,127,228,146,166,243,22
78,10,8,137,77,116,232,194,130,113
78,11,174,134,107,14,111,56,99,136
78,12,50,119,207,160,116,42,125,128
78,13,228,174,151,28,219,109,199,95
78,14,44,189,67,138,139,84,252,167
78,15,177,206,91,3,94,146,13,250
78,16,72,31,195,165,82,26,20,224
78,17,60,28,94,8,204,187,142,124
78,18,65,117,141,55,57,151,143,35
78,19,48,249,67,137,59,124,117,135
78,20,151,224,41,194,171,165,88,246
78,21,69,146,22,207,166,87,243,143
78,22,137,8,116,77,250,194,20,31
78,23,56,174,134,54,107,111,71,141
78,24,50,128,166,119,15,207,42,160
78,25,0,230,228,19,212,101,174,169
78,26,138,78,67,189,252,40,146,84
78,27,12,23,206,100,110,116,121,240
78,28,82,56,20,179,228,146,59,138
78,29,19,28,152,165,60,89,101,187
78,30,117,151,66,55,116,191,141,204
78,31,137,14,247,67,157,60,124,33
78,32,14,57,235,101,59,162,151,206
78,33,81,126,47,162,203,103,56,4
78,34,141,11,18,94,177,185,15,247
78,35,167,202,229,101,244,253,214,76
78,36,158,48,44,129,2,103,198,50
78,37,64,162,21,14,57,103,227,20
78,38,79,127,94,84,242,128,34,212
78,39,77,116,62,30,219,242,130,34
79,0,199,13,231,62,174,58,163,237
79,1,123,68,80,149,236,141,4,14
79,2,40,207,111,3,250,42,66,158
79,3,251,159,36,196,182,132,39,154
79,4,121,148,44,158,70,152,178,53
79,5,115,120,153,183,93,0,40,236
79,6,161,185,243,100,102,209,49,196
79,7,199,132,253,182,171,28,192,185
79,8,224,151,171,41,220,165,34,136
79,9,61,5,207,127,166,98,146,131
79,10,8,137,116,178,242,9,232,234
79,11,85,174,220,111,134,59,201,248
79,12,160,128,119,210,3,116,238,97
79,13,219,28,154,74,174,113,100,95
79,14,138,146,44,131,252,52,235,51
79,15,110,220,181,206,177,91,238,121
79,16,190,185,150,193,32,73,26,179
79,17,60,21,229,124,94,89,220,187
79,18,151,250,13,115,161,17,191,130
79,19,137,124,4,252,117,241,85,14
79,20,224,151,171,56,115,4,246,180
79,21,61,207,131,98,197,122,87,13
79,22,137,116,8,216,242,234,196,253
79,23,174,85,220,56,107,201,59,111
79,24,128,15,119,160,81,11,50,1
79,25,113,19,101,219,97,230,28,55
79,26,138,231,146,52,40,60,137,131
79,27,100,26,110,206,249,54,187,135
79,28,193,82,190,170,196,219,121,179
79,29,21,88,229,94,60,61,211,62
79,30,63,250,204,191,232,17,148,106
79,31,14,137,151,241,252,183,228,33
79,32,179,18,254,125,76,123,77,28
79,33,11,95,162,68,139,104,133,132
79,34,240,5,44,67,72,220,94,195
79,35,74,148,191,190,167,39,185,17
79,36,142,115,49,248,227,202,39,220
79,37,27,16,175,15,78,250,64,229
79,38,80,119,169,94,254,215,255,127
79,39,244,183,231,72,158,75,92,122
80,0,229,196,249,105,123,216,7,104
80,1,225,231,155,27,150,11,244,93
80,2,109,103,210,164,90,158,4,59
80,3,133,235,187,37,152,199,84,176
80,4,102,236,142,154,13,222,108,54
80,5,158,104,186,193,236,151,205,161
80,6,79,196,56,157,167,153,243,177
80,7,199,23,29,14,185,171,76,147
80,8,56,224,234,180,89,35,116,83
80,9,29,94,197,203,164,61,207,13
80,10,196,169,234,130,198,8,171,63
80,11,189,111,107,174,128,42,3,108
80,12,128,74,26,63,39,160,220,3
80,13,154,43,219,28,147,134,66,93
80,14,52,51,167,189,124,137,252,231
80,15,162,181,81,206,165,200,87,220
80,16,5,170,73,150,196,233,80,51
80,17,250,60,87,89,115,166,35,76
80,18,204,179,13,226,197,57,192,161
80,19,109,20,130,4,26,117,205,59
80,20,234,56,116,239,115,83,52,224
80,21,164,29,197,207,94,203,13,208
80,22,169,198,234,196,130,79,250,116
80,23,111,189,128,107,206,134,12,54
80,24,74,220,26,63,15,1,128,160
80,25,147,134,43,130,37,182,154,95
80,26,137,52,51,124,148,252,20,86
80,27,165,181,162,58,200,81,87,172
80,28,43,133,134,80,111,170,227,106
80,29,87,76,250,20,0,35,106,60
80,30,226,179,134,43,192,13,197,166
80,31,20,4,26,109,205,75,63,36
80,32,98,90,178,181,112,252,237,192
80,33,184,127,43,126,86,183,83,144
80,34,26,84,1,85,96,207,133,113
80,35,84,57,42,112,160,72,204,203
80,36,20,83,221,70,161,59,45,75
80,37,65,72,182,88,138,13,226,73
80,38,209,103,91,166,176,254,173,99
80,39,238,162,168,149,193,228,2,247
81,0,132,158,177,235,115,47,81,141
81,1,182,155,233,93,146,244,11,250
81,2,43,121,123,10,93,57,103,145
81,3,117,119,133,37,190,199,187,235
81,4,54,236,142,102,154,222,95,127
81,5,158,193,90,43,188,127,65,47
81,6,79,138,153,196,60,22,182,143
81,7,14,117,229,23,147,29,78,185
81,8,77,239,56,234,224,173,180,116
81,9,239,2,164,255,191,8,197,36
81,10,169,65,185,247,198,125,196,243
81,11,108,206,128,160,189,107,62,111
81,12,93,74,220,128,223,145,221,15
81,13,154,182,134,66,202,147,93,89
81,14,137,148,167,52,32,51,64,189
81,15,165,200,58,162,87,242,181,148
81,16,43,133,51,60,252,80,28,5
81,17,15,250,35,87,76,0,89,211
81,18,13,43,161,134,226,179,34,197
81,19,20,116,109,205,195,121,167,183
81,20,56,116,239,4,224,234,77,191
81,21,197,255,164,191,2,239,161,243
81,22,176,125,196,150,243,185,65,169
81,23,9,128,160,206,189,111,86,150
81,24,151,93,74,235,252,220,192,85
81,25,154,134,147,182,212,32,93,6
81,26,137,51,88,103,10,148,52,86
81,27,87,58,165,181,162,242,200,4
81,28,150,134,43,182,111,106,80,238
81,29,0,87,124,76,250,15,20,153
81,30,226,163,195,43,134,13,179,161
81,31,20,116,109,26,205,75,4,154
81,32,252,119,90,112,181,178,53,150
81,33,184,16,43,93,83,129,92,210
81,34,85,26,133,1,82,186,231,132
81,35,174,84,42,72,57,160,135,108
81,36,221,83,45,20,73,70,222,192
81,37,182,88,138,72,104,229,58,38
81,38,209,27,151,148,64,92,42,168
81,39,154,38,217,110,162,243,69,188
82,0,41,238,173,43,89,24,30,140
82,1,182,155,146,93,233,140,244,11
82,2,121,49,20,60,43,217,11,167
82,3,117,199,113,119,233,25,130,38
82,4,54,154,58,5,235,165,88,45
82,5,158,188,43,127,110,65,90,88
82,6,138,79,65,68,60,143,122,22
82,7,117,229,23,145,78,184,35,147
82,8,116,239,173,77,56,180,104,99
82,9,197,2,255,59,239,8,164,191
82,10,157,125,196,65,185,247,198,88
82,11,108,39,206,128,111,181,107,62
82,12,220,93,151,199,74,104,193,128
82,13,134,154,182,103,32,6,147,112
82,14,52,137,51,167,148,106,32,125
82,15,162,46,165,58,181,87,4,242
82,16,43,205,170,252,133,80,51,75
82,17,15,5,87,20,0,250,76,35
82,18,226,192,204,13,161,170,197,43
82,19,167,109,20,195,26,116,30,4
82,20,56,239,116,115,52,4,63,185
82,21,191,197,2,164,255,239,208,155
82,22,196,157,125,234,65,198,150,243
82,23,128,111,206,39,239,86,189,107
82,24,220,93,15,151,74,199,54,39
82,25,134,182,6,154,103,32,66,147
82,26,52,137,51,86,10,167,106,148
82,27,46,162,181,165,172,58,87,200
82,28,43,170,111,80,106,51,252,133
82,29,5,87,0,20,158,153,76,46
82,30,226,192,170,13,163,43,16,34
82,31,167,63,109,30,116,26,20,226
82,32,178,119,90,181,223,206,252,240
82,33,74,83,16,93,129,81,43,40
82,34,116,1,186,85,141,21,26,82
82,35,42,97,167,84,214,229,244,224
82,36,70,22,83,129,74,239,198,181
82,37,21,182,58,88,57,145,64,105
82,38,148,92,84,79,94,151,189,212
82,39,2,189,38,78,242,217,69,213
83,0,206,238,168,255,181,95,200,246
83,1,137,234,224,16,147,119,148,172
83,2,217,1,153,41,106,233,49,171
83,3,12,216,204,255,119,41,229,117
83,4,58,184,150,195,154,87,20,97
83,5,163,153,120,137,165,22,79,52
83,6,159,26,102,34,209,185,148,238
83,7,171,132,111,158,140,185,26,182
83,8,224,72,98,133,151,220,74,110
83,9,20,207,127,243,137,254,229,251
83,10,116,176,165,217,232,146,156,134
83,11,42,225,60,134,44,223,10,204
83,12,116,39,186,143,250,161,17,108
83,13,93,212,45,151,176,14,165,228
83,14,189,67,204,54,165,202,44,198
83,15,114,149,166,50,14,147,206,169
83,16,72,117,112,250,253,74,116,130
83,17,152,38,89,230,1,28,142,204
83,18,175,91,139,135,138,117,193,141
83,19,212,61,22,30,33,226,59,88
83,20,224,71,133,151,23,98,72,181
83,21,207,137,251,172,188,1,229,255
83,22,160,156,116,165,217,134,56,207
83,23,80,223,60,10,225,63,143,141
83,24,250,39,17,53,13,186,58,116
83,25,212,93,252,112,248,45,66,89
83,26,189,67,202,73,194,165,90,253
83,27,166,114,50,182,108,204,206,98
83,28,74,72,112,228,47,116,130,73
83,29,152,38,150,89,219,144,28,142
83,30,175,138,117,245,139,141,240,193
83,31,212,61,22,143,202,201,33,226
83,32,33,216,47,220,136,151,74,117
83,33,192,180,72,81,82,200,189,220
83,34,16,181,37,246,185,83,123,33
83,35,14,93,104,167,253,186,89,142
83,36,50,87,158,214,194,74,110,78
83,37,163,64,124,32,89,238,21,134
83,38,103,120,144,27,254,177,159,148
83,39,42,162,227,136,134,156,41,76
84,0,252,238,25,205,95,42,147,43
84,1,224,16,234,250,140,147,146,19
84,2,253,60,106,49,167,11,217,95
84,3,117,121,119,199,118,41,191,131
84,4,54,154,58,195,250,165,235,88
84,5,188,158,90,43,65,127,198,205
84,6,138,79,14,65,196,157,22,143
84,7,23,117,176,147,229,78,142,76
84,8,56,116,239,35,104,180,52,77
84,9,197,98,2,255,169,8,104,36
84,10,157,173,122,185,196,139,88,39
84,11,111,72,39,181,108,120,42,14
84,12,220,249,199,191,128,54,39,251
84,13,154,138,112,134,211,28,182,176
84,14,86,52,167,51,137,252,189,10
84,15,166,162,181,165,172,46,146,206
84,16,43,170,205,51,26,24,252,181
84,17,5,158,166,142,60,87,204,28
84,18,226,204,192,197,170,161,117,5
84,19,167,109,4,59,30,226,205,51
84,20,239,224,171,151,4,116,56,35
84,21,2,207,191,146,203,61,113,243
84,22,157,173,236,207,232,196,165,8
84,23,111,39,72,239,14,17,128,109
84,24,220,43,93,207,54,39,15,12
84,25,112,6,228,211,134,154,151,212
84,26,86,52,67,252,73,137,139,189
84,27,166,172,181,162,46,165,121,206
84,28,43,24,111,253,116,31,72,47
84,29,5,142,158,204,28,17,1,213
84,30,226,117,80,170,192,5,71,197
84,31,167,226,137,33,30,113,109,228
84,32,223,178,158,206,159,220,90,194
84,33,74,81,231,83,28,220,40,129
84,34,241,1,21,116,141,252,19,34
84,35,167,229,253,202,93,61,235,218
84,36,70,158,98,50,248,129,83,23
84,37,58,64,21,62,227,32,57,103
84,38,92,148,127,84,94,166,7,74
84,39,189,238,78,242,38,231,95,50
85,0,209,104,206,95,43,30,147,105
85,1,155,47,146,70,11,197,181,118
85,2,43,52,97,20,253,167,106,49
85,3,117,226,233,119,236,199,118,162
85,4,144,20,154,5,193,87,54,79
85,5,220,188,229,158,230,90,32,111
85,6,65,14,157,254,79,43,55,176
85,7,132,171,176,199,140,185,111,70
85,8,224,35,239,151,41,98,56,165
85,9,203,243,81,166,207,20,146,88
85,10,122,121,240,157,76,207,81,116
85,11,111,42,134,239,98,181,187,145
85,12,220,116,39,186,42,207,250,17
85,13,151,228,112,212,174,176,166,120
85,14,189,67,73,139,252,86,52,84
85,15,146,120,145,250,206,166,169,227
85,16,24,72,169,181,253,116,195,146
85,17,204,142,244,17,158,5,152,28
85,18,117,135,53,73,204,141,175,226
85,19,59,228,96,30,88,25,129,248
85,20,224,151,41,184,171,34,35,71
85,21,146,243,227,81,207,105,137,166
85,22,236,250,245,207,91,232,122,86
85,23,134,80,111,17,95,225,217,42
85,24,220,42,186,12,43,207,116,250
85,25,228,212,151,211,174,112,250,7
85,26,189,73,84,67,86,252,165,61
85,27,206,120,182,145,250,146,50,122
85,28,24,116,146,253,211,72,145,31
85,29,28,158,142,204,5,17,152,230
85,30,117,80,226,5,135,170,59,71
85,31,226,25,167,30,120,137,59,233
85,32,223,158,194,220,64,159,178,206
85,33,81,74,190,72,245,28,220,41
85,34,116,34,1,246,141,21,19,97
85,35,167,229,253,14,93,214,202,67
85,36,158,50,70,129,239,23,242,198
85,37,64,58,21,147,57,103,22,227
85,38,92,148,127,79,84,118,94,74
85,39,189,2,38,78,242,70,69,213
86,0,107,32,181,82,83,99,106,251
86,1,132,124,45,170,128,243,19,249
86,2,60,253,49,188,255,218,106,11
86,3,119,131,240,219,189,117,169,4
86,4,79,154,88,54,165,195,74,242
86,5,174,188,198,147,153,120,46,183
86,6,156,149,14,208,79,7,77,217
86,7,199,171,132,54,76,111,185,28
86,8,56,224,151,125,116,68,171,115
86,9,197,5,156,98,61,120,151,207
86,10,122,68,157,171,234,63,194,205
86,11,64,111,181,27,14,239,130,224
86,12,191,220,16,207,116,39,154,199
86,13,164,230,228,211,154,28,151,109
86,14,52,252,189,139,67,167,73,86
86,15,206,162,110,142,121,122,146,181
86,16,20,24,31,181,170,72,205,179
86,17,158,204,26,60,166,28,142,187
86,18,226,55,117,192,204,91,159,135
86,19,4,237,59,252,25,228,117,137
86,20,224,151,184,41,34,171,165,102
86,21,243,146,5,166,81,61,231,156
86,22,157,68,122,234,232,205,81,236
86,23,64,111,239,27,14,17,60,134
86,24,191,42,207,250,220,39,116,80
86,25,164,228,6,166,151,138,145,7
86,26,52,252,67,84,73,194,251,189
86,27,110,206,182,142,116,233,101,177
86,28,20,72,31,24,26,170,145,14
86,29,26,158,28,204,60,101,187,142
86,30,55,226,192,117,91,159,139,221
86,31,237,14,33,137,226,25,113,59
86,32,224,178,206,197,47,42,101,199
86,33,201,74,179,156,81,40,12,245
86,34,49,217,213,141,196,149,239,188
86,35,224,244,214,167,229,253,210,212
86,36,24,129,255,239,158,57,34,74
86,37,50,58,14,64,147,57,21,227
86,38,146,92,79,127,94,84,59,118
86,39,189,85,242,78,2,70,213,177
87,0,29,109,24,41,86,191,72,231
87,1,236,22,226,211,52,95,245,118
87,2,221,77,253,49,5,60,139,193
87,3,177,202,199,167,30,218,207,58
87,4,243,154,149,54,121,70,192,132
87,5,115,213,153,2,183,198,52,0
87,6,14,149,157,156,79,100,25,102
87,7,32,199,132,76,28,171,79,218
87,8,246,56,224,220,171,157,116,125
87,9,5,98,197,120,61,207,87,166
87,10,122,17,171,157,8,205,232,63
87,11,111,209,239,181,14,85,15,27
87,12,191,166,207,220,128,116,1,16
87,13,28,154,230,219,113,228,20,29
87,14,52,252,167,139,84,138,67,88
87,15,162,116,181,110,206,91,121,233
87,16,20,170,205,181,138,24,80,51
87,17,158,60,166,101,78,204,15,142
87,18,226,130,192,204,161,205,159,91
87,19,4,252,26,59,237,137,117,99
87,20,224,171,157,151,4,41,52,102
87,21,151,5,197,120,61,207,87,146
87,22,122,157,17,234,205,63,8,232
87,23,111,209,14,239,107,195,27,93
87,24,191,207,15,166,220,210,39,138
87,25,6,230,228,168,155,154,32,208
87,26,52,252,137,67,167,204,139,114
87,27,116,233,110,162,181,206,177,182
87,28,20,201,138,170,31,72,26,111
87,29,158,28,78,101,187,204,60,20
87,30,130,226,192,237,117,55,91,221
87,31,14,237,33,137,226,113,25,247
87,32,178,206,19,197,14,75,157,47
87,33,74,5,103,161,81,18,40,59
87,34,11,227,94,213,141,18,191,87
87,35,244,214,167,229,253,202,76,77
87,36,129,48,24,158,239,74,251,206
87,37,14,58,147,57,162,21,64,227
87,38,79,92,124,84,127,94,250,189
87,39,189,242,77,78,2,213,70,44
88,0,70,199,231,174,62,192,28,134
88,1,245,236,23,49,193,17,14,80
88,2,21,3,43,83,71,97,253,228
88,3,213,251,197,199,243,16,66,207
88,4,44,70,121,158,243,152,154,221
88,5,81,153,115,52,23,93,163,98
88,6,25,185,102,161,149,14,159,157
88,7,171,132,246,185,26,32,28,227
88,8,224,246,151,132,85,171,220,161
88,9,207,61,5,166,146,81,87,1
88,10,250,122,232,242,31,8,205,134
88,11,111,59,54,85,134,15,220,222
88,12,207,116,42,10,80,157,210,220
88,13,151,228,212,174,109,208,28,230
88,14,73,22,189,139,252,67,84,165
88,15,146,206,145,170,177,182,250,122
88,16,190,24,72,20,191,31,169,168
88,17,158,204,28,244,60,142,58,216
88,18,209,204,77,250,117,91,226,130
88,19,60,59,115,25,117,85,212,236
88,20,224,171,151,41,246,53,34,148
88,21,207,146,22,87,98,166,61,143
88,22,122,250,242,157,234,194,216,232
88,23,111,59,220,14,54,85,222,2
88,24,220,210,50,207,116,11,15,128
88,25,101,19,230,37,228,208,0,155
88,26,52,252,86,67,137,231,84,139
88,27,177,146,162,28,206,100,181,110
88,28,190,111,170,24,31,26,72,193
88,29,158,21,19,28,204,60,88,142
88,30,197,226,250,192,63,204,77,117
88,31,67,137,14,54,252,30,4,151
88,32,109,19,254,123,76,101,247,47
88,33,74,198,139,81,102,95,56,250
88,34,191,1,195,94,72,240,247,239
88,35,229,167,97,202,14,253,76,93
88,36,158,23,78,188,198,235,134,26
88,37,64,163,58,21,103,227,229,29
88,38,92,0,128,94,84,102,127,252
88,39,189,129,44,78,58,63,159,70
89,0,35,101,11,79,197,242,9,108
89,1,155,62,123,97,75,146,27,11
89,2,90,43,210,253,164,158,200,97
89,3,211,37,226,199,236,146,117,176
89,4,54,105,154,15,102,142,165,129
89,5,236,188,198,142,46,153,44,158
89,6,14,156,157,79,182,196,149,42
89,7,199,23,2,171,79,76,185,28
89,8,35,56,239,116,247,212,115,180
89,9,180,197,98,203,207,22,85,13
89,10,122,157,88,171,63,194,8,31
89,11,111,14,20,42,39,85,54,17
89,12,220,128,116,191,15,81,3,56
89,13,29,28,112,154,211,219,113,15
89,14,52,252,139,86,22,88,167,73
89,15,36,162,146,181,172,206,122,46
89,16,20,96,179,24,26,181,170,31
89,17,158,204,166,60,28,142,244,187
89,18,148,204,170,226,91,77,209,117
89,19,59,130,4,51,25,212,236,117
89,20,224,151,41,35,171,34,239,165
89,21,180,146,207,87,166,22,120,243
89,22,194,122,232,250,88,157,236,8
89,23,111,39,14,20,134,217,54,2
89,24,207,67,42,220,135,80,43,15
89,25,228,112,174,212,204,7,109,37
89,26,189,252,139,67,84,73,52,86
89,27,166,206,177,172,142,65,146,122
89,28,146,96,31,24,116,191,171,112
89,29,28,204,158,142,152,102,69,244
89,30,117,170,59,30,5,226,122,35
89,31,67,212,137,25,130,248,61,236
89,32,101,158,99,149,178,98,64,194
89,33,81,220,190,126,74,72,245,13
89,34,116,29,34,161,1,247,19,97
89,35,229,167,93,253,14,79,76,202
89,36,158,198,50,70,23,134,207,78
89,37,64,163,21,227,58,103,145,22
89,38,128,92,148,127,205,189,94,79
89,39,2,189,38,78,248,63,69,70
90,0,124,199,20,211,92,76,188,31
90,1,153,245,167,113,191,49,14,170
90,2,188,193,139,60,187,3,216,79
90,3,197,154,243,251,201,159,108,23
90,4,121,175,158,239,152,70,60,134
90,5,81,163,2,164,52,165,251,0
90,6,168,185,82,25,200,115,159,102
90,7,171,167,132,111,239,246,26,28
90,8,224,184,159,151,98,133,72,194
90,9,243,20,47,58,166,63,32,11
90,10,232,8,116,250,91,242,122,234
90,11,134,231,3,59,218,225,223,221
90,12,13,39,116,186,42,50,38,181
90,13,228,151,212,174,219,176,199,14
90,14,189,73,67,139,84,165,58,44
90,15,146,149,250,145,6,238,122,55
90,16,56,234,169,112,88,146,254,31
90,17,204,142,152,28,19,230,244,20
90,18,141,15,117,35,135,68,53,211
90,19,99,212,248,224,67,228,30,25
90,20,224,41,151,172,194,165,171,159
90,21,146,243,32,47,207,84,137,227
90,22,245,232,122,250,194,111,109,146
90,23,134,221,99,225,231,217,3,59
90,24,50,42,158,13,210,9,55,195
90,25,228,0,211,194,212,151,174,20
90,26,189,84,252,73,67,139,196,251
90,27,18,122,206,6,182,28,146,250
90,28,146,56,234,88,168,254,24,212
90,29,28,142,204,225,158,152,244,69
90,30,117,59,209,141,116,35,30,99
90,31,25,248,157,67,236,60,114,212
90,32,101,19,85,57,64,5,59,220
90,33,81,162,189,56,74,139,72,245
90,34,191,249,195,29,121,143,181,69
90,35,185,229,202,191,167,53,44,14
90,36,158,125,37,26,92,50,203,23
90,37,126,64,196,58,113,21,163,227
90,38,132,52,242,92,168,46,243,128
90,39,31,129,189,99,44,75,242,197
91,0,79,135,230,108,83,59,75,30
91,1,123,62,232,152,162,75,70,128
91,2,164,40,88,90,251,207,158,37
91,3,87,146,199,236,58,83,126,211
91,4,129,67,240,121,30,247,158,14
91,5,33,0,9,58,139,198,210,146
91,6,197,2,43,156,31,178,14,174
91,7,171,28,133,239,111,132,185,26
91,8,33,213,88,201,224,132,85,165
91,9,180,132,109,146,240,207,166,6
91,10,232,122,250,31,248,8,245,7
91,11,36,99,14,2,111,17,39,167
91,12,160,207,42,116,12,181,10,242
91,13,33,104,112,228,174,15,29,151
91,14,73,139,147,252,189,84,114,67
91,15,146,250,145,192,206,166,99,122
91,16,156,31,24,169,26,78,179,168
91,17,204,28,110,46,142,244,158,57
91,18,128,15,117,53,73,68,32,135
91,19,12,248,25,99,120,208,52,236
91,20,224,41,151,171,194,165,246,33
91,21,146,132,180,126,207,243,166,143
91,22,194,232,245,248,250,122,111,121
91,23,36,134,223,95,111,221,167,14
91,24,13,42,207,9,195,242,58,39
91,25,228,104,212,33,174,151,15,7
91,26,189,84,73,147,252,139,67,251
91,27,206,122,182,145,166,46,170,192
91,28,146,168,156,192,255,151,24,112
91,29,28,152,204,69,142,57,46,244
91,30,117,193,128,59,32,35,5,141
91,31,248,12,25,212,120,50,32,221
91,32,149,64,101,158,238,220,59,241
91,33,72,81,41,219,13,245,220,74
91,34,34,29,116,42,97,91,161,33
91,35,14,229,167,253,93,53,202,214
91,36,158,50,23,15,2,203,78,198
91,37,64,163,58,115,21,52,227,59
91,38,128,92,104,239,175,189,151,166
91,39,189,2,242,206,88,190,106,70
92,0,124,211,222,199,151,162,192,76
92,1,245,186,14,179,167,191,173,240
92,2,251,123,61,13,120,108,76,173
92,3,188,236,243,197,66,148,22,132
92,4,203,158,121,213,195,70,175,178
92,5,81,33,236,0,164,183,52,2
92,6,206,200,185,82,91,197,159,178
92,7,171,132,167,111,239,26,28,24
92,8,224,151,98,171,69,88,246,85
92,9,243,20,58,221,32,134,166,3
92,10,232,245,242,250,233,116,172,207
92,11,223,218,134,59,231,121,44,225
92,12,116,186,42,39,157,13,207,115
92,13,199,212,151,228,15,174,140,176
92,14,189,73,67,165,171,139,84,252
92,15,146,149,145,50,206,28,170,14
92,16,169,234,168,112,146,56,209,254
92,17,152,204,28,142,244,58,22,69
92,18,108,117,146,152,250,175,141,15
92,19,212,25,23,114,248,224,67,236
92,20,224,151,41,172,71,171,72,145
92,21,207,243,32,146,137,1,58,214
92,22,245,232,121,249,122,102,172,250
92,23,221,223,132,134,225,136,40,10
92,24,158,50,13,42,58,242,186,250
92,25,212,194,0,228,95,174,158,199
92,26,189,73,252,171,84,67,165,139
92,27,189,149,206,6,122,146,97,50
92,28,146,112,234,168,254,236,255,212
92,29,28,152,204,219,96,25,142,9
92,30,117,108,99,193,129,59,68,175
92,31,23,212,25,114,105,249,61,195
92,32,64,19,85,101,32,123,143,30
92,33,56,72,81,245,162,13,74,139
92,34,191,195,29,121,251,34,120,107
92,35,167,53,14,202,229,76,93,253
92,36,158,23,78,110,203,50,15,129
92,37,64,58,103,163,227,98,126,55
92,38,92,239,128,46,196,250,84,252
92,39,31,129,189,78,178,159,148,67
93,0,79,230,135,59,83,30,108,213
93,1,75,139,62,123,152,128,162,232
93,2,88,38,19,209,222,252,158,37
93,3,146,87,83,137,183,181,255,27
93,4,67,244,129,14,181,240,201,203
93,5,224,235,0,9,33,214,198,192
93,6,197,54,2,178,91,156,174,31
93,7,171,133,176,28,26,239,132,111
93,8,33,224,88,216,151,114,85,213
93,9,132,180,126,166,109,146,207,6
93,10,122,232,245,248,250,74,64,194
93,11,36,136,2,111,14,134,167,74
93,12,207,242,42,116,10,248,80,160
93,13,104,33,15,228,174,151,7,208
93,14,147,189,73,139,165,84,252,50
93,15,146,189,206,145,250,192,170,122
93,16,156,168,169,191,151,31,146,24
93,17,204,110,28,244,142,57,58,152
93,18,128,117,15,32,53,175,73,68
93,19,12,23,25,212,236,224,120,248
93,20,224,151,41,33,171,81,174,34
93,21,243,132,146,207,166,1,81,126
93,22,121,250,248,134,194,232,245,64
93,23,36,132,221,134,140,223,95,225
93,24,13,144,186,250,42,58,79,127
93,25,212,33,104,228,174,15,151,166
93,26,189,73,84,165,147,251,67,252
93,27,206,189,182,145,55,50,173,46
93,28,156,168,112,203,146,255,24,160
93,29,152,204,28,57,142,38,110,69
93,30,117,128,193,59,175,32,92,35
93,31,212,25,12,23,120,195,236,61
93,32,64,149,158,101,238,241,132,31
93,33,72,41,81,180,50,74,245,219
93,34,34,116,97,29,161,16,251,88
93,35,14,167,214,93,53,229,202,76
93,36,158,50,23,78,2,239,70,188
93,37,64,58,103,213,52,22,163,55
93,38,92,127,189,175,79,128,148,239
93,39,189,2,78,242,146,70,103,38
94,0,124,222,155,199,4,62,211,161
94,1,208,60,97,191,153,95,14,245
94,2,61,76,209,193,113,19,3,188
94,3,243,22,182,197,4,87,66,201
94,4,121,158,203,70,194,213,29,9
94,5,2,164,33,0,159,236,115,52
94,6,82,185,19,84,178,43,91,2
94,7,171,132,26,167,111,239,28,142
94,8,224,184,151,159,72,98,74,88
94,9,58,221,166,20,243,32,130,1
94,10,232,81,245,233,189,250,91,116
94,11,145,134,3,223,59,218,44,225
94,12,186,116,39,42,207,181,80,115
94,13,151,228,15,212,174,176,166,109
94,14,189,73,165,139,84,67,252,162
94,15,206,146,50,149,14,145,122,170
94,16,168,56,169,116,146,112,31,234
94,17,204,28,152,96,244,22,58,142
94,18,141,117,135,108,250,175,53,129
94,19,231,212,228,25,224,88,85,236
94,20,224,151,159,184,41,171,71,246
94,21,243,166,1,146,81,32,207,114
94,22,122,81,111,219,232,135,194,233
94,23,136,10,134,95,59,132,225,3
94,24,50,242,144,158,115,205,250,42
94,25,0,228,212,101,194,174,166,252
94,26,73,171,165,84,50,189,252,139
94,27,206,146,189,28,97,122,55,145
94,28,168,146,236,234,212,82,255,254
94,29,119,158,204,28,94,142,215,151
94,30,117,99,197,108,5,250,116,129
94,31,23,49,25,249,148,157,95,4
94,32,146,19,12,125,123,161,254,40
94,33,75,56,203,133,74,81,28,162
94,34,191,1,195,121,5,169,177,108
94,35,229,46,202,97,14,53,210,58
94,36,158,93,171,19,120,3,4,29
94,37,101,65,25,58,16,64,194,175
94,38,242,209,92,196,35,61,158,191
94,39,129,31,163,189,235,178,11,103
95,0,182,237,208,235,81,79,141,192
95,1,182,155,62,146,140,70,152,11
95,2,109,210,59,17,164,88,123,38
95,3,37,235,230,26,199,117,187,233
95,4,15,102,54,142,222,154,95,87
95,5,90,186,188,43,235,135,65,198
95,6,14,156,54,138,196,79,167,43
95,7,199,23,117,64,171,185,147,76
95,8,239,56,35,116,180,77,247,83
95,9,203,197,191,116,2,13,94,29
95,10,198,122,157,169,216,196,130,185
95,11,111,174,42,108,128,107,14,239
95,12,220,160,93,128,74,26,1,242
95,13,134,29,154,43,28,222,174,147
95,14,86,51,252,124,52,139,137,22
95,15,162,177,172,181,146,122,206,81
95,16,5,170,43,196,24,111,26,168
95,17,250,158,166,60,87,61,28,0
95,18,197,57,204,226,161,170,205,163
95,19,4,205,109,116,252,20,117,130
95,20,239,56,4,115,116,83,52,194
95,21,203,191,116,207,13,2,197,208
95,22,198,157,169,196,236,250,8,34
95,23,189,111,42,107,174,128,62,206
95,24,74,220,160,15,93,26,63,81
95,25,134,147,43,29,6,182,107,197
95,26,86,52,51,137,124,252,231,67
95,27,181,162,172,165,110,100,206,58
95,28,5,43,170,31,95,24,111,188
95,29,250,87,60,229,5,0,204,132
95,30,197,179,205,187,16,170,163,226
95,31,109,205,4,116,151,252,43,137
95,32,119,90,77,186,96,254,134,98
95,33,93,238,183,86,81,232,28,126
95,34,82,207,96,101,180,1,84,149
95,35,160,57,167,153,145,89,218,76
95,36,181,98,70,248,158,119,120,74
95,37,31,104,58,64,93,182,190,21
95,38,148,71,27,92,94,212,84,118
95,39,69,38,110,243,12,154,217,78
96,0,107,181,82,83,57,106,236,245
96,1,242,132,124,19,128,103,86,73
96,2,188,255,217,60,11,238,80,49
96,3,219,92,131,119,186,4,169,240
96,4,79,88,242,254,54,255,247,74
96,5,147,174,159,160,161,97,11,68
96,6,208,183,164,14,149,65,68,89
96,7,199,195,101,109,54,3,203,111
96,8,56,35,125,224,173,120,142,151
96,9,151,217,197,93,156,13,98,85
96,10,228,68,62,171,196,157,142,50
96,11,64,27,181,107,111,69,195,221
96,12,191,154,16,1,220,254,138,56
96,13,164,29,28,228,22,212,199,174
96,14,213,252,238,139,189,73,52,84
96,15,110,206,146,120,250,192,91,238
96,16,181,20,24,31,170,119,95,26
96,17,26,166,60,204,101,142,8,187
96,18,159,55,117,204,91,205,22,118
96,19,4,237,59,252,205,117,137,43
96,20,224,151,35,171,41,194,165,184
96,21,151,217,207,146,243,166,5,22
96,22,68,250,228,31,236,116,8,205
96,23,64,107,27,111,54,195,134,2
96,24,191,138,80,120,42,207,154,116
96,25,164,29,228,113,199,7,219,174
96,26,238,67,52,180,189,84,73,252
96,27,110,206,146,102,116,142,249,100
96,28,31,20,188,149,14,72,170,231
96,29,26,101,204,60,28,229,187,141
96,30,55,159,117,190,221,73,91,118
96,31,237,137,14,151,33,233,226,113
96,32,42,224,206,199,178,197,59,40
96,33,179,201,156,81,217,40,12,245
96,34,217,196,49,213,141,55,149,155
96,35,224,210,167,244,214,212,89,253
96,36,255,24,129,239,158,34,74,119
96,37,50,14,64,147,57,21,90,103
96,38,146,79,94,86,59,127,84,118
96,39,85,177,13,34,62,30,116,242
97,0,139,24,109,211,192,151,70,72
97,1,236,226,85,14,22,171,204,193
97,2,3,58,221,77,182,143,5,237
97,3,167,243,11,251,36,196,159,182
97,4,121,243,158,175,178,70,132,75
97,5,164,24,163,52,63,228,40,22
97,6,128,149,102,185,159,148,26,209
97,7,38,132,128,26,111,182,171,208
97,8,224,151,98,74,206,41,29,133
97,9,20,243,81,189,134,61,207,188
97,10,116,92,242,228,146,232,165,73
97,11,218,134,154,141,60,93,70,225
97,12,50,84,208,42,207,116,186,147
97,13,19,151,228,166,212,13,174,219
97,14,189,67,44,213,73,252,194,84
97,15,101,206,203,146,145,142,12,169
97,16,102,169,72,59,161,31,53,234
97,17,60,204,214,142,28,135,244,62
97,18,108,90,117,55,35,91,209,159
97,19,199,144,59,137,25,85,33,248
97,20,224,151,171,184,41,246,34,35
97,21,207,146,243,143,81,189,166,61
97,22,92,228,242,24,116,232,205,250
97,23,154,107,93,218,134,164,225,70
97,24,84,11,42,43,191,147,186,12
97,25,228,230,51,22,29,19,212,151
97,26,67,213,73,84,252,251,189,52
97,27,146,206,249,142,182,192,101,177
97,28,181,161,31,72,24,102,47,116
97,29,214,204,132,28,17,229,142,60
97,30,71,117,90,188,204,91,118,103
97,31,199,91,137,144,43,33,59,228
97,32,123,48,254,247,159,59,91,40
97,33,151,107,139,81,58,95,84,133
97,34,56,175,252,240,94,220,48,67
97,35,5,94,85,218,167,114,20,61
97,36,152,246,195,248,211,202,158,142
97,37,161,135,67,60,64,56,174,143
97,38,234,9,201,30,127,189,118,163
97,39,246,250,1,92,138,215,203,70
98,0,234,144,186,92,172,4,188,155
98,1,198,239,66,14,43,171,29,111
98,2,150,230,15,92,110,31,212,86
98,3,116,177,30,155,251,19,218,137
98,4,94,112,71,121,158,152,12,194
98,5,81,115,98,0,52,210,153,144
98,6,92,200,102,128,149,196,185,235
98,7,132,40,181,243,199,28,26,128
98,8,224,151,6,246,171,212,165,161
98,9,61,5,98,96,166,207,120,146
98,10,9,218,232,171,8,7,250,205
98,11,114,153,116,107,15,130,111,93
98,12,206,191,11,56,84,116,1,207
98,13,199,38,28,29,228,113,22,74
98,14,252,67,139,22,73,180,52,84
98,15,146,103,248,91,206,203,142,213
98,16,181,31,20,169,26,232,95,170
98,17,218,197,60,204,166,28,187,236
98,18,69,35,130,188,118,117,204,73
98,19,91,59,4,43,117,252,137,170
98,20,224,151,171,35,68,165,41,4
98,21,207,96,146,5,166,243,87,61
98,22,250,9,218,0,31,232,8,86
98,23,114,15,107,116,111,130,2,54
98,24,207,80,139,191,42,116,154,173
98,25,38,29,228,208,111,7,199,212
98,26,67,52,84,252,180,189,22,139
98,27,206,146,249,142,248,103,182,100
98,28,31,231,137,230,72,47,169,191
98,29,218,49,204,28,151,60,206,141
98,30,69,204,117,91,190,118,73,77
98,31,28,60,43,137,33,113,59,170
98,32,146,86,195,247,59,254,40,80
98,33,97,36,81,75,181,37,6,108
98,34,212,255,238,28,90,5,206,19
98,35,49,167,190,202,148,89,229,212
98,36,227,234,147,158,34,119,188,118
98,37,78,193,64,103,15,163,21,227
98,38,139,215,119,94,127,251,78,205
98,39,158,165,72,127,122,224,179,190
99,0,226,68,117,185,67,171,198,146
99,1,96,171,183,40,13,57,209,202
99,2,20,113,19,252,149,128,209,200
99,3,4,170,190,17,50,65,221,143
99,4,8,55,2,139,71,182,228,152
99,5,81,223,52,0,98,153,3,194
99,6,3,114,102,200,185,148,55,42
99,7,132,28,243,239,128,26,87,171
99,8,224,151,171,68,161,246,165,34
99,9,19,206,5,61,166,207,146,87
99,10,163,218,7,250,128,232,205,66
99,11,130,18,116,15,134,54,225,111
99,12,206,116,42,67,207,167,250,80
99,13,199,228,200,151,212,38,174,208
99,14,189,73,67,38,252,180,84,22
99,15,103,146,206,241,170,249,250,145
99,16,232,181,20,169,31,26,149,72
99,17,204,155,218,28,244,60,142,236
99,18,35,117,73,209,69,77,91,165
99,19,59,25,60,91,135,43,233,170
99,20,224,68,151,171,41,161,165,53
99,21,206,19,207,146,243,166,143,22
99,22,250,163,31,232,64,251,205,86
99,23,130,54,107,18,111,2,134,109
99,24,207,42,80,154,116,139,250,136
99,25,228,174,208,7,212,199,37,40
99,26,67,189,252,84,22,38,73,52
99,27,103,206,146,182,142,249,177,170
99,28,232,31,231,169,20,26,197,146
99,29,155,204,28,236,218,60,206,142
99,30,6,117,204,221,45,69,59,91
99,31,233,137,43,25,28,248,67,54
99,32,175,17,37,247,194,59,40,89
99,33,117,81,214,23,94,72,245,12
99,34,54,58,187,19,182,247,28,206
99,35,7,167,212,253,229,202,76,14
99,36,245,158,0,34,8,239,188,50
99,37,164,64,90,103,21,227,84,220
99,38,22,136,86,127,189,94,79,39
99,39,16,23,68,145,160,130,254,30
100,0,122,136,241,78,56,89,18,14
100,1,166,6,190,165,186,28,202,228
100,2,47,185,125,19,99,209,81,1
100,3,65,255,137,190,153,4,89,49
100,4,253,123,2,121,7,133,139,213
100,5,223,174,81,3,142,68,153,0
100,6,185,25,102,114,242,159,3,12
100,7,132,171,28,26,239,19,111,227
100,8,224,157,151,68,161,98,102,171
100,9,166,207,5,243,146,87,61,120
100,10,68,12,250,116,205,154,232,128
100,11,64,134,130,60,225,15,97,2
100,12,116,42,207,250,157,80,10,161
100,13,42,212,151,228,174,164,208,199
100,14,189,73,67,84,44,165,204,22
100,15,145,206,146,227,235,250,169,50
100,16,72,232,169,24,195,74,112,191
100,17,204,244,152,185,230,142,8,60
100,18,117,175,141,135,53,91,77,209
100,19,25,59,212,240,129,117,30,228
100,20,224,151,41,71,171,194,34,53
100,21,243,81,1,137,166,207,146,254
100,22,250,68,160,147,134,251,132,156
100,23,134,80,64,54,60,96,225,44
100,24,250,10,186,232,116,2,253,17
100,25,42,228,212,174,151,166,26,171
100,26,189,73,67,84,252,251,115,194
100,27,206,116,146,55,182,150,103,145
100,28,232,20,72,169,247,137,201,197
100,29,185,204,155,60,28,152,212,38
100,30,72,117,221,91,45,59,204,118
100,31,248,67,137,233,33,25,212,113
100,32,224,197,175,37,59,206,47,64
100,33,63,156,81,117,18,12,245,217
100,34,152,54,213,58,247,188,206,217
100,35,7,167,212,229,202,253,39,76
100,36,158,245,239,24,251,119,34,188
100,37,50,64,90,21,103,227,14,75
100,38,146,86,127,94,79,189,39,84
100,39,85,13,177,116,30,62,34,203
101,0,41,36,29,2,134,65,86,223
101,1,254,95,165,101,190,14,22,83
101,2,47,182,93,185,139,201,95,77
101,3,243,154,251,218,207,66,101,247
101,4,149,253,121,158,70,152,180,132
101,5,223,81,213,115,23,3,98,40
101,6,185,25,102,241,114,159,243,148
101,7,132,171,28,239,26,167,182,227
101,8,224,151,246,171,165,161,41,124
101,9,61,166,5,207,120,81,146,87
101,10,250,31,12,117,17,232,154,66
101,11,109,54,15,97,30,103,134,2
101,12,166,206,207,157,116,42,80,136
101,13,42,199,228,151,208,174,7,109
101,14,22,73,67,189,156,139,101,84
101,15,146,116,206,170,145,249,192,142
101,16,232,138,31,186,169,20,195,24
101,17,204,185,78,216,142,244,28,8
101,18,141,130,73,77,117,5,238,72
101,19,60,59,43,25,248,135,115,170
101,20,224,171,157,68,41,151,194,165
101,21,207,146,120,22,143,61,166,87
101,22,250,17,12,31,154,232,117,64
101,23,209,109,54,2,107,138,134,103
101,24,166,207,80,157,42,119,139,116
101,25,42,228,212,208,7,40,174,199
101,26,67,252,84,189,93,73,139,58
101,27,116,206,146,182,142,121,177,213
101,28,138,232,169,201,20,31,146,197
101,29,78,204,185,28,213,142,60,216
101,30,130,204,72,117,221,59,151,5
101,31,137,25,67,54,236,248,157,226
101,32,197,75,37,14,175,59,206,117
101,33,5,81,103,63,18,59,12,161
101,34,11,227,152,213,247,5,18,206
101,35,167,7,253,229,202,244,14,76
101,36,158,48,245,239,50,251,55,119
101,37,64,21,162,103,227,14,50,163
101,38,124,127,94,79,185,189,106,128
101,39,13,177,30,77,167,116,34,62
102,0,134,151,70,62,20,159,72,192
102,1,44,254,14,193,17,101,206,245
102,2,183,47,132,123,235,185,3,31
102,3,138,213,243,66,247,251,113,53
102,4,158,44,180,253,121,70,132,221
102,5,81,115,223,3,23,93,98,52
102,6,185,25,102,241,114,43,192,125
102,7,171,132,28,246,239,26,185,227
102,8,224,151,246,171,34,124,98,161
102,9,207,61,166,1,87,146,243,81
102,10,250,12,232,242,31,205,8,116
102,11,54,164,134,59,97,217,137,30
102,12,207,157,116,80,42,211,252,10
102,13,212,176,37,228,109,151,208,174
102,14,73,22,189,165,252,139,67,101
102,15,146,170,206,145,177,182,122,249
102,16,190,24,169,193,168,31,191,72
102,17,204,58,28,244,60,78,142,216
102,18,209,204,77,250,151,73,5,15
102,19,60,85,117,59,115,25,236,43
102,20,224,171,246,41,151,34,194,88
102,21,98,207,146,22,87,140,166,208
102,22,250,216,242,86,12,31,232,233
102,23,59,107,111,2,54,85,220,116
102,24,128,157,119,81,207,11,175,15
102,25,19,42,37,28,222,29,140,228
102,26,52,252,231,73,67,84,139,115
102,27,146,177,249,206,28,192,145,3
102,28,190,193,31,24,26,196,169,176
102,29,204,88,21,185,60,61,28,62
102,30,204,250,162,232,63,117,151,64
102,31,151,28,34,43,135,228,137,252
102,32,109,254,179,247,76,125,123,140
102,33,198,11,104,95,139,56,132,102
102,34,44,240,67,72,238,220,28,195
102,35,190,74,148,167,191,202,44,235
102,36,142,115,227,147,248,49,119,158
102,37,78,27,64,135,16,95,175,15
102,38,80,215,119,169,0,127,30,234
102,39,244,158,183,72,92,231,122,250
103,0,123,229,196,249,216,105,7,104
103,1,225,231,27,150,155,62,11,93
103,2,90,17,210,4,162,51,103,200
103,3,31,133,187,152,37,84,235,176
103,4,13,142,167,236,102,54,222,251
103,5,161,104,6,193,236,34,142,186
103,6,167,153,61,241,196,42,200,245
103,7,23,199,29,171,185,28,79,239
103,8,234,35,56,247,89,212,194,180
103,9,29,94,197,13,98,203,207,85
103,10,169,250,216,130,31,171,196,12
103,11,189,54,107,111,42,248,202,185
103,12,26,63,128,56,175,3,15,1
103,13,29,43,154,28,113,222,37,176
103,14,252,52,124,139,22,73,86,51
103,15,146,181,162,177,81,206,170,122
103,16,5,196,31,170,26,24,181,95
103,17,250,166,60,61,204,172,142,28
103,18,204,187,179,205,22,161,57,73
103,19,130,4,205,117,109,252,59,236
103,20,234,194,212,4,171,35,224,52
103,21,29,94,207,146,164,208,13,197
103,22,169,198,250,130,234,31,196,236
103,23,189,111,107,42,54,2,128,17
103,24,63,26,74,15,220,81,160,128
103,25,43,147,134,29,37,228,113,212
103,26,52,124,51,231,252,137,169,20
103,27,181,81,162,146,177,200,249,206
103,28,5,31,170,133,196,24,26,95
103,29,172,250,204,76,87,60,61,229
103,30,205,187,179,204,117,91,64,16
103,31,130,205,4,109,151,117,218,30
103,32,98,186,99,254,77,247,96,159
103,33,238,86,183,126,73,28,232,81
103,34,84,207,180,96,101,252,21,33
103,35,153,160,145,57,167,218,235,202
103,36,181,70,119,98,120,158,248,211
103,37,31,58,190,182,64,143,22,21
103,38,71,148,92,94,127,118,59,189
103,39,2,189,69,38,217,213,78,70
104,0,185,106,32,66,40,232,56,236
104,1,128,242,179,211,226,124,73,189
104,2,58,60,121,255,10,80,133,219
104,3,92,156,202,177,219,30,214,89
104,4,139,118,8,152,121,54,242,88
104,5,147,14,114,11,81,0,159,52
104,6,183,3,164,166,42,110,243,199
104,7,19,16,26,101,171,132,41,111
104,8,112,224,246,151,79,171,234,103
104,9,156,19,206,178,207,98,166,101
104,10,142,163,31,250,161,62,159,171
104,11,27,69,109,195,156,111,49,107
104,12,191,206,138,46,155,116,12,42
104,13,22,142,29,220,168,228,7,199
104,14,180,73,189,252,22,84,139,52
104,15,103,146,110,145,206,120,250,170
104,16,181,232,119,26,31,24,180,176
104,17,204,155,142,244,60,101,28,216
104,18,162,159,204,117,45,135,73,91
104,19,59,4,25,34,248,117,208,38
104,20,68,224,41,171,184,112,151,194
104,21,206,19,143,146,207,166,243,137
104,22,142,163,250,159,245,31,86,111
104,23,27,109,69,18,195,156,107,134
104,24,191,12,116,106,126,42,186,207
104,25,228,200,37,22,208,7,250,199
104,26,73,38,84,67,252,115,251,52
104,27,103,146,241,90,145,120,182,206
104,28,232,149,119,24,185,169,26,78
104,29,155,204,188,173,65,235,244,151
104,30,158,117,6,159,45,35,64,204
104,31,25,233,240,38,43,117,137,248
104,32,37,42,17,7,247,199,59,91
104,33,63,117,214,23,81,94,206,28
104,34,58,45,12,187,54,19,177,28
104,35,34,167,202,7,89,253,14,41
104,36,57,253,158,8,0,119,74,194
104,37,164,84,64,21,103,32,158,22
104,38,136,22,43,94,139,127,189,252
104,39,23,16,68,241,254,145,90,178
105,0,40,212,218,65,122,157,250,110
105,1,179,190,88,154,28,82,119,165
105,2,237,155,58,13,127,243,47,5
105,3,132,42,30,177,179,218,92,219
105,4,139,133,215,180,152,2,216,123
105,5,14,31,147,213,3,254,81,23
105,6,186,241,243,43,3,183,199,39
105,7,61,19,16,171,26,41,227,132
105,8,157,246,194,151,224,209,68,103
105,9,207,166,19,156,5,98,178,253
105,10,250,220,142,31,154,159,12,7
105,11,69,109,158,54,195,27,156,93
105,12,191,116,12,138,175,207,126,197
105,13,164,37,199,22,168,228,174,7
105,14,73,189,22,139,84,252,83,58
105,15,146,116,103,145,206,177,249,170
105,16,232,169,24,181,31,149,4,180
105,17,216,204,244,155,142,217,213,104
105,18,162,72,117,159,73,45,77,158
105,19,25,248,34,135,38,233,43,59
105,20,157,224,68,41,171,151,34,194
105,21,206,143,19,166,146,207,243,137
105,22,250,220,142,159,245,154,31,246
105,23,109,158,69,64,134,54,156,2
105,24,106,126,12,148,42,207,135,175
105,25,164,200,228,37,208,174,7,212
105,26,38,73,84,189,115,83,251,252
105,27,116,241,146,90,145,103,182,206
105,28,232,201,149,185,169,78,146,176
105,29,216,204,155,188,65,213,173,152
105,30,117,158,45,204,35,59,73,72
105,31,25,240,248,38,70,243,212,233
105,32,37,116,197,7,42,148,59,199
105,33,63,18,59,206,81,182,117,91
105,34,45,11,152,213,58,205,206,177
105,35,34,167,14,244,253,7,202,129
105,36,251,158,57,50,194,239,198,188
105,37,64,103,50,21,227,22,175,14
105,38,124,127,79,189,94,118,47,106
105,39,177,13,203,30,34,116,70,85
106,0,151,134,76,1,250,50,239,102
106,1,154,88,101,157,14,116,22,85
106,2,237,143,71,13,72,3,180,47
106,3,132,42,22,243,201,218,113,182
106,4,44,158,121,180,152,132,194,192
106,5,81,14,115,236,0,52,136,164
106,6,243,241,39,186,157,240,114,174
106,7,171,132,26,246,41,16,111,208
106,8,224,246,151,220,194,171,98,6
106,9,207,243,166,81,146,20,1,58
106,10,250,142,220,242,31,232,154,245
106,11,109,158,218,85,54,134,201,225
106,12,12,116,186,207,10,39,250,42
106,13,37,174,151,228,199,208,212,109
106,14,189,22,73,165,84,67,139,101
106,15,146,145,28,206,90,122,250,170
106,16,169,201,190,191,24,26,4,31
106,17,244,204,213,216,217,142,69,28
106,18,90,72,117,73,64,77,204,53
106,19,85,25,240,208,135,59,248,129
106,20,224,41,171,151,68,246,194,34
106,21,146,98,143,207,243,137,166,105
106,22,250,142,159,220,242,245,31,251
106,23,109,158,107,134,218,85,203,201
106,24,11,128,15,10,148,12,175,186
106,25,37,220,22,19,208,228,250,212
106,26,84,73,252,52,115,101,203,231
106,27,146,145,249,177,90,28,206,39
106,28,181,24,26,31,102,116,195,190
106,29,213,216,132,204,21,151,17,122
106,30,204,90,117,250,71,64,205,73
106,31,151,228,25,59,252,85,117,30
106,32,148,186,109,123,96,91,247,159
106,33,132,95,238,58,253,28,81,86
106,34,45,240,101,72,252,180,56,46
106,35,191,153,235,218,145,167,202,245
106,36,248,211,142,158,115,167,191,165
106,37,175,143,64,51,73,108,85,152
106,38,254,255,134,62,159,236,196,169
106,39,75,91,17,193,81,225,166,163
107,0,97,166,142,113,205,210,10,150
107,1,158,34,199,26,62,59,132,151
107,2,64,239,90,0,183,46,26,218
107,3,42,132,211,90,31,186,240,46
107,4,17,161,105,190,131,202,122,19
107,5,14,161,178,56,254,160,212,5
107,6,241,243,199,166,42,43,55,39
107,7,40,171,26,91,142,132,28,23
107,8,35,194,212,127,197,57,246,151
107,9,39,71,98,166,146,207,13,208
107,10,62,142,250,220,31,121,207,192
107,11,203,109,158,107,195,54,111,42
107,12,175,12,116,191,207,11,197,10
107,13,29,220,228,109,174,37,208,22
107,14,73,189,139,84,252,207,165,22
107,15,146,145,206,250,177,122,170,65
107,16,181,169,24,26,31,147,4,180
107,17,204,244,142,216,28,60,213,166
107,18,117,204,90,73,53,135,233,68
107,19,59,228,25,199,240,88,248,113
107,20,224,35,41,184,65,171,151,34
107,21,146,217,71,39,227,166,143,207
107,22,62,236,250,207,245,142,232,111
107,23,111,107,109,203,134,42,217,225
107,24,42,43,207,191,12,116,186,15
107,25,228,220,29,37,22,212,51,7
107,26,52,73,84,252,189,67,180,251
107,27,65,177,146,206,249,250,145,192
107,28,24,181,31,26,116,47,231,146
107,29,204,213,132,17,28,142,130,151
107,30,117,71,204,205,91,103,11,5
107,31,91,130,151,240,59,228,25,113
107,32,96,247,186,148,59,91,40,159
107,33,58,190,81,238,232,107,253,28
107,34,88,56,252,45,180,101,196,21
107,35,218,153,167,235,202,14,253,145
107,36,158,207,181,248,211,119,152,246
107,37,64,143,31,67,135,161,103,22
107,38,127,196,30,234,111,139,71,189
107,39,241,9,68,225,47,92,67,100
108,0,165,57,56,66,6,59,127,110
108,1,158,73,250,179,199,170,110,107
108,2,238,64,234,239,134,127,68,70
108,3,70,171,55,19,132,119,90,186
108,4,254,17,74,138,122,159,132,121
108,5,249,24,11,144,169,97,161,160
108,6,241,199,128,118,102,194,12,90
108,7,56,40,132,165,111,26,171,128
108,8,224,151,41,98,171,65,35,127
108,9,148,71,217,166,207,243,81,146
108,10,24,252,46,92,73,76,121,250
108,11,210,154,93,134,92,195,225,203
108,12,84,43,116,147,232,42,10,186
108,13,228,151,174,208,212,166,250,7
108,14,189,73,67,213,84,139,44,165
108,15,203,145,146,206,250,101,122,38
108,16,181,169,24,161,253,4,72,195
108,17,204,244,142,17,218,152,60,28
108,18,117,135,53,73,68,233,45,211
108,19,199,228,59,30,248,240,96,88
108,20,224,184,35,151,41,165,65,194
108,21,146,148,227,243,207,81,166,143
108,22,24,252,81,232,207,250,111,92
108,23,210,134,154,225,111,107,217,95
108,24,84,43,42,186,181,12,116,250
108,25,228,212,29,51,140,174,22,7
108,26,189,73,67,84,252,251,139,52
108,27,203,146,177,206,250,145,249,182
108,28,161,24,116,181,26,31,253,169
108,29,214,204,142,17,28,218,132,216
108,30,117,71,204,103,135,5,251,11
108,31,199,91,228,111,240,113,25,30
108,32,48,221,247,59,91,159,40,254
108,33,96,107,58,151,121,81,28,253
108,34,56,252,175,208,21,10,220,95
108,35,5,218,167,85,94,235,202,14
108,36,246,152,195,158,211,248,188,119
108,37,67,161,64,135,143,60,103,22
108,38,9,234,30,201,127,0,118,101
108,39,1,250,246,92,138,215,70,203
109,0,234,172,92,188,144,4,122,155
109,1,198,120,14,111,149,255,92,211
109,2,150,92,230,234,86,110,15,64
109,3,177,30,116,155,90,22,218,156
109,4,94,112,121,158,71,152,98,192
109,5,81,0,115,210,52,33,165,144
109,6,241,92,200,199,102,43,235,125
109,7,171,132,181,26,142,243,111,28
109,8,224,65,246,151,171,194,98,148
109,9,120,71,166,207,146,81,61,87
109,10,252,9,207,232,121,250,245,218
109,11,130,153,114,15,225,134,111,98
109,12,116,207,84,42,175,184,186,232
109,13,199,38,228,15,140,208,212,151
109,14,189,73,67,252,22,139,84,156
109,15,248,146,206,177,203,192,145,122
109,16,181,31,169,26,24,4,230,183
109,17,204,218,197,28,142,244,236,216
109,18,69,204,117,73,45,135,68,35
109,19,59,25,233,228,113,88,157,240
109,20,65,224,171,151,165,41,34,194
109,21,146,143,207,166,71,120,243,87
109,22,9,232,252,0,250,207,245,8
109,23,15,111,153,130,114,107,134,54
109,24,207,42,116,81,232,80,10,206
109,25,199,228,37,38,113,155,29,208
109,26,52,73,252,67,84,139,58,180
109,27,248,146,177,206,142,249,145,182
109,28,31,24,54,20,26,185,116,146
109,29,218,204,28,236,142,216,102,139
109,30,69,204,117,97,5,103,64,45
109,31,54,113,233,240,137,25,59,30
109,32,195,247,146,40,86,194,59,178
109,33,75,97,37,217,94,81,36,122
109,34,212,54,19,187,255,90,206,188
109,35,49,214,167,229,76,244,202,14
109,36,0,119,234,8,129,158,34,239
109,37,84,64,21,227,103,175,57,147
109,38,22,0,127,189,79,86,250,84
109,39,23,68,16,241,145,34,37,178
110,0,218,1,212,3,65,33,136,157
110,1,98,153,40,234,41,183,48,96
110,2,20,96,56,178,125,142,236,95
110,3,17,119,113,4,89,177,169,65
110,4,133,98,180,132,152,123,121,71
110,5,213,23,31,81,19,148,0,210
110,6,157,39,241,235,43,44,25,125
110,7,61,171,132,32,28,57,87,26
110,8,157,65,224,246,171,194,151,161
110,9,160,5,146,98,207,120,197,166
110,10,252,98,251,12,250,232,171,3
110,11,111,158,54,156,130,31,199,98
110,12,207,157,116,136,42,180,232,206
110,13,37,199,42,228,208,174,109,245
110,14,139,252,189,73,52,150,22,113
110,15,177,116,146,206,122,192,250,145
110,16,26,31,181,169,24,146,168,201
110,17,204,28,162,60,216,142,244,104
110,18,72,204,117,68,73,93,77,5
110,19,59,25,117,96,212,236,225,30
110,20,224,157,171,41,151,165,65,246
110,21,160,146,207,143,243,240,166,22
110,22,252,250,232,98,207,245,205,111
110,23,111,158,156,54,107,134,2,199
110,24,207,42,116,157,80,95,232,249
110,25,42,199,37,228,212,164,208,113
110,26,52,73,252,67,84,139,150,180
110,27,51,116,177,146,206,142,122,249
110,28,201,20,26,31,24,146,169,116
110,29,162,204,28,142,104,187,216,244
110,30,69,72,204,97,117,221,5,91
110,31,135,113,25,14,111,240,59,43
110,32,116,197,206,178,40,75,59,7
110,33,18,59,206,81,152,40,182,245
110,34,241,11,152,213,90,206,183,205
110,35,214,244,167,229,212,202,76,14
110,36,251,239,129,231,34,158,188,203
110,37,14,248,57,147,64,90,153,227
110,38,124,86,79,84,127,189,20,97
110,39,13,62,55,203,242,34,181,36
111,0,124,134,211,151,199,62,76,192
111,1,101,116,41,49,14,186,6,193
111,2,96,71,3,143,180,98,182,97
111,3,22,72,243,201,247,182,113,101
111,4,44,121,158,132,70,10,152,180
111,5,81,236,164,19,0,115,33,52
111,6,39,157,241,43,185,106,125,200
111,7,132,223,171,26,111,28,167,239
111,8,224,246,151,171,85,98,88,72
111,9,166,146,87,81,207,243,71,1
111,10,232,19,242,245,207,9,250,8
111,11,158,111,85,218,59,164,225,134
111,12,157,207,116,42,186,10,250,232
111,13,199,37,228,212,174,28,109,151
111,14,73,52,252,189,139,150,58,84
111,15,177,206,146,33,145,122,250,233
111,16,190,26,31,169,230,24,4,176
111,17,204,164,28,216,157,244,142,78
111,18,108,250,117,72,204,73,77,5
111,19,59,25,85,115,88,135,71,43
111,20,171,35,246,224,165,41,65,194
111,21,146,207,98,143,87,96,227,166
111,22,19,9,242,232,207,250,252,88
111,23,111,85,158,116,107,54,59,2
111,24,232,157,15,81,11,128,116,119
111,25,37,19,113,42,228,209,140,159
111,26,52,203,73,231,252,84,150,22
111,27,146,177,249,33,145,150,170,28
111,28,24,193,190,31,26,134,168,235
111,29,88,164,21,162,204,216,151,20
111,30,204,162,250,232,117,97,64,73
111,31,135,151,34,43,59,28,25,111
111,32,179,86,123,76,254,18,125,140
111,33,234,95,104,56,36,11,166,132
111,34,44,238,240,28,72,183,67,98
111,35,148,190,74,191,107,137,14,235
111,36,227,115,142,147,19,191,39,171
111,37,78,27,175,16,186,54,169,195
111,38,0,215,169,119,138,80,252,35
111,39,158,81,122,117,179,17,202,73
112,0,101,35,197,242,9,135,119,64
112,1,231,27,11,97,155,146,150,62
112,2,96,43,249,121,180,98,209,142
112,3,226,211,37,236,106,31,72,130
112,4,222,142,105,102,65,13,251,118
112,5,104,236,161,220,186,159,69,10
112,6,182,39,157,167,241,43,196,153
112,7,171,199,23,29,2,28,185,26
112,8,35,56,239,83,212,180,148,194
112,9,29,203,197,94,207,71,13,98
112,10,88,169,130,207,250,31,196,245
112,11,111,42,107,158,54,98,134,145
112,12,220,116,21,10,207,128,63,161
112,13,37,112,228,208,183,43,29,174
112,14,189,73,22,139,86,84,252,52
112,15,146,206,145,177,250,170,122,227
112,16,191,24,169,26,4,146,195,31
112,17,204,244,142,58,17,152,28,216
112,18,117,53,141,73,15,204,146,175
112,19,248,212,25,59,130,240,129,208
112,20,224,41,171,151,34,35,246,85
112,21,146,243,207,137,29,166,143,152
112,22,88,169,245,250,86,111,159,232
112,23,111,107,217,134,221,223,1,39
112,24,220,15,120,10,251,42,116,80
112,25,112,211,212,37,228,119,159,120
112,26,252,150,86,84,52,73,139,189
112,27,172,122,166,170,162,177,165,145
112,28,146,24,43,111,213,176,31,169
112,29,250,204,60,87,5,28,159,96
112,30,170,204,117,44,197,14,35,5
112,31,20,109,191,248,236,69,26,9
112,32,98,90,158,64,99,30,124,91
112,33,126,205,223,220,213,158,77,113
112,34,116,1,252,46,76,65,168,68
112,35,84,235,17,218,130,64,174,160
112,36,133,171,27,233,9,232,3,124
112,37,65,72,38,51,19,61,229,96
112,38,193,176,99,209,145,117,104,254
112,39,190,114,228,218,168,17,7,173
113,0,235,115,177,47,141,81,61,208
113,1,182,217,146,152,62,155,140,70
113,2,121,167,43,123,128,57,93,145
113,3,117,12,190,37,119,130,187,106
113,4,236,142,54,222,102,95,127,108
113,5,90,135,188,43,65,47,189,158
113,6,182,153,157,138,79,196,39,15
113,7,23,117,229,123,29,64,185,254
113,8,116,239,56,180,77,99,35,123
113,9,116,191,2,197,208,164,13,36
113,10,88,169,198,125,157,185,196,130
113,11,111,108,128,107,233,206,86,25
113,12,93,74,220,128,15,63,26,3
113,13,29,154,147,134,43,112,32,95
113,14,86,51,52,124,137,167,10,106
113,15,162,181,200,81,217,87,177,172
113,16,5,170,43,133,80,106,111,196
113,17,250,166,87,60,0,76,5,89
113,18,204,170,161,197,226,179,163,43
113,19,109,20,116,4,205,117,26,52
113,20,116,56,239,4,83,179,115,63
113,21,191,116,197,208,239,203,13,164
113,22,88,169,198,125,196,65,176,130
113,23,128,111,107,189,62,206,86,39
113,24,74,93,15,220,63,26,81,251
113,25,134,147,32,112,154,182,43,212
113,26,51,86,52,137,10,88,149,124
113,27,162,58,181,172,165,87,31,229
113,28,43,111,238,150,134,5,106,160
113,29,87,250,0,5,153,20,76,60
113,30,170,226,43,197,163,204,161,179
113,31,116,20,109,167,26,4,205,63
113,32,90,119,223,252,53,112,178,134
113,33,93,83,129,184,220,210,16,231
113,34,82,1,26,85,132,186,133,113
113,35,84,72,57,42,160,174,135,47
113,36,22,83,20,221,192,45,70,222
113,37,104,88,229,182,73,61,12,149
113,38,151,27,17,64,145,202,180,42
113,39,217,154,190,84,46,206,173,17
114,0,252,238,43,25,205,42,112,147
114,1,217,140,182,146,152,189,112,250
114,2,121,167,43,11,217,128,20,49
114,3,130,226,117,106,199,236,230,12
114,4,54,242,45,58,199,205,235,219
114,5,90,188,135,43,65,212,5,71
114,6,182,157,14,65,138,122,22,43
114,7,117,229,176,23,70,123,254,204
114,8,239,35,116,180,56,104,179,99
114,9,191,197,169,98,171,2,208,13
114,10,88,157,173,125,39,65,196,139
114,11,111,72,39,42,108,224,188,19
114,12,220,249,54,93,85,151,131,0
114,13,112,211,29,103,176,134,138,119
114,14,86,52,252,51,10,125,22,47
114,15,172,166,162,36,122,146,206,181
114,16,26,181,24,43,169,176,170,111
114,17,5,204,166,60,28,142,102,20
114,18,170,204,226,197,97,117,161,220
114,19,167,109,51,117,52,96,205,4
114,20,239,224,35,151,171,41,246,194
114,21,191,116,203,146,243,207,166,227
114,22,88,157,173,207,232,86,236,245
114,23,39,111,72,49,188,17,42,107
114,24,220,251,93,43,42,10,39,15
114,25,112,211,228,29,138,37,119,212
114,26,86,252,73,84,52,139,149,67
114,27,166,172,162,122,206,192,170,145
114,28,43,24,111,146,169,116,31,61
114,29,5,28,204,60,17,142,244,102
114,30,170,226,117,197,59,5,71,68
114,31,167,25,109,228,20,113,30,151
114,32,223,158,90,119,255,64,159,178
114,33,220,83,231,86,215,108,28,74
114,34,241,1,186,252,116,34,157,56
114,35,84,27,235,229,72,218,58,160
114,36,192,222,70,83,248,98,233,167
114,37,229,62,72,88,175,163,51,12
114,38,239,104,166,165,254,147,99,237
114,39,238,193,235,231,98,155,202,50
115,0,209,104,43,206,105,95,30,229
115,1,217,62,146,182,155,11,47,138
115,2,43,167,20,52,49,97,189,72
115,3,226,236,117,233,119,130,199,234
115,4,144,20,193,132,76,184,87,213
115,5,188,220,159,5,42,90,229,0
115,6,43,157,14,59,182,44,199,2
115,7,171,176,132,26,111,28,239,126
115,8,224,35,239,151,41,98,171,114
115,9,203,243,166,81,71,20,146,207
115,10,121,240,189,219,76,245,207,81
115,11,42,134,111,132,98,224,145,187
115,12,186,116,207,42,39,21,10,220
115,13,151,112,212,228,174,176,15,120
115,14,189,73,67,84,139,165,252,58
115,15,145,146,206,50,149,250,120,122
115,16,24,146,191,169,112,181,183,4
115,17,204,244,152,142,58,69,28,17
115,18,117,141,152,135,53,15,68,35
115,19,228,248,96,59,212,201,25,129
115,20,224,41,151,184,71,34,35,165
115,21,146,227,243,137,207,214,105,47
115,22,111,245,250,121,86,91,232,35
115,23,134,80,225,217,111,95,223,145
115,24,42,13,43,186,12,250,135,9
115,25,228,212,211,174,112,151,15,120
115,26,189,73,84,67,252,86,251,24
115,27,206,250,55,182,133,204,146,54
115,28,24,146,169,74,112,116,26,168
115,29,152,28,204,142,5,69,17,230
115,30,117,59,35,71,68,135,170,251
115,31,212,25,201,30,167,248,51,137
115,32,64,59,158,31,159,101,241,68
115,33,72,192,220,81,219,244,180,74
115,34,16,116,1,29,21,251,246,252
115,35,14,84,93,229,167,76,235,202
115,36,158,110,50,198,77,82,70,194
115,37,64,163,58,143,229,55,227,59
115,38,150,63,237,165,148,166,196,128
115,39,127,134,164,2,136,235,223,217
116,0,32,168,206,238,95,181,255,246
116,1,140,182,62,201,217,192,207,176
116,2,49,52,43,20,167,11,218,253
116,3,199,113,118,129,117,226,233,6
116,4,54,205,6,219,129,49,250,229
116,5,188,90,135,65,43,222,230,198
116,6,14,31,65,254,118,7,22,237
116,7,117,254,229,176,159,136,47,78
116,8,239,224,116,35,98,151,91,100
116,9,71,194,243,203,81,63,239,166
116,10,240,116,96,78,66,219,79,247
116,11,42,19,134,239,132,80,135,60
116,12,116,186,17,167,250,39,108,126
116,13,151,93,212,166,228,120,165,174
116,14,189,67,73,90,139,165,84,204
116,15,50,114,145,146,250,109,169,14
116,16,74,24,253,72,116,195,209,168
116,17,204,17,142,244,28,152,230,102
116,18,135,117,175,68,91,45,80,211
116,19,228,34,30,59,226,96,231,22
116,20,224,171,71,184,98,151,133,110
116,21,81,47,54,243,146,207,227,224
116,22,81,91,165,232,160,111,207,96
116,23,80,17,134,3,10,225,98,145
116,24,12,186,39,42,250,116,17,205
116,25,151,228,211,199,1,93,89,192
116,26,67,73,189,61,54,84,235,139
116,27,204,121,250,206,146,54,120,182
116,28,74,24,116,253,169,31,122,211
116,29,150,142,17,28,204,230,158,5
116,30,117,80,61,5,35,181,135,251
116,31,166,154,167,201,153,113,25,151
116,32,223,158,91,127,64,40,119,59
116,33,220,74,81,108,190,245,83,180
116,34,186,116,1,252,82,34,56,29
116,35,229,218,167,76,202,253,14,41
116,36,158,70,23,50,248,211,15,198
116,37,229,64,58,143,163,104,67,239
116,38,148,92,27,128,104,101,62,30
116,39,243,248,138,38,2,78,46,223
117,0,112,88,238,173,200,43,58,95
117,1,181,192,140,152,70,47,182,146
117,2,49,72,43,20,52,218,253,11
117,3,226,106,233,117,236,113,199,110
117,4,54,165,193,45,235,5,132,171
117,5,47,188,90,220,135,230,215,110
117,6,14,122,118,173,255,65,182,22
117,7,176,70,117,123,204,142,190,229
117,8,239,35,179,115,116,237,56,105
117,9,69,180,169,152,6,71,119,197
117,10,157,88,121,122,76,126,69,39
117,11,39,111,224,239,99,188,181,127
117,12,16,169,175,254,184,62,220,252
117,13,112,211,103,204,138,149,5,212
117,14,86,189,252,139,215,52,73,84
117,15,166,36,206,146,122,145,250,46
117,16,24,26,169,31,181,176,61,191
117,17,204,5,60,28,158,142,244,166
117,18,170,117,135,226,68,141,45,53
117,19,167,228,59,51,248,129,25,96
117,20,224,239,151,41,184,171,165,34
117,21,69,146,243,166,180,143,207,81
117,22,157,232,207,121,194,236,86,88
117,23,39,134,99,111,217,17,225,188
117,24,42,251,43,207,13,220,9,250
117,25,228,211,112,212,7,204,151,174
117,26,189,73,84,67,252,86,139,251
117,27,206,166,172,182,122,46,250,145
117,28,146,24,116,61,31,169,231,197
117,29,28,204,142,5,158,102,152,69
117,30,117,170,59,226,68,5,80,71
117,31,25,120,167,166,212,248,137,113
117,32,60,158,223,64,59,101,241,40
117,33,220,81,74,72,190,229,108,245
117,34,34,82,116,1,29,252,56,21
117,35,167,229,253,202,76,14,218,93
117,36,158,50,70,198,23,15,82,188
117,37,163,104,64,58,143,21,83,103
117,38,27,92,148,128,189,101,127,250
117,39,243,110,248,12,78,38,138,242
118,0,124,199,222,31,191,72,162,236
118,1,113,245,14,153,11,167,170,132
118,2,188,193,139,79,60,3,143,170
118,3,243,197,182,22,23,201,155,36
118,4,121,158,239,175,147,250,132,152
118,5,81,164,2,0,163,236,251,165
118,6,82,185,200,14,168,25,115,120
118,7,171,132,167,246,26,111,239,28
118,8,224,184,159,151,98,72,133,165
118,9,243,20,166,47,58,32,81,134
118,10,232,91,8,245,250,242,81,162
118,11,134,3,218,231,59,223,121,145
118,12,13,38,50,42,39,181,186,116
118,13,228,212,151,174,176,194,34,248
118,14,189,73,67,139,84,165,58,252
118,15,149,146,250,55,6,122,145,238
118,16,88,234,169,56,112,254,146,252
118,17,204,142,152,28,244,20,22,225
118,18,141,15,117,35,68,135,211,129
118,19,228,212,248,30,201,99,224,195
118,20,224,41,151,172,159,194,145,165
118,21,146,243,47,32,227,207,156,1
118,22,111,245,232,157,250,135,146,134
118,23,134,99,3,221,225,218,70,231
118,24,50,42,158,181,157,195,12,9
118,25,228,0,211,212,194,174,20,151
118,26,189,86,73,67,139,196,84,252
118,27,130,250,206,122,28,192,146,6
118,28,102,116,146,254,169,24,111,31
118,29,142,60,158,225,28,21,19,204
118,30,197,117,250,232,5,68,99,59
118,31,228,151,113,49,167,25,111,30
118,32,19,85,254,159,59,40,91,123
118,33,189,56,81,139,74,181,49,229
118,34,191,1,195,249,121,169,252,166
118,35,218,185,229,202,167,20,76,235
118,36,158,248,211,203,23,26,125,233
118,37,145,229,64,58,143,126,67,29
118,38,92,0,87,242,96,132,158,255
118,39,197,189,138,129,44,163,251,109
119,0,35,197,101,34,179,9,242,48
119,1,62,97,47,155,70,216,146,16
119,2,251,164,109,88,210,38,40,173
119,3,236,230,26,211,199,37,233,113
119,4,15,241,102,54,200,129,142,198
119,5,188,90,235,236,46,6,216,58
119,6,14,215,246,157,43,182,2,106
119,7,171,2,23,199,28,26,210,41
119,8,35,239,56,179,85,125,44,184
119,9,203,47,180,13,29,197,169,207
119,10,157,122,248,232,81,207,88,194
119,11,174,111,99,42,98,145,95,16
119,12,160,220,181,207,21,42,116,10
119,13,211,29,228,176,112,154,119,140
119,14,86,139,252,73,189,84,52,22
119,15,172,250,146,36,206,192,122,213
119,16,169,31,24,181,116,253,96,26
119,17,204,60,142,225,166,244,28,158
119,18,197,170,135,103,117,211,68,53
119,19,228,51,130,167,248,205,199,59
119,20,224,239,212,184,35,41,4,151
119,21,203,227,146,47,180,207,166,81
119,22,207,236,232,157,81,165,121,91
119,23,42,174,134,39,3,225,95,17
119,24,43,42,220,181,186,12,160,39
119,25,228,29,211,151,199,250,51,140
119,26,86,189,67,73,139,84,75,61
119,27,172,250,206,146,192,54,121,120
119,28,116,96,169,24,31,253,47,146
119,29,5,142,17,28,204,139,230,250
119,30,117,71,197,170,135,103,251,68
119,31,228,30,151,199,130,91,113,167
119,32,98,96,159,158,91,59,254,99
119,33,126,232,190,81,107,49,238,58
119,34,116,252,56,21,180,101,207,1
119,35,167,218,153,229,20,61,145,76
119,36,158,70,181,248,211,152,23,246
119,37,145,64,58,143,67,161,135,31
119,38,92,148,30,71,234,127,9,84
119,39,189,2,138,92,38,69,213,248
120,0,92,144,186,155,234,66,4,62
120,1,252,195,215,245,198,14,211,95
120,2,188,92,230,150,86,60,58,133
120,3,155,201,243,22,177,251,182,218
120,4,158,94,121,98,112,152,194,8
120,5,115,2,33,165,136,194,0,210
120,6,92,14,43,82,200,185,84,44
120,7,181,171,132,239,28,111,26,243
120,8,224,47,159,184,165,110,203,61
120,9,156,81,120,146,166,207,47,98
120,10,9,207,232,8,165,81,91,116
120,11,153,145,3,98,134,137,132,103
120,12,42,39,181,207,201,116,9,59
120,13,228,151,174,29,109,15,140,185
120,14,189,139,67,73,84,75,114,165
120,15,248,206,250,54,145,192,122,146
120,16,230,169,116,253,31,24,170,54
120,17,142,28,204,236,244,78,17,197
120,18,69,108,135,117,68,103,45,211
120,19,228,51,30,70,96,248,113,59
120,20,224,159,184,171,151,110,41,165
120,21,146,120,156,47,143,207,5,166
120,22,232,9,0,207,165,81,245,111
120,23,153,3,145,15,134,99,132,17
120,24,42,106,186,39,181,47,207,10
120,25,228,199,151,250,200,211,102,155
120,26,67,235,189,139,73,84,93,61
120,27,248,233,250,54,204,206,145,122
120,28,230,116,54,185,24,169,26,146
120,29,142,236,28,230,204,139,65,244
120,30,69,117,135,68,45,80,251,5
120,31,51,30,25,233,226,113,240,111
120,32,195,146,86,194,248,7,199,59
120,33,75,37,97,94,49,81,72,189
120,34,255,212,249,19,187,33,80,21
120,35,136,49,176,167,229,38,202,66
120,36,21,17,228,8,138,158,0,194
120,37,214,110,145,53,244,64,84,137
120,38,63,43,24,185,156,73,222,141
120,39,5,251,127,209,50,90,134,66
121,0,210,93,17,240,53,209,247,14
121,1,195,215,252,97,182,255,68,91
121,2,92,150,110,86,230,188,251,173
121,3,155,159,251,201,22,182,30,54
121,4,158,94,121,112,71,152,98,70
121,5,115,194,2,33,136,0,210,165
121,6,92,14,235,43,200,84,44,125
121,7,181,132,171,26,243,239,111,139
121,8,224,159,184,165,151,98,171,72
121,9,120,81,166,146,47,156,207,98
121,10,207,9,81,0,165,232,218,8
121,11,153,3,145,114,210,134,95,98
121,12,84,181,42,39,106,116,201,207
121,13,29,228,151,38,174,15,140,109
121,14,189,139,67,6,73,75,84,252
121,15,248,206,250,145,54,192,203,122
121,16,169,116,54,230,253,31,24,13
121,17,142,236,28,204,244,218,17,65
121,18,69,117,135,108,68,45,211,35
121,19,228,51,70,30,248,226,96,233
121,20,224,159,184,171,151,41,110,165
121,21,146,120,81,243,207,143,47,227
121,22,232,9,81,0,245,165,207,111
121,23,153,145,3,134,101,17,15,130
121,24,106,186,42,10,39,181,207,12
121,25,228,199,200,151,250,208,212,174
121,26,189,235,73,84,67,139,230,162
121,27,248,241,145,206,182,204,233,122
121,28,230,185,54,116,149,169,231,146
121,29,236,28,142,65,204,244,230,102
121,30,69,117,45,135,68,6,80,59
121,31,51,25,233,30,226,240,33,231
121,32,195,194,146,199,206,7,220,86
121,33,75,97,94,81,37,72,49,189
121,34,212,187,19,54,255,33,251,141
121,35,214,49,244,167,229,202,14,253
121,36,158,8,0,129,234,194,23,188
121,37,145,64,57,147,21,84,28,103
121,38,22,79,127,94,250,84,196,86
121,39,16,145,23,68,62,78,242,34
122,0,107,181,82,251,68,39,83,246
122,1,40,183,234,209,222,96,57,237
122,2,120,2,191,168,238,209,12,246
122,3,50,169,33,166,105,89,100,134
122,4,213,156,159,23,249,121,182,98
122,5,174,250,159,19,0,68,194,42
122,6,84,145,49,110,242,194,124,230
122,7,171,132,195,26,111,239,28,228
122,8,224,184,159,98,68,151,72,171
122,9,120,207,81,47,54,243,166,146
122,10,68,81,226,232,96,165,111,91
122,11,64,145,3,134,225,130,102,194
122,12,39,186,116,106,42,167,181,12
122,13,164,151,228,230,137,199,208,250
122,14,189,67,54,139,84,61,73,165
122,15,120,146,54,250,204,241,206,145
122,16,149,253,116,54,185,31,112,182
122,17,142,17,26,204,28,244,8,152
122,18,135,68,80,117,55,63,141,45
122,19,228,30,34,226,237,51,96,231
122,20,224,171,151,98,72,71,110,184
122,21,47,146,81,207,243,120,228,227
122,22,68,232,165,91,81,111,226,86
122,23,64,134,145,3,194,17,225,101
122,24,106,186,39,12,42,210,207,10
122,25,164,199,200,228,151,137,89,212
122,26,189,67,73,235,139,54,38,84
122,27,241,233,116,204,206,182,121,250
122,28,149,185,169,211,122,146,252,78
122,29,26,142,28,65,204,230,22,99
122,30,55,45,117,80,221,203,68,5
122,31,237,25,231,226,240,233,51,30
122,32,224,197,206,199,7,178,89,220
122,33,179,201,156,81,72,217,40,245
122,34,49,217,213,33,141,251,188,177
122,35,224,244,214,167,229,14,202,253
122,36,24,255,158,129,239,194,57,203
122,37,50,64,147,57,14,21,28,22
122,38,146,79,127,94,86,84,189,118
122,39,85,177,13,62,34,242,78,30
123,0,24,65,109,41,29,86,4,2
123,1,22,165,236,14,234,226,42,85
123,2,120,139,221,5,77,193,84,2
123,3,177,156,19,243,166,159,50,218
123,4,158,243,149,121,4,132,194,159
123,5,213,250,14,0,19,33,165,2
123,6,49,149,84,185,125,172,242,159
123,7,132,26,171,169,239,28,4,227
123,8,224,246,151,157,68,98,41,74
123,9,120,207,81,143,146,166,54,243
123,10,226,232,250,31,17,159,245,219
123,11,17,109,207,134,201,145,225,235
123,12,166,39,167,10,42,207,116,186
123,13,199,137,228,208,151,164,174,230
123,14,189,73,67,139,84,156,165,216
123,15,116,146,145,206,28,233,122,170
123,16,185,169,191,116,31,138,24,146
123,17,244,142,204,28,213,217,210,17
123,18,117,45,63,146,35,130,141,77
123,19,237,25,34,248,228,208,240,225
123,20,224,157,68,151,184,171,41,34
123,21,146,243,120,81,143,166,137,207
123,22,17,250,232,226,159,81,245,111
123,23,109,17,134,3,209,194,93,145
123,24,10,166,42,106,186,210,250,207
123,25,199,228,137,164,230,151,208,255
123,26,189,84,235,67,73,139,251,87
123,27,116,206,233,182,145,122,250,121
123,28,138,201,88,169,146,116,185,20
123,29,213,28,204,142,230,244,65,101
123,30,117,45,221,135,68,55,130,59
123,31,25,70,237,30,226,33,212,243
123,32,157,197,206,75,14,7,220,59
123,33,18,103,5,81,72,59,201,245
123,34,11,227,213,94,33,251,141,246
123,35,244,214,224,167,14,253,202,229
123,36,158,129,48,24,57,50,194,188
123,37,64,57,147,14,50,21,103,22
123,38,79,124,127,94,84,118,250,189
123,39,13,177,62,78,34,242,30,70
124,0,139,134,62,211,151,124,174,231
124,1,17,133,22,236,49,235,14,193
124,2,94,120,172,127,3,64,239,143
124,3,243,213,167,251,186,207,22,66
124,4,243,158,121,44,70,127,29,178
124,5,250,115,236,164,33,0,2,86
124,6,49,161,185,159,84,149,209,25
124,7,132,171,26,246,167,239,158,111
124,8,224,151,246,68,72,98,161,171
124,9,207,81,143,58,243,229,166,146
124,10,232,226,96,242,165,138,81,66
124,11,85,59,17,134,218,194,132,137
124,12,116,186,10,39,108,42,210,207
124,13,212,228,199,151,137,208,93,89
124,14,189,73,67,84,165,139,90,54
124,15,206,145,146,182,170,50,122,28
124,16,116,190,169,191,31,56,193,183
124,17,244,204,142,28,78,210,58,226
124,18,250,117,130,45,193,135,68,77
124,19,25,228,85,99,70,231,208,248
124,20,224,68,184,151,171,85,71,165
124,21,146,81,243,98,143,5,166,207
124,22,232,81,226,242,216,250,165,66
124,23,85,59,17,194,145,134,231,3
124,24,128,10,11,210,42,186,205,12
124,25,19,137,228,230,199,208,255,148
124,26,73,67,84,235,93,139,203,251
124,27,206,122,145,233,121,192,28,94
124,28,190,116,82,193,212,24,26,219
124,29,88,142,21,204,28,244,230,151
124,30,250,151,63,117,162,68,135,5
124,31,25,228,226,111,30,113,146,34
124,32,76,85,179,57,86,40,140,159
124,33,162,95,104,56,139,81,49,11
124,34,44,72,238,240,195,94,33,28
124,35,191,148,190,74,202,167,229,187
124,36,115,227,158,142,26,23,188,248
124,37,145,64,78,113,27,143,126,21
124,38,119,127,169,250,215,251,94,84
124,39,158,122,138,75,179,44,70,165
125,0,49,51,153,22,85,247,11,227
125,1,223,169,87,5,13,194,177,155
125,2,16,14,90,26,70,146,196,54
125,3,98,97,238,160,27,135,228,208
125,4,14,167,65,181,201,240,67,170
125,5,67,235,161,191,250,142,160,192
125,6,43,167,84,215,149,125,55,200
125,7,44,171,132,26,28,239,111,231
125,8,33,184,212,176,85,57,89,164
125,9,132,94,98,143,166,81,129,146
125,10,248,207,81,232,96,22,108,212
125,11,20,36,145,17,3,98,90,95
125,12,207,181,39,128,42,10,201,59
125,13,33,29,228,15,174,109,255,142
125,14,147,189,139,73,75,84,67,114
125,15,206,122,192,250,145,94,13,146
125,16,156,169,116,31,253,24,192,146
125,17,110,142,244,204,28,17,60,22
125,18,112,128,117,68,45,103,135,211
125,19,228,199,120,51,25,113,12,240
125,20,33,224,151,41,165,171,184,212
125,21,227,132,146,143,207,47,243,166
125,22,245,248,232,207,165,111,91,250
125,23,20,145,36,134,3,95,194,101
125,24,43,42,186,9,10,39,207,59
125,25,228,33,199,142,15,151,89,29
125,26,189,139,67,84,147,73,61,24
125,27,122,206,233,250,49,54,121,192
125,28,156,116,24,146,170,253,161,169
125,29,142,110,28,17,139,172,244,151
125,30,112,117,128,68,5,80,71,103
125,31,30,120,51,25,228,12,226,113
125,32,238,113,158,178,159,91,40,59
125,33,73,41,72,49,81,232,94,107
125,34,161,97,21,56,252,34,19,251
125,35,218,167,229,214,202,76,61,151
125,36,181,158,248,8,23,246,152,211
125,37,145,64,67,143,161,135,21,103
125,38,9,30,127,234,201,79,84,22
125,39,138,92,1,62,145,250,246,242
126,0,181,107,82,251,68,39,245,83
126,1,173,98,189,237,222,220,54,170
126,2,76,16,108,14,229,68,196,239
126,3,169,194,75,143,150,92,195,3
126,4,133,244,67,21,172,7,65,254
126,5,174,250,191,245,160,159,142,0
126,6,19,49,194,84,149,160,199,43
126,7,44,171,195,132,28,26,111,214
126,8,33,216,184,224,68,151,159,125
126,9,132,120,166,143,207,5,243,22
126,10,68,161,96,253,81,226,232,64
126,11,64,238,36,145,3,130,194,134
126,12,115,212,210,207,42,39,225,181
126,13,164,33,142,228,230,151,137,208
126,14,189,147,139,84,73,75,67,229
126,15,127,120,206,240,145,233,241,122
126,16,156,116,185,191,31,149,146,54
126,17,244,142,110,26,204,28,17,65
126,18,112,117,55,68,128,45,63,135
126,19,228,51,237,120,25,34,12,151
126,20,224,184,33,151,41,112,171,110
126,21,132,146,81,243,227,120,143,166
126,22,68,81,250,232,245,161,111,165
126,23,64,36,238,3,134,145,194,101
126,24,106,186,10,67,42,210,39,9
126,25,33,142,228,164,199,200,151,208
126,26,235,189,147,73,84,67,139,61
126,27,233,241,120,204,145,182,206,250
126,28,156,185,149,116,211,231,122,146
126,29,26,142,110,28,230,65,204,244
126,30,55,112,117,128,45,135,203,68
126,31,237,25,120,226,51,30,233,231
126,32,224,238,206,199,178,197,7,220
126,33,179,201,156,81,72,217,40,21
126,34,49,217,213,33,141,251,188,177
126,35,224,214,244,167,229,202,253,14
126,36,24,255,158,129,239,194,50,23
126,37,50,64,147,57,21,14,103,145
126,38,146,79,86,127,94,59,84,74
126,39,85,177,13,62,78,34,242,30
127,0,139,24,109,72,192,211,151,225
127,1,14,236,226,22,193,171,50,85
127,2,3,76,16,5,193,221,120,143
127,3,243,167,113,182,19,240,22,177
127,4,121,243,158,2,178,192,70,175
127,5,24,63,250,164,86,165,0,149
127,6,128,149,19,59,159,84,185,49
127,7,38,132,32,171,111,169,26,208
127,8,224,98,151,171,74,133,72,220
127,9,81,54,243,237,20,61,207,47
127,10,92,165,73,81,91,226,232,242
127,11,154,218,134,225,84,231,10,235
127,12,186,84,147,116,42,39,115,166
127,13,151,166,93,19,228,212,165,66
127,14,189,67,61,73,165,139,96,11
127,15,250,101,146,238,109,182,203,28
127,16,161,253,169,53,72,82,31,145
127,17,214,17,204,19,142,145,230,135
127,18,130,68,55,245,80,117,211,53
127,19,144,226,34,61,228,33,248,199
127,20,224,98,151,171,71,72,237,69
127,21,81,47,243,54,227,237,207,146
127,22,91,92,81,226,232,134,73,146
127,23,154,238,134,218,231,10,225,3
127,24,84,166,186,115,210,12,42,9
127,25,151,230,228,137,199,192,19,89
127,26,61,189,73,67,84,235,139,24
127,27,250,233,206,204,182,54,121,109
127,28,82,161,53,169,56,179,138,211
127,29,214,17,142,230,204,28,19,62
127,30,112,130,117,151,203,80,5,245
127,31,144,226,249,30,70,25,107,33
127,32,123,14,220,85,206,197,117,91
127,33,84,72,81,139,177,225,151,103
127,34,94,11,18,33,48,251,141,152
127,35,114,253,214,14,167,244,229,67
127,36,44,158,194,50,242,129,26,203
127,37,56,64,21,162,28,14,57,48
127,38,132,79,94,84,47,127,87,179
127,39,44,99,77,78,197,242,70,203
128,0,247,57,88,87,146,128,59,176
128,1,111,251,29,171,17,178,71,126
128,2,200,31,135,15,16,232,14,54
128,3,70,28,137,199,102,166,153,48
128,4,7,121,19,126,229,202,219,2
128,5,24,174,250,144,63,149,0,245
128,6,49,128,19,149,84,115,242,228
128,7,129,171,132,239,32,223,68,26
128,8,224,69,184,34,98,237,151,61
128,9,69,47,81,54,243,148,146,237
128,10,68,73,91,81,92,226,232,96
128,11,238,154,134,207,3,205,225,235
128,12,115,84,186,147,42,19,181,39
128,13,164,228,151,137,199,114,120,174
128,14,189,61,139,67,73,75,229,165
128,15,250,203,127,54,116,233,206,238
128,16,185,31,161,169,112,116,211,146
128,17,142,26,17,204,28,244,112,214
128,18,68,80,93,103,63,135,112,45
128,19,228,226,34,96,30,51,201,144
128,20,224,237,171,151,98,110,246,72
128,21,47,120,243,148,227,81,146,207
128,22,68,232,91,165,81,60,121,226
128,23,238,210,3,154,64,134,5,194
128,24,84,210,106,115,186,42,207,39
128,25,164,199,151,228,137,200,89,212
128,26,189,235,67,73,139,61,84,54
128,27,203,233,116,241,250,213,204,206
128,28,161,185,149,211,169,201,122,146
128,29,26,142,17,28,230,204,65,214
128,30,221,117,203,112,80,45,68,245
128,31,226,70,237,30,144,25,249,201
128,32,224,197,206,220,89,7,199,245
128,33,177,84,156,81,96,72,40,105
128,34,49,15,217,213,11,33,188,141
128,35,224,214,244,167,253,229,14,202
128,36,255,158,24,129,239,50,194,198
128,37,50,64,21,14,57,147,28,48
128,38,146,79,124,86,94,84,127,106
128,39,177,85,13,62,78,242,203,181
129,0,180,199,62,151,175,211,55,231
129,1,111,49,22,251,239,17,14,204
129,2,200,212,120,249,31,15,199,3
129,3,243,159,22,182,113,199,166,197
129,4,243,158,121,44,132,70,203,178
129,5,2,27,236,115,250,144,86,0
129,6,128,157,49,172,161,185,19,84
129,7,132,129,171,167,26,169,111,239
129,8,224,151,220,171,98,69,161,61
129,9,227,207,61,243,146,81,189,198
129,10,232,9,165,91,222,96,226,64
129,11,59,85,225,134,194,218,84,238
129,12,186,39,115,59,210,207,42,205
129,13,151,199,137,228,166,208,1,174
129,14,189,139,67,54,61,163,84,73
129,15,233,206,182,250,54,122,49,145
129,16,193,31,116,253,169,185,146,170
129,17,142,28,244,204,17,78,152,48
129,18,250,68,151,80,103,130,117,77
129,19,85,226,249,228,30,96,248,70
129,20,224,151,171,107,98,237,246,72
129,21,227,207,146,98,243,5,27,47
129,22,232,242,216,226,165,91,86,40
129,23,136,85,59,201,220,218,194,231
129,24,128,115,11,205,210,39,10,148
129,25,19,137,230,97,71,228,192,148
129,26,171,203,139,84,67,54,163,56
129,27,206,122,28,146,192,233,13,127
129,28,116,193,82,24,168,26,236,169
129,29,88,142,21,119,28,151,230,61
129,30,162,117,63,250,151,68,232,135
129,31,228,249,30,25,96,111,113,226
129,32,179,86,125,123,140,159,76,40
129,33,95,132,139,104,181,56,49,36
129,34,44,238,240,195,28,21,46,72
129,35,148,190,74,229,202,167,76,191
129,36,227,115,158,142,23,19,248,147
129,37,78,64,27,145,16,227,143,175
129,38,169,215,119,72,254,96,35,241
129,39,231,158,117,179,103,122,90,17
130,0,123,249,229,196,105,216,7,64
130,1,225,150,231,27,155,62,11,20
130,2,109,17,146,4,210,90,103,162
130,3,152,133,31,187,84,235,37,231
130,4,13,142,102,236,167,108,15,222
130,5,104,186,193,6,161,235,204,236
130,6,54,167,84,43,153,200,93,125
130,7,171,132,26,29,23,239,227,28
130,8,234,224,184,89,151,98,171,100
130,9,29,94,81,164,228,129,47,146
130,10,248,169,130,81,232,207,121,165
130,11,145,189,136,3,134,90,17,185
130,12,63,39,42,128,26,181,10,51
130,13,43,228,154,151,147,29,174,170
130,14,189,139,75,73,51,124,86,84
130,15,81,250,145,206,54,122,146,162
130,16,5,116,24,196,170,31,253,192
130,17,204,142,250,172,244,28,61,17
130,18,57,179,187,117,68,211,50,58
130,19,130,228,30,25,205,109,224,208
130,20,234,224,151,165,184,246,41,110
130,21,29,227,146,94,47,164,27,126
130,22,169,130,207,121,198,245,232,255
130,23,189,134,145,95,25,111,3,98
130,24,63,128,26,42,74,15,160,6
130,25,228,211,43,147,250,15,159,212
130,26,86,84,61,189,124,139,20,73
130,27,200,81,250,206,94,122,192,181
130,28,5,116,133,168,24,43,26,146
130,29,250,76,172,142,151,17,139,28
130,30,179,117,187,68,103,135,205,211
130,31,130,228,30,109,25,96,205,4
130,32,98,99,159,254,91,186,131,40
130,33,49,126,238,86,183,232,223,73
130,34,84,252,207,180,62,96,101,171
130,35,218,153,145,160,229,202,167,76
130,36,70,181,248,217,158,23,75,112
130,37,145,65,143,176,58,96,24,240
130,38,254,237,148,18,184,55,92,182
130,39,2,138,189,235,198,38,218,167
131,0,235,141,115,47,253,221,158,177
131,1,182,93,155,244,46,11,188,152
131,2,10,57,145,103,121,34,109,17
131,3,12,158,162,190,252,77,143,183
131,4,95,236,142,127,67,15,108,87
131,5,90,47,193,188,186,135,43,41
131,6,153,167,215,43,60,54,173,83
131,7,23,117,29,176,199,185,78,171
131,8,239,116,56,234,180,209,99,77
131,9,126,116,164,191,94,13,208,228
131,10,198,130,169,248,36,90,207,76
131,11,233,189,107,161,73,145,25,128
131,12,74,63,93,128,26,160,181,15
131,13,147,43,154,134,33,118,29,32
131,14,86,51,124,189,73,20,252,147
131,15,81,200,162,181,206,238,146,250
131,16,5,196,169,26,133,170,156,134
131,17,250,172,60,76,166,61,87,204
131,18,179,57,187,13,161,0,127,141
131,19,12,109,20,116,248,205,117,162
131,20,56,239,234,116,4,246,205,83
131,21,126,116,191,29,94,164,208,71
131,22,130,169,198,76,86,69,255,141
131,23,189,161,36,172,111,128,46,107
131,24,74,63,15,26,93,160,58,128
131,25,147,134,104,43,26,33,61,211
131,26,51,86,20,124,148,147,252,110
131,27,200,181,162,81,58,189,87,31
131,28,43,151,5,255,168,133,194,134
131,29,87,57,0,76,250,167,106,172
131,30,163,179,195,187,35,14,226,161
131,31,116,109,20,12,205,221,248,4
131,32,223,119,181,252,90,160,213,64
131,33,93,184,210,129,83,231,39,98
131,34,82,106,112,132,231,85,234,38
131,35,72,203,174,84,27,42,81,96
131,36,222,22,192,221,106,75,224,20
131,37,24,229,240,88,133,200,130,36
131,38,193,254,64,11,248,184,140,207
131,39,162,186,168,190,193,148,237,91
132,0,252,25,238,43,42,147,112,183
132,1,46,129,250,147,224,103,189,112
132,2,10,128,140,176,167,78,145,186
132,3,130,26,233,230,103,117,183,78
132,4,67,81,144,9,96,211,183,199
132,5,188,90,43,135,47,78,131,214
132,6,60,63,173,101,206,215,176,198
132,7,176,70,15,117,142,3,201,20
132,8,239,10,104,237,160,116,100,175
132,9,126,191,160,113,169,208,116,25
132,10,157,173,151,115,82,166,76,36
132,11,133,233,39,224,36,111,112,127
132,12,249,44,93,85,175,54,212,251
132,13,33,15,211,104,138,6,21,112
132,14,147,86,252,53,139,73,22,110
132,15,166,146,122,45,213,170,206,192
132,16,156,151,26,168,169,176,24,31
132,17,5,204,57,110,60,28,166,142
132,18,128,226,117,15,53,14,5,77
132,19,12,120,167,25,236,248,52,208
132,20,239,224,171,41,151,116,165,34
132,21,126,191,146,116,71,227,207,143
132,22,76,86,248,245,121,232,157,120
132,23,36,133,95,224,111,134,188,217
132,24,220,93,251,42,242,10,207,12
132,25,104,33,15,6,119,212,228,105
132,26,86,84,147,252,73,189,139,58
132,27,97,206,122,145,172,170,192,166
132,28,156,43,146,255,168,24,169,31
132,29,5,57,28,204,142,167,165,22
132,30,35,117,128,226,193,59,201,5
132,31,12,248,167,25,236,52,113,201
132,32,223,64,30,158,227,40,105,101
132,33,74,113,220,83,137,245,207,218
132,34,241,186,0,46,216,168,223,108
132,35,96,58,213,209,241,47,64,19
132,36,75,102,27,112,80,232,59,94
132,37,62,229,175,226,141,149,125,176
132,38,239,193,254,186,207,166,182,236
132,39,238,155,193,231,168,237,50,95
133,0,209,104,206,43,30,105,95,147
133,1,46,47,188,156,110,36,20,54
133,2,172,20,171,233,144,251,73,1
133,3,130,183,77,117,222,12,244,119
133,4,184,20,150,187,97,87,246,66
133,5,32,163,162,111,159,165,137,21
133,6,159,26,34,185,102,148,177,209
133,7,132,171,111,26,140,208,182,239
133,8,224,98,72,151,133,220,69,121
133,9,20,207,251,243,81,32,58,137
133,10,116,176,217,156,134,146,245,165
133,11,42,225,134,60,141,44,223,204
133,12,116,186,39,17,50,250,143,163
133,13,151,212,93,120,228,176,248,45
133,14,189,44,67,73,165,253,202,198
133,15,149,146,50,12,14,114,145,133
133,16,234,74,112,254,24,117,209,72
133,17,152,204,20,17,142,22,58,38
133,18,141,175,53,223,32,117,201,68
133,19,212,224,231,219,25,30,195,202
133,20,224,71,151,41,23,98,72,181
133,21,207,137,146,243,1,214,105,84
133,22,245,160,111,250,35,121,91,56
133,23,80,223,63,134,111,13,221,225
133,24,13,250,39,17,60,116,186,96
133,25,212,89,248,120,14,228,151,45
133,26,189,165,73,84,61,253,17,252
133,27,50,204,170,133,149,182,227,87
133,28,74,117,228,234,65,146,81,112
133,29,152,219,150,22,28,144,38,20
133,30,92,223,117,15,126,216,175,182
133,31,212,201,224,25,215,9,231,180
133,32,33,88,136,241,101,235,143,255
133,33,72,192,220,82,219,13,239,50
133,34,16,250,33,251,246,26,29,93
133,35,93,53,14,84,16,253,67,186
133,36,110,158,50,87,194,74,78,214
133,37,163,64,238,52,55,124,113,111
133,38,103,50,149,150,204,115,24,177
133,39,136,225,37,141,166,198,91,134
134,0,32,206,168,255,181,238,95,34
134,1,140,46,201,122,182,207,176,105
134,2,82,20,98,52,204,215,172,144
134,3,183,117,233,103,119,130,204,178
134,4,81,184,20,249,246,130,247,193
134,5,111,159,32,42,85,230,255,132
134,6,7,145,206,230,176,43,160,199
134,7,171,111,142,132,26,176,210,140
134,8,224,151,98,72,41,161,69,165
134,9,20,81,243,126,71,203,184,207
134,10,121,96,240,116,245,81,43,76
134,11,42,134,225,132,10,145,223,25
134,12,186,116,39,42,207,17,250,80
134,13,151,15,140,228,212,234,120,208
134,14,189,73,67,165,139,84,61,44
134,15,146,145,50,90,206,122,14,109
134,16,253,74,24,169,168,72,116,4
134,17,142,204,17,244,28,58,8,135
134,18,71,135,91,68,175,80,73,117
134,19,228,34,226,59,30,88,240,181
134,20,224,71,171,110,151,107,253,184
134,21,207,146,224,105,137,81,165,188
134,22,165,160,207,232,81,85,116,246
134,23,80,225,10,95,145,17,111,223
134,24,222,39,186,12,59,116,205,189
134,25,199,228,140,250,93,212,41,151
134,26,67,73,189,96,84,54,165,139
134,27,206,146,249,121,3,142,182,169
134,28,74,116,72,31,253,169,45,250
134,29,150,28,142,89,204,66,230,17
134,30,139,117,175,80,91,135,251,68
134,31,33,70,30,226,59,137,228,108
134,32,33,47,220,59,40,216,159,64
134,33,192,81,75,72,21,239,5,245
134,34,16,21,70,251,120,246,155,33
134,35,167,235,214,151,218,14,202,183
134,36,158,110,74,34,206,118,188,50
134,37,64,184,21,163,32,25,113,175
134,38,252,254,103,62,177,96,55,182
134,39,238,35,206,2,237,22,120,84
135,0,88,112,140,173,238,200,95,89
135,1,181,47,152,192,46,36,136,20
135,2,62,82,218,160,186,20,165,251
135,3,226,233,106,117,103,236,150,210
135,4,62,9,193,45,72,101,191,247
135,5,230,220,160,239,29,72,189,42
135,6,118,23,160,63,193,199,97,179
135,7,142,176,112,26,145,111,126,159
135,8,239,175,224,151,100,161,237,34
135,9,126,143,53,146,71,69,166,243
135,10,121,215,21,76,189,240,122,115
135,11,133,224,42,249,25,28,162,187
135,12,212,126,92,207,187,232,184,144
135,13,15,151,228,176,212,208,236,26
135,14,189,73,165,67,84,147,139,61
135,15,145,50,146,206,14,149,109,122
135,16,24,74,169,72,168,191,116,209
135,17,204,244,152,38,58,17,1,142
135,18,175,117,53,91,225,152,45,135
135,19,88,25,59,212,190,67,122,202
135,20,224,151,71,41,171,98,81,108
135,21,207,137,227,251,146,81,174,69
135,22,116,245,111,232,132,160,156,81
135,23,80,134,223,10,60,111,224,44
135,24,250,186,116,17,50,42,205,9
135,25,228,212,37,250,118,204,158,119
135,26,189,73,67,252,84,204,24,251
135,27,177,249,206,1,169,14,50,239
135,28,72,24,26,116,169,74,47,145
135,29,204,158,150,17,60,152,5,205
135,30,117,59,32,201,175,91,170,35
135,31,248,25,240,201,166,212,59,79
135,32,60,223,59,64,158,236,91,245
135,33,81,74,41,33,108,190,220,245
135,34,34,116,82,14,25,98,46,239
135,35,93,14,167,202,253,229,214,53
135,36,158,50,23,15,78,77,95,27
135,37,64,163,104,175,245,59,232,152
135,38,27,62,128,239,92,252,254,148
135,39,110,243,12,106,242,206,46,237
136,0,124,199,151,192,222,236,191,160
136,1,14,245,124,186,240,179,204,49
136,2,3,193,60,79,61,188,143,76
136,3,197,243,22,66,207,87,182,56
136,4,158,121,203,200,70,175,29,250
136,5,81,164,0,236,33,60,52,136
136,6,14,185,43,82,19,200,227,91
136,7,111,171,132,26,167,126,239,142
136,8,224,151,98,171,69,220,72,34
136,9,20,243,254,130,1,221,166,81
136,10,245,232,242,172,162,147,217,190
136,11,223,218,134,121,52,44,237,225
136,12,13,186,38,116,250,42,207,157
136,13,212,151,199,228,248,158,20,176
136,14,189,73,165,116,67,253,252,139
136,15,149,50,28,146,170,14,238,6
136,16,112,234,254,169,209,168,146,60
136,17,152,204,22,28,20,219,96,142
136,18,108,201,35,117,250,129,193,146
136,19,212,248,25,195,174,239,224,67
136,20,224,172,41,151,171,145,71,165
136,21,207,243,146,32,227,1,137,254
136,22,245,232,148,111,134,172,147,242
136,23,223,134,221,218,237,99,225,10
136,24,50,158,250,42,251,13,186,58
136,25,212,194,0,228,20,158,211,248
136,26,189,73,252,86,84,67,87,196
136,27,149,122,50,28,146,6,206,130
136,28,169,102,234,160,112,146,254,26
136,29,204,28,158,60,219,142,152,19
136,30,197,117,108,99,201,129,250,59
136,31,25,228,167,248,59,212,157,201
136,32,19,85,123,64,254,159,12,59
136,33,56,139,61,81,28,74,72,181
136,34,191,252,1,195,121,56,46,166
136,35,235,218,14,93,202,253,185,250
136,36,158,23,26,78,248,92,152,118
136,37,64,58,175,238,126,229,143,67
136,38,92,0,252,101,254,196,217,96
136,39,189,138,197,17,235,44,6,109
137,0,35,34,101,197,179,9,67,214
137,1,47,62,97,155,70,216,20,151
137,2,209,38,130,19,174,149,196,155
137,3,26,230,236,233,211,226,80,210
137,4,15,144,245,200,241,198,102,61
137,5,188,90,131,220,222,159,42,109
137,6,14,215,246,43,106,11,133,223
137,7,112,171,26,41,199,23,210,70
137,8,239,35,85,213,44,79,147,26
137,9,203,143,180,140,117,119,205,193
137,10,248,22,157,245,86,255,21,122
137,11,133,174,111,243,42,95,125,16
137,12,220,160,253,207,201,3,42,21
137,13,15,29,21,211,176,228,140,138
137,14,86,73,252,139,189,84,22,53
137,15,172,36,146,122,206,250,213,170
137,16,169,31,168,24,181,26,253,146
137,17,60,204,142,28,166,225,244,5
137,18,197,170,80,53,135,117,35,103
137,19,199,59,248,25,228,236,51,167
137,20,224,171,239,212,151,35,65,41
137,21,203,227,207,146,81,105,123,214
137,22,207,236,232,121,165,83,21,245
137,23,10,95,225,42,39,134,133,111
137,24,43,186,251,220,42,59,12,250
137,25,29,15,228,140,199,212,21,105
137,26,73,67,86,189,252,84,24,251
137,27,172,213,146,206,249,182,170,215
137,28,169,24,168,253,96,161,231,31
137,29,17,5,204,142,28,230,222,151
137,30,71,117,91,170,175,135,197,68
137,31,199,59,240,91,25,120,33,228
137,32,98,91,158,64,47,247,236,220
137,33,190,107,232,126,58,81,72,151
137,34,56,116,252,161,33,97,10,21
137,35,218,167,235,129,85,20,14,236
137,36,152,246,158,70,181,188,78,211
137,37,67,64,58,143,161,135,22,48
137,38,92,148,30,127,9,101,234,118
137,39,189,2,138,92,38,213,69,70
138,0,144,92,186,188,155,66,4,234
138,1,198,255,63,14,193,211,124,128
138,2,92,188,150,230,86,60,255,110
138,3,177,155,197,30,182,156,201,22
138,4,94,121,158,112,132,98,152,194
138,5,115,2,33,164,0,165,210,136
138,6,92,43,200,235,125,14,59,185
138,7,169,181,171,132,26,41,139,243
138,8,224,47,151,171,246,165,41,98
138,9,120,227,81,166,243,146,207,229
138,10,207,9,245,232,121,190,81,134
138,11,153,134,202,130,15,95,225,98
138,12,42,116,207,39,186,225,59,10
138,13,151,228,15,140,174,38,250,208
138,14,189,73,67,84,139,58,252,167
138,15,248,145,206,54,122,249,250,94
138,16,230,169,54,4,26,24,31,195
138,17,142,204,244,236,218,151,28,197
138,18,69,117,45,68,233,63,152,53
138,19,190,25,59,248,96,51,228,233
138,20,224,171,151,41,65,165,110,159
138,21,227,146,207,81,120,243,229,166
138,22,9,207,232,0,111,165,245,107
138,23,15,153,134,130,225,223,98,202
138,24,106,42,9,186,116,207,59,39
138,25,228,151,200,212,250,37,145,199
138,26,73,84,67,252,189,93,204,139
138,27,248,206,213,249,54,145,1,182
138,28,230,54,169,24,26,147,185,31
138,29,236,28,204,151,142,65,122,103
138,30,69,45,117,68,91,80,251,59
138,31,51,25,240,59,233,88,226,33
138,32,146,195,86,236,247,57,194,47
138,33,75,97,37,94,217,81,6,162
138,34,212,255,19,33,187,249,54,10
138,35,136,49,167,212,235,129,106,202
138,36,234,8,0,92,21,217,119,143
138,37,214,53,243,226,175,92,54,160
138,38,87,222,98,70,254,62,166,220
138,39,251,127,65,50,255,53,165,11
139,0,247,210,240,17,87,52,209,84
139,1,67,255,63,8,178,193,195,175
139,2,92,150,86,230,110,188,2,116
139,3,155,201,182,54,22,81,30,177
139,4,94,158,112,121,98,71,192,76
139,5,194,0,136,210,115,2,159,33
139,6,43,92,125,235,200,59,106,91
139,7,169,181,132,171,26,111,228,62
139,8,224,151,98,161,41,171,69,246
139,9,120,207,81,243,229,254,166,103
139,10,207,245,121,9,190,81,116,232
139,11,153,130,134,225,98,132,223,187
139,12,116,186,42,17,39,143,21,250
139,13,151,140,212,228,15,183,93,208
139,14,189,73,67,204,139,202,44,253
139,15,149,50,248,206,28,14,114,145
139,16,72,209,26,253,112,24,145,169
139,17,204,152,38,28,142,236,17,244
139,18,175,69,91,135,45,117,68,141
139,19,212,59,70,25,88,248,61,34
139,20,224,71,171,151,65,98,110,23
139,21,207,229,137,188,81,146,186,251
139,22,232,156,132,165,207,147,116,172
139,23,10,130,153,223,60,80,225,46
139,24,106,250,17,186,42,116,39,205
139,25,200,212,37,199,228,252,89,158
139,26,73,67,252,84,189,204,194,96
139,27,248,241,206,233,215,213,142,103
139,28,147,185,169,26,54,230,149,72
139,29,236,204,28,65,122,222,90,165
139,30,69,45,117,6,68,91,175,64
139,31,240,51,25,233,70,59,33,202
139,32,195,146,236,199,64,194,59,86
139,33,75,97,94,217,37,81,189,245
139,34,212,54,33,187,19,255,246,188
139,35,49,212,167,202,214,47,129,56
139,36,234,8,0,92,119,34,239,23
139,37,64,22,90,21,209,32,175,220
139,38,22,127,118,94,84,196,189,70
139,39,23,68,16,241,70,145,89,178
140,0,51,49,153,146,22,11,85,247
140,1,40,96,48,223,57,183,10,87
140,2,2,16,65,252,116,35,249,120
140,3,98,97,109,238,160,27,148,102
140,4,247,167,14,240,76,201,145,123
140,5,80,67,191,111,146,0,33,98
140,6,92,43,125,200,59,204,106,170
140,7,169,44,171,132,26,181,239,228
140,8,33,171,224,151,165,194,193,246
140,9,132,227,207,129,231,98,81,146
140,10,207,248,81,245,121,232,140,8
140,11,36,153,20,202,132,98,15,165
140,12,207,39,10,17,42,225,226,186
140,13,33,142,29,15,151,140,245,199
140,14,147,189,73,139,67,84,203,252
140,15,206,50,145,240,109,233,182,170
140,16,156,169,253,146,147,31,209,230
140,17,110,142,204,28,244,17,30,152
140,18,112,128,53,117,175,135,193,201
140,19,199,120,59,212,25,226,129,12
140,20,33,224,71,65,171,151,181,41
140,21,132,207,229,81,137,254,1,188
140,22,207,121,165,111,232,140,172,134
140,23,20,36,10,223,95,44,134,225
140,24,43,186,250,21,42,102,17,116
140,25,33,212,142,199,15,236,252,183
140,26,189,73,204,67,147,84,252,251
140,27,50,235,170,227,206,212,146,145
140,28,156,24,169,231,168,47,253,209
140,29,110,17,204,28,142,222,219,230
140,30,128,112,71,117,175,91,225,135
140,31,120,199,59,240,88,202,25,33
140,32,238,113,158,236,47,214,246,64
140,33,73,41,107,244,81,253,28,200
140,34,97,56,161,34,252,33,10,246
140,35,218,167,129,235,93,14,85,253
140,36,158,152,246,181,78,188,50,242
140,37,67,64,161,135,163,22,143,103
140,38,127,9,30,234,101,118,201,189
140,39,250,1,92,246,138,70,215,203
141,0,144,234,155,92,188,186,4,62
141,1,182,198,143,173,97,14,255,83
141,2,76,92,16,150,2,86,230,110
141,3,177,155,148,22,201,182,251,159
141,4,203,247,94,158,121,76,70,194
141,5,80,115,111,136,81,2,33,0
141,6,92,43,19,238,125,200,126,102
141,7,169,181,26,171,132,243,111,41
141,8,224,151,246,171,165,98,0,161
141,9,207,120,81,146,61,143,229,166
141,10,207,245,9,165,85,121,232,190
141,11,153,136,15,225,238,134,44,223
141,12,116,115,186,21,143,39,42,250
141,13,199,15,151,140,142,93,183,212
141,14,189,73,67,165,22,204,194,156
141,15,248,146,170,14,206,145,149,235
141,16,230,253,183,72,168,169,24,104
141,17,204,58,236,233,142,38,152,1
141,18,175,69,135,53,117,108,91,80
141,19,249,59,88,25,33,212,70,60
141,20,224,171,71,151,65,23,181,206
141,21,207,120,188,98,229,81,105,137
141,22,207,0,232,9,246,165,121,85
141,23,153,15,136,10,95,130,225,44
141,24,115,106,205,186,21,42,119,9
141,25,199,228,140,212,250,200,236,166
141,26,73,67,252,84,204,171,194,136
141,27,248,206,213,241,215,182,146,50
141,28,230,169,185,24,54,72,147,183
141,29,236,204,28,65,222,151,142,89
141,30,69,45,117,91,80,139,112,68
141,31,249,233,240,25,33,70,59,226
141,32,146,195,86,247,199,236,47,194
141,33,75,94,97,37,81,217,133,36
141,34,212,187,54,19,255,33,246,10
141,35,49,167,212,253,202,129,104,56
141,36,8,234,0,119,158,34,239,23
141,37,64,90,22,21,229,209,32,175
141,38,22,127,86,94,118,79,196,252
141,39,16,23,68,70,145,241,89,178
142,0,136,78,241,56,89,18,68,146
142,1,40,166,183,96,209,6,186,228
142,2,7,191,19,116,2,128,248,250
142,3,17,51,134,173,9,195,227,123
142,4,253,156,123,247,121,152,98,76
142,5,174,19,0,146,210,111,98,80
142,6,43,124,102,194,242,25,240,200
142,7,169,132,26,171,61,126,21,111
142,8,157,224,151,161,171,98,41,194
142,9,120,207,227,229,81,146,143,166
142,10,12,68,245,226,121,207,232,116
142,11,64,130,134,132,225,173,202,162
142,12,157,116,106,42,254,186,250,207
142,13,42,151,37,212,199,15,228,140
142,14,189,67,73,139,44,252,84,204
142,15,116,241,149,28,206,169,182,215
142,16,72,26,169,149,209,134,253,145
142,17,204,28,60,185,135,89,152,38
142,18,72,91,63,175,45,225,223,141
142,19,59,212,70,122,33,25,88,34
142,20,224,157,151,171,71,161,23,98
142,21,207,229,251,188,186,1,61,146
142,22,68,12,232,156,147,172,165,132
142,23,64,60,10,158,111,134,223,225
142,24,106,250,39,17,120,42,9,167
142,25,37,42,200,228,145,212,166,165
142,26,252,67,73,84,194,189,204,251
142,27,116,241,177,206,213,142,182,121
142,28,147,169,201,149,72,185,26,247
142,29,185,204,28,60,65,26,222,99
142,30,72,117,45,69,221,91,139,80
142,31,70,33,248,212,59,226,25,233
142,32,224,197,220,47,64,206,236,59
142,33,63,81,18,206,156,217,59,245
142,34,152,213,54,33,188,246,10,141
142,35,167,244,253,212,104,214,14,229
142,36,239,251,158,24,50,74,23,143
142,37,64,50,90,22,21,32,28,124
142,38,146,127,86,94,79,118,212,84
142,39,13,85,70,177,30,34,116,62
143,0,70,36,134,62,199,211,76,192
143,1,14,101,254,42,22,49,193,245
143,2,3,182,143,71,115,95,193,254
143,3,243,247,23,182,167,234,251,201
143,4,121,158,253,175,192,70,44,76
143,5,19,164,153,86,136,0,52,165
143,6,159,39,238,157,25,26,43,185
143,7,169,111,132,38,26,171,182,126
143,8,224,151,98,171,220,133,41,194
143,9,20,243,32,1,137,134,58,103
143,10,242,116,232,12,146,147,245,121
143,11,218,223,44,134,60,225,141,59
143,12,157,116,186,50,39,92,17,208
143,13,212,151,19,13,158,93,185,248
143,14,189,44,73,204,67,252,253,198
143,15,149,50,169,238,21,14,28,114
143,16,72,169,102,190,82,253,56,234
143,17,204,152,214,19,38,28,135,1
143,18,72,175,91,130,141,225,117,151
143,19,85,59,48,122,212,88,247,25
143,20,224,171,151,71,98,41,121,181
143,21,207,229,251,98,188,186,84,61
143,22,242,146,12,232,156,147,172,121
143,23,218,201,60,59,10,70,231,158
143,24,50,205,11,119,157,128,250,55
143,25,19,0,140,42,37,13,222,252
143,26,73,196,203,252,67,204,194,84
143,27,28,177,146,206,170,169,3,251
143,28,193,24,82,169,26,190,102,168
143,29,88,21,204,185,222,214,28,142
143,30,63,232,162,151,91,117,80,68
143,31,34,70,33,85,228,59,28,146
143,32,123,179,86,109,18,125,246,220
143,33,139,11,104,81,36,143,162,95
143,34,240,44,238,33,67,195,72,220
143,35,148,190,74,235,167,129,191,253
143,36,227,142,26,115,74,158,147,79
143,37,78,238,27,64,22,196,175,32
143,38,215,80,127,119,118,132,243,52
143,39,158,99,44,70,244,231,77,122
144,0,229,105,123,196,249,7,216,100
144,1,225,231,150,27,62,207,54,25
144,2,90,162,17,164,196,4,210,146
144,3,133,152,235,187,84,31,37,176
144,4,13,142,102,15,167,108,236,222
144,5,104,193,186,204,6,161,132,224
144,6,167,178,43,238,126,59,9,106
144,7,169,26,29,171,132,23,187,111
144,8,234,89,224,151,171,85,194,165
144,9,29,94,207,203,228,164,129,227
144,10,207,12,169,245,121,130,85,232
144,11,189,134,225,98,95,132,44,136
144,12,157,186,63,21,116,42,205,26
144,13,15,37,140,43,170,183,176,151
144,14,73,189,20,22,84,165,86,113
144,15,146,81,145,170,206,122,28,14
144,16,169,5,168,4,24,191,26,209
144,17,204,58,244,172,142,250,28,17
144,18,187,57,73,58,53,179,175,225
144,19,130,25,205,88,163,181,208,240
144,20,234,171,89,237,224,246,36,41
144,21,29,207,94,105,126,164,166,84
144,22,169,245,130,198,250,207,246,85
144,23,189,95,161,132,213,223,225,163
144,24,205,63,26,74,15,160,128,10
144,25,147,43,15,97,140,211,187,37
144,26,20,73,124,252,86,165,84,148
144,27,200,81,145,206,170,122,181,14
144,28,168,24,43,133,5,151,194,176
144,29,250,76,204,172,58,106,165,182
144,30,179,175,117,193,104,205,187,59
144,31,4,205,9,236,105,25,191,201
144,32,64,98,49,41,131,30,10,99
144,33,126,173,64,239,28,99,140,39
144,34,84,96,62,68,157,110,223,203
144,35,203,102,213,209,96,195,245,198
144,36,75,3,233,106,224,94,69,60
144,37,65,152,24,61,226,68,96,176
144,38,193,254,184,166,117,99,159,182
144,39,168,228,84,237,10,198,226,65
145,0,141,235,115,221,253,47,125,158
145,1,182,93,244,155,46,11,68,197
145,2,10,57,34,98,53,145,123,128
145,3,158,12,130,1,77,162,252,49
145,4,142,15,236,95,128,108,87,144
145,5,224,193,186,90,41,47,145,207
145,6,153,167,43,54,215,83,60,178
145,7,29,23,133,171,26,142,143,216
145,8,234,209,89,171,224,116,151,239
145,9,116,126,94,164,191,71,127,29
145,10,130,198,248,169,207,245,23,36
145,11,189,161,134,233,74,163,107,36
145,12,63,93,74,26,21,128,242,103
145,13,43,147,15,33,61,154,176,97
145,14,20,73,124,189,50,22,84,86
145,15,146,81,200,206,145,85,189,122
145,16,5,169,168,196,24,191,133,174
145,17,172,204,250,244,76,61,142,119
145,18,187,57,179,0,35,13,77,239
145,19,148,248,109,139,130,26,116,25
145,20,116,234,235,44,41,197,171,36
145,21,126,116,29,94,164,166,71,122
145,22,250,255,130,121,245,169,113,76
145,23,161,171,172,189,243,25,152,95
145,24,242,63,74,26,10,87,15,80
145,25,147,206,104,43,61,236,212,26
145,26,20,92,50,124,86,148,200,171
145,27,189,200,81,45,145,181,97,90
145,28,43,151,168,255,5,194,36,236
145,29,57,76,87,106,96,250,172,0
145,30,179,35,163,201,32,193,37,30
145,31,116,109,248,205,12,236,4,90
145,32,223,119,181,213,230,64,160,24
145,33,93,184,39,231,239,173,210,83
145,34,112,82,106,228,211,96,231,142
145,35,203,81,102,174,195,231,204,33
145,36,22,222,165,106,219,80,137,29
145,37,133,36,71,202,229,24,98,172
145,38,193,254,248,64,207,239,184,241
145,39,168,162,186,148,190,237,198,159
146,0,252,25,238,43,42,147,176,54
146,1,46,129,250,103,224,147,189,172
146,2,128,140,10,176,98,74,186,78
146,3,130,233,26,103,183,78,230,63
146,4,67,81,144,9,248,179,229,72
146,5,188,90,224,78,43,135,47,130
146,6,60,101,215,198,206,153,36,141
146,7,176,117,70,142,15,3,20,229
146,8,239,116,33,73,160,10,100,21
146,9,126,191,160,116,113,30,132,25
146,10,248,173,36,157,151,120,115,208
146,11,133,36,233,111,39,127,16,112
146,12,44,93,242,249,85,103,54,74
146,13,33,15,104,61,6,138,176,107
146,14,147,50,86,252,165,73,189,22
146,15,189,166,146,122,170,206,45,48
146,16,156,168,151,26,169,255,176,111
146,17,110,5,204,57,166,58,28,210
146,18,128,77,112,53,35,117,233,15
146,19,12,120,25,167,115,109,208,52
146,20,239,224,41,171,151,33,246,165
146,21,126,116,191,146,71,166,243,132
146,22,121,248,86,250,245,69,60,194
146,23,36,133,95,132,111,188,163,134
146,24,242,10,79,93,44,42,251,80
146,25,33,104,6,15,212,228,205,174
146,26,86,50,84,165,147,73,139,252
146,27,170,145,97,122,206,189,182,192
146,28,168,156,43,146,191,151,255,116
146,29,5,57,204,28,58,142,244,158
146,30,201,117,193,35,128,5,226,59
146,31,12,25,248,167,10,236,201,208
146,32,223,64,119,132,227,30,101,105
146,33,137,220,74,239,27,83,114,113
146,34,241,43,0,108,186,216,168,98
146,35,58,209,96,19,229,79,64,213
146,36,59,222,232,75,94,101,80,229
146,37,62,229,175,98,63,125,172,141
146,38,239,193,207,186,254,138,104,164
146,39,238,193,168,231,237,81,155,98
147,0,209,104,206,43,105,30,95,147
147,1,46,47,188,156,110,36,25,54
147,2,73,98,144,171,172,251,85,215
147,3,183,130,222,143,77,117,86,244
147,4,184,97,20,69,21,23,66,31
147,5,57,25,162,234,143,159,21,20
147,6,139,207,254,225,176,206,21,127
147,7,132,111,171,62,98,148,63,182
147,8,224,151,41,98,165,171,91,56
147,9,20,81,243,61,166,71,203,207
147,10,176,134,78,243,116,23,79,156
147,11,42,134,60,135,204,225,141,56
147,12,186,250,116,79,42,9,143,207
147,13,151,228,166,174,212,165,93,109
147,14,189,165,67,73,179,84,139,44
147,15,145,206,146,94,13,169,3,0
147,16,74,195,116,72,4,33,253,168
147,17,142,244,204,58,28,8,152,222
147,18,135,117,53,68,232,91,175,58
147,19,228,240,108,59,25,231,113,226
147,20,224,151,184,171,165,71,41,246
147,21,243,81,146,207,166,5,137,1
147,22,81,160,250,232,66,5,91,165
147,23,80,134,10,3,95,225,40,186
147,24,186,250,222,42,12,58,178,59
147,25,228,140,151,212,166,15,174,89
147,26,189,73,67,165,84,251,139,61
147,27,206,146,250,50,121,54,109,55
147,28,74,116,24,168,253,72,33,47
147,29,204,150,17,28,142,152,230,56
147,30,117,135,175,251,91,11,5,59
147,31,240,25,226,33,102,59,111,113
147,32,33,59,220,246,159,40,7,91
147,33,192,75,81,72,180,189,91,135
147,34,16,33,21,246,120,141,223,10
147,35,167,235,14,202,67,76,161,218
147,36,158,110,248,188,50,59,203,194
147,37,64,238,86,48,146,207,176,123
147,38,191,252,103,55,184,37,206,150
147,39,198,225,65,168,237,226,37,91
148,0,32,206,168,255,181,34,238,246
148,1,46,201,122,140,207,176,105,229
148,2,98,82,215,73,144,21,204,186
148,3,183,103,233,117,178,222,204,119
148,4,81,249,184,130,20,183,246,144
148,5,42,159,111,85,230,132,255,32
148,6,7,176,124,206,139,248,211,145
148,7,241,142,176,26,111,171,62,165
148,8,224,151,175,41,11,165,98,239
148,9,127,20,143,243,81,203,53,207
148,10,96,121,240,145,245,115,189,219
148,11,42,132,134,80,24,95,10,187
148,12,186,116,21,79,250,10,108,207
148,13,212,151,34,15,78,166,165,208
148,14,189,165,73,67,90,204,194,173
148,15,50,149,145,14,206,146,114,170
148,16,74,112,168,116,72,169,253,104
148,17,152,230,204,142,58,17,244,28
148,18,135,175,117,141,53,225,68,193
148,19,231,212,25,88,22,59,228,219
148,20,224,71,151,240,23,41,171,181
148,21,1,243,137,81,254,207,172,224
148,22,81,160,111,134,219,207,132,49
148,23,10,80,95,223,3,225,134,221
148,24,250,186,58,205,14,12,79,39
148,25,212,228,151,15,252,199,166,31
148,26,189,165,73,67,84,61,251,204
148,27,227,50,206,149,133,146,204,250
148,28,169,74,116,24,168,112,183,194
148,29,152,204,150,28,158,230,59,17
148,30,117,175,45,152,91,225,135,223
148,31,212,240,59,231,25,88,137,195
148,32,33,59,31,246,64,236,220,216
148,33,192,75,81,72,189,219,181,180
148,34,16,246,33,10,120,160,14,251
148,35,14,167,202,53,93,161,76,235
148,36,50,158,110,78,92,82,118,198
148,37,64,111,175,184,238,144,207,26
148,38,252,254,55,103,128,166,62,144
148,39,238,164,201,237,35,198,193,206
149,0,88,112,140,173,200,89,95,238
149,1,47,181,152,46,192,36,136,212
149,2,62,82,186,98,215,165,251,197
149,3,226,233,106,103,117,236,210,250
149,4,62,9,193,72,45,171,199,24
149,5,230,220,160,239,189,215,42,13
149,6,118,96,23,160,193,217,179,110
149,7,176,142,112,145,200,213,241,165
149,8,239,175,100,79,151,205,217,244
149,9,53,126,143,71,127,69,213,155
149,10,121,215,189,160,212,60,122,115
149,11,133,181,42,214,39,80,5,224
149,12,79,167,212,91,24,126,175,127
149,13,212,151,208,34,15,228,236,78
149,14,189,165,73,84,67,204,90,139
149,15,145,50,206,146,227,170,14,250
149,16,74,168,24,191,72,112,253,104
149,17,204,152,244,58,17,230,210,142
149,18,175,117,53,141,135,32,225,152
149,19,25,212,240,129,231,228,59,88
149,20,224,151,41,71,98,171,246,240
149,21,243,81,1,137,193,146,166,214
149,22,250,134,81,160,147,245,111,172
149,23,80,221,10,95,134,223,225,132
149,24,250,186,127,62,79,12,100,21
149,25,212,15,228,89,151,174,248,204
149,26,189,73,165,84,251,61,115,42
149,27,50,206,55,227,170,182,250,74
149,28,112,168,74,203,24,146,145,49
149,29,152,150,204,158,17,58,28,112
149,30,117,32,175,59,216,193,99,201
149,31,212,25,195,166,1,180,111,9
149,32,60,64,223,227,101,241,158,132
149,33,72,219,245,13,50,33,220,108
149,34,29,34,0,82,116,25,83,169
149,35,93,14,229,96,19,53,253,76
149,36,158,50,201,23,15,186,229,78
149,37,64,104,245,98,52,163,111,227
149,38,104,27,128,62,239,151,211,252
149,39,110,243,78,190,46,103,12,206
150,0,62,155,92,144,186,231,124,199
150,1,60,208,245,14,124,211,49,95
150,2,79,193,60,113,228,251,91,76
150,3,243,22,249,201,182,54,251,159
150,4,121,158,132,70,147,200,152,29
150,5,0,2,164,33,136,165,52,163
150,6,82,185,84,159,106,14,192,25
150,7,132,167,26,171,111,239,28,126
150,8,224,184,47,151,159,171,72,161
150,9,166,20,243,146,87,81,1,207
150,10,232,81,245,109,91,107,190,111
150,11,134,145,3,223,225,15,59,218
150,12,207,186,42,47,116,38,50,225
150,13,228,13,151,15,212,34,148,109
150,14,73,189,165,139,84,252,67,162
150,15,178,206,153,145,122,146,149,50
150,16,168,169,56,31,230,146,176,116
150,17,204,28,158,244,142,58,152,96
150,18,250,108,117,135,129,35,141,211
150,19,25,228,212,60,224,236,67,231
150,20,224,184,41,151,159,47,171,165
150,21,243,166,146,81,1,237,140,143
150,22,81,194,232,135,233,107,111,121
150,23,133,134,95,10,99,237,85,3
150,24,50,127,79,58,80,250,42,205
150,25,0,228,174,212,21,215,243,64
150,26,196,73,171,252,84,189,87,86
150,27,97,178,206,122,112,35,130,28
150,28,120,169,168,213,116,146,254,176
150,29,60,158,204,28,96,142,19,22
150,30,197,250,129,117,99,108,143,201
150,31,157,49,25,201,167,247,139,236
150,32,19,146,12,248,64,254,31,3
150,33,56,75,133,203,176,74,108,54
150,34,191,166,121,5,80,249,195,136
150,35,136,176,186,185,213,38,209,96
150,36,21,92,17,69,125,29,60,112
150,37,214,144,110,98,126,175,137,34
150,38,87,156,254,0,141,165,149,99
150,39,251,50,209,66,190,22,235,202
151,0,93,240,209,239,210,69,98,228
151,1,97,60,195,208,14,37,63,202
151,2,193,3,113,60,79,251,108,76
151,3,243,87,197,22,159,182,54,66
151,4,121,158,200,70,203,175,192,132
151,5,164,2,236,0,136,33,115,165
151,6,82,84,43,185,106,192,14,213
151,7,132,171,111,26,142,167,126,210
151,8,224,184,159,151,72,85,41,171
151,9,20,221,58,243,166,1,130,32
151,10,245,232,81,217,91,162,233,147
151,11,223,134,145,218,3,121,59,237
151,12,186,13,42,207,116,38,225,50
151,13,151,212,34,176,194,228,166,248
151,14,189,165,73,139,67,252,84,17
151,15,149,6,50,206,153,227,250,14
151,16,168,112,254,234,169,56,146,203
151,17,152,96,204,22,58,244,17,28
151,18,141,201,108,250,117,123,129,135
151,19,212,231,195,1,25,224,228,88
151,20,224,159,151,41,184,172,240,171
151,21,243,1,58,81,166,32,193,146
151,22,219,134,121,81,111,189,102,245
151,23,10,253,132,221,237,3,223,95
151,24,50,79,127,158,58,250,186,205
151,25,212,194,151,228,0,89,15,243
151,26,189,73,165,251,67,17,204,86
151,27,153,50,227,206,238,172,28,6
151,28,168,116,169,24,112,160,183,253
151,29,96,204,21,158,17,60,99,152
151,30,197,250,99,117,135,175,225,91
151,31,151,228,167,199,59,201,114,25
151,32,64,31,146,19,159,254,245,246
151,33,75,56,28,139,72,203,107,205
151,34,1,252,191,56,240,21,5,120
151,35,235,218,167,14,129,186,20,137
151,36,211,248,152,158,246,78,188,70
151,37,58,67,64,143,135,161,48,103
151,38,92,30,234,127,0,101,9,118
151,39,189,138,197,92,235,163,223,225
152,0,101,35,34,197,9,179,242,67
152,1,62,97,47,155,70,20,151,216
152,2,109,251,173,120,155,39,108,252
152,3,26,236,230,233,211,50,226,80
152,4,15,200,245,144,102,241,90,198
152,5,188,90,220,42,222,135,131,229
152,6,14,215,246,242,106,43,91,237
152,7,112,171,23,176,199,156,26,210
152,8,239,35,85,184,236,151,205,57
152,9,203,143,205,193,180,117,35,207
152,10,248,157,122,245,219,192,22,11
152,11,133,174,42,16,95,243,31,144
152,12,160,253,175,220,207,181,186,254
152,13,15,29,21,228,138,211,109,176
152,14,73,86,165,139,189,252,84,75
152,15,172,36,146,250,109,206,192,122
152,16,169,168,116,31,253,212,120,181
152,17,204,142,166,60,28,5,17,58
152,18,135,197,170,53,117,175,35,68
152,19,199,228,51,59,25,167,240,120
152,20,224,184,239,212,151,41,171,35
152,21,203,81,207,146,105,237,166,243
152,22,236,81,207,121,83,66,232,7
152,23,95,10,133,42,145,132,134,3
152,24,43,186,79,205,250,58,251,127
152,25,29,15,228,212,166,21,140,199
152,26,73,86,165,67,189,42,251,156
152,27,172,109,146,206,213,170,250,239
152,28,168,116,161,24,253,169,96,231
152,29,5,17,204,142,230,28,1,60
152,30,71,117,175,135,197,170,91,5
152,31,199,91,120,228,33,25,130,240
152,32,98,158,64,159,31,91,220,223
152,33,190,107,126,232,244,58,28,73
152,34,116,252,56,21,161,97,1,34
152,35,218,235,167,20,129,61,183,85
152,36,152,246,70,248,181,211,158,188
152,37,67,58,64,161,135,143,48,22
152,38,92,30,127,148,9,234,101,201
152,39,189,138,2,92,38,213,69,1
153,0,188,92,144,155,234,62,186,4
153,1,251,198,71,3,100,14,193,144
153,2,92,150,86,230,110,188,60,120
153,3,155,177,182,201,251,156,81,30
153,4,94,112,158,121,98,70,152,192
153,5,165,2,0,210,136,115,164,40
153,6,84,92,235,43,125,19,14,115
153,7,132,181,171,243,26,239,62,111
153,8,224,184,159,151,85,98,74,41
153,9,81,120,207,254,54,166,243,225
153,10,81,207,66,9,245,165,232,116
153,11,153,145,3,10,134,95,98,114
153,12,116,181,250,21,219,39,186,84
153,13,15,151,228,183,166,140,93,165
153,14,189,73,165,67,90,194,84,251
153,15,248,50,206,250,14,145,227,170
153,16,183,230,168,253,169,116,72,54
153,17,236,230,204,17,58,197,218,142
153,18,69,135,175,117,91,211,103,53
153,19,60,59,51,228,70,233,25,33
153,20,184,224,159,71,151,171,181,41
153,21,81,120,254,146,137,243,207,172
153,22,81,0,9,66,207,101,132,149
153,23,153,10,15,145,95,130,3,66
153,24,106,250,186,205,219,58,176,127
153,25,228,199,166,15,200,151,51,183
153,26,73,165,67,93,84,251,156,189
153,27,248,213,206,50,233,250,109,146
153,28,116,230,185,54,169,24,168,231
153,29,236,230,204,65,38,103,222,1
153,30,69,91,45,135,117,175,225,245
153,31,51,60,233,33,59,88,151,240
153,32,146,195,86,194,199,220,245,236
153,33,189,97,37,94,81,36,75,217
153,34,212,187,19,255,90,33,54,246
153,35,49,44,214,167,244,129,66,14
153,36,234,8,0,129,158,74,92,147
153,37,145,64,22,175,152,250,130,76
153,38,127,22,254,94,184,118,55,252
153,39,68,23,16,225,241,237,70,101
154,0,181,107,82,251,39,68,246,221
154,1,40,234,222,96,209,183,166,8
154,2,39,120,161,148,116,136,135,229
154,3,166,50,105,89,134,169,195,65
154,4,156,182,121,159,136,98,89,157
154,5,174,250,19,159,68,202,42,165
154,6,84,145,242,43,155,124,194,77
154,7,132,171,195,26,65,208,111,243
154,8,184,224,159,68,151,98,171,34
154,9,120,81,54,254,20,243,207,47
154,10,81,68,96,111,226,66,234,245
154,11,64,145,10,3,102,130,134,31
154,12,186,106,250,116,45,219,14,39
154,13,164,151,230,15,34,212,166,183
154,14,165,189,67,73,229,90,194,116
154,15,50,149,108,206,241,215,14,153
154,16,112,149,183,116,203,169,227,168
154,17,26,58,152,230,38,204,17,22
154,18,175,135,55,141,117,53,63,193
154,19,231,237,212,51,34,88,22,59
154,20,224,71,151,171,133,181,246,98
154,21,207,1,137,120,243,81,172,254
154,22,68,81,134,232,132,133,66,246
154,23,64,10,194,101,3,145,207,95
154,24,186,250,106,127,58,79,39,12
154,25,164,199,212,200,252,34,228,78
154,26,165,73,189,67,252,84,204,251
154,27,233,153,116,206,241,50,215,213
154,28,169,185,149,14,116,183,231,194
154,29,26,204,230,65,99,38,152,101
154,30,55,221,45,117,175,91,225,245
154,31,237,33,59,231,88,70,25,240
154,32,224,197,206,64,31,220,199,47
154,33,179,156,201,81,217,72,180,245
154,34,49,217,213,188,33,246,10,196
154,35,224,244,214,167,14,93,129,67
154,36,255,24,239,158,129,50,74,78
154,37,50,64,22,14,21,147,32,103
154,38,146,127,79,118,86,94,106,212
154,39,85,13,177,62,70,30,34,116
155,0,109,24,124,199,151,62,161,60
155,1,22,226,3,236,49,85,71,251
155,2,120,221,3,39,77,234,136,84
155,3,166,247,182,251,201,197,243,159
155,4,243,192,158,121,216,70,132,194
155,5,236,250,115,19,165,52,0,86
155,6,84,49,43,161,125,178,204,172
155,7,228,132,171,26,167,169,7,111
155,8,224,246,151,171,85,72,220,71
155,9,20,81,207,254,58,54,143,172
155,10,81,226,96,245,232,9,111,246
155,11,145,10,3,59,95,85,93,218
155,12,186,250,116,39,45,205,219,210
155,13,151,34,212,166,15,165,230,93
155,14,165,189,73,67,90,116,204,194
155,15,149,50,215,206,227,153,14,108
155,16,112,168,116,169,183,193,190,104
155,17,58,22,204,230,142,152,17,78
155,18,250,135,175,151,141,117,53,63
155,19,231,85,1,228,70,248,212,88
155,20,224,71,151,246,171,181,159,41
155,21,81,98,254,243,146,96,105,207
155,22,81,242,226,232,111,101,182,66
155,23,85,59,10,95,194,145,218,3
155,24,205,250,186,127,128,12,119,11
155,25,230,19,137,140,183,34,15,151
155,26,73,165,93,67,83,179,252,84
155,27,146,233,28,206,145,50,239,109
155,28,190,168,116,24,82,169,193,26
155,29,88,204,21,230,222,17,38,99
155,30,63,151,250,162,91,232,135,175
155,31,34,59,85,88,33,25,151,146
155,32,76,179,86,123,246,236,18,85
155,33,11,56,104,95,139,162,36,75
155,34,72,44,94,33,240,195,238,10
155,35,191,235,167,67,190,148,129,74
155,36,142,92,227,26,115,74,158,78
155,37,64,238,22,113,126,78,103,48
155,38,119,80,118,127,215,243,251,135
155,39,158,244,122,183,70,99,92,44
156,0,93,226,96,80,247,198,171,11
156,1,195,236,3,16,251,169,71,2
156,2,136,94,189,254,148,78,75,141
156,3,221,188,111,170,201,166,216,54
156,4,119,152,8,182,105,20,123,60
156,5,61,250,236,19,0,2,202,165
156,6,84,49,16,161,125,43,204,178
156,7,228,171,132,26,167,169,62,28
156,8,112,246,224,151,184,171,85,148
156,9,206,120,178,143,19,207,81,166
156,10,226,81,229,163,96,246,63,232
156,11,18,145,142,3,207,10,85,194
156,12,106,67,186,210,45,252,205,116
156,13,200,199,15,243,183,137,151,228
156,14,73,165,38,46,67,229,189,84
156,15,241,233,103,153,206,146,109,226
156,16,149,169,31,168,185,183,116,179
156,17,236,204,88,58,142,155,17,99
156,18,6,63,175,53,135,162,225,117
156,19,34,233,151,25,236,248,88,59
156,20,112,224,71,171,41,151,181,246
156,21,206,207,178,81,120,146,53,188
156,22,246,163,229,232,29,121,21,66
156,23,18,142,207,10,225,95,132,130
156,24,106,186,127,67,12,184,250,252
156,25,199,200,228,34,78,148,166,250
156,26,73,83,38,235,251,84,165,24
156,27,241,153,213,233,27,146,206,25
156,28,149,185,169,78,183,211,236,54
156,29,204,236,65,222,155,38,253,28
156,30,6,175,91,45,53,80,117,73
156,31,51,233,25,59,240,33,88,151
156,32,89,199,194,17,236,220,64,7
156,33,214,23,94,81,68,28,117,49
156,34,182,187,19,54,246,58,10,33
156,35,66,209,167,14,129,7,137,202
156,36,253,8,0,23,217,166,158,74
156,37,164,84,141,175,22,64,180,250
156,38,136,22,184,127,196,166,206,94
156,39,23,68,16,241,225,76,50,222
157,0,181,107,82,251,39,68,221,99
157,1,131,89,166,9,175,35,149,110
157,2,211,94,136,191,189,196,161,78
157,3,111,17,150,3,137,107,195,169
157,4,7,21,135,133,227,184,182,120
157,5,174,159,252,0,244,32,134,25
157,6,190,129,78,145,163,21,207,110
157,7,195,132,171,206,111,26,241,62
157,8,224,98,151,161,11,0,194,68
157,9,20,207,127,81,251,254,63,243
157,10,116,68,81,134,66,245,165,176
157,11,64,42,134,225,60,135,24,223
157,12,116,39,143,186,108,250,17,176
157,13,93,151,212,164,45,219,165,66
157,14,67,54,189,90,202,198,194,96
157,15,114,50,147,215,121,21,182,206
157,16,72,130,253,250,116,74,182,252
157,17,89,230,38,152,140,226,48,142
157,18,175,135,139,245,91,193,117,80
157,19,22,226,61,33,30,212,59,231
157,20,224,71,133,98,72,151,23,184
157,21,172,207,137,81,186,165,188,243
157,22,165,160,207,81,156,116,68,119
157,23,80,60,10,64,145,44,3,157
157,24,186,250,17,39,53,219,58,126
157,25,93,211,252,166,199,151,212,164
157,26,67,202,73,90,194,54,189,198
157,27,114,121,166,206,153,129,158,215
157,28,74,116,72,169,112,39,162,253
157,29,150,26,142,28,89,99,112,22
157,30,55,80,139,123,195,175,32,184
157,31,237,154,191,22,33,139,173,61
157,32,224,197,199,64,206,47,216,117
157,33,179,156,201,81,239,40,180,35
157,34,49,217,213,246,10,33,176,98
157,35,224,244,214,66,69,0,104,253
157,36,255,24,158,239,166,50,129,5
157,37,50,64,14,22,21,115,147,28
157,38,146,127,79,118,94,212,252,106
157,39,85,13,177,62,70,116,30,34
158,0,70,109,24,192,199,211,76,62
158,1,14,22,226,236,85,42,193,170
158,2,3,211,143,94,5,221,77,78
158,3,167,111,182,22,23,234,17,243
158,4,158,121,243,175,192,53,194,186
158,5,164,0,252,228,58,42,52,137
158,6,129,84,149,25,238,159,26,193
158,7,38,132,26,169,111,62,218,171
158,8,224,151,171,98,194,28,108,161
158,9,20,207,81,243,254,172,251,1
158,10,242,116,232,96,245,226,81,85
158,11,201,218,164,44,70,134,85,223
158,12,186,12,116,161,21,39,205,250
158,13,19,151,183,212,78,165,34,185
158,14,73,189,67,165,44,204,251,191
158,15,206,146,169,50,215,28,121,14
158,16,253,102,169,72,190,168,116,24
158,17,214,204,58,142,28,135,17,244
158,18,175,135,117,91,80,53,68,225
158,19,85,25,99,59,88,231,61,212
158,20,224,151,171,71,121,81,237,41
158,21,207,98,122,27,229,146,105,251
158,22,242,146,189,49,232,246,107,18
158,23,164,201,218,93,10,70,154,28
158,24,205,186,11,12,45,250,252,188
158,25,230,19,192,137,187,254,34,228
158,26,73,165,84,191,203,67,251,196
158,27,28,146,206,27,239,238,179,156
158,28,168,193,116,53,82,102,169,24
158,29,88,19,204,214,230,222,21,17
158,30,162,63,151,232,117,91,175,225
158,31,34,247,59,33,25,146,88,85
158,32,123,179,86,109,246,125,18,236
158,33,139,84,104,81,11,132,28,36
158,34,44,238,94,195,240,246,33,28
158,35,148,190,185,74,167,253,235,129
158,36,227,26,115,79,158,142,125,44
158,37,56,78,196,27,22,64,238,103
158,38,127,215,132,118,119,87,79,52
158,39,99,44,77,70,158,116,30,62
159,0,124,13,174,161,62,155,67,231
159,1,23,141,236,14,162,107,182,80
159,2,159,207,196,20,90,28,31,107
159,3,43,119,87,227,179,251,182,201
159,4,148,121,243,221,76,132,194,87
159,5,81,164,0,210,91,252,98,58
159,6,82,49,238,92,125,178,149,126
159,7,132,111,108,171,246,26,218,62
159,8,224,171,151,246,98,43,168,23
159,9,207,81,20,172,229,243,137,166
159,10,207,245,49,85,232,116,250,190
159,11,220,201,164,44,134,225,59,222
159,12,12,116,186,21,210,205,39,250
159,13,212,151,93,15,19,183,250,34
159,14,165,189,73,67,204,194,202,22
159,15,146,14,170,149,50,215,169,114
159,16,230,72,168,116,193,183,112,253
159,17,58,152,222,204,96,38,230,244
159,18,175,53,151,141,91,117,225,135
159,19,212,1,25,231,240,129,88,59
159,20,224,151,71,85,23,41,171,181
159,21,207,81,243,105,1,98,137,184
159,22,207,49,246,212,134,250,43,116
159,23,201,220,59,164,10,221,134,95
159,24,205,128,11,186,12,250,120,216
159,25,19,97,137,101,140,183,230,254
159,26,203,73,165,84,67,42,133,204
159,27,146,206,145,94,109,239,171,13
159,28,116,168,193,24,253,82,102,196
159,29,88,204,21,17,61,142,66,244
159,30,117,162,232,135,250,63,5,151
159,31,228,25,34,111,59,151,240,33
159,32,179,125,86,246,159,146,91,59
159,33,75,56,132,104,36,28,133,139
159,34,44,238,240,28,5,195,252,33
159,35,190,148,74,235,167,218,61,129
159,36,227,115,248,142,147,158,211,19
159,37,78,27,64,16,143,175,22,103
159,38,215,169,251,119,127,118,96,66
159,39,158,231,122,179,117,218,165,139
160,0,117,233,226,11,171,128,90,100
160,1,13,120,43,66,81,169,158,223
160,2,252,107,35,169,128,118,22,39
160,3,91,170,166,17,35,183,128,34
160,4,139,55,8,152,123,119,105,228
160,5,27,161,114,61,250,165,202,146
160,6,90,84,43,125,164,52,178,200
160,7,181,44,171,132,26,210,243,227
160,8,184,112,212,151,159,224,85,69
160,9,178,98,81,19,207,166,254,106
160,10,81,207,163,66,96,253,111,105
160,11,142,20,145,18,3,203,95,10
160,12,43,67,186,205,225,59,181,128
160,13,29,116,15,228,34,200,140,151
160,14,38,189,165,73,67,139,75,84
160,15,99,39,146,206,250,13,145,94
160,16,168,54,116,253,31,169,13,191
160,17,142,88,204,244,236,28,58,218
160,18,135,6,68,117,232,103,53,211
160,19,228,199,240,108,25,59,113,226
160,20,224,184,112,151,165,41,171,212
160,21,178,146,166,5,105,207,243,81
160,22,163,81,245,232,250,207,5,165
160,23,20,142,95,3,134,145,101,10
160,24,43,222,186,67,10,79,127,9
160,25,199,228,15,140,29,151,212,174
160,26,73,189,67,84,139,179,38,165
160,27,99,206,146,145,250,122,182,121
160,28,116,168,54,231,33,96,24,146
160,29,142,28,204,17,236,218,139,155
160,30,117,71,68,103,5,221,135,251
160,31,228,199,25,91,111,108,113,30
160,32,17,89,159,246,59,210,40,7
160,33,105,107,244,28,214,81,58,143
160,34,12,252,21,56,81,58,220,95
160,35,132,218,167,61,235,76,202,14
160,36,248,253,246,152,211,158,188,206
160,37,161,64,135,67,143,60,158,227
160,38,9,30,234,101,84,127,136,189
160,39,246,250,248,1,92,203,188,70
161,0,92,234,210,144,186,155,4,62
161,1,202,217,195,198,95,72,14,255
161,2,92,13,150,159,86,110,230,120
161,3,54,155,177,22,201,166,207,251
161,4,94,121,71,152,112,158,228,216
161,5,115,2,194,165,0,33,52,98
161,6,92,235,154,59,84,43,125,55
161,7,181,171,132,26,28,131,239,203
161,8,224,246,159,184,151,165,100,6
161,9,120,5,237,166,81,178,207,243
161,10,5,9,81,207,253,63,232,3
161,11,153,3,142,145,15,134,103,255
161,12,222,186,59,181,116,225,207,95
161,13,15,116,228,151,140,174,100,175
161,14,189,139,73,67,84,165,38,162
161,15,39,248,250,206,99,145,123,94
161,16,168,54,253,31,169,195,4,116
161,17,204,88,142,236,244,28,58,17
161,18,69,117,68,135,103,63,53,232
161,19,228,240,151,25,108,51,59,113
161,20,224,159,41,171,151,34,103,165
161,21,146,5,120,178,227,166,96,105
161,22,9,5,245,250,232,3,81,253
161,23,95,153,15,3,142,134,145,186
161,24,222,186,106,79,10,207,9,132
161,25,199,116,228,15,140,200,148,192
161,26,73,139,84,93,220,67,42,38
161,27,146,248,90,37,206,241,145,250
161,28,168,54,230,55,185,253,231,78
161,29,142,236,28,17,204,244,102,103
161,30,69,117,5,59,80,6,251,68
161,31,51,25,233,240,38,111,113,226
161,32,195,7,146,194,199,159,40,206
161,33,75,97,37,94,54,81,181,122
161,34,187,19,212,255,21,90,54,5
161,35,49,214,7,167,229,202,76,137
161,36,8,234,0,119,158,245,23,129
161,37,84,145,64,85,220,175,227,250
161,38,22,222,196,177,254,189,37,250
161,39,23,68,16,225,190,253,241,93
162,0,107,181,82,251,39,255,221,245
162,1,183,166,222,40,45,194,35,54
162,2,39,224,156,191,244,105,148,12
162,3,105,3,254,229,195,232,89,169
162,4,156,172,20,182,92,7,19,39
162,5,174,250,159,19,0,134,42,83
162,6,59,190,194,111,110,92,145,128
162,7,132,180,171,26,195,139,243,111
162,8,224,151,112,11,184,68,69,159
162,9,81,207,19,120,166,20,243,127
162,10,68,81,5,3,226,154,99,66
162,11,64,134,3,132,225,145,235,15
162,12,106,186,42,222,116,79,10,181
162,13,164,151,15,228,208,140,174,34
162,14,189,165,73,67,139,61,84,162
162,15,250,146,145,206,109,90,133,94
162,16,168,253,74,24,195,72,191,4
162,17,204,142,17,244,58,26,210,152
162,18,117,53,135,68,141,211,58,175
162,19,240,228,201,25,59,30,129,181
162,20,224,41,194,171,151,36,246,110
162,21,146,105,243,47,81,137,227,207
162,22,250,111,91,68,81,245,160,165
162,23,95,64,134,80,225,3,2,217
162,24,186,79,12,58,10,21,207,127
162,25,164,228,15,89,199,140,102,23
162,26,189,84,73,139,67,165,220,42
162,27,250,146,206,122,204,145,109,182
162,28,168,149,24,185,253,146,169,78
162,29,26,204,142,17,28,101,65,99
162,30,55,117,45,69,80,221,5,93
162,31,237,240,25,38,63,233,221,191
162,32,224,7,197,206,199,59,64,117
162,33,179,201,156,81,217,40,245,206
162,34,49,217,213,239,141,58,90,188
162,35,224,214,202,229,244,186,167,7
162,36,255,24,158,239,129,57,105,23
162,37,50,64,14,226,57,176,147,158
162,38,146,79,37,189,254,184,179,159
162,39,85,177,10,190,203,13,53,62
163,0,65,212,109,24,218,136,29,86
163,1,22,236,190,14,226,234,165,91
163,2,120,193,125,139,221,77,84,39
163,3,105,177,156,218,85,167,229,14
163,4,243,149,121,172,152,216,4,158
163,5,213,250,14,19,31,0,63,210
163,6,2,59,128,154,178,240,144,49
163,7,61,171,26,180,132,4,133,87
163,8,157,224,151,165,41,194,246,68
163,9,207,166,143,129,120,81,240,146
163,10,250,226,31,5,159,154,219,191
163,11,186,109,207,201,255,17,134,132
163,12,222,166,186,10,12,207,79,206
163,13,15,199,148,140,174,192,228,208
163,14,73,189,67,84,139,165,22,101
163,15,116,146,99,145,206,90,38,122
163,16,168,54,201,169,191,4,31,253
163,17,213,142,244,204,58,88,28,157
163,18,117,162,73,72,211,63,181,59
163,19,237,240,25,228,206,208,248,71
163,20,157,224,41,151,246,171,36,68
163,21,146,120,166,143,243,240,227,207
163,22,250,245,159,17,154,246,101,232
163,23,109,95,186,134,207,2,132,194
163,24,79,106,166,12,186,207,9,42
163,25,199,116,228,192,15,148,200,164
163,26,73,139,42,84,93,220,67,189
163,27,116,122,182,146,37,233,99,250
163,28,201,168,138,55,185,253,146,169
163,29,213,157,101,142,204,28,17,244
163,30,117,237,45,80,221,5,59,251
163,31,25,226,111,30,240,113,191,71
163,32,116,197,157,7,206,75,40,210
163,33,18,59,206,81,182,161,103,40
163,34,11,213,205,152,94,239,227,141
163,35,214,244,229,167,202,11,76,7
163,36,251,129,158,239,24,23,148,206
163,37,14,57,50,147,64,103,162,227
163,38,124,79,189,39,250,97,127,84
163,39,13,177,62,166,78,242,30,116
164,0,134,151,124,199,175,231,50,31
164,1,101,134,88,22,14,49,16,116
164,2,3,218,94,177,143,71,117,205
164,3,22,201,243,182,44,23,251,247
164,4,121,44,158,180,175,134,152,29
164,5,81,2,236,52,19,165,0,163
164,6,2,185,200,25,59,39,115,82
164,7,171,132,167,246,26,111,239,4
164,8,224,184,151,159,165,41,171,98
164,9,243,47,166,81,20,207,146,220
164,10,232,242,250,245,81,5,154,8
164,11,134,3,158,59,186,225,218,17
164,12,79,181,222,12,207,186,157,42
164,13,228,174,151,15,192,176,208,175
164,14,189,139,73,190,67,84,165,58
164,15,146,250,145,122,206,192,55,149
164,16,168,193,169,253,191,101,31,4
164,17,204,142,28,244,17,213,121,152
164,18,117,151,250,211,219,141,135,77
164,19,85,228,208,25,224,99,113,251
164,20,224,121,36,159,184,165,114,17
164,21,146,47,227,143,243,98,105,87
164,22,242,232,154,250,216,245,207,146
164,23,164,95,201,70,218,85,134,231
164,24,79,128,12,55,11,50,205,157
164,25,192,228,97,240,140,19,15,230
164,26,139,196,84,73,42,6,171,112
164,27,28,150,130,146,90,122,206,112
164,28,168,193,82,219,190,24,84,212
164,29,88,142,204,21,61,157,19,244
164,30,250,162,50,232,151,117,63,59
164,31,34,25,183,139,148,108,191,236
164,32,125,85,179,76,12,109,163,105
164,33,189,56,139,181,104,162,28,218
164,34,44,195,166,240,46,157,216,72
164,35,185,248,44,74,190,38,241,191
164,36,19,115,69,224,151,208,240,64
164,37,195,175,24,234,176,108,54,36
164,38,11,254,248,184,207,193,169,222
164,39,231,193,180,235,117,202,22,173
165,0,123,229,249,105,196,7,216,100
165,1,225,150,231,27,20,207,138,25
165,2,162,4,54,227,163,218,17,30
165,3,152,133,235,187,231,31,84,77
165,4,13,142,236,128,108,102,191,211
165,5,193,186,104,6,42,41,204,161
165,6,153,167,125,2,59,154,43,84
165,7,29,132,171,23,133,26,111,216
165,8,234,184,224,151,89,41,85,100
165,9,29,164,94,166,184,77,143,228
165,10,130,169,207,81,198,245,63,250
165,11,189,145,134,161,95,98,132,3
165,12,63,26,74,205,128,10,116,21
165,13,147,43,15,228,183,140,174,151
165,14,20,124,189,73,84,165,50,139
165,15,146,81,206,200,145,250,122,170
165,16,5,168,196,169,31,24,195,134
165,17,250,172,119,76,142,244,61,28
165,18,57,179,187,50,0,77,167,146
165,19,130,6,117,205,109,4,25,20
165,20,234,246,247,36,116,41,194,171
165,21,164,29,94,207,22,166,208,146
165,22,130,169,250,198,113,11,219,192
165,23,161,189,136,107,2,111,134,243
165,24,63,74,242,26,128,160,175,10
165,25,147,43,97,37,152,134,128,208
165,26,20,148,124,84,252,101,165,51
165,27,200,81,181,206,145,90,146,162
165,28,133,196,168,5,43,24,191,236
165,29,76,250,172,204,87,119,151,61
165,30,179,117,187,205,64,0,77,35
165,31,4,205,109,117,130,23,25,218
165,32,186,98,181,90,254,49,99,161
165,33,28,238,86,126,183,43,215,73
165,34,84,96,207,180,101,157,62,20
165,35,57,160,153,145,84,155,108,235
165,36,70,181,120,98,171,20,27,217
165,37,65,31,72,182,175,130,207,61
165,38,254,166,248,99,5,182,184,176
165,39,228,173,193,10,190,2,91,218
166,0,132,158,141,125,47,115,177,235
166,1,182,244,93,188,155,197,11,58
166,2,57,29,123,145,27,10,93,74
166,3,133,187,235,190,179,158,40,117
166,4,128,236,142,95,91,102,108,0
166,5,47,193,90,78,41,127,135,65
166,6,153,60,54,206,196,138,215,22
166,7,29,117,23,199,64,147,229,216
166,8,234,239,116,56,180,99,77,41
166,9,164,239,191,2,197,208,13,36
166,10,169,198,130,185,125,36,65,196
166,11,189,161,128,107,108,206,111,86
166,12,74,63,26,93,128,15,44,242
166,13,147,134,43,154,97,95,28,32
166,14,20,124,86,51,137,252,148,50
166,15,162,81,200,181,238,177,217,232
166,16,5,196,133,43,170,111,51,80
166,17,250,172,76,61,87,60,166,0
166,18,179,57,187,50,161,204,0,226
166,19,20,109,205,4,116,117,26,130
166,20,234,56,239,116,83,115,4,179
166,21,164,94,191,29,208,197,239,207
166,22,169,198,130,196,234,113,125,250
166,23,189,128,161,111,107,206,62,86
166,24,74,63,26,15,93,160,128,220
166,25,134,147,43,6,182,37,154,32
166,26,20,148,51,124,137,52,86,231
166,27,181,200,81,162,58,165,31,87
166,28,133,43,5,170,196,111,134,80
166,29,76,87,250,0,172,20,124,119
166,30,179,226,187,205,163,13,192,0
166,31,116,4,205,109,20,30,117,26
166,32,119,90,181,178,186,77,192,125
166,33,93,86,238,183,83,16,43,129
166,34,82,96,207,180,84,26,1,85
166,35,84,160,57,42,72,145,153,221
166,36,70,83,181,20,120,98,74,22
166,37,104,229,31,182,58,190,88,179
166,38,148,27,71,92,151,16,65,202
166,39,154,69,38,243,110,217,12,221
167,0,238,43,200,95,140,30,206,173
167,1,182,244,93,155,211,250,140,19
167,2,49,60,29,219,11,27,123,20
167,3,117,199,113,130,233,40,178,174
167,4,54,58,95,154,128,165,222,132
167,5,188,90,127,43,88,65,158,110
167,6,60,138,153,65,68,22,79,196
167,7,23,117,229,78,147,64,14,29
167,8,239,56,77,116,180,99,173,104
167,9,197,239,164,2,255,8,36,208
167,10,157,198,125,185,65,169,196,27
167,11,108,206,128,39,86,111,161,189
167,12,74,93,44,128,220,151,15,54
167,13,134,154,147,182,103,6,202,32
167,14,137,148,167,51,86,52,88,32
167,15,162,200,58,165,181,46,87,242
167,16,133,43,80,170,51,252,5,106
167,17,15,87,76,5,250,0,89,35
167,18,226,179,13,161,43,134,163,204
167,19,20,116,109,205,167,195,26,30
167,20,56,116,239,4,234,23,52,115
167,21,164,197,191,239,255,2,126,208
167,22,125,196,169,198,65,234,157,176
167,23,128,206,189,111,86,62,160,39
167,24,74,93,220,151,235,15,85,44
167,25,134,147,6,154,32,182,103,43
167,26,137,51,88,148,86,52,10,124
167,27,58,181,162,200,46,165,87,172
167,28,43,133,134,106,111,80,170,182
167,29,87,76,0,46,5,20,15,250
167,30,226,163,13,192,134,179,43,15
167,31,116,20,109,26,167,75,205,63
167,32,181,119,252,90,178,112,150,53
167,33,184,93,83,16,43,129,92,74
167,34,186,85,26,1,112,133,116,92
167,35,72,84,42,57,160,135,204,174
167,36,83,221,45,70,20,102,22,64
167,37,72,88,182,229,34,92,138,38
167,38,254,23,88,180,236,16,206,117
167,39,238,168,162,106,247,128,142,93
168,0,132,158,140,206,98,67,95,200
168,1,244,93,155,58,25,182,200,197
168,2,95,172,41,241,73,153,171,231
168,3,41,117,233,158,119,178,49,162
168,4,58,154,195,5,87,246,249,185
168,5,111,76,127,188,42,158,145,135
168,6,176,206,7,199,36,79,185,65
168,7,132,111,171,140,199,26,185,28
168,8,224,151,41,239,220,165,98,133
168,9,203,243,81,20,127,166,47,254
168,10,116,26,176,234,8,165,81,232
168,11,42,134,111,56,106,204,12,225
168,12,116,39,42,250,207,163,9,220
168,13,228,151,120,212,112,174,176,208
168,14,189,165,73,139,52,225,61,67
168,15,87,227,250,149,54,133,50,145
168,16,74,117,252,234,146,170,24,26
168,17,204,20,230,223,152,38,17,58
168,18,15,204,152,223,53,175,211,117
168,19,96,224,248,212,25,215,231,201
168,20,224,151,41,71,98,181,186,171
168,21,137,243,146,207,255,47,239,67
168,22,111,160,245,81,35,234,194,172
168,23,80,63,134,223,111,106,13,56
168,24,250,42,116,23,14,163,195,120
168,25,228,120,212,89,211,151,141,45
168,26,189,84,67,73,252,251,165,61
168,27,133,250,87,177,227,165,55,206
168,28,74,24,117,146,170,252,26,88
168,29,152,150,20,142,158,223,28,204
168,30,117,15,223,59,182,226,216,201
168,31,201,212,25,30,215,9,97,235
168,32,33,178,70,88,59,91,30,7
168,33,192,220,72,81,219,12,239,29
168,34,16,33,26,1,40,141,250,185
168,35,84,72,16,206,14,53,241,42
168,36,158,83,110,20,50,252,134,70
168,37,88,182,175,104,99,108,39,6
168,38,151,254,248,159,206,140,148,104
168,39,154,162,201,247,164,37,11,235
169,0,43,41,238,173,30,89,86,112
169,1,155,244,182,93,140,197,46,25
169,2,95,20,49,29,172,153,60,27
169,3,41,117,233,178,4,103,199,113
169,4,165,193,5,9,163,235,62,229
169,5,188,127,43,110,135,230,78,198
169,6,60,138,65,68,208,193,143,122
169,7,117,145,142,143,49,229,147,155
169,8,116,239,56,104,99,180,253,197
169,9,2,197,71,113,210,126,255,122
169,10,157,243,78,255,145,185,65,125
169,11,42,111,181,128,108,206,39,160
169,12,169,251,213,220,91,126,100,216
169,13,55,52,154,139,114,6,134,251
169,14,52,167,51,189,252,160,225,54
169,15,181,166,162,206,165,122,142,121
169,16,26,74,72,73,170,51,95,252
169,17,89,115,158,204,28,35,1,60
169,18,13,204,192,226,91,161,117,16
169,19,4,88,59,33,226,183,137,26
169,20,224,239,151,56,107,171,246,145
169,21,207,197,61,208,88,131,243,13
169,22,234,160,26,116,165,119,156,205
169,23,80,111,225,60,134,107,180,54
169,24,39,220,116,238,250,252,23,144
169,25,6,130,52,37,93,139,154,58
169,26,52,252,67,137,209,225,59,204
169,27,110,177,181,165,162,233,187,121
169,28,26,72,24,111,170,43,31,95
169,29,150,5,158,60,20,46,36,142
169,30,226,13,192,61,170,60,16,181
169,31,63,167,154,109,204,248,255,138
169,32,178,223,119,181,95,90,60,11
169,33,231,16,93,74,83,129,241,39
169,34,116,112,85,1,186,26,21,142
169,35,42,97,174,84,41,59,173,198
169,36,22,83,70,165,129,221,64,240
169,37,88,36,108,175,21,69,58,145
169,38,151,148,92,145,23,94,248,249
169,39,2,189,38,78,106,95,217,178
170,0,206,168,238,255,181,167,246,200
170,1,137,148,159,234,224,36,110,222
170,2,1,41,171,153,73,231,106,233
170,3,41,45,237,49,28,119,86,114
170,4,184,97,150,87,66,23,69,246
170,5,25,143,163,21,200,180,234,79
170,6,159,26,102,254,209,177,148,21
170,7,111,132,182,171,208,184,128,125
170,8,224,133,98,151,220,61,41,23
170,9,81,20,243,61,207,54,251,189
170,10,116,134,176,165,156,66,146,205
170,11,141,134,60,225,204,42,157,56
170,12,163,116,42,39,143,50,186,250
170,13,93,212,151,219,228,166,14,126
170,14,189,67,96,194,44,182,202,204
170,15,12,169,114,101,206,142,250,238
170,16,72,74,67,253,59,45,195,161
170,17,89,204,152,222,8,38,135,17
170,18,91,117,175,139,171,135,240,225
170,19,59,201,22,33,212,102,137,226
170,20,224,71,133,151,23,206,98,181
170,21,137,251,243,207,172,188,186,45
170,22,160,116,156,134,66,225,59,132
170,23,80,134,141,10,60,225,223,162
170,24,250,163,17,143,125,9,42,58
170,25,212,166,93,151,228,89,174,165
170,26,189,67,194,202,78,251,73,182
170,27,166,114,182,206,50,240,108,129
170,28,74,72,228,129,112,67,73,75
170,29,150,152,89,38,219,204,158,144
170,30,117,122,240,139,175,59,183,245
170,31,201,67,33,143,212,22,137,202
170,32,33,220,151,47,216,101,31,175
170,33,192,81,180,72,82,200,12,161
170,34,16,181,37,251,246,29,155,33
170,35,93,14,104,167,253,89,186,67
170,36,50,158,110,87,74,194,214,69
170,37,32,64,124,238,89,28,21,104
170,38,103,120,248,159,220,179,254,206
170,39,42,164,162,136,134,55,227,159
171,0,252,25,238,42,147,43,95,45
171,1,224,46,250,147,172,16,129,103
171,2,106,167,49,253,95,60,218,97
171,3,233,117,26,230,41,103,121,219
171,4,81,250,9,165,229,72,58,195
171,5,188,90,127,43,198,158,78,65
171,6,60,138,65,101,143,133,14,68
171,7,117,176,142,229,23,65,76,147
171,8,56,239,116,104,179,185,180,99
171,9,197,160,126,2,113,255,8,208
171,10,157,173,185,139,122,126,196,65
171,11,111,39,181,133,120,108,62,47
171,12,249,220,44,54,93,191,62,74
171,13,6,134,138,154,11,182,176,103
171,14,52,86,167,51,137,148,147,106
171,15,162,46,181,165,166,200,172,58
171,16,170,43,133,26,252,51,205,24
171,17,5,158,166,15,87,20,142,60
171,18,226,192,204,179,161,77,205,197
171,19,167,109,4,26,205,120,30,12
171,20,116,239,56,185,115,52,171,4
171,21,191,197,2,126,164,207,208,155
171,22,157,234,196,173,236,250,159,8
171,23,111,39,140,14,189,128,206,181
171,24,220,93,39,44,15,74,174,212
171,25,6,134,37,66,154,32,182,130
171,26,52,137,86,167,51,106,54,148
171,27,181,46,162,165,200,172,58,45
171,28,170,43,80,133,252,26,111,24
171,29,5,158,20,142,76,35,87,15
171,30,226,192,13,5,52,170,34,16
171,31,167,30,226,109,228,12,63,137
171,32,223,178,181,206,90,119,158,247
171,33,74,83,40,16,81,220,129,231
171,34,241,1,116,21,141,85,8,19
171,35,212,97,167,22,229,224,160,244
171,36,70,83,98,129,34,239,119,198
171,37,58,145,62,21,108,209,175,70
171,38,148,92,7,254,159,137,182,166
171,39,238,189,231,164,38,73,60,91
172,0,209,206,104,43,30,95,147,105
172,1,47,155,46,197,181,118,200,205
172,2,97,20,82,218,167,85,251,215
172,3,117,233,226,236,119,26,103,178
172,4,9,20,144,193,62,5,7,72
172,5,220,230,111,42,159,189,188,229
172,6,118,160,7,65,176,63,230,133
172,7,176,132,171,111,199,26,109,62
172,8,239,224,35,151,41,165,34,85
172,9,126,203,143,166,88,146,207,115
172,10,122,121,157,11,76,215,115,26
172,11,111,181,88,42,187,51,224,162
172,12,220,62,116,53,207,191,88,117
172,13,6,151,212,228,112,28,208,93
172,14,52,189,252,86,204,167,67,139
172,15,166,181,206,162,122,169,14,120
172,16,26,72,170,181,24,51,73,252
172,17,204,158,28,142,166,60,5,89
172,18,91,204,226,159,117,192,175,13
172,19,4,59,226,137,30,88,183,25
172,20,224,171,151,35,239,116,71,148
172,21,207,146,61,227,81,229,243,166
172,22,236,165,250,205,232,245,122,26
172,23,111,80,134,140,2,223,225,60
172,24,116,39,207,220,251,42,250,144
172,25,6,228,37,212,168,208,253,52
172,26,52,252,67,73,84,139,204,137
172,27,233,206,110,177,181,146,169,249
172,28,72,26,24,31,182,47,170,66
172,29,5,158,204,60,142,28,1,101
172,30,192,226,117,13,91,5,80,139
172,31,59,167,137,226,33,25,30,150
172,32,178,223,206,194,158,47,247,11
172,33,74,190,81,40,49,16,2,213
172,34,116,21,1,141,19,213,157,189
172,35,167,224,244,212,214,229,97,17
172,36,70,239,129,34,119,74,198,158
172,37,58,145,21,147,57,209,28,64
172,38,148,92,79,94,84,97,71,127
172,39,2,189,38,78,242,213,254,69
173,0,32,66,147,199,206,30,124,236
173,1,124,167,14,170,118,5,211,245
173,2,60,188,193,3,79,187,253,11
173,3,197,199,11,56,154,182,16,39
173,4,154,158,121,88,192,70,29,152
173,5,81,188,0,153,236,40,14,198
173,6,14,79,157,168,156,39,25,185
173,7,171,132,32,229,111,26,19,142
173,8,224,194,151,171,246,56,41,34
173,9,197,207,61,156,166,5,143,146
173,10,122,234,250,157,242,173,31,232
173,11,111,85,109,14,54,225,134,164
173,12,191,220,39,208,131,207,1,239
173,13,199,154,176,37,6,113,13,190
173,14,52,167,22,86,106,231,252,10
173,15,146,181,162,85,206,213,177,90
173,16,170,190,26,252,51,80,20,24
173,17,158,15,142,20,204,28,126,242
173,18,226,204,192,77,250,162,13,97
173,19,63,26,30,117,75,38,60,167
173,20,185,171,194,56,116,115,224,246
173,21,156,197,207,208,155,146,87,99
173,22,173,157,234,122,250,242,196,159
173,23,111,14,85,99,158,109,164,59
173,24,220,39,191,47,166,81,15,207
173,25,6,37,176,13,115,20,152,78
173,26,52,10,196,137,167,86,106,231
173,27,181,46,162,35,165,217,177,174
173,28,170,111,252,80,10,106,56,134
173,29,18,158,126,20,15,19,35,153
173,30,226,192,13,34,209,130,52,18
173,31,60,63,75,30,36,26,125,17
173,32,19,109,173,123,14,240,101,178
173,33,231,16,74,72,139,114,81,252
173,34,249,63,18,186,80,191,143,204
173,35,43,44,191,185,112,135,84,97
173,36,79,73,26,221,37,125,45,80
173,37,254,196,126,205,160,58,186,68
173,38,120,132,52,149,92,87,196,67
173,39,224,66,91,99,151,166,189,73
174,0,102,21,228,131,15,194,239,93
174,1,234,5,133,87,134,162,16,171
174,2,19,60,253,0,49,222,20,93
174,3,240,190,154,199,150,39,218,11
174,4,154,149,9,229,194,160,121,192
174,5,81,213,198,115,148,251,188,195
174,6,14,79,156,157,39,227,25,10
174,7,171,76,32,35,132,229,19,111
174,8,56,224,116,194,61,171,47,220
174,9,197,98,8,156,61,120,207,87
174,10,234,122,250,8,157,17,171,31
174,11,111,54,14,3,47,225,109,164
174,12,166,191,39,220,207,1,206,208
174,13,37,199,113,154,13,6,219,66
174,14,167,52,231,106,22,67,35,119
174,15,181,162,178,213,177,146,85,116
174,16,170,138,252,26,80,205,51,134
174,17,15,158,78,142,166,20,242,35
174,18,192,226,204,130,34,77,13,161
174,19,26,30,204,226,4,75,14,117
174,20,194,171,116,115,224,4,56,47
174,21,197,156,120,207,208,151,87,146
174,22,234,157,122,17,196,250,8,194
174,23,14,111,209,59,181,158,3,47
174,24,166,39,220,191,175,207,15,208
174,25,6,199,13,66,32,37,113,154
174,26,52,167,67,137,106,231,196,51
174,27,178,116,181,233,177,162,121,4
174,28,170,138,80,20,56,201,252,26
174,29,158,78,20,213,15,142,35,242
174,30,13,192,226,66,130,34,52,221
174,31,30,226,60,228,14,137,33,108
174,32,14,19,206,178,101,197,75,109
174,33,167,74,103,81,40,16,203,161
174,34,15,141,63,249,21,18,11,227
174,35,43,44,167,244,214,97,121,7
174,36,129,57,59,55,198,251,73,239
174,37,62,58,21,196,14,105,57,28
174,38,52,92,120,79,84,243,97,254
174,39,189,78,242,106,52,217,67,91
175,0,79,241,135,164,21,156,243,44
175,1,197,5,208,148,20,216,207,110
175,2,73,231,41,0,144,171,233,1
175,3,240,237,60,145,28,162,68,139
175,4,64,150,97,240,48,232,87,31
175,5,247,57,234,215,25,200,143,201
175,6,254,139,211,21,190,124,127,163
175,7,171,132,111,26,194,148,203,186
175,8,224,194,148,151,98,41,14,193
175,9,20,254,81,207,47,243,54,127
175,10,116,232,165,81,66,245,176,205
175,11,42,60,225,10,204,134,141,191
175,12,116,143,250,39,176,219,189,17
175,13,93,212,14,151,166,145,45,219
175,14,189,67,204,90,54,96,202,165
175,15,114,166,215,50,206,149,169,147
175,16,72,74,112,253,117,169,47,26
175,17,89,152,38,230,204,102,238,1
175,18,175,139,91,135,80,117,138,245
175,19,61,22,212,33,59,226,30,137
175,20,224,71,133,151,23,206,171,98
175,21,207,137,172,251,255,229,1,188
175,22,116,160,165,156,119,232,59,207
175,23,80,60,10,225,157,141,134,78
175,24,186,250,58,17,143,189,213,38
175,25,93,212,211,166,57,66,1,252
175,26,67,194,96,202,189,73,165,179
175,27,114,169,3,215,236,121,204,60
175,28,74,72,112,250,169,116,45,165
175,29,150,89,158,127,145,215,142,152
175,30,174,193,141,139,123,219,75,34
175,31,204,154,166,173,212,201,76,148
175,32,33,127,101,206,105,208,43,133
175,33,74,81,103,167,150,241,218,77
175,34,15,249,141,63,182,21,18,177
175,35,167,244,97,43,44,214,199,102
175,36,129,57,198,55,74,245,48,21
175,37,58,21,14,57,62,196,108,147
175,38,120,92,79,132,84,136,148,94
175,39,78,189,110,52,242,106,221,227
176,0,69,116,50,98,239,32,19,194
176,1,173,253,94,154,16,157,88,15
176,2,222,253,73,0,183,132,19,93
176,3,240,190,76,237,154,227,60,162
176,4,149,154,231,4,87,29,53,64
176,5,81,20,25,198,247,0,201,145
176,6,79,14,156,21,157,176,159,102
176,7,132,171,111,26,140,142,203,185
176,8,224,151,194,41,74,161,165,34
176,9,81,207,243,166,61,20,127,146
176,10,250,234,122,232,31,165,116,26
176,11,111,134,54,42,225,3,109,204
176,12,116,39,186,207,250,213,220,58
176,13,151,176,199,93,212,37,219,32
176,14,52,189,67,73,165,167,225,139
176,15,146,250,206,145,181,90,147,169
176,16,170,116,26,74,73,72,253,24
176,17,142,204,213,244,158,166,28,8
176,18,204,226,162,91,135,182,5,73
176,19,30,226,4,228,34,215,59,137
176,20,224,171,71,151,246,116,56,103
176,21,207,146,81,13,85,197,61,198
176,22,234,122,26,165,246,250,160,157
176,23,80,111,225,54,134,107,2,14
176,24,39,220,81,107,238,186,116,12
176,25,199,228,151,93,130,6,166,113
176,26,225,52,67,54,231,146,137,189
176,27,110,146,121,182,233,120,206,177
176,28,250,170,73,72,80,201,7,252
176,29,158,142,28,213,78,20,242,89
176,30,192,226,13,80,130,52,5,34
176,31,226,30,137,14,33,204,228,35
176,32,206,197,178,19,101,162,14,235
176,33,74,103,81,167,40,5,16,161
176,34,141,227,11,21,213,63,191,18
176,35,244,167,214,43,191,97,224,3
176,36,48,129,251,239,74,24,198,158
176,37,58,14,21,147,162,57,64,28
176,38,92,79,94,84,124,97,127,74
176,39,189,78,242,77,2,213,52,44
177,0,199,124,67,13,144,231,62,151
177,1,17,49,16,10,245,14,80,120
177,2,0,253,183,235,3,226,180,19
177,3,240,197,150,213,199,76,162,237
177,4,44,154,148,121,70,152,158,180
177,5,81,115,236,98,234,52,0,153
177,6,161,14,79,49,157,156,196,185
177,7,171,132,32,199,142,76,185,187
177,8,224,246,171,56,220,151,164,41
177,9,197,98,61,207,8,146,5,208
177,10,122,234,8,9,250,232,31,242
177,11,111,85,59,220,3,54,222,15
177,12,220,191,208,210,207,39,3,128
177,13,199,154,28,37,219,6,113,25
177,14,52,167,67,252,22,139,51,73
177,15,181,162,146,121,233,213,177,206
177,16,190,170,26,51,64,24,252,230
177,17,158,15,142,28,204,78,60,166
177,18,226,204,192,250,77,13,5,130
177,19,26,4,85,70,117,137,226,59
177,20,171,224,56,246,52,151,115,4
177,21,197,207,208,146,131,151,61,87
177,22,122,234,242,157,196,9,250,8
177,23,111,85,14,59,220,222,47,218
177,24,220,15,39,191,11,128,81,167
177,25,37,19,6,154,78,113,55,130
177,26,52,137,86,231,167,67,51,22
177,27,181,162,177,165,45,58,146,4
177,28,170,111,190,80,26,252,193,134
177,29,158,20,21,15,88,35,142,242
177,30,250,197,192,226,13,204,162,63
177,31,30,228,183,4,151,137,226,17
177,32,76,123,19,85,179,140,90,9
177,33,74,139,95,56,16,86,11,28
177,34,195,191,72,1,240,44,238,73
177,35,191,97,185,190,180,148,43,167
177,36,26,125,142,227,248,79,147,39
177,37,78,58,126,65,21,48,64,108
177,38,92,119,87,84,97,215,94,79
177,39,189,44,129,78,99,158,197,242
178,0,237,208,182,158,81,79,132,141
178,1,155,62,182,146,75,11,118,197
178,2,43,109,20,210,253,123,90,149
178,3,117,37,235,199,230,187,119,233
178,4,102,142,15,54,154,222,95,236
178,5,188,158,90,43,236,127,135,198
178,6,79,14,138,157,156,196,65,182
178,7,23,117,199,64,185,147,76,229
178,8,56,116,239,180,35,212,52,77
178,9,197,203,239,2,191,208,13,255
178,10,198,157,196,122,234,185,169,88
178,11,111,128,42,108,206,62,47,14
178,12,220,93,74,128,15,39,3,81
178,13,154,134,29,6,66,32,28,202
178,14,52,86,51,137,167,106,148,224
178,15,162,181,172,165,58,148,217,87
178,16,5,43,170,51,80,252,133,106
178,17,250,87,166,15,0,158,20,89
178,18,226,204,197,13,161,192,43,134
178,19,20,109,116,4,205,26,167,195
178,20,116,239,56,4,52,83,63,23
178,21,203,191,239,197,208,2,255,13
178,22,198,196,157,169,125,234,65,150
178,23,128,111,62,189,206,86,42,107
178,24,220,74,93,15,151,26,54,81
178,25,134,147,6,154,32,182,43,112
178,26,51,137,86,52,10,88,124,230
178,27,165,181,58,162,172,87,31,232
178,28,43,5,111,106,182,170,150,134
178,29,87,0,250,20,5,153,15,76
178,30,226,197,179,163,170,43,205,13
178,31,116,4,109,205,20,26,63,183
178,32,119,90,192,252,178,134,77,112
178,33,93,83,86,184,16,238,183,129
178,34,82,1,85,96,26,207,180,132
178,35,84,57,160,72,42,145,221,128
178,36,70,83,120,181,20,98,217,36
178,37,104,182,190,31,58,229,88,149
178,38,148,27,71,92,151,121,159,16
178,39,38,154,69,217,243,110,12,78
179,0,41,238,43,86,173,30,24,112
179,1,182,146,62,140,155,93,152,217
179,2,43,167,49,60,20,188,121,11
179,3,117,199,130,226,233,113,26,119
179,4,54,45,165,235,58,5,193,132
179,5,188,90,65,135,158,127,43,198
179,6,65,79,14,138,68,157,22,143
179,7,117,145,229,23,70,147,72,76
179,8,116,239,104,180,99,52,4,173
179,9,197,255,2,239,191,98,208,36
179,10,157,125,88,65,27,185,39,196
179,11,39,111,108,181,128,206,162,62
179,12,220,151,93,62,85,53,15,0
179,13,134,112,103,154,138,182,234,119
179,14,52,86,229,51,167,41,137,10
179,15,162,46,166,181,172,165,58,117
179,16,43,75,26,170,252,106,51,133
179,17,5,87,166,158,20,0,15,153
179,18,226,170,204,197,192,161,77,43
179,19,167,109,26,195,63,20,116,4
179,20,239,56,116,185,52,179,171,115
179,21,191,197,2,208,239,152,255,155
179,22,157,125,173,88,65,234,196,159
179,23,39,111,128,206,86,239,181,14
179,24,93,220,15,54,151,235,39,85
179,25,134,112,6,103,154,211,32,182
179,26,86,10,52,137,51,252,22,88
179,27,46,172,162,165,181,58,166,31
179,28,43,111,106,252,51,170,134,24
179,29,5,153,87,20,0,158,46,142
179,30,170,226,192,163,43,5,15,84
179,31,167,63,109,116,75,26,20,226
179,32,223,119,178,90,181,240,206,95
179,33,83,74,93,16,129,231,220,43
179,34,116,186,1,85,26,112,82,132
179,35,229,42,84,174,69,167,97,202
179,36,70,83,22,166,73,129,198,119
179,37,88,58,182,21,175,180,73,186
179,38,92,148,151,58,145,31,168,189
179,39,2,189,78,38,254,69,217,95
180,0,21,30,225,206,43,200,236,147
180,1,124,170,224,211,118,127,19,147
180,2,188,49,60,11,253,167,106,222
180,3,199,56,119,197,117,159,131,41
180,4,58,154,88,195,250,121,165,244
180,5,188,81,71,79,158,0,205,251
180,6,14,79,157,65,138,68,156,77
180,7,171,142,229,26,32,111,132,76
180,8,224,56,239,185,171,194,151,246
180,9,197,61,98,207,208,8,255,243
180,10,157,173,122,234,250,242,31,159
180,11,111,164,85,150,108,109,14,47
180,12,220,131,249,39,207,199,191,54
180,13,154,112,176,138,115,134,66,32
180,14,52,167,86,51,189,10,22,106
180,15,162,146,181,166,165,122,83,172
180,16,26,170,51,43,252,190,106,111
180,17,5,158,142,15,166,20,204,28
180,18,226,204,161,13,192,43,77,197
180,19,63,167,109,26,30,195,117,25
180,20,56,239,185,171,116,224,246,115
180,21,197,207,155,208,156,169,146,232
180,22,173,157,159,196,250,234,88,195
180,23,111,72,239,181,162,150,85,14
180,24,220,249,81,252,15,39,199,243
180,25,176,112,211,6,115,32,154,37
180,26,86,10,52,137,51,252,107,105
180,27,46,181,165,172,162,217,119,87
180,28,111,106,134,160,43,51,252,65
180,29,18,153,158,20,5,46,22,213
180,30,226,192,33,79,134,15,43,34
180,31,63,167,36,52,75,241,26,20
180,32,240,109,19,123,223,252,16,142
180,33,231,16,74,95,61,241,139,83
180,34,63,191,112,186,1,22,231,166
180,35,43,191,44,59,139,174,154,17
180,36,22,221,73,106,26,79,240,64
180,37,160,88,130,61,175,108,85,205
180,38,120,242,132,149,0,104,241,254
180,39,166,91,21,115,235,106,65,151
181,0,206,168,255,246,30,15,181,131
181,1,16,234,137,222,207,94,148,134
181,2,41,233,253,153,20,52,1,73
181,3,119,117,222,86,41,237,240,28
181,4,184,150,87,97,195,20,250,154
181,5,215,234,143,32,200,21,25,79
181,6,159,176,254,26,21,102,207,127
181,7,111,132,171,140,182,26,62,208
181,8,224,151,41,98,171,165,133,34
181,9,81,20,243,254,127,63,203,166
181,10,116,134,66,205,81,176,245,232
181,11,42,134,10,111,60,223,225,46
181,12,116,42,250,186,207,39,14,165
181,13,151,228,120,174,212,166,109,250
181,14,189,73,67,84,165,139,44,58
181,15,145,134,206,250,94,50,149,227
181,16,74,195,24,72,116,146,112,26
181,17,204,152,142,244,230,8,66,151
181,18,117,175,135,152,91,68,233,53
181,19,59,228,190,96,25,113,212,157
181,20,224,151,41,165,184,34,71,194
181,21,243,227,146,81,137,166,207,1
181,22,116,160,111,207,156,81,232,165
181,23,134,80,60,225,10,141,223,154
181,24,84,186,250,12,147,116,42,23
181,25,228,151,212,41,174,15,95,145
181,26,189,67,73,84,252,251,204,52
181,27,206,101,250,146,54,182,169,55
181,28,74,72,24,116,47,179,228,161
181,29,150,204,158,17,214,152,151,38
181,30,117,91,59,21,118,80,139,123
181,31,137,59,33,226,212,67,248,25
181,32,33,59,220,47,117,159,178,10
181,33,192,81,75,74,198,189,177,35
181,34,16,141,164,246,252,33,120,65
181,35,167,253,14,235,67,202,180,251
181,36,158,110,50,203,134,118,248,149
181,37,239,64,176,25,207,226,238,86
181,38,103,0,166,193,37,63,206,177
181,39,42,10,91,136,227,164,134,55
182,0,205,252,25,95,42,5,147,194
182,1,16,224,234,162,134,94,5,107
182,2,167,253,218,52,20,19,49,0
182,3,117,240,119,41,53,190,233,134
182,4,250,154,9,165,193,132,54,213
182,5,188,89,90,14,234,127,236,43
182,6,14,79,2,157,133,138,43,65
182,7,142,171,23,176,229,117,70,147
182,8,239,56,185,35,116,179,224,180
182,9,197,98,169,8,203,255,85,207
182,10,173,157,139,122,39,185,159,47
182,11,72,111,120,39,17,109,14,85
182,12,249,220,131,39,207,54,191,81
182,13,112,211,154,138,176,134,228,29
182,14,86,52,167,51,252,22,189,139
182,15,166,162,146,172,181,122,206,46
182,16,43,24,170,51,181,26,231,252
182,17,5,142,166,158,204,28,60,213
182,18,226,204,197,117,5,192,80,77
182,19,167,109,51,59,226,30,228,4
182,20,239,224,171,151,4,246,35,34
182,21,203,146,207,81,243,113,120,143
182,22,157,236,173,207,165,232,159,122
182,23,72,111,39,17,239,134,140,14
182,24,43,220,207,186,12,42,39,116
182,25,228,6,112,211,151,154,208,166
182,26,86,73,67,52,252,189,84,139
182,27,172,166,181,162,121,206,46,250
182,28,24,43,116,111,253,31,47,146
182,29,5,142,158,28,204,17,213,1
182,30,117,226,80,71,197,5,170,192
182,31,167,228,226,30,33,137,151,59
182,32,223,159,158,178,220,194,47,59
182,33,74,81,83,231,28,220,244,108
182,34,241,1,21,116,252,191,34,19
182,35,229,167,253,218,93,202,235,61
182,36,70,158,248,98,50,198,74,242
182,37,58,64,21,227,143,32,103,175
182,38,0,92,148,127,84,94,189,74
182,39,189,78,242,38,238,248,95,70
183,0,209,210,197,35,101,93,11,30
183,1,155,181,70,146,47,152,197,211
183,2,253,20,52,43,97,218,167,152
183,3,117,233,226,236,119,211,240,190
183,4,20,9,193,54,154,144,165,132
183,5,220,188,215,89,230,198,229,159
183,6,14,133,65,43,2,77,156,23
183,7,171,176,132,199,26,111,70,142
183,8,239,35,224,151,56,41,171,179
183,9,203,169,207,180,143,166,81,129
183,10,122,121,157,11,10,88,240,219
183,11,111,249,88,239,42,181,98,39
183,12,220,116,154,186,207,39,42,211
183,13,151,112,228,176,212,138,166,149
183,14,189,67,86,73,139,90,52,88
183,15,120,146,166,145,250,206,50,162
183,16,24,253,181,72,116,191,179,169
183,17,142,204,158,5,17,166,244,28
183,18,135,117,226,80,175,53,73,91
183,19,228,59,226,34,88,30,167,129
183,20,224,151,171,184,71,246,239,98
183,21,146,81,243,207,227,47,137,203
183,22,165,207,81,236,232,91,122,157
183,23,134,17,101,140,111,225,39,145
183,24,186,43,207,42,12,220,39,250
183,25,228,151,212,211,174,102,166,165
183,26,189,73,67,84,139,86,61,90
183,27,121,206,250,182,204,146,50,145
183,28,24,116,253,231,146,72,54,47
183,29,142,28,158,5,17,204,152,230
183,30,117,80,170,5,71,135,226,221
183,31,120,226,30,228,167,59,25,212
183,32,158,223,194,98,220,159,47,206
183,33,81,190,74,72,28,244,41,126
183,34,116,34,21,1,252,97,19,161
183,35,167,229,253,14,244,93,218,202
183,36,70,158,50,181,242,198,207,129
183,37,64,58,21,57,227,103,143,147
183,38,92,148,127,79,84,94,118,74
183,39,189,2,38,78,242,248,70,213
184,0,199,62,231,211,124,236,36,151
184,1,124,49,14,245,203,95,118,191
184,2,188,60,3,193,79,255,253,58
184,3,197,243,56,22,182,199,201,159
184,4,121,158,70,132,192,175,250,29
184,5,2,0,33,27,236,136,164,52
184,6,168,185,14,159,157,43,2,25
184,7,132,171,111,26,167,169,239,32
184,8,224,151,220,171,98,161,72,28
184,9,227,20,81,243,207,61,146,87
184,10,232,165,122,91,8,222,134,242
184,11,59,134,218,225,194,85,3,111
184,12,186,207,39,116,42,59,208,13
184,13,151,199,228,176,166,212,109,174
184,14,189,67,139,73,84,163,54,156
184,15,146,206,145,122,149,250,28,182
184,16,116,31,146,253,169,240,82,191
184,17,142,28,158,19,204,244,17,22
184,18,250,68,130,117,103,77,80,135
184,19,228,226,85,59,34,96,30,25
184,20,224,151,171,98,72,246,145,71
184,21,243,146,81,207,227,47,156,5
184,22,232,122,242,165,91,146,157,81
184,23,231,218,59,85,134,194,17,3
184,24,210,186,12,43,207,39,166,42
184,25,228,155,151,19,174,199,169,0
184,26,73,67,139,84,189,220,196,86
184,27,18,28,206,121,146,130,109,122
184,28,56,116,24,82,253,146,190,168
184,29,19,142,158,28,17,204,230,139
184,30,117,80,226,5,209,130,143,135
184,31,228,157,226,99,113,247,30,59
184,32,19,123,85,14,57,109,159,220
184,33,74,139,81,28,72,56,245,162
184,34,195,18,11,21,249,143,191,72
184,35,167,191,185,229,202,76,253,117
184,36,26,125,158,44,23,79,188,129
184,37,126,64,58,162,21,196,227,103
184,38,92,84,127,79,132,94,118,185
184,39,99,189,44,77,242,78,2,213
185,0,174,13,204,124,62,159,155,161
185,1,162,252,23,245,16,232,49,186
185,2,146,84,43,207,23,75,90,251
185,3,148,111,159,182,147,36,199,68
185,4,148,158,121,221,70,152,192,53
185,5,2,115,0,210,33,52,163,40
185,6,82,92,84,185,159,43,125,14
185,7,171,132,26,245,28,239,167,87
185,8,224,159,171,151,184,72,165,74
185,9,81,146,243,207,229,143,20,230
185,10,207,122,232,165,9,8,99,81
185,11,222,145,3,220,59,134,98,111
185,12,39,42,210,207,186,116,9,181
185,13,151,228,154,174,101,139,165,15
185,14,189,139,67,73,179,75,165,84
185,15,206,145,250,122,54,146,121,192
185,16,116,230,24,253,170,31,82,47
185,17,142,158,204,78,28,17,21,8
185,18,108,135,250,117,80,5,69,130
185,19,228,30,96,59,226,70,231,25
185,20,224,159,184,151,171,246,110,34
185,21,146,243,81,207,184,47,98,227
185,22,122,207,165,232,9,216,157,81
185,23,145,220,222,59,3,17,95,134
185,24,128,205,186,210,12,39,220,50
185,25,101,228,211,19,140,151,154,25
185,26,86,73,67,139,179,61,84,75
185,27,146,250,121,206,130,109,122,54
185,28,116,24,82,230,168,193,253,111
185,29,158,142,21,88,204,28,17,173
185,30,250,197,117,226,5,80,162,135
185,31,30,59,226,151,25,33,228,183
185,32,19,146,12,159,254,76,220,59
185,33,75,74,56,162,81,28,189,139
185,34,191,195,1,21,246,72,5,239
185,35,229,167,202,76,97,253,14,185
185,36,158,188,23,203,98,248,129,78
185,37,64,58,21,227,238,103,22,48
185,38,92,84,127,250,94,79,74,118
185,39,189,129,78,242,70,44,243,197
186,0,11,51,79,135,128,182,59,207
186,1,155,123,169,139,223,16,107,5
186,2,252,16,208,90,2,38,130,158
186,3,98,27,97,199,160,238,146,46
186,4,14,167,240,129,65,181,154,201
186,5,235,67,191,198,120,252,6,117
186,6,14,82,156,215,43,2,8,84
186,7,44,171,132,185,32,26,2,199
186,8,33,56,164,224,212,105,171,52
186,9,132,98,207,180,119,166,143,146
186,10,122,248,207,165,8,157,99,232
186,11,36,20,145,14,19,111,98,3
186,12,160,128,39,207,210,186,10,253
186,13,33,29,154,211,228,15,151,109
186,14,86,147,139,189,67,73,179,84
186,15,166,206,145,240,122,146,250,121
186,16,156,24,116,253,191,179,170,47
186,17,142,110,204,158,28,244,17,166
186,18,112,128,135,117,80,77,5,226
186,19,228,120,25,226,59,30,12,181
186,20,224,33,151,171,41,184,246,161
186,21,132,146,227,120,207,81,137,243
186,22,248,165,122,207,232,81,157,236
186,23,20,36,134,95,101,17,3,14
186,24,186,43,207,42,39,12,10,116
186,25,33,228,142,151,15,208,199,102
186,26,189,67,147,73,84,139,252,86
186,27,206,121,122,146,145,182,54,250
186,28,156,116,24,253,168,231,146,170
186,29,142,110,28,158,17,204,139,1
186,30,117,128,112,80,5,226,68,135
186,31,120,30,12,226,25,228,59,137
186,32,238,158,113,194,178,159,206,47
186,33,41,81,73,74,72,245,40,180
186,34,97,161,34,19,116,21,141,188
186,35,167,229,202,214,244,76,14,253
186,36,158,181,129,23,239,74,70,203
186,37,64,21,58,147,57,227,22,48
186,38,92,79,84,94,127,148,250,74
186,39,189,2,242,78,213,38,70,113
187,0,124,155,92,222,62,144,161,231
187,1,9,8,245,149,173,14,98,175
187,2,76,92,150,16,193,2,10,208
187,3,243,155,159,166,182,22,251,184
187,4,158,121,203,70,29,192,134,94
187,5,2,0,115,164,251,81,210,252
187,6,82,19,185,200,92,102,209,2
187,7,171,132,26,187,158,167,239,120
187,8,224,151,98,171,133,165,246,220
187,9,243,207,227,81,166,20,58,146
187,10,232,8,207,165,122,245,116,99
187,11,134,3,59,15,225,136,145,231
187,12,39,115,116,186,42,207,50,80
187,13,151,228,199,174,15,219,140,208
187,14,189,67,139,73,84,22,44,167
187,15,146,145,122,206,250,54,149,121
187,16,24,253,56,230,82,116,195,146
187,17,142,28,204,158,244,8,19,78
187,18,117,141,77,68,250,73,80,5
187,19,226,59,228,84,247,25,60,30
187,20,224,171,151,98,71,121,253,194
187,21,146,207,227,243,47,81,137,98
187,22,122,165,232,207,146,116,8,250
187,23,134,59,17,231,136,3,95,225
187,24,115,50,128,186,210,39,12,42
187,25,228,140,0,211,19,155,101,208
187,26,86,67,73,139,171,84,189,252
187,27,146,206,121,249,171,122,49,54
187,28,24,82,193,230,253,168,116,47
187,29,158,142,21,19,28,88,119,94
187,30,197,250,226,117,5,162,80,99
187,31,4,183,249,30,151,239,252,218
187,32,162,12,19,146,254,159,90,59
187,33,181,189,56,74,81,28,75,108
187,34,195,1,191,46,136,168,169,21
187,35,229,202,76,167,97,185,128,11
187,36,93,19,125,61,85,158,206,230
187,37,65,58,229,176,16,175,101,64
187,38,92,254,35,158,196,31,112,252
187,39,129,117,189,235,208,163,22,37
188,0,182,237,208,81,141,235,79,192
188,1,182,62,155,146,70,152,140,11
188,2,210,109,38,252,130,59,164,17
188,3,37,230,235,117,26,199,187,233
188,4,15,102,142,54,154,222,95,87
188,5,188,235,90,186,43,135,65,6
188,6,14,156,215,54,43,2,138,196
188,7,23,117,171,199,64,185,109,132
188,8,239,56,35,116,180,212,83,57
188,9,203,116,191,197,2,13,98,207
188,10,122,198,157,207,216,196,169,185
188,11,111,42,174,98,14,128,145,17
188,12,220,160,93,128,39,74,15,26
188,13,154,29,211,134,176,43,95,15
188,14,86,51,139,252,52,167,189,73
188,15,172,162,146,181,121,206,250,122
188,16,5,43,24,170,116,111,253,196
188,17,250,158,142,166,87,225,60,204
188,18,197,57,226,170,204,13,161,205
188,19,109,205,4,116,20,183,228,252
188,20,239,4,56,212,52,184,246,83
188,21,203,116,191,13,207,146,197,2
188,22,198,157,236,169,207,196,125,159
188,23,42,189,128,17,111,62,95,174
188,24,220,74,160,93,15,26,54,63
188,25,134,147,29,154,6,43,211,107
188,26,86,51,52,124,137,73,22,67
188,27,181,172,162,165,120,58,146,250
188,28,43,5,24,111,116,95,47,206
188,29,250,87,5,0,17,204,229,142
188,30,197,179,205,21,170,117,187,163
188,31,109,205,116,4,151,20,181,252
188,32,90,119,186,96,134,91,159,131
188,33,93,86,238,28,183,83,232,215
188,34,82,1,96,180,207,101,171,252
188,35,160,57,153,145,235,218,84,20
188,36,70,181,98,120,211,248,74,83
188,37,31,104,58,229,64,190,143,182
188,38,27,148,71,92,94,95,118,252
188,39,69,38,110,243,154,217,12,78
189,0,107,181,82,83,57,106,43,236
189,1,132,242,124,128,170,103,73,19
189,2,255,188,217,60,238,11,80,154
189,3,219,119,92,131,169,186,227,166
189,4,79,254,247,255,242,88,54,245
189,5,147,174,159,160,42,161,68,11
189,6,14,164,208,183,89,68,65,41
189,7,199,171,195,142,109,101,132,211
189,8,35,224,56,125,239,173,202,142
189,9,151,217,156,98,207,197,93,148
189,10,228,68,62,22,196,157,73,142
189,11,64,27,181,107,95,195,98,42
189,12,191,220,154,42,1,197,254,175
189,13,164,29,228,151,176,138,15,70
189,14,213,67,189,139,73,86,84,252
189,15,120,250,206,146,145,110,36,101
189,16,181,24,253,116,31,72,195,179
189,17,26,204,142,166,17,158,60,230
189,18,135,159,117,55,80,197,204,211
189,19,59,228,237,151,205,129,88,4
189,20,224,184,151,35,34,98,41,171
189,21,217,243,81,146,203,47,228,54
189,22,236,81,207,68,157,92,86,228
189,23,64,17,27,134,95,10,195,98
189,24,12,186,191,147,42,180,43,106
189,25,228,29,164,151,15,166,174,23
189,26,73,189,238,67,84,61,251,194
189,27,101,146,120,250,206,239,109,182
189,28,24,149,253,116,181,161,197,231
189,29,26,204,17,130,101,214,60,65
189,30,159,55,117,21,71,245,175,181
189,31,237,33,151,233,226,7,59,91
189,32,42,224,199,220,91,178,197,124
189,33,179,28,156,201,81,217,108,38
189,34,196,49,217,252,56,213,149,33
189,35,210,224,235,167,206,218,253,89
189,36,255,24,158,194,50,74,242,214
189,37,50,64,14,21,32,226,22,28
189,38,146,59,94,127,79,118,212,74
189,39,85,177,13,34,30,62,70,116
190,0,139,24,109,211,151,192,76,70
190,1,236,14,226,85,22,171,204,170
190,2,3,58,77,221,143,5,182,237
190,3,167,243,11,36,251,196,159,56
190,4,121,243,158,175,70,178,132,75
190,5,164,24,163,52,228,63,0,22
190,6,128,149,102,159,26,185,209,148
190,7,38,132,111,26,128,182,171,62
190,8,224,151,98,206,29,41,34,171
190,9,20,81,243,189,61,207,134,54
190,10,116,92,228,242,146,73,232,165
190,11,218,134,154,70,60,141,93,225
190,12,84,208,42,186,50,207,147,116
190,13,19,151,228,166,219,212,176,13
190,14,189,67,73,213,44,194,251,139
190,15,101,203,250,169,146,206,12,145
190,16,102,72,161,253,169,181,24,53
190,17,214,204,142,60,62,17,135,244
190,18,90,108,117,211,135,80,5,103
190,19,199,144,59,228,226,33,85,137
190,20,224,184,151,246,98,171,69,41
190,21,146,243,81,207,98,148,143,227
190,22,92,24,242,228,73,207,81,86
190,23,154,134,218,164,93,95,225,107
190,24,84,43,11,186,42,12,181,191
190,25,228,29,151,51,19,140,230,22
190,26,67,73,189,213,61,84,139,251
190,27,250,146,206,121,54,249,109,204
190,28,161,181,24,116,253,47,168,206
190,29,214,17,132,142,204,230,21,139
190,30,71,117,135,90,103,188,5,204
190,31,199,91,228,144,33,30,226,107
190,32,123,48,91,159,220,254,22,246
190,33,151,107,28,139,58,95,133,72
190,34,56,252,175,240,21,94,48,5
190,35,218,5,85,114,235,167,94,20
190,36,152,246,248,195,211,158,188,74
190,37,67,161,64,143,135,48,60,21
190,38,101,9,30,201,234,127,118,189
190,39,246,250,1,92,138,215,203,70
191,0,234,144,172,92,188,111,186,155
191,1,198,251,43,3,239,14,66,111
191,2,230,92,150,15,86,31,110,212
191,3,177,19,116,30,251,54,155,159
191,4,112,94,121,71,152,158,132,98
191,5,210,0,194,98,115,144,136,52
191,6,204,43,128,178,59,125,92,172
191,7,132,171,181,111,26,40,185,210
191,8,224,246,98,151,65,171,212,85
191,9,81,237,120,166,207,146,54,243
191,10,81,9,218,207,7,165,91,86
191,11,10,153,114,130,95,15,134,3
191,12,84,186,147,12,116,205,191,42
191,13,38,151,29,228,166,176,41,15
191,14,189,73,67,84,61,251,139,22
191,15,248,250,203,146,206,50,120,145
191,16,181,169,253,31,72,24,230,195
191,17,204,218,197,236,17,142,230,65
191,18,69,135,117,53,45,245,204,211
191,19,233,228,34,59,91,88,70,226
191,20,224,65,151,184,98,171,181,35
191,21,243,81,54,146,47,237,120,228
191,22,0,86,81,9,91,232,111,207
191,23,15,130,153,10,17,114,107,134
191,24,106,12,186,42,205,84,250,116
191,25,228,151,29,38,200,166,51,212
191,26,73,67,189,252,84,61,251,235
191,27,248,250,146,206,213,121,182,50
191,28,24,54,169,230,185,253,211,231
191,29,236,204,17,230,142,218,28,65
191,30,69,117,45,80,204,245,135,5
191,31,233,226,51,33,70,151,30,66
191,32,195,146,199,220,194,86,247,64
191,33,97,217,81,94,37,75,72,36
191,34,212,19,187,54,188,255,33,90
191,35,167,214,49,202,229,253,196,244
191,36,158,0,8,234,194,203,242,74
191,37,64,21,90,28,124,32,57,147
191,38,22,127,79,86,94,84,212,74
191,39,16,68,23,78,145,70,95,241
192,0,136,78,241,56,14,131,89,15
192,1,40,96,183,166,57,228,234,6
192,2,205,178,94,125,112,116,135,161
192,3,166,153,143,111,217,179,195,137
192,4,253,37,121,156,19,152,182,7
192,5,174,0,146,202,42,5,210,98
192,6,204,59,43,25,172,178,145,27
192,7,132,171,26,208,111,210,140,62
192,8,224,157,98,151,171,34,161,74
192,9,54,47,243,81,20,227,207,198
192,10,12,81,68,165,91,86,226,111
192,11,64,225,130,3,134,191,10,102
192,12,39,186,42,116,12,157,205,201
192,13,151,42,1,93,166,228,66,125
192,14,189,67,54,61,163,139,96,73
192,15,250,116,54,228,121,204,206,146
192,16,253,149,169,126,72,54,31,247
192,17,17,142,185,102,28,204,48,230
192,18,80,72,135,68,158,182,245,251
192,19,226,34,30,70,228,215,96,137
192,20,224,98,151,72,157,71,171,133
192,21,81,207,47,243,146,228,61,54
192,22,68,91,232,12,165,81,86,111
192,23,64,225,130,101,106,134,107,3
192,24,39,42,186,106,12,207,189,107
192,25,42,199,151,1,228,200,212,93
192,26,67,54,189,61,139,73,225,252
192,27,116,121,241,54,250,204,182,249
192,28,147,149,169,247,31,231,211,122
192,29,185,142,28,230,17,26,204,65
192,30,72,80,117,221,45,190,68,251
192,31,70,226,30,233,33,96,66,137
192,32,224,197,220,206,199,64,89,61
192,33,63,156,81,217,18,72,40,206
192,34,152,213,54,188,33,251,141,90
192,35,167,214,244,229,104,14,202,253
192,36,239,158,24,251,194,203,34,23
192,37,50,64,21,90,124,28,57,14
192,38,146,86,79,94,127,84,212,74
192,39,177,13,85,78,62,242,34,36
193,0,139,36,134,72,211,76,192,151
193,1,14,254,101,22,171,48,49,221
193,2,178,3,182,201,143,205,94,95
193,3,15,243,197,167,166,251,247,22
193,4,253,121,2,178,158,192,132,175
193,5,63,24,164,165,137,86,149,19
193,6,204,128,59,168,159,12,172,192
193,7,38,132,171,32,111,208,26,27
193,8,224,98,151,171,133,34,132,69
193,9,54,81,243,61,237,20,47,207
193,10,92,165,73,81,12,91,226,232
193,11,218,154,134,225,231,10,84,3
193,12,186,166,84,147,42,157,39,60
193,13,151,166,42,19,228,93,66,165
193,14,189,67,61,73,11,139,96,178
193,15,250,101,238,21,45,69,28,121
193,16,161,247,169,53,253,82,197,185
193,17,214,17,185,204,135,142,62,230
193,18,130,72,211,135,80,245,35,68
193,19,144,226,228,33,96,34,61,248
193,20,224,98,151,171,71,246,72,237
193,21,47,81,243,54,237,61,146,98
193,22,12,92,91,81,226,73,86,134
193,23,154,10,231,218,225,134,59,5
193,24,84,157,166,12,186,42,60,201
193,25,42,151,228,212,166,19,192,127
193,26,61,67,189,73,28,166,196,24
193,27,250,182,121,206,50,116,54,79
193,28,56,169,82,247,161,138,53,253
193,29,214,185,17,230,19,152,142,204
193,30,130,72,117,151,204,80,245,203
193,31,144,70,226,247,33,30,66,96
193,32,123,14,220,64,85,197,91,117
193,33,84,81,72,139,151,200,103,108
193,34,11,18,152,48,33,249,90,251
193,35,114,253,14,167,244,214,229,104
193,36,44,158,50,194,26,214,203,242
193,37,162,64,21,28,14,56,32,48
193,38,79,132,127,52,94,84,87,74
193,39,77,44,78,99,62,242,70,177
194,0,174,13,124,199,178,175,62,204
194,1,251,49,3,111,23,14,71,254
194,2,200,31,212,15,3,178,135,143
194,3,137,243,15,197,36,251,22,232
194,4,253,121,158,44,148,221,70,192
194,5,164,86,165,236,19,27,115,2
194,6,59,204,128,159,172,185,26,126
194,7,132,171,167,246,111,120,26,27
194,8,224,98,133,74,151,171,246,69
194,9,20,81,54,227,243,47,189,237
194,10,91,12,165,81,242,232,9,226
194,11,85,218,3,59,134,220,225,84
194,12,186,39,157,205,116,42,175,12
194,13,151,165,166,66,172,228,127,1
194,14,189,67,54,61,73,90,139,163
194,15,250,28,70,14,54,206,121,238
194,16,190,193,253,169,31,116,247,72
194,17,17,142,204,185,214,28,230,48
194,18,72,151,250,68,80,204,135,93
194,19,85,226,96,70,228,30,34,153
194,20,224,237,171,98,72,151,246,3
194,21,47,98,81,243,227,146,207,54
194,22,91,242,12,86,232,226,111,81
194,23,85,220,59,218,106,107,201,17
194,24,205,11,128,157,12,15,39,234
194,25,42,19,71,1,151,41,101,228
194,26,54,225,61,67,252,73,203,52
194,27,28,250,249,171,54,146,206,109
194,28,193,190,24,26,116,102,82,168
194,29,88,21,17,185,230,61,223,142
194,30,162,204,250,63,135,151,53,232
194,31,70,34,96,30,85,218,226,183
194,32,179,125,131,86,123,146,76,254
194,33,189,104,75,139,56,95,11,162
194,34,44,240,238,67,72,220,28,33
194,35,74,190,148,185,229,191,196,21
194,36,142,115,227,19,147,124,93,26
194,37,78,27,175,169,16,108,73,80
194,38,169,119,80,215,93,159,96,251
194,39,117,158,244,122,231,179,47,75
195,0,27,35,101,166,135,133,242,169
195,1,26,11,139,132,216,146,34,123
195,2,90,210,84,200,162,146,135,31
195,3,211,106,226,37,146,46,29,31
195,4,65,14,240,242,118,167,146,253
195,5,161,10,236,235,5,191,132,42
195,6,204,255,59,167,215,172,178,43
195,7,2,171,132,169,199,185,204,75
195,8,35,212,89,56,224,41,171,179
195,9,241,180,98,169,94,227,13,47
195,10,81,88,12,86,232,226,64,165
195,11,20,39,145,3,17,10,107,191
195,12,157,128,186,205,160,12,116,39
195,13,29,178,112,151,228,1,154,205
195,14,189,67,139,163,73,252,86,61
195,15,36,250,54,166,206,121,183,50
195,16,96,169,31,116,176,26,253,179
195,17,94,204,166,142,17,60,230,28
195,18,148,170,204,135,72,117,152,251
195,19,130,70,96,226,59,228,34,30
195,20,224,151,98,35,212,171,71,23
195,21,241,180,243,47,81,54,146,207
195,22,88,83,86,232,81,111,34,234
195,23,20,39,138,225,191,134,106,107
195,24,67,15,81,116,219,216,177,39
195,25,178,112,151,228,29,166,209,250
195,26,67,189,231,225,252,163,84,73
195,27,250,206,166,50,182,121,54,114
195,28,96,169,164,31,72,26,146,145
195,29,94,204,230,60,28,38,223,142
195,30,117,170,148,85,204,135,245,91
195,31,130,226,70,30,33,25,96,22
195,32,99,254,158,60,220,237,59,47
195,33,33,81,190,232,41,72,220,166
195,34,82,161,97,34,33,246,251,55
195,35,24,253,202,229,167,14,93,76
195,36,158,207,50,194,23,74,198,87
195,37,64,21,104,124,32,175,238,103
195,38,135,71,144,27,94,127,252,212
195,39,243,69,110,12,78,70,242,22
196,0,148,78,120,238,89,0,45,56
196,1,217,28,143,119,54,193,25,240
196,2,87,217,121,1,233,171,43,188
196,3,212,204,85,183,229,27,49,199
196,4,20,184,150,66,174,187,97,23
196,5,137,162,32,25,143,21,163,165
196,6,159,26,148,21,59,102,157,238
196,7,171,132,140,169,26,111,120,208
196,8,224,72,98,133,16,220,74,61
196,9,20,189,207,81,161,54,127,247
196,10,165,116,91,232,207,85,240,217
196,11,42,225,60,134,204,157,231,80
196,12,39,116,186,143,189,208,17,145
196,13,93,219,151,66,212,165,112,166
196,14,189,67,54,225,167,96,90,109
196,15,166,147,114,121,74,204,54,60
196,16,253,72,252,74,40,233,130,60
196,17,89,142,102,17,48,238,226,230
196,18,139,80,135,182,175,177,176,91
196,19,215,226,30,22,35,61,137,33
196,20,224,72,133,71,23,98,181,151
196,21,207,172,165,137,81,186,61,188
196,22,165,160,124,207,119,217,85,91
196,23,80,60,225,101,204,24,157,31
196,24,39,189,107,125,143,186,221,43
196,25,93,219,112,151,66,199,212,70
196,26,54,225,67,189,167,194,88,90
196,27,166,114,121,182,147,139,204,49
196,28,74,72,113,8,152,130,116,250
196,29,89,150,142,38,140,171,39,1
196,30,139,176,175,80,245,91,122,182
196,31,22,33,226,231,212,61,30,59
196,32,47,33,216,220,61,159,117,178
196,33,192,72,81,82,21,220,200,165
196,34,16,181,252,21,70,33,246,155
196,35,167,235,14,89,184,218,3,83
196,36,74,87,59,242,10,194,50,188
196,37,124,32,21,68,54,49,244,12
196,38,115,103,43,50,159,142,62,206
196,39,231,164,22,109,37,67,169,39
197,0,239,228,102,10,225,14,21,250
197,1,28,152,217,128,154,211,189,78
197,2,121,22,87,43,217,154,156,47
197,3,226,121,177,166,236,199,146,92
197,4,54,118,242,65,224,116,146,105
197,5,161,67,254,10,100,5,214,212
197,6,182,51,157,122,44,147,12,75
197,7,2,44,204,171,169,185,75,208
197,8,35,56,212,52,237,77,180,57
197,9,240,169,156,98,47,197,13,85
197,10,88,253,39,26,12,81,86,64
197,11,49,195,142,106,20,191,42,107
197,12,253,39,67,128,203,14,116,189
197,13,112,29,178,100,111,151,1,22
197,14,40,189,225,67,61,93,54,139
197,15,166,36,54,250,142,121,206,87
197,16,73,96,26,231,170,95,31,181
197,17,94,102,17,166,142,223,28,48
197,18,204,148,182,170,80,251,122,245
197,19,215,51,226,70,96,30,233,228
197,20,224,35,72,4,186,98,151,71
197,21,240,47,156,81,207,54,243,61
197,22,88,91,234,253,86,124,232,35
197,23,106,49,39,20,107,225,101,191
197,24,67,39,15,81,107,220,253,43
197,25,112,178,29,93,151,228,1,220
197,26,225,54,61,67,189,40,251,109
197,27,87,166,172,11,204,84,121,147
197,28,113,96,46,152,73,117,233,253
197,29,17,5,142,176,102,89,38,205
197,30,148,170,85,204,80,139,245,203
197,31,215,226,231,30,167,51,106,33
197,32,158,106,134,191,220,2,116,88
197,33,220,205,182,72,116,86,92,232
197,34,9,205,161,51,164,93,97,252
197,35,24,235,218,199,89,167,129,104
197,36,59,120,74,194,214,28,5,64
197,37,229,175,32,124,186,145,190,123
197,38,115,93,254,179,68,134,6,233
197,39,75,231,238,164,95,22,190,235
198,0,10,23,129,5,98,140,67,69
198,1,217,154,82,65,41,25,54,161
198,2,237,72,43,154,246,155,171,251
198,3,226,236,147,146,85,211,28,194
198,4,20,242,161,130,172,249,174,184
198,5,220,76,111,5,132,85,212,214
198,6,182,133,59,51,120,157,176,21
198,7,171,2,176,245,75,132,26,57
198,8,35,224,72,98,61,69,159,151
198,9,39,203,161,20,169,54,207,81
198,10,88,91,240,165,81,10,189,90
198,11,42,225,106,73,255,185,249,31
198,12,39,116,43,65,186,205,154,42
198,13,112,93,151,219,165,166,212,66
198,14,189,67,54,225,90,61,96,40
198,15,166,147,121,142,206,114,204,250
198,16,54,253,72,60,252,40,73,13
198,17,102,17,142,48,89,230,152,38
198,18,80,139,182,175,245,135,176,91
198,19,215,226,30,51,22,33,231,228
198,20,224,72,71,186,206,181,151,98
198,21,81,207,172,54,165,188,224,156
198,22,165,124,207,88,91,217,81,85
198,23,101,106,225,60,145,204,80,10
198,24,39,43,186,189,116,221,143,107
198,25,93,151,112,212,199,130,66,166
198,26,54,189,225,67,90,194,73,202
198,27,166,114,147,87,182,21,121,139
198,28,113,116,46,72,152,54,231,153
198,29,89,38,5,142,48,140,230,236
198,30,176,139,245,71,175,170,182,80
198,31,22,33,167,226,215,199,51,66
198,32,220,216,47,158,106,134,61,191
198,33,220,72,49,190,116,81,107,244
198,34,252,116,56,93,51,33,181,1
198,35,235,167,218,22,197,89,57,129
198,36,74,120,242,214,194,207,248,188
198,37,229,32,124,175,145,143,64,21
198,38,93,135,101,71,18,158,254,46
198,39,129,248,25,243,95,2,22,108
199,0,57,114,108,135,201,238,189,241
199,1,146,11,97,192,70,140,182,233
199,2,8,237,72,36,32,188,84,43
199,3,236,106,226,199,224,248,110,211
199,4,129,251,165,188,233,240,122,219
199,5,69,44,65,88,165,220,5,146
199,6,255,182,51,59,250,122,246,56
199,7,171,10,58,2,105,210,208,37
199,8,224,159,35,69,98,3,115,4
199,9,69,180,47,169,13,81,98,241
199,10,88,91,194,81,125,193,184,39
199,11,39,106,99,19,191,188,66,7
199,12,39,186,14,116,42,65,205,194
199,13,112,151,103,228,178,165,107,166
199,14,189,61,225,67,24,54,28,178
199,15,166,250,36,87,54,172,142,121
199,16,73,253,113,233,252,31,7,40
199,17,17,102,48,142,5,223,89,94
199,18,170,80,182,122,245,177,135,139
199,19,215,167,51,226,30,33,228,199
199,20,224,186,72,71,206,35,98,74
199,21,69,156,81,180,207,54,61,203
199,22,91,88,124,165,194,162,35,247
199,23,39,106,42,101,99,225,66,19
199,24,43,39,186,17,253,107,65,116
199,25,93,112,151,212,66,178,202,165
199,26,54,225,61,67,189,194,90,73
199,27,87,166,172,147,114,21,139,121
199,28,46,152,113,116,72,253,233,250
199,29,89,5,17,142,230,38,48,140
199,30,170,139,176,71,245,175,80,177
199,31,226,33,167,22,215,30,91,231
199,32,60,106,134,220,47,216,185,191
199,33,229,49,220,116,86,92,107,72
199,34,93,252,82,1,56,116,33,51
199,35,235,167,218,22,57,89,129,197
199,36,74,120,70,2,188,214,248,194
199,37,124,104,145,143,58,32,190,64
199,38,27,148,118,92,127,101,71,212
199,39,248,110,243,38,69,12,70,92
200,0,144,188,191,92,186,236,111,66
200,1,191,124,167,118,86,198,25,205
200,2,188,133,92,84,86,150,11,230
200,3,155,44,148,224,159,81,11,177
200,4,98,112,94,88,194,121,192,195
200,5,2,136,251,44,18,165,163,88
200,6,172,84,142,59,52,126,204,92
200,7,169,37,181,171,132,27,75,116
200,8,224,107,72,186,159,16,98,133
200,9,156,120,207,161,81,54,105,231
200,10,207,9,81,91,165,7,124,116
200,11,153,145,255,225,3,130,27,52
200,12,65,196,39,116,21,186,208,42
200,13,151,93,165,166,66,212,45,14
200,14,67,189,225,54,90,194,202,109
200,15,248,147,18,50,121,114,215,21
200,16,116,253,230,72,60,54,233,46
200,17,48,230,98,142,89,236,17,197
200,18,176,245,135,139,69,177,175,80
200,19,226,22,215,30,35,51,33,66
200,20,224,72,159,71,1,16,133,206
200,21,156,81,172,224,207,54,165,186
200,22,124,0,165,207,9,81,108,66
200,23,153,145,15,99,130,101,3,66
200,24,39,196,186,219,65,107,185,194
200,25,93,151,155,166,130,110,224,181
200,26,54,225,67,90,194,202,61,248
200,27,248,21,147,114,139,166,121,182
200,28,46,116,54,113,230,24,126,152
200,29,98,236,89,65,230,48,38,151
200,30,176,69,245,139,1,101,45,177
200,31,22,51,190,33,66,226,35,45
200,32,195,146,216,220,47,194,61,247
200,33,37,97,94,217,49,21,82,189
200,34,212,187,90,255,188,70,19,33
200,35,49,89,167,83,3,44,156,116
200,36,74,0,234,8,28,188,87,214
200,37,145,124,32,22,64,220,28,21
200,38,22,212,127,118,94,59,12,122
200,39,23,68,241,16,224,70,145,34
201,0,181,107,82,251,39,246,68,255
201,1,234,40,96,67,92,207,222,16
201,2,94,84,120,224,191,172,2,229
201,3,148,50,166,105,85,131,143,48
201,4,98,156,79,134,37,182,195,80
201,5,174,250,111,251,151,146,42,137
201,6,145,149,84,172,50,137,174,108
201,7,169,75,245,116,37,27,185,26
201,8,72,224,107,133,159,98,186,183
201,9,120,207,161,99,54,20,105,254
201,10,68,81,207,165,124,226,132,234
201,11,64,145,130,225,255,3,192,83
201,12,196,116,65,143,106,39,107,185
201,13,93,164,151,212,230,165,112,14
201,14,225,54,90,67,189,164,194,198
201,15,147,225,18,204,215,153,121,114
201,16,126,40,233,116,113,60,54,72
201,17,26,89,48,98,230,86,142,1
201,18,176,139,135,245,177,55,182,91
201,19,237,226,22,215,30,51,35,33
201,20,72,224,133,71,1,157,181,183
201,21,81,54,20,207,172,224,165,186
201,22,68,124,165,217,207,90,81,187
201,23,64,145,101,60,24,194,204,3
201,24,196,143,185,219,107,221,39,96
201,25,93,151,164,83,66,110,212,175
201,26,54,225,90,77,194,67,248,189
201,27,166,114,139,21,147,233,182,116
201,28,126,116,113,152,18,222,191,153
201,29,26,98,89,101,38,65,48,230
201,30,176,55,245,1,139,101,45,223
201,31,237,22,190,33,66,100,226,35
201,32,224,220,197,216,47,61,7,178
201,33,179,201,156,217,21,72,82,180
201,34,49,217,188,70,33,213,246,181
201,35,224,167,16,129,14,116,83,89
201,36,255,24,119,87,74,188,242,214
201,37,50,124,64,22,90,32,28,147
201,38,146,127,12,212,118,59,94,79
201,39,85,177,34,13,70,30,116,147
202,0,24,29,41,86,109,151,225,136
202,1,22,234,236,226,85,221,205,193
202,2,94,84,221,120,139,83,143,77
202,3,148,54,224,201,166,36,202,251
202,4,243,149,134,79,70,121,132,37
202,5,213,250,42,151,1,232,165,167
202,6,145,84,100,172,149,148,216,25
202,7,169,120,61,132,171,208,57,185
202,8,72,224,16,157,98,242,148,132
202,9,20,99,54,120,187,207,81,172
202,10,226,124,17,251,217,165,246,191
202,11,151,209,97,225,83,134,145,11
202,12,196,185,166,65,189,206,13,116
202,13,151,93,83,165,230,252,137,212
202,14,225,54,90,189,5,194,67,77
202,15,18,116,147,225,67,227,231,121
202,16,126,233,116,60,113,40,38,110
202,17,98,101,126,115,142,89,48,226
202,18,176,237,245,177,233,139,1,101
202,19,237,190,35,215,226,22,101,195
202,20,72,224,133,1,157,74,132,71
202,21,20,54,95,99,81,172,83,186
202,22,124,17,28,149,217,233,109,251
202,23,209,156,145,151,194,204,11,90
202,24,196,185,143,241,194,219,96,39
202,25,151,93,181,155,79,83,129,254
202,26,54,225,77,247,5,90,248,167
202,27,139,67,209,18,116,21,63,114
202,28,201,113,38,138,178,191,222,152
202,29,101,98,202,177,89,38,126,78
202,30,237,1,245,233,101,176,177,139
202,31,190,54,22,226,35,100,14,33
202,32,220,157,61,75,197,216,14,7
202,33,161,59,206,103,18,180,219,185
202,34,206,11,94,70,33,181,249,155
202,35,8,83,13,197,184,167,3,89
202,36,194,214,158,188,251,74,87,242
202,37,196,124,64,32,162,22,28,95
202,38,52,124,132,127,59,212,94,118
202,39,224,27,77,70,34,166,91,147
203,0,168,246,255,216,135,181,61,131
203,1,88,234,101,133,236,158,192,205
203,2,83,137,177,131,203,94,21,141
203,3,224,0,113,202,131,29,54,129
203,4,134,243,121,79,132,215,180,38
203,5,89,213,250,151,31,95,167,19
203,6,145,84,100,25,216,172,39,149
203,7,169,61,120,208,171,132,213,135
203,8,72,224,16,132,107,98,1,157
203,9,20,66,73,54,81,99,245,187
203,10,251,124,98,70,165,246,202,217
203,11,11,225,145,255,97,158,134,151
203,12,196,65,185,39,198,116,225,166
203,13,151,83,165,37,93,212,45,230
203,14,225,90,54,67,189,11,218,164
203,15,147,51,18,227,52,116,225,121
203,16,126,233,113,72,252,116,253,40
203,17,98,230,226,89,38,101,48,142
203,18,176,139,245,135,237,91,175,177
203,19,215,22,35,54,30,226,33,101
203,20,72,71,224,181,157,1,133,95
203,21,81,54,20,254,224,165,186,207
203,22,124,207,251,165,90,81,28,134
203,23,11,129,156,145,24,60,90,58
203,24,196,53,194,246,143,225,39,241
203,25,151,93,181,110,83,254,66,79
203,26,225,54,90,67,142,77,5,194
203,27,51,21,52,67,147,209,41,139
203,28,58,113,178,201,18,12,38,191
203,29,177,98,101,38,242,208,14,162
203,30,1,245,101,233,62,208,95,176
203,31,54,190,134,100,66,169,38,215
203,32,174,220,101,61,182,56,171,157
203,33,152,206,219,165,59,180,18,186
203,34,131,206,69,183,129,179,23,63
203,35,8,104,156,83,116,13,184,180
203,36,168,214,28,194,250,160,242,145
203,37,239,248,198,32,124,94,21,28
203,38,20,48,59,188,33,94,189,159
203,39,55,42,240,200,147,29,91,10
204,0,252,25,42,5,165,45,131,19
204,1,88,131,234,241,133,158,236,101
204,2,83,137,177,131,203,232,24,94
204,3,224,0,202,213,54,36,148,255
204,4,121,134,132,243,70,38,160,215
204,5,213,89,151,59,250,240,111,167
204,6,145,84,39,216,157,100,10,25
204,7,169,61,245,120,171,208,92,132
204,8,72,157,107,224,16,98,1,132
204,9,20,160,120,128,99,81,54,73
204,10,251,98,124,244,70,234,246,165
204,11,199,225,158,169,48,255,175,54
204,12,196,185,65,39,198,33,157,166
204,13,37,151,83,42,94,47,165,143
204,14,225,54,90,67,125,189,27,247
204,15,18,51,116,227,147,233,142,145
204,16,233,113,116,126,252,183,155,253
204,17,106,162,98,101,230,115,142,226
204,18,176,233,19,245,177,237,206,72
204,19,190,35,226,101,215,22,30,54
204,20,72,157,224,95,132,1,133,74
204,21,160,20,95,83,247,81,54,254
204,22,98,124,251,28,244,223,139,70
204,23,199,169,158,156,90,175,151,145
204,24,196,185,241,33,194,39,166,221
204,25,151,181,230,175,79,94,42,155
204,26,247,54,90,225,27,5,77,248
204,27,51,67,116,209,63,139,166,231
204,28,201,147,113,63,38,138,184,152
204,29,162,101,106,98,202,191,130,230
204,30,245,1,177,101,233,237,139,95
204,31,190,14,35,226,22,33,66,45
204,32,220,197,61,7,216,14,182,171
204,33,206,59,180,152,18,219,103,142
204,34,241,183,11,70,33,181,155,87
204,35,104,83,3,184,167,10,13,197
204,36,214,251,194,74,158,188,242,87
204,37,124,32,28,248,90,64,93,94
204,38,124,59,212,20,127,94,7,188
204,39,34,13,74,70,52,147,62,36
205,0,233,219,218,212,154,65,58,170
205,1,116,41,101,15,88,133,164,4
205,2,83,218,205,139,50,131,45,141
205,3,2,213,202,70,224,54,222,201
205,4,215,10,121,134,60,172,4,123
205,5,67,31,213,250,254,151,1,89
205,6,100,245,145,39,84,216,33,97
205,7,169,61,208,187,120,220,7,245
205,8,242,72,157,107,224,1,188,3
205,9,20,81,99,187,67,128,54,103
205,10,124,17,202,226,251,80,98,171
205,11,151,158,75,209,225,134,145,194
205,12,196,185,166,65,247,9,39,241
205,13,151,165,37,93,212,83,47,36
205,14,5,90,225,26,77,54,11,27
205,15,18,116,147,121,26,231,67,33
205,16,233,116,154,130,147,40,63,113
205,17,98,101,89,106,202,48,142,115
205,18,237,176,245,177,1,139,233,10
205,19,35,190,101,226,22,61,215,14
205,20,72,224,133,157,1,98,242,71
205,21,20,81,54,95,187,172,186,247
205,22,17,80,124,117,28,217,19,109
205,23,75,209,158,156,151,194,101,145
205,24,196,185,219,221,143,91,241,9
205,25,151,93,181,165,175,166,79,36
205,26,5,247,225,54,90,26,77,248
205,27,139,67,63,166,114,116,133,54
205,28,38,147,201,10,63,113,138,60
205,29,101,208,98,89,126,191,202,162
205,30,237,245,139,177,1,91,101,233
205,31,226,22,190,33,14,35,245,100
205,32,75,220,61,116,216,197,47,7
205,33,182,59,206,224,180,219,82,81
205,34,205,70,33,155,152,55,181,102
205,35,39,197,167,13,3,89,104,14
205,36,251,214,194,74,203,242,49,188
205,37,124,32,28,90,15,64,94,22
205,38,52,124,127,86,118,94,212,101
205,39,27,72,36,70,183,34,147,52
206,0,136,86,41,50,250,29,2,194
206,1,88,157,227,241,101,234,14,116
206,2,83,131,192,63,139,205,218,180
206,3,36,213,2,224,202,70,163,54
206,4,149,10,121,134,70,60,132,163
206,5,213,167,95,1,86,151,170,168
206,6,100,39,120,245,84,216,241,145
206,7,208,169,245,120,93,182,27,135
206,8,72,242,98,133,224,16,107,132
206,9,20,54,187,66,128,99,82,0
206,10,217,117,124,80,165,251,226,202
206,11,151,209,158,225,194,84,134,208
206,12,196,185,166,65,241,143,247,194
206,13,151,93,14,137,165,212,47,66
206,14,225,5,90,28,246,164,11,247
206,15,18,159,67,116,26,244,147,61
206,16,155,233,38,60,116,130,154,113
206,17,98,101,202,49,115,208,126,228
206,18,245,177,1,237,233,196,195,10
206,19,35,190,14,101,61,114,215,226
206,20,72,98,224,133,132,129,1,156
206,21,20,54,247,95,66,81,187,224
206,22,124,57,17,102,117,233,134,28
206,23,209,151,194,158,208,75,37,59
206,24,196,185,166,1,241,221,194,125
206,25,151,181,155,67,99,79,47,42
206,26,90,5,225,247,27,28,160,77
206,27,67,159,18,116,63,45,1,85
206,28,38,201,138,63,155,113,60,233
206,29,101,202,78,98,115,228,162,130
206,30,245,177,237,196,1,223,87,25
206,31,101,190,14,35,226,40,7,110
206,32,197,61,220,50,75,14,55,7
206,33,59,103,219,5,89,206,18,180
206,34,227,11,29,152,102,5,155,181
206,35,104,3,184,83,123,197,10,167
206,36,214,194,48,251,242,158,196,188
206,37,124,28,64,32,94,162,22,37
206,38,94,124,212,185,97,3,127,33
206,39,34,52,13,62,77,181,70,78
207,0,70,81,47,231,151,211,203,175
207,1,101,230,206,14,44,245,54,38
207,2,83,71,143,4,3,75,235,131
207,3,36,224,163,44,94,10,16,148
207,4,44,178,175,121,51,84,160,5
207,5,228,165,15,151,48,77,89,60
207,6,100,39,10,245,120,172,126,216
207,7,169,245,38,223,215,93,208,182
207,8,129,72,224,98,1,133,28,107
207,9,66,20,128,99,187,102,65,0
207,10,119,146,19,217,242,124,216,82
207,11,37,158,225,218,194,157,151,61
207,12,196,241,185,208,65,91,157,38
207,13,175,151,212,14,37,47,194,67
207,14,225,90,164,5,247,27,16,54
207,15,18,159,67,45,26,61,147,227
207,16,38,63,233,60,155,40,59,113
207,17,98,164,101,48,106,144,115,21
207,18,196,177,116,1,223,245,72,99
207,19,123,190,35,114,101,42,85,14
207,20,129,72,98,219,224,1,133,107
207,21,20,66,224,95,54,58,128,81
207,22,124,172,146,242,19,82,216,217
207,23,218,37,158,157,194,201,222,59
207,24,196,241,185,1,128,125,11,157
207,25,151,47,101,99,175,137,181,110
207,26,90,225,247,27,160,5,16,203
207,27,67,159,63,28,17,135,33,50
207,28,63,38,190,113,116,155,183,193
207,29,98,164,101,202,21,88,115,38
207,30,196,223,245,151,63,177,25,1
207,31,123,190,101,42,38,14,7,85
207,32,55,50,144,140,179,123,61,76
207,33,234,219,11,189,68,59,49,89
207,34,240,44,173,72,102,48,238,67
207,35,3,190,63,148,104,74,59,223
207,36,18,214,142,87,227,39,244,115
207,37,78,27,28,64,95,159,99,48
207,38,122,80,33,75,215,119,251,95
207,39,158,244,197,183,254,239,122,182
208,0,117,146,185,128,171,18,11,187
208,1,133,66,169,13,81,43,171,232
208,2,83,254,249,71,22,218,208,89
208,3,221,202,94,170,54,224,102,193
208,4,8,60,55,182,2,139,121,123
208,5,61,165,151,48,202,137,15,170
208,6,16,3,39,84,10,100,232,34
208,7,228,169,215,131,208,135,245,27
208,8,72,129,112,16,1,98,107,224
208,9,20,66,19,206,178,187,102,54
208,10,163,124,19,226,246,251,81,207
208,11,18,142,145,158,151,225,116,194
208,12,196,67,185,65,106,241,39,194
208,13,200,151,37,175,83,137,47,79
208,14,38,225,90,27,247,54,5,16
208,15,103,241,147,227,67,159,50,26
208,16,149,179,113,233,155,46,63,116
208,17,155,98,48,115,236,101,38,230
208,18,6,196,245,1,177,176,135,234
208,19,123,35,215,101,132,33,233,42
208,20,72,129,112,224,156,183,219,181
208,21,224,20,206,66,19,54,81,178
208,22,163,124,225,187,156,207,59,172
208,23,18,142,60,145,131,130,198,9
208,24,196,67,241,125,194,106,107,185
208,25,151,200,181,66,175,110,67,93
208,26,90,38,225,182,27,54,235,160
208,27,103,241,114,159,50,135,147,17
208,28,179,149,185,113,108,152,155,183
208,29,155,38,98,230,65,236,201,89
208,30,6,245,196,223,177,139,25,122
208,31,22,123,11,33,233,7,143,101
208,32,89,17,220,199,55,194,88,61
208,33,214,23,117,82,94,219,29,220
208,34,58,187,57,54,181,173,225,102
208,35,104,3,7,59,159,63,67,133
208,36,18,214,87,253,194,8,242,0
208,37,164,159,124,28,99,64,134,213
208,38,136,33,22,212,75,223,122,4
208,39,16,23,34,145,78,52,70,254
209,0,181,82,107,251,39,221,83,255
209,1,119,166,207,89,9,168,138,53
209,2,177,13,156,1,26,81,127,181
209,3,102,67,28,195,227,158,109,86
209,4,133,121,3,182,127,7,255,19
209,5,174,172,94,137,165,3,202,46
209,6,10,100,177,16,216,71,64,58
209,7,208,245,215,92,228,132,126,135
209,8,224,72,129,68,98,1,151,6
209,9,20,66,54,187,81,206,19,254
209,10,68,124,217,154,187,81,59,225
209,11,64,201,225,134,60,198,204,56
209,12,196,163,241,65,67,125,143,39
209,13,151,164,212,230,93,175,14,66
209,14,90,225,189,67,164,182,54,194
209,15,147,114,50,215,241,103,21,12
209,16,40,72,179,252,81,149,250,233
209,17,38,89,230,26,156,48,170,226
209,18,175,245,139,55,91,1,135,177
209,19,33,215,11,22,237,35,143,30
209,20,224,72,181,133,129,71,98,1
209,21,224,81,54,251,186,254,20,188
209,22,156,68,124,116,154,225,165,134
209,23,64,60,10,80,225,44,141,131
209,24,250,39,125,163,107,241,146,194
209,25,164,151,66,93,200,166,110,252
209,26,90,225,182,194,54,117,202,38
209,27,241,103,114,182,21,166,50,147
209,28,179,149,185,72,232,67,87,155
209,29,38,26,156,155,89,101,98,230
209,30,55,245,196,122,223,139,175,177
209,31,123,237,22,143,11,33,101,215
209,32,224,55,197,220,88,199,216,47
209,33,201,179,156,82,117,219,154,220
209,34,217,49,58,181,102,57,213,33
209,35,104,224,3,159,7,63,30,184
209,36,18,87,214,255,57,24,194,242
209,37,159,50,28,124,64,134,22,99
209,38,146,212,33,94,79,118,223,127
209,39,34,85,177,13,52,70,78,62
210,0,254,109,24,231,177,151,70,81
210,1,236,186,51,226,240,228,205,14
210,2,13,221,157,3,211,5,185,182
210,3,36,167,243,224,94,108,61,62
210,4,243,175,121,160,70,137,192,51
210,5,172,137,163,3,228,153,58,223
210,6,26,159,177,238,34,10,243,100
210,7,245,185,38,246,228,182,215,226
210,8,98,224,129,72,16,181,219,68
210,9,20,54,81,254,66,61,224,189
210,10,81,154,242,124,116,132,156,217
210,11,60,201,10,225,157,141,37,218
210,12,196,65,163,250,39,161,186,125
210,13,230,151,14,212,82,66,183,232
210,14,90,225,164,189,44,194,54,67
210,15,18,147,50,21,12,114,182,169
210,16,179,72,190,82,53,232,46,113
210,17,38,62,19,89,54,230,214,156
210,18,55,32,175,108,245,116,139,1
210,19,247,11,85,35,33,99,101,143
210,20,181,72,224,129,98,133,16,186
210,21,54,224,251,81,188,254,186,95
210,22,124,242,156,154,225,146,116,134
210,23,60,201,37,218,59,10,157,93
210,24,39,65,55,128,250,163,11,1
210,25,230,66,19,1,93,130,224,101
210,26,225,90,182,203,194,54,160,73
210,27,50,28,21,18,114,147,182,169
210,28,46,179,193,190,250,113,152,90
210,29,38,88,62,19,21,156,230,222
210,30,63,162,245,50,139,32,175,151
210,31,22,88,33,11,59,85,34,215
210,32,179,235,86,18,220,148,140,19
210,33,139,82,132,11,104,84,166,116
210,34,44,94,57,240,128,238,72,185
210,35,67,190,235,104,148,129,74,93
210,36,87,142,214,26,74,39,103,115
210,37,27,78,99,238,22,124,28,134
210,38,80,215,122,118,223,212,127,33
210,39,158,244,197,70,239,141,176,44
211,0,51,49,153,22,85,247,128,176
211,1,223,169,87,177,5,13,207,77
211,2,16,90,70,146,59,26,14,158
211,3,98,27,97,160,238,135,146,224
211,4,14,65,167,67,38,160,201,170
211,5,67,186,172,235,151,161,94,191
211,6,167,84,34,120,64,39,159,125
211,7,44,169,37,185,27,92,244,245
211,8,33,107,72,224,181,89,98,186
211,9,254,20,81,132,94,54,156,66
211,10,207,130,124,81,251,248,91,19
211,11,20,145,158,36,225,203,255,3
211,12,196,39,65,63,185,21,26,186
211,13,33,151,43,37,14,83,165,212
211,14,90,225,54,147,164,67,73,160
211,15,147,227,50,94,145,182,1,190
211,16,253,113,116,233,46,156,130,168
211,17,110,20,48,98,17,172,142,230
211,18,112,135,176,175,245,128,71,57
211,19,101,199,215,228,123,226,190,35
211,20,33,72,129,181,224,1,219,89
211,21,132,81,254,20,95,66,54,224
211,22,124,207,248,113,165,81,79,251
211,23,20,36,95,145,203,101,10,3
211,24,43,196,39,186,1,21,221,185
211,25,151,33,15,93,175,181,142,43
211,26,90,54,225,147,73,160,67,61
211,27,147,50,114,21,74,227,166,182
211,28,156,168,116,46,24,152,72,113
211,29,98,110,230,38,17,172,89,1
211,30,112,245,175,135,71,177,139,128
211,31,22,199,33,59,12,226,88,101
211,32,113,238,47,220,216,185,158,246
211,33,73,107,244,41,232,116,200,49
211,34,252,97,161,56,33,34,51,21
211,35,235,218,22,167,129,92,197,3
211,36,74,181,246,152,194,188,248,242
211,37,124,67,161,143,22,32,64,135
211,38,9,101,30,127,234,118,212,122
211,39,250,246,248,92,1,70,203,15
212,0,188,144,92,62,67,207,186,234
212,1,189,198,98,175,205,170,193,178
212,2,92,76,16,150,86,230,110,158
212,3,224,54,155,44,202,81,94,30
212,4,94,98,121,112,70,134,29,43
212,5,86,165,52,163,202,168,251,84
212,6,19,92,34,126,125,43,74,26
212,7,181,208,243,37,245,4,81,135
212,8,224,16,72,98,181,129,133,1
212,9,254,81,20,54,231,156,165,172
212,10,81,207,161,132,91,9,253,165
212,11,153,238,10,255,15,44,137,225
212,12,21,65,219,250,39,196,161,186
212,13,93,151,15,166,165,140,45,183
212,14,90,225,189,202,73,67,54,194
212,15,248,114,147,50,74,18,215,227
212,16,72,230,253,168,183,186,46,117
212,17,38,230,169,197,236,233,89,115
212,18,175,69,135,139,245,176,112,91
212,19,22,101,60,33,226,59,88,215
212,20,72,224,181,133,71,98,1,48
212,21,81,254,224,165,172,156,186,95
212,22,124,0,207,156,9,7,132,253
212,23,153,15,10,238,60,95,44,255
212,24,21,250,219,186,205,65,39,106
212,25,93,15,140,47,151,165,166,224
212,26,90,225,73,54,160,202,83,67
212,27,248,114,50,147,74,21,227,169
212,28,230,186,46,183,24,113,54,72
212,29,98,230,236,38,65,222,223,73
212,30,69,175,245,135,112,223,225,45
212,31,22,101,66,60,88,33,35,51
212,32,195,146,86,220,199,216,247,236
212,33,189,37,97,217,36,94,82,229
212,34,33,212,255,187,90,246,10,19
212,35,49,67,129,3,92,163,116,83
212,36,234,87,8,0,214,242,74,194
212,37,28,220,22,64,213,124,175,134
212,38,22,122,33,118,127,212,189,79
212,39,23,241,68,16,78,70,145,52
213,0,57,59,110,56,84,157,83,221
213,1,40,209,96,166,222,234,134,98
213,2,112,238,116,209,197,234,205,39
213,3,70,111,138,255,166,216,89,134
213,4,138,164,156,98,123,71,60,106
213,5,19,249,202,146,134,165,24,84
213,6,34,39,92,19,159,125,57,84
213,7,208,245,169,243,27,81,4,215
213,8,129,72,181,98,16,1,224,188
213,9,20,148,254,66,81,54,165,231
213,10,81,46,19,124,207,226,172,251
213,11,158,93,210,116,225,3,117,145
213,12,196,185,241,21,14,219,33,65
213,13,37,151,14,47,66,83,67,15
213,14,90,27,225,164,54,247,83,77
213,15,227,50,147,1,67,145,159,177
213,16,155,130,183,116,209,233,113,40
213,17,98,162,230,38,164,196,101,106
213,18,245,135,99,196,1,19,176,206
213,19,123,190,101,42,22,202,35,250
213,20,72,129,156,219,222,188,98,141
213,21,20,66,148,254,81,54,224,83
213,22,124,251,172,98,19,81,207,46
213,23,210,93,116,158,117,201,3,145
213,24,196,185,241,14,205,39,128,246
213,25,37,151,47,67,140,181,175,83
213,26,90,160,225,203,247,142,27,54
213,27,227,203,50,145,147,114,239,67
213,28,186,24,168,152,183,8,155,113
213,29,49,38,98,230,128,99,164,106
213,30,245,175,223,151,135,139,225,162
213,31,22,33,101,35,88,66,132,202
213,32,86,216,220,47,236,88,61,246
213,33,96,36,82,189,229,116,6,200
213,34,238,90,181,33,44,57,28,10
213,35,49,129,148,190,104,92,89,163
213,36,87,227,74,147,214,28,194,39
213,37,124,134,78,27,32,22,176,99
213,38,122,215,212,139,251,96,233,35
213,39,158,165,197,176,122,76,139,70
214,0,117,233,226,96,171,90,198,80
214,1,13,111,120,96,57,81,171,183
214,2,112,212,116,35,105,209,118,141
214,3,170,91,122,14,138,224,255,216
214,4,55,119,123,182,8,152,60,139
214,5,146,137,202,19,194,3,84,86
214,6,34,92,125,43,90,19,3,159
214,7,181,243,208,133,108,81,245,185
214,8,16,98,181,112,72,224,71,1
214,9,19,254,81,206,178,54,165,20
214,10,163,81,207,124,108,132,190,46
214,11,18,116,10,238,255,142,44,130
214,12,219,21,67,65,106,250,196,39
214,13,200,93,151,15,140,166,47,183
214,14,38,90,225,202,54,73,194,189
214,15,99,241,103,114,147,50,215,74
214,16,149,78,46,72,113,183,233,40
214,17,155,38,230,236,169,89,226,65
214,18,175,6,135,139,245,176,188,91
214,19,22,233,33,226,101,11,215,59
214,20,72,224,133,112,71,98,181,1
214,21,19,81,165,172,254,186,224,188
214,22,124,163,156,154,207,132,231,217
214,23,18,60,10,130,101,142,44,238
214,24,21,250,219,67,79,17,143,107
214,25,93,200,166,151,165,66,15,14
214,26,90,225,54,202,38,194,73,67
214,27,114,241,99,103,147,50,166,21
214,28,149,152,117,113,72,183,185,46
214,29,155,38,236,156,89,98,102,65
214,30,6,175,245,139,223,69,225,122
214,31,22,233,33,143,88,66,215,35
214,32,17,216,89,199,37,220,47,88
214,33,105,82,117,214,94,23,130,220
214,34,187,181,57,58,37,54,19,246
214,35,7,104,89,129,156,3,14,87
214,36,87,253,214,74,8,194,28,242
214,37,124,164,134,28,21,64,99,32
214,38,136,212,22,33,223,122,118,154
214,39,16,70,23,145,78,52,34,25
215,0,136,78,241,89,56,44,18,68
215,1,166,165,95,6,186,190,228,54
215,2,112,13,125,159,141,69,95,116
215,3,153,255,89,9,195,216,3,111
215,4,253,123,55,133,121,2,187,127
215,5,3,174,137,146,202,142,84,58
215,6,34,159,26,194,119,16,238,64
215,7,133,245,206,208,111,27,92,174
215,8,224,98,157,181,72,133,16,1
215,9,20,254,54,81,19,172,251,206
215,10,12,68,154,81,124,165,116,132
215,11,64,60,225,42,10,204,134,135
215,12,219,250,39,21,143,17,161,116
215,13,93,212,151,42,165,14,45,66
215,14,189,202,204,225,67,90,73,165
215,15,114,147,215,14,169,50,1,121
215,16,72,74,253,117,24,252,47,168
215,17,89,38,142,1,230,169,185,20
215,18,139,175,91,71,135,80,138,93
215,19,22,33,226,61,30,59,212,88
215,20,224,71,133,181,72,23,151,98
215,21,207,172,251,165,186,81,137,1
215,22,165,160,156,116,207,12,119,68
215,23,80,60,64,44,10,95,225,255
215,24,39,186,250,116,161,21,205,71
215,25,93,42,15,130,219,45,212,140
215,26,67,225,54,90,194,202,160,204
215,27,114,147,215,98,121,21,50,236
215,28,72,247,232,117,152,8,113,112
215,29,185,89,38,156,98,230,1,155
215,30,72,175,139,245,117,223,91,225
215,31,22,143,35,59,33,88,212,101
215,32,224,197,47,216,37,175,220,88
215,33,63,156,82,117,18,217,72,105
215,34,152,54,213,181,33,246,10,58
215,35,129,7,14,104,167,89,92,196
215,36,87,239,74,251,10,24,214,242
215,37,124,50,134,22,21,28,32,64
215,38,146,122,212,118,127,79,86,124
215,39,85,34,13,177,70,30,78,116
216,0,36,254,191,8,134,231,81,177
216,1,51,52,109,254,165,101,56,37
216,2,157,13,182,3,42,201,95,175
216,3,36,224,243,81,251,167,163,54
216,4,253,121,175,70,51,132,109,44
216,5,3,58,163,202,77,137,60,86
216,6,34,125,159,43,186,26,238,126
216,7,133,245,81,185,246,27,172,92
216,8,224,16,72,98,133,71,1,181
216,9,254,20,81,1,243,172,255,186
216,10,154,12,217,156,132,146,134,81
216,11,10,37,60,44,141,63,201,225
216,12,157,21,219,196,250,161,38,96
216,13,212,151,66,93,83,45,183,47
216,14,90,189,225,202,67,164,198,54
216,15,147,227,114,12,215,18,50,1
216,16,72,82,117,183,193,253,25,168
216,17,54,98,230,185,169,38,21,152
216,18,175,116,135,151,66,117,139,209
216,19,22,247,219,101,212,47,49,33
216,20,72,1,224,71,181,16,133,193
216,21,254,1,165,95,224,172,243,81
216,22,156,12,77,124,146,207,154,132
216,23,37,60,201,10,59,44,63,222
216,24,50,21,250,157,55,79,128,115
216,25,42,0,47,93,130,66,19,101
216,26,225,160,171,90,54,202,166,73
216,27,114,12,147,28,99,215,236,227
216,28,193,113,152,82,72,183,24,117
216,29,98,54,185,88,62,19,230,94
216,30,151,162,66,225,50,139,175,72
216,31,22,85,219,88,35,33,34,249
216,32,235,179,144,216,125,14,148,47
216,33,47,82,132,139,104,229,200,250
216,34,128,44,152,121,185,238,33,181
216,35,129,101,190,148,74,89,24,7
216,36,103,39,87,115,74,44,142,227
216,37,134,100,124,27,78,181,176,21
216,38,122,118,215,212,127,168,119,57
216,39,197,176,44,141,70,77,158,122
217,0,174,70,178,48,13,151,159,204
217,1,141,80,254,23,253,30,193,17
217,2,111,234,154,116,105,62,151,190
217,3,73,54,81,200,72,45,32,246
217,4,253,44,221,148,121,175,38,173
217,5,3,202,58,55,146,19,172,223
217,6,34,43,125,126,159,26,186,44
217,7,133,245,185,81,92,116,108,27
217,8,16,224,72,71,98,181,133,1
217,9,254,81,20,172,54,231,165,1
217,10,12,81,207,154,242,124,165,132
217,11,220,10,255,44,225,60,201,98
217,12,21,65,219,157,39,250,205,185
217,13,93,15,151,140,66,47,212,45
217,14,189,225,67,90,73,54,202,171
217,15,114,147,215,50,121,74,169,204
217,16,72,168,253,193,113,117,233,82
217,17,119,142,169,48,204,21,115,20
217,18,175,135,151,139,57,80,71,117
217,19,22,59,226,30,88,85,215,33
217,20,72,121,71,1,89,224,171,181
217,21,165,172,207,95,81,224,254,44
217,22,207,165,124,70,242,137,210,12
217,23,201,10,220,136,44,174,60,95
217,24,205,128,242,15,39,115,160,21
217,25,130,97,101,140,148,224,19,15
217,26,225,171,54,160,92,202,218,194
217,27,114,87,147,28,164,84,191,49
217,28,193,46,113,219,233,168,90,215
217,29,88,21,94,180,62,71,185,38
217,30,162,223,175,139,63,50,232,245
217,31,22,85,33,34,215,183,88,66
217,32,216,123,179,125,86,88,106,246
217,33,132,229,82,95,139,104,200,11
217,34,44,238,240,40,57,33,20,67
217,35,190,148,129,104,74,89,71,24
217,36,39,87,227,19,142,26,74,115
217,37,78,134,27,169,100,16,101,184
217,38,122,215,57,80,169,158,223,18
217,39,197,176,231,158,129,122,239,249
218,0,179,135,197,108,249,79,114,213
218,1,97,139,11,64,75,70,216,246
218,2,17,88,59,114,164,40,210,180
218,3,59,129,211,37,146,136,187,88
218,4,241,15,131,129,222,151,230,142
218,5,88,186,6,44,46,253,104,58
218,6,107,167,255,153,59,51,64,126
218,7,29,10,37,185,23,132,171,36
218,8,224,89,72,71,107,98,69,56
218,9,69,94,29,81,254,161,77,207
218,10,130,91,70,207,198,169,165,113
218,11,255,99,174,225,161,107,189,136
218,12,65,63,26,39,160,128,116,205
218,13,43,147,97,151,154,178,93,165
218,14,51,225,124,67,54,20,189,61
218,15,81,121,147,87,142,54,169,23
218,16,5,233,196,31,72,253,40,73
218,17,172,142,250,61,48,17,89,204
218,18,57,179,50,0,80,187,43,204
218,19,130,226,30,215,20,228,183,109
218,20,224,89,56,83,1,234,171,115
218,21,29,69,207,94,164,13,47,61
218,22,130,113,198,70,165,169,137,91
218,23,174,107,161,54,106,225,189,108
218,24,128,63,74,160,15,26,205,39
218,25,43,147,130,178,97,41,1,107
218,26,225,20,124,32,54,148,51,3
218,27,23,87,81,162,84,200,54,158
218,28,7,193,219,26,196,91,32,95
218,29,94,205,88,91,61,77,3,17
218,30,211,0,99,162,21,117,19,35
218,31,4,205,218,251,151,49,57,236
218,32,131,91,125,11,15,105,133,254
218,33,132,90,126,238,86,113,108,101
218,34,91,20,44,164,171,8,223,158
218,35,24,21,74,128,119,152,105,101
218,36,2,19,93,59,115,148,171,208
218,37,100,101,175,169,16,242,179,194
218,38,61,37,254,140,18,158,143,134
218,39,40,163,235,113,35,166,107,22
219,0,196,58,229,105,179,118,101,197
219,1,225,27,231,11,150,244,93,97
219,2,34,59,129,103,227,88,194,248
219,3,235,187,133,152,84,37,231,88
219,4,13,142,241,222,102,236,131,108
219,5,104,186,6,193,5,161,99,192
219,6,167,51,153,59,178,172,43,204
219,7,23,29,210,171,185,132,64,10
219,8,89,234,56,224,98,180,105,72
219,9,29,94,164,13,47,81,228,227
219,10,169,130,113,248,198,81,121,70
219,11,189,107,161,174,95,203,145,106
219,12,160,63,128,26,205,74,175,39
219,13,43,29,147,1,154,151,97,228
219,14,51,124,86,225,61,189,67,20
219,15,81,162,200,181,122,250,121,54
219,16,5,196,31,116,73,170,253,24
219,17,250,172,142,76,204,17,166,61
219,18,179,57,187,204,90,211,68,50
219,19,130,205,109,228,20,59,30,183
219,20,234,184,224,89,212,4,151,246
219,21,29,94,164,146,47,13,227,177
219,22,169,130,113,198,236,81,207,111
219,23,189,42,95,17,203,174,161,134
219,24,63,74,26,160,15,205,128,12
219,25,147,43,228,29,134,41,6,140
219,26,124,20,86,51,73,67,52,75
219,27,162,200,81,181,250,23,206,158
219,28,5,24,116,133,168,43,253,249
219,29,250,172,76,142,17,87,204,50
219,30,179,187,117,205,135,211,5,91
219,31,130,205,109,4,151,59,181,218
219,32,98,99,131,186,159,91,90,96
219,33,126,238,86,183,232,73,28,81
219,34,84,96,180,207,101,252,171,33
219,35,160,153,235,218,57,145,167,20
219,36,70,181,248,98,158,232,5,120
219,37,65,31,85,143,80,64,96,58
219,38,55,148,252,180,254,61,71,236
219,39,2,217,10,38,69,225,189,218
220,0,235,115,47,177,141,253,81,192
220,1,182,93,244,140,152,146,21,68
220,2,10,34,121,57,145,123,100,103
220,3,187,12,235,133,37,117,130,190
220,4,236,142,95,222,102,54,127,108
220,5,90,193,135,188,47,43,5,99
220,6,153,215,60,138,31,167,43,22
220,7,23,117,29,64,229,185,210,78
220,8,239,234,116,180,56,77,99,57
220,9,116,191,164,13,2,208,239,203
220,10,169,198,125,157,88,36,185,130
220,11,108,233,189,128,86,107,206,127
220,12,93,74,128,63,220,26,39,15
220,13,134,29,154,147,43,176,95,15
220,14,86,51,124,52,88,137,189,167
220,15,162,181,200,148,81,165,232,172
220,16,5,43,196,133,170,111,24,106
220,17,250,87,166,76,172,0,61,20
220,18,179,204,197,226,43,187,161,163
220,19,116,109,205,20,4,183,162,117
220,20,239,234,4,56,116,246,212,179
220,21,116,191,164,94,13,197,29,203
220,22,169,198,125,130,88,157,65,196
220,23,189,128,86,111,62,42,206,95
220,24,93,74,15,220,63,26,160,54
220,25,134,147,32,43,154,6,107,95
220,26,51,86,52,124,148,149,137,88
220,27,181,162,200,165,58,172,31,81
220,28,43,5,111,133,134,24,238,168
220,29,87,250,0,76,172,5,20,153
220,30,179,170,163,226,187,43,205,197
220,31,116,109,20,4,205,183,167,151
220,32,90,119,223,178,252,131,181,134
220,33,93,83,86,129,210,238,183,223
220,34,1,82,132,96,26,207,85,133
220,35,84,72,160,57,42,27,174,145
220,36,83,192,70,20,222,221,29,5
220,37,229,104,24,182,149,61,66,108
220,38,27,151,148,72,202,254,16,180
220,39,217,190,154,38,84,37,46,186
221,0,238,112,43,173,38,30,200,89
221,1,140,146,182,70,152,62,181,128
221,2,121,167,11,217,20,60,219,10
221,3,117,199,26,230,130,233,106,226
221,4,54,45,58,205,193,165,242,127
221,5,90,188,43,135,65,5,88,44
221,6,65,183,14,182,138,122,157,22
221,7,117,229,23,70,78,123,185,109
221,8,239,116,35,180,179,56,52,104
221,9,191,197,116,180,203,171,255,2
221,10,157,88,125,65,27,39,41,193
221,11,39,111,19,108,42,47,181,86
221,12,220,93,151,85,191,54,0,62
221,13,103,15,29,112,134,138,168,154
221,14,86,52,167,51,189,165,41,252
221,15,172,162,36,46,181,122,166,206
221,16,181,170,43,24,116,96,231,26
221,17,5,166,142,204,60,20,17,87
221,18,170,197,204,226,135,159,117,205
221,19,109,205,228,4,59,167,30,183
221,20,239,224,184,246,4,35,151,116
221,21,116,191,146,203,180,152,207,101
221,22,157,236,88,207,81,86,125,169
221,23,39,111,42,195,95,189,134,106
221,24,220,93,39,54,42,154,15,186
221,25,228,29,6,112,220,138,134,107
221,26,86,52,73,67,252,51,189,149
221,27,172,162,181,250,101,206,109,102
221,28,43,111,24,116,253,168,170,47
221,29,5,142,250,204,17,20,87,158
221,30,170,226,117,197,192,71,5,179
221,31,167,109,151,33,228,30,226,59
221,32,223,178,90,119,159,96,91,186
221,33,83,81,86,238,74,220,183,32
221,34,116,1,21,207,180,186,101,252
221,35,167,160,153,229,214,244,76,202
221,36,70,181,129,158,120,248,98,50
221,37,229,58,64,31,21,175,227,145
221,38,148,92,71,58,42,94,72,250
221,39,2,186,38,69,189,217,78,243
222,0,88,200,173,140,238,43,112,95
222,1,181,192,152,140,47,70,146,128
222,2,49,43,20,167,8,177,11,21
222,3,106,226,117,233,110,236,199,41
222,4,54,193,165,45,235,132,171,24
222,5,188,135,90,47,230,43,110,220
222,6,65,14,122,22,193,23,182,255
222,7,117,123,109,70,171,176,199,110
222,8,239,116,179,35,115,56,10,180
222,9,69,180,169,25,152,45,119,143
222,10,157,88,96,122,121,76,41,240
222,11,39,111,181,99,162,239,47,102
222,12,220,62,53,154,169,16,191,175
222,13,228,103,151,55,15,112,26,204
222,14,189,139,86,73,165,84,52,67
222,15,145,206,120,149,46,14,166,122
222,16,116,24,253,26,191,181,72,146
222,17,204,142,5,244,158,28,38,166
222,18,117,170,135,68,175,91,211,80
222,19,228,59,30,96,25,88,139,226
222,20,224,151,184,171,239,246,34,165
222,21,146,69,227,243,81,180,207,137
222,22,157,207,165,116,86,232,236,81
222,23,39,134,17,95,111,99,3,162
222,24,220,186,58,42,43,39,147,250
222,25,228,204,6,211,29,102,251,15
222,26,52,86,189,73,67,84,61,252
222,27,46,172,146,250,206,101,233,122
222,28,43,111,116,24,20,61,206,253
222,29,5,158,142,20,204,28,17,22
222,30,170,192,117,226,5,68,80,103
222,31,25,167,113,226,33,137,166,30
222,32,223,178,60,206,158,159,59,91
222,33,74,81,83,220,108,190,229,40
222,34,116,82,1,34,21,141,246,239
222,35,214,244,167,229,224,202,253,76
222,36,129,70,158,239,23,203,24,34
222,37,58,147,104,64,145,57,14,21
222,38,148,27,92,79,94,250,71,84
222,39,243,110,38,242,78,12,69,58
223,0,124,199,31,222,191,175,237,162
223,1,113,245,14,170,167,124,153,11
223,2,60,188,3,139,187,170,143,193
223,3,197,36,182,251,81,201,22,108
223,4,121,250,158,200,175,70,239,147
223,5,81,164,2,236,0,136,165,52
223,6,14,185,82,120,25,115,200,157
223,7,171,132,210,26,111,167,246,239
223,8,224,184,159,151,98,133,181,171
223,9,243,20,47,81,32,166,207,156
223,10,157,232,91,234,122,242,81,8
223,11,134,3,218,121,223,231,59,106
223,12,39,13,42,50,181,38,186,116
223,13,228,151,174,176,212,211,13,252
223,14,189,139,73,67,53,165,84,167
223,15,149,146,250,55,145,122,130,109
223,16,88,234,254,34,24,116,170,252
223,17,204,142,225,20,22,17,28,158
223,18,204,15,68,250,211,135,117,197
223,19,167,224,228,85,96,231,174,215
223,20,224,159,123,239,151,194,41,171
223,21,146,156,47,243,137,32,98,26
223,22,157,242,111,193,35,232,234,56
223,23,99,85,70,111,106,63,134,218
223,24,50,39,220,42,55,157,84,155
223,25,228,211,0,176,220,155,240,20
223,26,86,189,53,52,196,73,61,67
223,27,130,87,172,28,250,35,122,192
223,28,111,254,190,102,168,24,146,181
223,29,20,158,19,142,22,225,21,204
223,30,197,250,226,211,85,117,204,201
223,31,167,151,228,215,251,30,63,25
223,32,19,85,76,91,109,12,123,134
223,33,189,56,139,181,74,220,86,102
223,34,191,195,1,249,72,22,121,166
223,35,185,43,191,44,97,145,229,20
223,36,26,125,158,120,79,19,37,75
223,37,229,126,196,145,175,64,80,58
223,38,0,92,132,242,87,35,96,158
223,39,44,189,197,129,99,163,109,115
224,0,35,34,101,197,9,179,242,48
224,1,62,47,97,70,16,155,146,216
224,2,251,109,120,173,39,84,43,123
224,3,236,26,230,233,211,199,234,80
224,4,200,15,102,241,213,144,198,142
224,5,188,90,236,5,69,43,216,220
224,6,14,157,182,43,133,79,65,156
224,7,171,210,23,199,40,26,64,132
224,8,35,239,159,184,56,180,207,179
224,9,203,47,13,180,197,29,156,193
224,10,157,88,222,91,219,193,39,122
224,11,95,42,106,111,145,98,66,185
224,12,220,39,181,201,42,191,253,84
224,13,29,112,228,15,176,211,41,138
224,14,86,75,52,139,189,61,167,93
224,15,172,162,250,87,54,122,36,88
224,16,170,181,116,231,24,146,253,31
224,17,142,5,17,28,20,166,250,22
224,18,197,170,103,204,68,211,182,135
224,19,228,109,51,167,205,30,243,252
224,20,239,4,184,35,224,186,212,110
224,21,203,146,47,227,156,180,207,217
224,22,88,35,157,236,91,62,81,232
224,23,42,106,95,39,17,66,111,145
224,24,220,39,84,186,181,42,59,43
224,25,228,112,29,220,41,151,30,156
224,26,61,86,67,75,139,52,189,51
224,27,172,87,122,162,88,54,250,84
224,28,136,170,9,31,116,167,96,24
224,29,142,5,139,250,22,17,50,28
224,30,197,170,71,205,135,211,117,68
224,31,30,228,109,167,130,91,106,151
224,32,98,134,96,186,159,91,106,192
224,33,126,220,238,86,232,183,58,190
224,34,116,207,180,252,101,1,171,21
224,35,153,145,218,167,229,160,235,57
224,36,70,181,120,248,158,211,23,2
224,37,145,31,64,143,58,67,190,229
224,38,92,148,71,127,95,118,123,94
224,39,2,189,138,69,38,217,213,92
225,0,107,82,181,83,251,246,106,176
225,1,132,73,242,124,170,128,45,243
225,2,255,188,238,80,120,251,243,127
225,3,169,219,166,90,131,92,50,186
225,4,213,254,88,242,247,79,255,74
225,5,174,159,147,5,42,97,0,245
225,6,14,164,166,230,183,149,208,89
225,7,210,171,195,111,132,237,24,214
225,8,35,184,224,120,98,125,151,42
225,9,217,151,156,93,47,230,105,81
225,10,68,228,62,96,73,91,219,142
225,11,64,27,95,181,106,42,66,195
225,12,39,154,191,42,155,197,181,16
225,13,164,151,228,41,137,112,29,212
225,14,75,189,61,213,67,139,167,165
225,15,120,88,54,122,121,153,39,250
225,16,181,170,24,253,31,26,116,195
225,17,142,26,204,132,17,8,28,48
225,18,80,73,159,135,71,68,55,204
225,19,228,237,226,30,59,183,205,4
225,20,224,35,171,110,186,151,71,184
225,21,217,207,151,146,224,227,228,81
225,22,68,165,232,62,236,228,35,251
225,23,64,27,107,54,17,111,42,195
225,24,39,191,186,116,65,155,207,42
225,25,164,137,228,29,199,151,250,165
225,26,67,52,238,73,54,189,139,61
225,27,146,120,249,110,116,49,177,121
225,28,211,45,122,136,55,31,167,170
225,29,26,142,139,132,28,50,101,17
225,30,55,159,115,68,142,80,190,186
225,31,237,151,226,218,30,231,96,106
225,32,224,42,199,206,178,220,47,91
225,33,179,201,156,81,217,72,40,245
225,34,196,49,217,213,149,141,33,170
225,35,210,224,214,244,206,167,229,130
225,36,255,24,158,203,129,194,74,23
225,37,50,64,21,14,32,57,207,25
225,38,146,94,59,79,252,254,127,49
225,39,85,10,177,13,34,62,253,30
226,0,139,109,24,211,231,151,207,36
226,1,236,85,226,22,14,193,171,238
226,2,3,58,77,221,5,143,251,234
226,3,167,243,11,159,251,57,196,195
226,4,121,243,158,175,70,178,103,28
226,5,24,164,163,63,52,5,228,149
226,6,128,149,250,159,102,59,43,26
226,7,38,132,210,128,111,171,26,214
226,8,224,181,98,151,29,171,74,41
226,9,81,20,61,54,207,189,243,166
226,10,92,228,73,116,242,134,252,223
226,11,218,154,95,164,134,70,93,60
226,12,84,42,39,147,186,253,181,89
226,13,228,151,19,15,41,174,176,166
226,14,189,67,73,213,61,139,251,165
226,15,203,101,250,206,69,142,179,145
226,16,161,181,24,253,72,31,116,169
226,17,142,204,214,17,3,95,218,60
226,18,90,211,117,135,108,103,68,80
226,19,199,144,228,59,30,251,102,33
226,20,224,151,184,246,41,35,165,171
226,21,146,243,148,207,81,227,47,98
226,22,24,92,35,252,81,73,91,207
226,23,154,95,134,93,164,218,195,203
226,24,84,43,42,191,186,181,9,11
226,25,228,29,151,41,22,140,51,71
226,26,67,189,73,75,61,139,213,84
226,27,250,54,206,122,146,203,192,121
226,28,161,116,181,24,253,47,168,170
226,29,214,142,17,132,139,230,28,204
226,30,71,117,135,68,103,90,211,5
226,31,199,228,91,30,144,226,251,96
226,32,48,123,91,159,59,47,192,220
226,33,107,151,58,139,95,81,72,225
226,34,56,175,252,21,240,171,94,5
226,35,167,218,85,5,229,202,114,14
226,36,158,152,246,248,195,23,203,211
226,37,64,67,143,161,135,48,227,56
226,38,9,30,101,201,234,127,84,118
226,39,246,250,1,92,138,215,203,70
227,0,234,144,92,188,186,174,62,242
227,1,198,66,43,14,197,193,155,239
227,2,92,230,150,86,15,110,212,31
227,3,30,177,201,81,155,251,218,22
227,4,94,121,112,70,152,98,158,192
227,5,136,0,210,165,23,194,98,144
227,6,92,43,200,125,159,142,235,178
227,7,171,181,243,111,132,57,40,26
227,8,224,194,246,171,98,124,151,74
227,9,207,120,146,81,47,5,98,230
227,10,207,9,218,232,252,8,250,140
227,11,153,114,15,3,54,95,216,145
227,12,206,39,116,42,181,84,207,59
227,13,228,38,151,29,140,199,15,109
227,14,139,189,67,220,252,156,114,75
227,15,123,248,54,249,122,206,250,192
227,16,24,170,230,26,31,181,253,116
227,17,142,236,218,28,204,197,206,78
227,18,69,68,135,204,130,103,117,77
227,19,60,228,96,30,226,59,70,135
227,20,224,110,171,4,194,151,165,132
227,21,146,207,5,47,120,243,98,27
227,22,140,207,232,9,0,165,8,111
227,23,153,15,54,3,145,134,111,40
227,24,39,106,207,42,59,116,191,206
227,25,228,199,29,140,155,151,41,175
227,26,67,83,139,52,93,189,252,73
227,27,248,54,121,249,122,206,250,142
227,28,230,54,24,185,170,116,31,231
227,29,142,236,28,65,230,204,139,206
227,30,69,80,5,68,251,204,117,135
227,31,60,221,30,233,226,51,96,113
227,32,146,195,199,86,247,194,220,117
227,33,37,97,36,72,181,81,94,189
227,34,90,212,255,187,19,251,33,21
227,35,44,49,167,229,121,214,202,76
227,36,234,8,147,0,23,158,203,188
227,37,84,21,220,193,186,64,145,68
227,38,139,22,161,84,67,254,196,252
227,39,23,224,68,241,127,16,151,90
228,0,107,181,82,251,39,68,245,246
228,1,40,183,209,96,222,92,220,228
228,2,215,242,9,85,73,191,144,148
228,3,14,192,227,195,247,240,134,216
228,4,156,216,123,98,180,152,20,121
228,5,174,19,0,194,35,2,23,210
228,6,123,92,43,149,125,200,194,25
228,7,171,243,132,187,139,26,21,111
228,8,224,171,98,38,157,194,151,161
228,9,120,207,5,47,146,81,148,243
228,10,68,232,207,34,96,165,226,99
228,11,64,54,181,93,111,3,102,205
228,12,116,39,106,207,42,154,237,142
228,13,164,151,199,219,165,228,37,208
228,14,189,67,139,167,54,44,165,204
228,15,146,122,121,54,215,114,169,177
228,16,26,170,24,253,72,31,116,195
228,17,142,204,8,89,17,28,20,26
228,18,175,80,204,135,71,91,73,68
228,19,226,59,30,228,88,22,101,19
228,20,224,171,71,181,110,151,72,98
228,21,207,81,224,86,146,254,105,85
228,22,165,207,68,250,232,251,234,159
228,23,80,111,54,64,107,255,223,10
228,24,39,116,186,247,250,153,124,253
228,25,199,164,37,137,93,212,130,165
228,26,73,52,67,90,54,189,83,167
228,27,146,177,116,249,147,206,114,191
228,28,149,55,24,26,201,185,170,78
228,29,26,142,28,204,101,89,208,38
228,30,55,69,221,80,117,237,204,45
228,31,237,221,60,226,30,137,236,243
228,32,224,199,197,206,42,220,89,178
228,33,81,179,156,201,217,72,40,117
228,34,49,217,90,213,141,196,251,33
228,35,224,214,244,167,229,202,49,76
228,36,255,24,239,158,129,203,57,23
228,37,50,14,21,64,147,57,28,124
228,38,146,79,86,84,127,94,97,118
228,39,177,85,13,62,78,242,34,203
229,0,24,109,225,199,231,62,211,175
229,1,22,226,236,85,14,203,49,204
229,2,242,215,3,160,9,193,112,73
229,3,14,247,192,201,22,243,182,23
229,4,121,243,158,70,175,192,132,180
229,5,19,2,236,33,164,0,86,52
229,6,149,185,157,161,123,159,200,129
229,7,171,111,132,167,246,38,120,187
229,8,224,151,98,171,220,74,181,133
229,9,20,227,81,207,146,243,61,54
229,10,232,165,242,222,8,91,226,9
229,11,218,85,93,59,225,134,164,54
229,12,39,207,116,186,59,210,42,208
229,13,151,199,228,19,137,219,127,165
229,14,139,189,67,156,88,61,54,24
229,15,122,191,54,121,233,49,206,146
229,16,190,31,170,185,26,253,116,240
229,17,142,28,204,104,17,20,216,187
229,18,250,68,130,80,103,93,193,137
229,19,85,226,19,30,228,139,153,84
229,20,224,171,110,246,168,98,151,132
229,21,194,98,207,227,146,5,243,47
229,22,232,242,165,133,226,222,91,63
229,23,93,85,164,218,54,59,111,231
229,24,11,39,167,116,207,42,60,128
229,25,137,19,230,71,228,212,80,192
229,26,52,203,139,67,252,131,93,54
229,27,249,122,54,206,121,28,146,27
229,28,24,31,170,116,26,102,47,55
229,29,142,21,28,88,204,230,20,139
229,30,151,204,250,5,80,68,69,117
229,31,221,30,226,228,28,60,70,236
229,32,86,123,247,109,85,179,18,59
229,33,36,95,81,139,181,56,72,68
229,34,90,240,238,94,44,21,33,251
229,35,49,229,202,167,212,76,36,44
229,36,147,227,23,119,158,34,234,188
229,37,21,193,126,64,108,227,242,103
229,38,139,84,35,230,39,127,138,196
229,39,158,224,165,151,41,90,122,53
230,0,121,117,171,187,172,111,4,63
230,1,13,43,57,81,194,232,158,202
230,2,242,215,146,75,85,189,90,142
230,3,170,14,192,247,255,216,122,111
230,4,123,180,119,55,152,8,182,139
230,5,194,19,23,3,33,0,210,245
230,6,92,43,125,200,149,90,178,182
230,7,171,243,181,132,187,161,85,28
230,8,120,224,112,212,246,171,35,151
230,9,19,146,47,207,98,81,178,5
230,10,207,163,34,218,232,252,9,96
230,11,116,130,18,54,3,98,111,145
230,12,11,206,39,116,207,42,59,31
230,13,200,37,228,151,15,29,199,140
230,14,139,189,67,38,167,84,215,40
230,15,54,99,122,249,177,146,123,145
230,16,26,24,170,31,253,116,54,47
230,17,142,218,28,204,236,244,20,196
230,18,69,188,68,204,6,77,71,73
230,19,221,226,228,70,30,233,96,59
230,20,224,171,110,151,194,4,112,98
230,21,207,146,120,19,227,243,5,228
230,22,232,163,251,207,250,165,101,86
230,23,130,54,18,134,101,3,111,40
230,24,39,207,42,116,186,59,10,201
230,25,228,199,37,208,200,212,165,140
230,26,67,139,189,52,84,73,93,38
230,27,99,206,121,249,122,177,54,146
230,28,231,54,24,20,170,169,31,147
230,29,142,28,236,204,155,218,103,139
230,30,221,6,69,204,80,5,117,68
230,31,221,226,30,233,51,70,243,60
230,32,17,175,178,206,89,194,247,59
230,33,81,214,72,105,23,94,117,40
230,34,182,187,19,54,58,213,188,141
230,35,7,244,229,214,167,202,212,76
230,36,253,239,0,158,129,245,8,23
230,37,21,64,164,90,153,147,57,124
230,38,22,79,86,136,127,84,94,118
230,39,16,145,203,62,34,242,30,116
231,0,223,207,148,231,78,12,75,177
231,1,153,48,245,208,193,178,14,131
231,2,95,228,71,13,137,47,143,139
231,3,16,243,201,113,207,154,58,247
231,4,70,123,180,121,158,132,152,192
231,5,214,23,3,213,0,115,165,146
231,6,39,157,185,25,43,125,240,227
231,7,171,132,237,187,26,28,61,126
231,8,224,151,171,98,246,220,165,161
231,9,146,207,61,87,81,20,243,229
231,10,232,109,226,233,17,165,117,175
231,11,54,186,85,134,225,158,15,97
231,12,157,166,116,39,207,42,10,47
231,13,37,151,199,228,208,174,219,212
231,14,189,139,67,73,84,0,22,115
231,15,249,122,28,146,116,145,54,206
231,16,138,24,26,107,31,116,56,169
231,17,142,204,28,78,86,244,8,187
231,18,130,72,68,237,45,117,141,77
231,19,30,226,135,221,96,84,228,244
231,20,224,171,151,110,98,157,41,246
231,21,146,207,243,47,98,123,61,5
231,22,109,232,19,233,250,17,165,207
231,23,158,54,134,209,194,59,40,171
231,24,166,157,47,207,42,39,60,116
231,25,228,212,199,174,37,226,165,151
231,26,67,189,139,93,84,252,73,251
231,27,79,206,116,121,122,99,33,178
231,28,10,201,138,56,82,169,107,112
231,29,126,142,28,157,204,78,152,245
231,30,130,18,151,117,5,80,204,66
231,31,157,55,226,70,212,37,99,30
231,32,92,58,14,248,120,144,157,220
231,33,72,81,176,59,245,103,108,12
231,34,15,249,11,18,80,143,152,141
231,35,106,167,229,214,14,244,202,77
231,36,21,158,129,228,23,74,50,198
231,37,92,113,21,64,214,144,28,57
231,38,132,52,135,177,189,47,84,254
231,39,142,77,5,243,201,66,175,151
232,0,241,61,78,72,50,135,170,75
232,1,64,208,131,11,1,132,178,5
232,2,137,54,141,143,71,160,95,228
232,3,16,54,201,243,159,207,251,182
232,4,70,121,158,152,221,192,28,170
232,5,214,0,165,142,146,23,52,86
232,6,159,25,39,157,161,185,120,240
232,7,171,137,132,111,208,187,26,125
232,8,224,47,98,151,171,225,74,161
232,9,20,207,81,47,61,54,254,146
232,10,165,116,109,232,134,8,91,111
232,11,42,225,134,85,15,60,135,54
232,12,116,39,186,250,42,47,196,207
232,13,93,151,212,219,199,165,140,176
232,14,198,67,189,90,204,202,167,165
232,15,114,50,147,215,146,109,169,21
232,16,253,24,72,74,47,170,26,117
232,17,89,38,142,17,204,1,102,48
232,18,175,139,71,91,135,245,80,138
232,19,22,88,212,226,33,59,30,202
232,20,181,224,71,151,171,23,1,72
232,21,207,254,224,81,186,54,251,165
232,22,207,165,160,156,116,132,85,81
232,23,80,10,145,17,60,44,46,255
232,24,39,250,161,21,186,17,12,205
232,25,211,93,212,130,66,45,151,108
232,26,90,73,202,204,67,167,157,198
232,27,147,50,114,21,239,94,146,169
232,28,24,116,74,72,47,250,253,168
232,29,38,150,89,98,146,169,17,245
232,30,175,245,139,91,135,18,49,117
232,31,15,22,33,59,70,88,101,212
232,32,248,58,33,47,220,229,78,92
232,33,167,176,81,218,114,72,223,90
232,34,15,249,80,182,109,199,164,122
232,35,106,8,180,77,118,191,176,121
232,36,228,21,138,148,54,59,17,102
232,37,92,214,156,244,119,116,144,242
232,38,197,55,141,50,24,204,236,177
232,39,83,101,209,112,137,142,47,144
233,0,240,167,209,239,159,210,69,98
233,1,11,132,34,97,253,26,14,88
233,2,137,54,3,71,160,83,141,47
233,3,213,243,207,159,23,36,54,199
233,4,221,44,158,121,70,123,175,180
233,5,236,214,81,3,115,23,0,52
233,6,39,157,43,185,125,159,227,25
233,7,171,132,223,111,187,26,222,126
233,8,224,98,151,171,133,181,72,220
233,9,20,81,207,146,227,243,54,61
233,10,232,242,165,19,134,138,9,226
233,11,85,218,54,111,59,158,225,134
233,12,157,39,116,186,207,59,42,10
233,13,199,37,151,212,219,228,137,140
233,14,189,67,139,73,167,22,84,54
233,15,146,249,28,177,121,49,122,206
233,16,26,24,193,253,170,190,31,116
233,17,142,204,164,28,20,78,21,17
233,18,204,250,80,72,151,5,97,68
233,19,85,70,226,30,84,59,135,181
233,20,171,224,110,194,246,151,53,13
233,21,207,98,146,227,86,123,243,105
233,22,242,19,216,165,232,88,86,250
233,23,111,59,85,220,54,158,218,194
233,24,128,157,39,15,11,205,116,10
233,25,37,19,101,137,140,41,97,71
233,26,52,225,86,61,231,67,139,203
233,27,177,33,28,146,166,249,162,122
233,28,193,24,190,55,116,170,9,196
233,29,21,164,88,142,61,20,108,255
233,30,250,204,162,232,63,5,91,211
233,31,4,228,30,183,218,63,195,255
233,32,123,179,76,125,109,159,140,254
233,33,234,95,104,167,181,11,102,220
233,34,44,240,238,72,171,33,6,20
233,35,190,74,148,235,191,21,167,14
233,36,115,142,227,19,22,39,74,64
233,37,16,78,27,175,66,108,250,169
233,38,0,169,35,254,119,215,252,159
233,39,117,179,158,122,106,115,253,67
234,0,101,35,197,9,242,119,67,214
234,1,27,231,62,97,150,11,155,20
234,2,43,121,249,90,210,242,36,149
234,3,226,211,236,106,37,31,146,80
234,4,222,142,65,118,251,102,105,108
234,5,161,104,236,69,220,10,186,5
234,6,182,43,167,39,157,125,59,200
234,7,171,23,2,29,210,199,187,132
234,8,35,212,159,4,184,83,57,194
234,9,29,94,47,180,98,197,207,13
234,10,88,207,169,19,222,61,91,34
234,11,20,42,145,54,106,95,111,3
234,12,39,59,116,220,128,26,207,190
234,13,112,29,37,228,140,41,176,137
234,14,86,52,139,189,167,93,215,40
234,15,166,36,172,87,122,88,177,162
234,16,26,181,96,24,170,231,31,152
234,17,142,102,20,204,166,17,28,5
234,18,204,170,148,197,80,71,73,182
234,19,51,215,109,226,167,130,30,228
234,20,35,224,4,186,239,171,180,110
234,21,180,207,203,224,240,156,29,227
234,22,88,165,207,169,91,236,232,247
234,23,111,39,106,49,255,20,42,223
234,24,39,220,43,116,15,65,154,186
234,25,112,37,211,29,165,212,151,93
234,26,86,73,90,67,52,189,54,202
234,27,166,172,87,177,146,162,147,114
234,28,24,116,96,253,55,47,46,31
234,29,142,17,38,250,5,204,20,1
234,30,170,175,71,245,139,117,148,197
234,31,130,33,22,63,167,228,59,226
234,32,98,158,220,47,99,90,216,159
234,33,126,220,232,205,200,190,81,72
234,34,116,252,1,56,161,34,21,33
234,35,235,218,167,93,67,14,153,89
234,36,22,74,207,242,181,120,50,248
234,37,65,32,143,163,124,67,145,22
234,38,71,101,127,30,118,234,93,9
234,39,248,92,69,70,250,1,9,25
235,0,141,235,115,47,253,177,221,158
235,1,217,182,62,152,70,155,11,46
235,2,121,167,255,128,43,8,109,123
235,3,190,106,117,12,37,187,35,128
235,4,236,142,222,54,102,95,127,45
235,5,188,90,135,47,65,43,222,88
235,6,153,182,43,157,138,14,31,173
235,7,117,23,64,123,229,185,29,78
235,8,116,239,180,56,99,52,179,77
235,9,116,191,208,239,13,2,169,197
235,10,88,169,125,198,157,36,13,120
235,11,233,111,108,106,86,95,128,42
235,12,93,220,128,74,15,39,85,63
235,13,29,134,112,147,154,43,107,15
235,14,86,51,52,167,189,124,224,139
235,15,162,172,87,166,122,54,181,200
235,16,5,170,43,26,116,24,96,146
235,17,142,250,20,87,166,5,0,28
235,18,204,170,163,197,182,179,43,161
235,19,116,109,20,205,215,167,243,4
235,20,116,239,4,179,83,246,180,164
235,21,116,191,239,208,47,203,13,207
235,22,88,169,125,198,65,185,35,120
235,23,39,128,111,86,106,62,96,189
235,24,93,74,15,220,85,63,54,26
235,25,134,112,147,107,253,37,32,154
235,26,86,51,52,225,149,10,88,32
235,27,172,162,87,165,58,181,31,166
235,28,43,238,111,150,134,9,5,61
235,29,87,5,250,0,20,22,153,241
235,30,170,43,163,197,226,15,204,182
235,31,116,109,20,167,63,215,19,4
235,32,90,223,119,252,134,53,178,240
235,33,93,83,210,220,231,129,72,16
235,34,186,1,82,132,86,26,74,85
235,35,84,72,27,57,160,42,135,239
235,36,22,222,192,20,83,70,29,221
235,37,229,39,88,166,211,182,175,233
235,38,64,151,193,42,11,105,145,254
235,39,186,162,190,154,115,98,91,148
236,0,112,38,168,238,54,43,200,30
236,1,140,217,62,182,122,117,152,201
236,2,167,121,128,43,20,102,72,153
236,3,12,91,35,128,199,130,106,34
236,4,205,144,54,6,87,193,58,174
236,5,188,90,239,220,145,43,152,32
236,6,157,182,43,159,14,230,52,39
236,7,171,92,208,111,132,245,187,26
236,8,72,224,181,35,1,98,129,239
236,9,203,254,20,81,116,54,105,239
236,10,88,240,165,207,96,116,217,132
236,11,42,239,145,111,98,255,60,225
236,12,196,250,21,247,161,186,220,39
236,13,151,93,112,165,232,14,212,45
236,14,90,204,189,67,198,73,202,54
236,15,147,50,215,120,227,45,166,235
236,16,24,253,72,117,74,116,194,179
236,17,38,230,233,204,98,89,196,17
236,18,175,245,71,135,224,91,138,139
236,19,101,22,212,33,88,59,66,129
236,20,181,224,72,151,16,71,98,1
236,21,254,54,81,224,251,186,1,188
236,22,207,156,160,96,116,149,165,217
236,23,80,145,46,10,60,98,17,44
236,24,250,196,21,39,43,161,146,247
236,25,211,141,151,212,45,232,112,146
236,26,90,225,73,142,164,202,77,198
236,27,147,50,145,227,114,94,182,177
236,28,24,74,116,250,47,155,72,253
236,29,38,5,150,230,17,98,158,36
236,30,175,245,71,139,177,57,91,196
236,31,33,123,22,101,59,199,88,143
236,32,220,47,33,223,216,246,236,117
236,33,192,72,220,244,200,231,82,154
236,34,186,16,1,252,246,116,33,56
236,35,235,93,167,218,104,67,3,129
236,36,22,242,87,194,74,214,70,225
236,37,163,159,25,194,207,186,66,61
236,38,254,42,151,168,191,17,120,24
236,39,115,168,137,235,80,106,37,217
237,0,168,58,238,206,255,200,90,112
237,1,140,217,182,192,24,62,25,86
237,2,167,72,11,49,121,43,102,60
237,3,106,117,199,226,113,130,92,12
237,4,205,54,58,45,129,6,235,132
237,5,188,90,71,65,135,152,43,145
237,6,182,157,14,22,65,31,138,77
237,7,117,229,78,23,191,254,204,147
237,8,116,239,180,179,56,104,52,99
237,9,239,116,191,203,135,171,180,169
237,10,88,96,145,157,173,136,125,78
237,11,42,239,111,181,39,162,24,11
237,12,24,126,113,77,213,100,91,53
237,13,189,167,44,234,165,151,255,57
237,14,189,225,204,73,194,142,202,198
237,15,166,50,21,149,147,14,114,191
237,16,72,253,74,117,26,24,194,47
237,17,38,89,152,1,204,135,102,149
237,18,175,91,138,139,71,245,225,80
237,19,61,33,143,59,22,212,88,25
237,20,224,151,71,98,181,133,23,41
237,21,207,251,229,188,172,186,81,224
237,22,160,156,116,165,56,147,119,232
237,23,80,223,111,60,10,134,98,63
237,24,250,163,39,161,17,220,60,81
237,25,212,112,93,248,211,20,130,45
237,26,189,202,225,117,67,90,194,251
237,27,166,114,177,182,98,50,191,179
237,28,74,72,228,73,47,24,116,112
237,29,150,152,38,219,204,89,28,159
237,30,175,117,138,201,245,122,251,59
237,31,22,212,143,33,61,224,166,202
237,32,33,216,220,47,223,117,74,61
237,33,192,82,81,72,200,220,231,180
237,34,16,37,181,186,83,123,150,82
237,35,93,14,104,253,186,89,142,167
237,36,50,87,214,158,194,74,110,78
237,37,124,163,64,32,239,229,89,134
237,38,103,193,254,190,42,248,233,48
237,39,168,42,134,63,91,227,136,80
238,0,252,25,42,205,238,12,147,89
238,1,189,217,140,129,250,103,124,112
238,2,167,72,49,11,121,43,219,60
238,3,226,117,106,130,199,236,26,230
238,4,54,45,205,199,242,219,58,250
238,5,188,90,135,65,43,152,71,5
238,6,182,157,14,65,43,122,22,121
238,7,176,117,229,78,23,70,171,204
238,8,239,35,116,180,179,104,56,4
238,9,191,169,98,197,171,208,255,13
238,10,88,157,173,125,39,27,193,139
238,11,39,111,72,42,99,120,19,188
238,12,249,220,0,131,39,151,54,116
238,13,112,103,211,37,176,107,29,234
238,14,86,139,52,189,167,47,22,51
238,15,166,172,146,122,36,162,191,121
238,16,26,24,181,170,55,18,31,231
238,17,5,142,20,204,28,102,166,48
238,18,170,204,197,226,73,5,71,80
238,19,167,51,215,109,30,199,181,226
238,20,239,224,35,4,151,171,110,186
238,21,191,207,116,224,203,146,81,105
238,22,173,88,157,165,207,91,236,250
238,23,72,39,111,106,255,17,223,42
238,24,220,43,39,116,93,186,54,65
238,25,112,211,212,37,165,228,107,220
238,26,86,189,73,67,90,54,225,52
238,27,166,172,87,162,147,146,121,239
238,28,43,24,116,47,253,55,46,90
238,29,5,142,17,38,222,1,204,20
238,30,170,71,175,197,139,117,245,226
238,31,167,228,33,109,226,22,30,59
238,32,223,90,159,158,47,220,178,216
238,33,231,83,86,220,200,81,244,129
238,34,241,1,252,186,56,21,116,197
238,35,235,218,167,93,160,129,14,22
238,36,70,74,248,192,50,59,211,87
238,37,62,143,58,163,32,145,67,124
238,38,101,92,127,254,148,7,30,118
238,39,231,189,248,238,38,92,70,11
239,0,209,104,206,43,95,30,105,154
239,1,217,62,47,146,182,46,11,155
239,2,167,43,49,20,72,52,97,218
239,3,226,236,117,233,26,119,230,199
239,4,144,193,20,54,5,132,213,245
239,5,188,220,90,5,0,212,230,69
239,6,157,182,14,43,39,2,65,192
239,7,171,176,237,111,187,26,132,66
239,8,35,224,239,98,151,72,181,159
239,9,203,81,20,207,254,105,169,39
239,10,88,157,91,96,240,207,165,173
239,11,255,111,42,39,98,72,185,17
239,12,39,43,116,220,65,154,60,186
239,13,112,211,151,176,149,140,93,165
239,14,86,189,198,167,67,52,90,204
239,15,166,172,147,120,146,50,215,45
239,16,24,253,181,72,47,54,170,46
239,17,142,5,17,102,38,20,204,89
239,18,175,135,71,245,139,224,226,80
239,19,51,167,199,228,101,22,88,59
239,20,224,181,72,71,35,239,1,171
239,21,224,81,254,207,120,54,203,186
239,22,207,236,165,81,157,156,132,96
239,23,145,239,39,98,10,60,101,255
239,24,43,220,250,39,186,161,21,196
239,25,211,112,93,151,66,212,45,165
239,26,90,202,86,73,67,194,165,225
239,27,50,114,147,21,182,239,172,215
239,28,24,116,72,47,231,253,54,250
239,29,38,5,89,222,17,1,142,73
239,30,175,71,139,245,91,117,170,135
239,31,33,199,22,59,91,167,88,226
239,32,223,47,220,216,158,98,246,185
239,33,244,107,190,72,81,232,58,200
239,34,116,56,252,21,33,1,246,10
239,35,235,167,218,67,129,93,14,89
239,36,74,70,50,152,181,246,242,248
239,37,143,58,32,124,161,67,163,22
239,38,92,101,148,127,30,118,9,234
239,39,2,189,248,92,38,69,70,213
240,0,144,188,92,186,62,32,4,155
240,1,198,27,231,193,14,124,35,149
240,2,92,188,86,60,150,230,228,157
240,3,81,155,177,197,201,36,218,224
240,4,94,121,98,70,192,112,152,158
240,5,115,136,163,164,58,60,137,52
240,6,92,14,43,159,26,34,204,52
240,7,181,243,185,111,120,132,208,244
240,8,16,224,181,72,133,47,98,71
240,9,20,254,81,54,120,156,1,165
240,10,207,81,116,132,165,9,217,190
240,11,153,10,44,15,255,98,60,137
240,12,250,21,161,196,186,39,143,65
240,13,151,93,14,183,165,211,45,140
240,14,90,73,194,189,67,164,202,187
240,15,248,50,147,114,21,215,227,235
240,16,230,24,72,253,183,117,54,82
240,17,236,38,225,233,230,17,197,204
240,18,69,175,135,245,176,71,224,91
240,19,233,60,22,101,33,59,88,51
240,20,181,72,224,65,1,16,171,95
240,21,254,120,224,81,156,54,165,188
240,22,207,0,9,165,81,156,149,7
240,23,153,15,99,145,10,130,98,44
240,24,106,250,196,39,21,186,12,194
240,25,211,151,200,183,232,66,166,155
240,26,90,73,67,225,202,194,77,93
240,27,248,50,213,147,114,145,21,241
240,28,24,230,54,185,183,116,155,250
240,29,38,236,230,65,98,222,177,204
240,30,245,69,175,45,177,139,225,117
240,31,101,22,33,233,59,88,226,51
240,32,195,146,220,199,247,86,236,47
240,33,97,37,217,94,81,36,72,181
240,34,212,255,33,246,187,19,90,249
240,35,3,67,49,244,93,136,104,163
240,36,214,87,194,242,8,0,234,18
240,37,28,22,32,159,52,94,124,64
240,38,87,22,33,79,127,94,212,118
240,39,16,145,34,52,62,70,181,23
241,0,70,174,178,60,124,161,207,231
241,1,40,48,153,49,234,32,193,96
241,2,224,178,148,251,135,3,94,205
241,3,143,201,247,224,81,243,197,54
241,4,121,70,175,137,132,182,28,51
241,5,19,136,163,58,164,137,42,175
241,6,204,159,34,26,43,125,161,52
241,7,81,120,111,92,169,245,228,171
241,8,16,72,1,224,181,129,98,188
241,9,254,20,81,54,1,66,243,187
241,10,81,165,207,242,232,226,116,134
241,11,218,59,145,3,85,10,60,44
241,12,157,196,21,250,161,208,39,186
241,13,151,19,212,165,66,93,14,183
241,14,90,67,164,140,54,73,77,187
241,15,227,50,147,1,215,114,145,138
241,16,190,24,72,193,253,155,126,82
241,17,98,230,196,38,169,21,19,233
241,18,175,219,135,72,250,245,151,117
241,19,85,101,22,99,33,70,82,59
241,20,72,181,1,224,16,121,98,151
241,21,254,224,81,54,98,20,66,1
241,22,207,242,165,81,213,156,146,172
241,23,218,59,145,85,231,116,201,10
241,24,11,157,250,128,196,205,39,21
241,25,211,19,151,71,140,183,137,165
241,26,90,73,67,194,198,54,225,142
241,27,50,28,146,239,169,21,114,215
241,28,190,24,193,102,219,47,183,250
241,29,38,21,88,222,230,204,225,19
241,30,245,162,63,250,151,175,232,91
241,31,33,34,59,7,88,85,22,101
241,32,85,86,179,220,123,246,76,47
241,33,36,139,95,104,81,56,11,102
241,34,44,238,195,240,72,191,33,10
241,35,190,148,104,129,89,185,49,8
241,36,227,115,147,26,214,142,87,74
241,37,78,32,159,27,28,175,124,22
241,38,251,215,254,94,119,169,33,96
241,39,158,122,165,117,76,80,22,179
242,0,117,11,171,96,187,128,226,146
242,1,104,13,169,133,81,2,193,66
242,2,169,224,135,254,125,12,39,122
242,3,170,221,166,143,201,54,21,195
242,4,182,55,8,119,152,123,180,2
242,5,137,61,19,146,150,210,84,202
242,6,16,204,3,34,159,125,43,26
242,7,228,185,92,243,132,108,174,120
242,8,16,181,112,224,72,85,98,1
242,9,19,206,254,81,20,54,178,224
242,10,207,163,81,132,7,165,66,116
242,11,18,10,116,142,255,44,98,145
242,12,67,106,21,250,196,16,65,157
242,13,200,183,70,151,165,15,140,254
242,14,38,90,194,67,142,46,217,225
242,15,241,103,50,114,215,21,147,191
242,16,149,179,72,183,253,24,117,187
242,17,38,155,236,204,135,156,89,233
242,18,6,175,245,139,135,91,223,63
242,19,233,33,22,11,66,151,59,88
242,20,112,181,224,72,16,68,98,151
242,21,19,54,224,206,188,81,186,251
242,22,163,156,207,165,7,225,66,134
242,23,18,10,142,60,130,44,207,145
242,24,106,67,250,39,65,16,107,188
242,25,200,166,211,151,93,66,165,183
242,26,38,90,194,202,73,182,225,67
242,27,103,241,50,21,213,114,182,215
242,28,149,185,179,72,24,183,145,147
242,29,38,155,236,65,89,222,102,156
242,30,6,245,139,175,223,91,45,225
242,31,33,233,22,11,143,67,59,88
242,32,17,89,199,220,216,194,47,117
242,33,23,214,117,94,81,82,154,200
242,34,58,187,54,19,181,110,246,12
242,35,104,7,89,93,133,67,167,253
242,36,214,253,8,87,194,57,0,74
242,37,164,28,159,32,89,124,21,22
242,38,22,136,94,212,33,127,223,118
242,39,16,68,23,70,52,34,145,63
243,0,82,181,107,251,39,221,83,245
243,1,166,119,89,9,207,237,220,168
243,2,156,13,81,125,177,224,169,99
243,3,158,3,65,100,143,5,109,50
243,4,182,133,120,7,19,61,121,49
243,5,174,137,172,3,146,142,202,111
243,6,159,26,34,177,102,194,238,16
243,7,195,226,255,228,111,159,206,245
243,8,181,224,129,72,16,98,1,68
243,9,20,54,66,81,254,189,224,243
243,10,68,217,134,81,116,156,225,154
243,11,64,60,141,225,42,201,10,204
243,12,196,241,163,250,146,125,9,161
243,13,82,14,164,212,151,141,66,232
243,14,90,164,27,225,116,66,140,5
243,15,50,159,61,12,182,244,208,241
243,16,155,40,70,149,63,114,59,130
243,17,170,26,156,38,230,98,201,68
243,18,196,55,245,177,122,1,223,146
243,19,123,101,11,237,118,77,14,42
243,20,129,72,98,156,219,106,181,16
243,21,66,20,54,224,251,254,81,193
243,22,156,68,225,116,217,134,124,160
243,23,64,60,9,80,242,141,157,104
243,24,146,241,163,125,196,107,113,117
243,25,141,164,82,110,151,67,175,244
243,26,90,182,66,27,140,225,117,164
243,27,50,241,61,159,63,135,21,98
243,28,149,87,155,217,185,72,179,67
243,29,38,26,156,101,9,242,99,185
243,30,55,196,245,223,122,240,1,83
243,31,123,237,67,11,143,22,101,229
243,32,224,197,199,220,55,151,47,216
243,33,201,179,156,82,81,154,117,180
243,34,49,217,213,181,58,33,246,177
243,35,104,224,3,244,89,93,7,67
243,36,255,214,87,18,57,24,194,242
243,37,159,50,28,32,89,124,21,22
243,38,146,94,127,212,33,79,118,223
243,39,34,85,13,177,70,52,30,62
244,0,254,109,24,231,151,191,70,222
244,1,236,186,226,240,51,193,14,228
244,2,13,3,5,221,185,211,182,157
244,3,167,243,36,224,81,251,61,54
244,4,243,175,121,70,178,137,51,100
244,5,137,163,3,172,228,58,153,150
244,6,149,159,26,204,238,43,34,84
244,7,38,245,185,133,246,120,81,226
244,8,224,16,181,72,98,1,188,129
244,9,20,81,254,54,224,186,1,189
244,10,242,154,116,81,132,156,146,165
244,11,60,201,10,218,44,70,93,37
244,12,161,250,196,208,186,21,157,39
244,13,13,151,19,183,212,230,93,66
244,14,90,44,194,189,198,202,204,117
244,15,50,21,147,114,215,169,12,18
244,16,72,82,193,117,53,190,59,183
244,17,38,214,89,62,54,21,230,19
244,18,175,32,55,151,139,108,245,91
244,19,85,247,33,22,66,11,99,143
244,20,181,224,121,133,72,98,16,29
244,21,251,54,254,224,188,81,186,98
244,22,156,146,242,154,207,225,116,77
244,23,201,60,10,37,218,44,70,164
244,24,11,128,250,50,205,39,55,157
244,25,230,19,211,0,71,101,183,166
244,26,196,203,90,202,194,142,244,73
244,27,50,28,21,130,114,239,169,146
244,28,193,24,219,116,168,102,194,82
244,29,38,88,62,21,54,94,19,225
244,30,32,162,63,175,245,232,151,225
244,31,99,33,183,101,34,88,85,22
244,32,235,179,86,125,209,220,19,117
244,33,139,132,203,252,158,47,113,82
244,34,128,185,44,94,240,48,238,62
244,35,67,101,190,93,129,148,104,74
244,36,103,19,87,115,227,142,3,50
244,37,101,169,195,16,207,108,6,76
244,38,254,159,169,117,176,96,46,252
244,39,231,117,141,208,206,90,91,139
245,0,249,229,196,123,105,7,216,100
245,1,225,231,27,150,62,207,75,246
245,2,90,17,162,70,14,4,146,210
245,3,152,37,235,84,133,187,77,176
245,4,15,142,102,108,13,167,222,236
245,5,186,104,204,235,172,253,6,193
245,6,43,167,52,34,159,126,204,238
245,7,171,185,29,23,237,111,133,228
245,8,181,89,224,234,72,16,98,1
245,9,29,94,254,81,228,207,126,1
245,10,207,169,165,130,81,116,248,7
245,11,255,189,145,10,98,44,185,17
245,12,21,63,65,250,161,186,26,160
245,13,211,43,212,151,14,93,183,140
245,14,90,73,67,189,225,198,204,54
245,15,147,50,114,215,81,146,235,14
245,16,72,253,24,117,5,196,25,112
245,17,225,38,233,204,172,169,17,142
245,18,175,57,224,135,71,50,91,187
245,19,22,130,88,212,101,59,129,33
245,20,181,71,224,72,1,16,89,171
245,21,126,254,29,81,94,224,207,1
245,22,207,169,165,198,156,113,130,116
245,23,189,17,44,161,95,10,98,145
245,24,63,26,21,160,15,128,250,74
245,25,211,43,147,45,212,93,104,61
245,26,90,86,73,204,20,225,42,124
245,27,50,147,200,81,145,114,227,239
245,28,168,151,43,116,212,24,194,133
245,29,98,38,57,76,250,172,1,73
245,30,175,179,0,117,245,152,187,135
245,31,101,22,12,59,163,255,4,88
245,32,98,227,131,133,49,3,172,181
245,33,126,64,114,77,209,35,158,113
245,34,84,62,112,96,184,223,110,203
245,35,203,235,194,107,67,225,93,222
245,36,80,208,29,22,167,102,191,18
245,37,65,152,141,245,61,176,172,123
245,38,254,23,29,117,140,184,166,159
245,39,168,228,161,88,198,155,84,98
246,0,235,141,115,190,253,221,158,125
246,1,46,182,93,244,188,155,47,152
246,2,10,34,17,57,109,128,121,98
246,3,158,252,162,174,37,190,83,143
246,4,67,15,108,95,142,211,236,214
246,5,90,47,135,188,193,186,176,88
246,6,215,153,43,167,60,75,210,31
246,7,23,176,117,64,185,78,237,229
246,8,239,33,57,105,116,180,212,99
246,9,126,116,191,132,94,228,164,56
246,10,248,169,198,207,130,13,70,216
246,11,36,255,189,99,233,144,73,98
246,12,160,93,65,63,39,26,116,242
246,13,33,43,97,211,112,104,154,147
246,14,86,147,51,124,47,139,189,225
246,15,166,191,146,81,121,122,27,142
246,16,156,18,26,151,5,24,31,55
246,17,142,204,110,172,57,17,20,250
246,18,128,57,179,187,182,193,0,80
246,19,12,215,120,109,116,195,89,183
246,20,116,237,239,186,246,205,33,36
246,21,126,116,191,86,207,224,29,117
246,22,248,169,165,255,247,198,210,207
246,23,36,111,189,172,188,25,95,161
246,24,93,15,74,98,63,44,26,16
246,25,104,33,147,43,134,117,130,253
246,26,86,147,51,225,20,26,124,148
246,27,191,200,162,87,181,81,166,45
246,28,43,168,151,255,156,24,18,5
246,29,57,5,22,172,250,76,241,87
246,30,163,179,105,104,0,44,60,132
246,31,116,12,109,63,191,255,167,183
246,32,223,119,181,213,161,227,230,49
246,33,231,93,210,83,239,184,113,129
246,34,112,82,231,132,74,113,184,199
246,35,174,27,203,33,231,164,81,234
246,36,222,22,69,59,64,208,29,192
246,37,219,133,202,176,234,229,24,166
246,38,193,140,207,64,11,254,165,161
246,39,186,162,168,193,21,148,247,159
247,0,112,38,168,238,54,200,43,30
247,1,46,122,188,140,105,201,117,182
247,2,128,10,81,186,179,121,78,1
247,3,91,12,183,130,35,204,77,34
247,4,67,144,236,58,87,211,163,179
247,5,145,143,32,42,20,229,220,162
247,6,127,26,159,34,145,248,199,98
247,7,81,92,245,208,142,201,159,221
247,8,129,72,1,16,181,98,219,224
247,9,20,254,66,81,187,54,1,99
247,10,217,172,134,176,124,187,156,81
247,11,42,117,225,80,239,46,78,194
247,12,196,241,185,14,38,9,250,163
247,13,14,151,83,121,232,37,175,212
247,14,90,225,158,247,77,27,5,140
247,15,227,50,159,1,28,244,147,215
247,16,155,74,209,63,254,40,59,116
247,17,98,230,192,196,106,38,68,170
247,18,223,245,233,196,176,146,1,135
247,19,101,190,123,82,77,42,212,144
247,20,129,72,156,1,98,141,106,219
247,21,20,66,54,254,224,83,128,195
247,22,160,28,217,57,134,207,105,124
247,23,80,246,121,194,252,145,61,134
247,24,241,196,185,146,117,246,9,5
247,25,151,13,175,82,99,67,83,79
247,26,247,140,90,77,27,225,115,125
247,27,67,159,1,145,61,63,50,244
247,28,74,155,63,38,24,191,70,116
247,29,150,98,101,192,202,151,106,38
247,30,196,223,233,1,34,245,87,137
247,31,123,101,190,3,243,180,255,138
247,32,33,220,55,172,34,50,35,117
247,33,219,192,51,189,75,180,154,50
247,34,16,102,123,150,29,33,5,170
247,35,3,116,146,53,86,93,184,223
247,36,201,110,214,194,18,134,199,242
247,37,213,28,52,201,130,37,23,194
247,38,104,103,120,191,206,112,210,145
247,39,198,91,136,21,101,109,223,67
248,0,168,58,255,206,238,200,90,112
248,1,36,148,46,99,136,110,159,229
248,2,171,1,233,231,41,73,144,172
248,3,244,222,183,12,130,68,1,162
248,4,184,87,97,69,236,150,232,176
248,5,163,143,137,162,153,25,86,21
248,6,159,26,34,120,238,148,177,10
248,7,140,215,182,208,125,81,245,154
248,8,129,72,219,224,16,181,98,188
248,9,20,66,54,254,81,187,1,102
248,10,217,172,146,134,119,124,187,19
248,11,37,218,157,141,42,225,71,117
248,12,196,241,38,14,163,50,146,125
248,13,14,151,175,233,212,13,248,82
248,14,90,225,164,140,27,116,54,77
248,15,50,244,159,61,147,227,67,208
248,16,40,59,74,155,93,233,227,63
248,17,38,98,170,230,211,164,62,106
248,18,245,175,223,196,1,177,174,146
248,19,123,101,215,82,190,144,7,77
248,20,129,72,16,219,156,181,98,238
248,21,20,66,54,254,224,12,81,83
248,22,160,172,251,115,124,225,82,11
248,23,80,157,246,46,126,90,176,252
248,24,196,146,241,113,148,185,230,107
248,25,151,141,13,232,67,181,175,82
248,26,90,225,115,159,247,172,16,182
248,27,50,67,33,63,17,159,182,145
248,28,74,63,155,184,113,67,165,116
248,29,150,242,38,106,98,202,230,164
248,30,196,223,245,233,52,34,177,87
248,31,190,101,123,138,255,14,144,229
248,32,33,220,172,55,50,117,183,244
248,33,192,220,219,51,12,189,89,154
248,34,16,102,215,169,167,40,209,33
248,35,3,93,146,77,212,180,184,209
248,36,201,214,18,194,199,210,193,110
248,37,165,77,116,207,28,37,250,152
248,38,103,191,104,206,235,182,112,67
248,39,42,136,109,227,91,67,101,142
249,0,252,25,42,238,12,100,183,90
249,1,46,129,189,250,147,224,103,112
249,2,167,10,72,176,128,98,135,140
249,3,26,233,230,164,78,210,140,236
249,4,67,81,199,144,250,229,45,205
249,5,188,90,135,214,248,47,43,130
249,6,215,60,43,198,122,75,101,173
249,7,176,70,117,111,23,72,250,162
249,8,239,33,237,104,36,204,179,10
249,9,126,132,160,191,169,25,56,116
249,10,248,173,157,213,13,49,240,182
249,11,133,36,111,233,39,120,255,74
249,12,249,253,212,39,65,242,225,98
249,13,33,15,211,21,112,138,142,104
249,14,147,86,189,47,200,67,139,73
249,15,166,146,191,27,45,147,121,215
249,16,156,24,151,168,253,227,31,54
249,17,5,142,57,110,204,17,169,166
249,18,128,135,71,117,175,80,226,224
249,19,12,120,199,22,59,167,101,129
249,20,224,72,71,1,181,239,151,33
249,21,126,254,81,207,224,1,132,115
249,22,165,207,248,236,161,81,116,132
249,23,36,95,140,133,10,98,145,101
249,24,43,39,250,186,220,116,196,212
249,25,15,33,6,83,93,165,104,151
249,26,67,90,86,147,73,54,204,77
249,27,145,147,114,227,50,1,94,169
249,28,24,156,116,168,72,47,231,43
249,29,98,57,5,38,1,230,142,89
249,30,175,117,71,128,139,91,245,135
249,31,12,22,199,59,101,120,33,167
249,32,223,47,158,220,247,238,159,236
249,33,244,72,107,73,81,232,190,41
249,34,241,56,116,252,21,1,34,33
249,35,167,129,235,218,67,14,93,183
249,36,70,248,188,74,152,158,181,246
249,37,143,58,67,64,161,22,62,163
249,38,92,148,127,30,9,254,101,118
249,39,238,189,248,231,92,2,38,70
250,0,104,209,206,30,43,105,154,229
250,1,46,47,138,25,36,129,207,117
250,2,251,20,82,186,73,140,52,156
250,3,233,226,236,117,26,210,143,103
250,4,144,199,67,62,249,92,227,193
250,5,220,85,42,230,111,145,159,83
250,6,118,145,43,63,89,96,191,7
250,7,176,237,112,72,171,250,81,145
250,8,129,1,72,181,239,12,219,255
250,9,126,53,224,1,88,254,106,81
250,10,240,115,231,167,189,29,215,96
250,11,249,41,133,215,25,162,181,74
250,12,196,212,117,96,211,21,250,43
250,13,15,83,151,142,212,2,187,33
250,14,90,77,67,158,147,204,54,198
250,15,227,1,147,50,145,215,168,138
250,16,24,155,72,253,63,116,168,117
250,17,98,196,230,142,95,99,69,169
250,18,135,117,233,224,175,176,245,137
250,19,101,190,212,199,22,127,12,59
250,20,72,224,1,181,98,148,151,104
250,21,254,20,81,1,224,54,227,66
250,22,207,236,149,165,251,116,28,124
250,23,145,101,95,98,239,238,140,134
250,24,43,196,113,250,39,241,9,12
250,25,15,151,83,33,175,45,99,239
250,26,90,77,247,54,115,73,248,179
250,27,145,1,227,147,50,94,213,90
250,28,24,116,155,168,231,47,156,183
250,29,98,5,38,230,151,110,1,236
250,30,71,117,221,128,91,233,175,245
250,31,199,120,101,59,190,22,240,33
250,32,47,223,158,220,238,247,113,236
250,33,244,190,72,41,107,81,105,232
250,34,116,56,252,97,34,21,161,246
250,35,167,129,67,235,218,14,183,93
250,36,70,188,152,158,181,74,246,248
250,37,58,67,64,143,161,22,135,124
250,38,92,127,148,30,9,118,101,234
250,39,2,189,248,92,38,70,69,213
251,0,144,186,92,62,32,188,60,27
251,1,149,198,9,89,193,128,14,124
251,2,92,86,150,230,157,76,188,60
251,3,177,155,81,251,36,224,243,199
251,4,94,70,121,98,132,152,194,36
251,5,115,136,163,58,153,210,177,70
251,6,92,34,19,43,159,125,26,238
251,7,181,243,185,120,132,171,81,111
251,8,16,224,72,133,181,98,1,85
251,9,20,254,81,120,1,243,130,115
251,10,207,116,165,132,9,161,217,81
251,11,153,145,60,98,44,10,137,3
251,12,250,161,21,115,196,143,116,39
251,13,15,14,83,93,151,212,45,183
251,14,90,204,67,189,187,202,164,44
251,15,248,227,50,1,147,215,114,14
251,16,230,72,168,24,117,116,82,253
251,17,98,236,78,196,38,230,89,1
251,18,69,175,135,91,152,117,245,139
251,19,60,22,59,70,101,88,212,221
251,20,181,224,133,72,1,151,71,159
251,21,254,120,1,156,81,98,243,130
251,22,207,165,9,0,149,116,132,156
251,23,153,145,60,59,15,98,238,95
251,24,250,106,39,196,115,50,116,186
251,25,15,83,151,155,99,166,0,183
251,26,67,90,204,73,93,171,54,165
251,27,248,50,227,1,215,145,169,114
251,28,230,24,54,116,72,185,82,183
251,29,98,236,38,230,65,222,1,171
251,30,69,45,175,245,91,139,117,225
251,31,60,22,59,51,33,88,233,101
251,32,146,195,199,86,220,47,236,245
251,33,37,97,162,94,36,81,189,181
251,34,212,187,255,246,19,33,90,10
251,35,49,67,167,93,129,235,244,163
251,36,92,8,87,234,0,74,242,194
251,37,113,22,238,64,124,220,28,208
251,38,243,127,22,118,212,87,135,33
251,39,23,70,16,68,241,145,224,91
252,0,82,181,107,251,39,246,68,221
252,1,40,209,222,9,166,89,149,234
252,2,124,9,66,191,209,12,161,105
252,3,192,50,134,166,195,173,33,217
252,4,156,123,98,135,249,182,145,7
252,5,174,19,146,250,202,159,0,134
252,6,34,145,149,43,84,125,194,119
252,7,195,81,208,243,171,132,244,62
252,8,181,129,72,1,98,183,16,219
252,9,254,20,120,81,54,224,176,66
252,10,68,81,226,132,133,187,165,207
252,11,64,145,10,3,130,93,44,60
252,12,106,196,250,14,161,117,246,96
252,13,164,15,230,83,232,151,14,183
252,14,90,116,158,204,142,229,77,187
252,15,50,227,1,215,241,147,190,153
252,16,149,155,117,72,218,185,179,49
252,17,26,98,38,196,230,192,91,226
252,18,55,175,152,245,135,201,1,111
252,19,101,237,22,123,212,88,235,59
252,20,181,72,224,129,133,98,157,1
252,21,254,20,120,130,81,206,1,54
252,22,68,134,132,207,133,156,231,50
252,23,64,93,145,60,238,30,252,173
252,24,250,106,12,196,68,39,247,113
252,25,164,200,232,137,15,151,99,245
252,26,90,73,142,67,165,216,38,136
252,27,241,50,116,227,233,215,190,153
252,28,149,185,24,183,194,72,116,152
252,29,26,38,65,98,230,204,73,222
252,30,55,45,175,245,91,221,117,69
252,31,237,22,33,101,59,88,233,221
252,32,224,197,199,220,47,236,206,245
252,33,179,156,201,217,81,72,180,82
252,34,49,217,213,246,33,10,181,90
252,35,224,244,67,93,129,167,253,214
252,36,255,24,87,194,129,50,239,74
252,37,50,28,22,124,64,32,238,14
252,38,146,127,79,212,118,86,33,94
252,39,13,85,34,177,70,30,116,62
253,0,109,24,254,225,161,151,207,191
253,1,51,236,193,226,14,48,54,42
253,2,3,124,221,157,193,66,120,9
253,3,243,36,192,247,56,182,224,81
253,4,243,175,121,70,192,132,178,28
253,5,19,58,70,163,60,77,164,74
253,6,34,125,43,84,159,149,26,238
253,7,125,175,246,120,245,111,185,244
253,8,16,224,181,98,72,133,188,1
253,9,20,254,1,81,243,24,186,224
253,10,132,146,81,156,116,149,134,217
253,11,10,37,44,60,141,201,218,97
253,12,250,161,196,166,157,208,215,143
253,13,230,212,183,14,232,83,15,0
253,14,90,204,116,44,198,187,158,189
253,15,227,50,215,12,1,147,114,190
253,16,117,82,72,112,183,116,56,53
253,17,54,38,19,230,98,89,196,226
253,18,175,55,66,152,219,135,91,151
253,19,247,22,219,59,101,88,212,231
253,20,181,133,224,72,1,151,240,71
253,21,254,1,98,251,130,243,81,137
253,22,146,132,156,77,233,207,149,134
253,23,37,60,59,10,201,218,141,44
253,24,250,55,166,128,210,50,11,39
253,25,230,0,19,83,137,183,71,166
253,26,67,73,204,198,12,54,218,243
253,27,12,1,227,50,169,28,215,190
253,28,24,82,56,168,193,116,72,194
253,29,54,19,98,88,38,4,230,222
253,30,151,66,63,91,225,175,162,55
253,31,219,59,85,88,22,101,33,247
253,32,235,179,86,14,47,236,144,28
253,33,47,139,203,36,11,104,162,72
253,34,128,94,44,18,246,185,11,33
253,35,198,129,67,93,148,101,244,190
253,36,103,87,44,50,227,115,92,188
253,37,162,238,22,124,28,64,181,175
253,38,127,118,79,185,149,215,87,212
253,39,77,141,44,70,116,30,99,62
254,0,174,62,124,211,178,207,138,48
254,1,235,236,141,193,3,166,80,23
254,2,119,111,69,81,169,3,124,141
254,3,149,81,201,224,243,79,251,196
254,4,44,175,243,148,221,28,121,143
254,5,70,58,19,250,163,243,165,164
254,6,149,43,125,84,34,26,204,49
254,7,246,125,244,228,233,111,38,245
254,8,181,224,16,98,183,72,151,188
254,9,20,254,81,54,1,130,243,24
254,10,81,242,226,132,133,246,154,134
254,11,10,218,220,93,59,44,201,222
254,12,161,250,186,247,157,196,12,205
254,13,15,151,230,183,14,232,45,34
254,14,90,73,116,165,189,198,67,204
254,15,50,227,147,215,235,14,84,114
254,16,193,117,112,190,116,72,183,168
254,17,38,58,230,3,196,21,17,192
254,18,151,175,250,135,21,152,91,53
254,19,85,231,22,88,101,41,59,212
254,20,181,224,72,121,71,95,151,133
254,21,254,98,105,114,1,81,24,222
254,22,133,242,207,132,81,226,216,138
254,23,220,95,201,218,10,44,93,59
254,24,128,250,11,58,205,39,247,234
254,25,19,243,101,137,15,230,183,71
254,26,165,73,243,12,204,160,42,171
254,27,50,227,28,145,94,153,169,14
254,28,116,193,168,24,194,212,82,219
254,29,88,21,98,73,38,1,222,62
254,30,162,232,250,151,225,175,91,63
254,31,101,59,183,228,85,88,34,255
254,32,179,86,123,125,140,236,146,47
254,33,75,139,56,36,189,104,95,132
254,34,44,238,240,195,94,20,199,229
254,35,148,129,190,74,235,213,38,225
254,36,227,115,199,19,147,165,26,62
254,37,195,24,175,169,16,120,77,78
254,38,254,169,159,96,140,134,184,119
254,39,231,117,208,22,179,235,144,218
255,0,123,229,249,105,196,7,216,100
255,1,225,150,231,27,62,207,25,54
255,2,162,136,90,109,161,244,210,39
255,3,152,235,133,187,84,77,37,176
255,4,142,15,13,108,102,167,128,191
255,5,186,104,224,204,193,235,207,80
255,6,43,167,34,125,149,153,84,52
255,7,29,185,171,111,23,81,156,245
255,8,181,224,234,72,89,98,71,133
255,9,29,254,94,126,81,20,1,228
255,10,207,169,165,116,130,248,81,132
255,11,189,145,10,98,255,44,95,134
255,12,250,161,21,63,39,116,115,26
255,13,45,212,15,43,83,93,14,183
255,14,204,189,67,171,90,198,165,51
255,15,147,227,215,50,235,14,1,169
255,16,168,72,116,212,117,5,24,253
255,17,196,172,1,98,204,38,142,61
255,18,175,57,224,135,152,117,91,187
255,19,22,212,88,130,59,231,61,228
255,20,224,71,181,133,151,1,72,193
255,21,254,126,251,29,81,1,137,207
255,22,207,165,156,116,149,169,248,216
255,23,10,60,189,95,145,44,136,98
255,24,250,128,242,39,63,26,116,79
255,25,61,93,15,83,43,45,147,140
255,26,204,90,171,67,225,73,86,165
255,27,145,1,147,227,114,50,94,189
255,28,212,24,116,194,168,72,151,43
255,29,98,57,1,73,172,250,253,151
255,30,179,117,91,175,0,233,60,176
255,31,101,95,221,12,130,255,163,22
255,32,98,3,172,41,247,154,47,10
255,33,126,64,158,173,98,77,109,113
255,34,84,245,62,112,215,223,203,24
255,35,194,231,47,203,198,102,8,173
255,36,22,29,191,208,167,18,101,199
255,37,65,137,176,144,172,175,61,141
255,38,254,23,193,99,29,241,159,117
255,39,168,198,88,228,161,84,167,226
