-15,0,188,112,92,238,66,106,144,43
-14,0,136,14,241,56,78,228,15,95
-13,0,134,36,81,175,177,139,55,254
-12,0,211,174,70,62,75,151,134,36
-11,0,49,233,85,165,11,128,22,157
-10,0,234,144,211,92,62,163,111,188
-9,0,218,212,1,65,3,136,33,157
-8,0,62,41,151,134,207,36,29,72
-7,0,211,151,70,62,174,159,134,178
-6,0,49,51,22,153,247,146,85,11
-5,0,144,188,92,172,147,234,111,186
-4,0,181,107,82,251,68,39,246,99
-3,0,124,24,211,109,199,151,55,72
-2,0,159,116,69,13,211,239,124,240
-1,0,123,249,196,229,105,216,7,160
-15,1,214,112,19,86,167,224,198,128
-14,1,234,40,96,209,134,16,94,171
-13,1,254,193,101,149,51,9,205,33
-12,1,235,193,254,102,205,33,141,69
-11,1,193,107,169,66,133,171,57,205
-10,1,193,198,76,61,164,3,133,195
-9,1,183,153,166,40,193,98,48,209
-8,1,101,193,41,116,178,205,175,17
-7,1,193,206,230,101,44,253,17,80
-6,1,223,169,13,43,87,193,155,5
-5,1,189,193,182,195,205,255,143,112
-4,1,234,16,40,183,96,92,222,138
-3,1,226,236,193,22,205,33,170,132
-2,1,134,236,104,162,193,23,83,49
-1,1,11,231,27,225,155,244,75,93
-15,2,11,60,92,217,49,58,187,255
-14,2,39,106,36,158,80,20,197,226
-13,2,158,39,182,95,216,106,157,36
-12,2,80,158,3,153,66,39,156,111
-11,2,253,158,169,238,149,224,39,80
-10,2,92,150,110,158,253,230,86,89
-9,2,245,96,158,125,205,2,247,232
-8,2,48,96,139,193,182,158,95,141
-7,2,141,137,96,116,2,235,97,35
-6,2,16,249,164,158,90,232,200,35
-5,2,16,92,158,76,150,230,108,159
-4,2,253,158,120,39,108,106,179,28
-3,2,158,253,120,193,221,3,5,39
-2,2,239,158,173,127,36,183,104,226
-1,2,158,210,103,109,179,4,164,38
-15,3,25,225,162,191,214,199,197,159
-14,3,25,173,225,199,159,75,166,4
-13,3,36,224,163,167,225,228,199,166
-12,3,109,227,163,224,196,38,225,228
-11,3,119,171,27,55,75,225,228,188
-10,3,163,201,224,56,225,10,157,6
-9,3,192,201,9,254,217,143,153,173
-8,3,167,163,72,192,70,217,10,216
-7,3,192,163,162,239,166,79,10,72
-6,3,27,98,97,31,238,160,199,146
-5,3,25,225,159,157,199,224,202,201
-4,3,188,150,216,25,232,228,173,105
-3,3,188,201,157,224,197,25,199,154
-2,3,2,163,53,242,224,199,10,90
-1,3,37,133,187,225,199,25,231,31
-15,4,88,98,195,154,94,233,172,87
-14,4,98,192,253,195,89,154,88,156
-13,4,195,253,154,175,233,159,160,192
-12,4,28,253,195,154,175,43,61,121
-11,4,122,154,195,228,253,61,65,152
-10,4,195,233,134,94,43,28,132,57
-9,4,123,134,152,216,182,2,43,156
-8,4,134,233,195,149,239,123,132,10
-7,4,123,44,134,175,221,195,77,28
-6,4,65,167,14,134,67,154,89,170
-5,4,98,154,94,133,152,195,43,134
-4,4,195,98,154,172,156,43,20,152
-3,4,134,243,154,195,43,152,110,175
-2,4,221,154,243,175,43,134,148,28
-1,4,142,154,15,222,13,102,108,167
-15,5,110,64,60,166,15,56,159,165
-14,5,159,165,174,110,166,158,153,251
-13,5,153,159,218,251,151,64,110,165
-12,5,153,251,201,159,151,58,50,60
-11,5,61,153,251,159,110,218,58,151
-10,5,60,61,251,110,58,222,159,23
-9,5,23,213,19,58,80,31,222,60
-8,5,222,80,23,42,60,234,110,164
-7,5,222,80,19,95,134,58,42,164
-6,5,67,80,251,222,186,161,58,19
-5,5,251,153,194,158,222,151,218,165
-4,5,250,174,151,251,153,158,183,194
-3,5,251,250,151,153,81,0,60,218
-2,5,250,151,153,251,77,235,58,60
-1,5,151,251,104,235,250,153,193,186
-15,6,110,138,40,46,91,24,254,173
-14,6,138,196,79,77,232,133,65,22
-13,6,79,196,12,138,213,91,168,144
-12,6,12,196,40,79,36,210,233,183
-11,6,90,79,12,138,196,40,143,44
-10,6,40,12,125,92,30,235,233,7
-9,6,125,12,196,39,34,30,213,92
-8,6,12,211,152,125,39,7,76,98
-7,6,12,152,125,240,39,43,30,211
-6,6,12,125,196,167,43,39,30,34
-5,6,79,19,196,138,92,59,52,143
-4,6,79,196,49,157,149,19,15,92
-3,6,49,168,161,102,12,196,65,149
-2,6,161,49,196,149,79,213,102,107
-1,6,79,153,161,196,167,149,157,107
-15,7,221,191,112,200,142,39,241,165
-14,7,147,36,35,221,229,184,191,116
-13,7,185,36,175,245,147,32,116,120
-12,7,185,175,36,245,142,148,116,49
-11,7,185,36,131,147,184,108,245,75
-10,7,75,245,185,175,78,181,81,116
-9,7,245,185,75,61,78,36,175,81
-8,7,75,161,57,159,78,142,166,116
-7,7,175,223,245,142,78,38,185,75
-6,7,44,185,108,245,75,36,147,78
-5,7,185,36,147,44,76,108,35,184
-4,7,185,147,36,195,78,35,76,199
-3,7,187,185,16,175,32,78,36,147
-2,7,185,187,245,78,175,36,246,116
-1,7,108,185,36,147,29,187,76,116
-15,8,123,175,217,127,17,139,223,157
-14,8,123,157,191,107,180,110,220,52
-13,8,123,72,23,191,133,16,224,180
-12,8,123,72,224,50,133,152,191,195
-11,8,180,224,191,123,72,164,23,133
-10,8,72,50,148,16,123,151,1,172
-9,8,157,247,72,148,123,151,1,22
-8,8,148,72,247,50,16,22,151,123
-7,8,72,50,148,22,247,16,195,172
-6,8,148,72,33,247,22,191,23,164
-5,8,52,23,164,159,191,107,180,224
-4,8,107,148,159,23,191,72,52,164
-3,8,148,133,107,72,23,53,123,152
-2,8,148,133,107,72,152,63,123,53
-1,8,107,52,191,234,164,123,133,152
-15,9,72,95,122,210,246,12,194,45
-14,9,95,45,156,120,47,161,198,73
-13,9,95,44,161,1,189,255,45,99
-12,9,95,221,44,58,99,1,161,229
-11,9,95,255,161,44,217,207,99,67
-10,9,221,22,1,99,95,58,243,254
-9,9,99,22,95,160,1,44,58,254
-8,9,99,58,201,155,1,214,95,221
-7,9,58,221,99,1,22,201,134,44
-6,9,99,22,132,95,1,94,44,143
-5,9,95,44,156,161,207,197,255,47
-4,9,95,207,120,99,44,161,1,67
-3,9,207,99,95,44,134,1,245,166
-2,9,99,207,44,95,1,134,245,58
-1,9,95,29,44,207,94,161,99,9
-15,10,175,120,14,100,249,179,183,203
-14,10,247,187,234,68,12,243,124,91
-13,10,59,132,12,146,165,247,116,156
-12,10,199,242,133,12,136,124,132,247
-11,10,133,12,247,124,65,132,234,62
-10,10,136,217,118,207,124,116,199,49
-9,10,61,76,183,12,124,217,195,98
-8,10,231,76,144,11,61,133,183,233
-7,10,61,231,183,192,179,144,11,162
-6,10,207,217,116,149,12,124,130,76
-5,10,234,161,247,91,9,253,198,40
-4,10,234,68,167,3,63,40,132,161
-3,10,45,109,250,146,31,53,108,233
-2,10,247,108,40,101,45,234,124,26
-1,10,169,198,247,234,130,63,40,124
-15,11,180,41,246,96,152,149,143,46
-14,11,27,64,107,213,3,153,130,88
-13,11,19,37,60,141,12,204,173,107
-12,11,173,204,220,12,152,107,213,60
-11,11,107,142,173,60,85,128,98,12
-10,11,153,102,92,213,61,101,76,183
-9,11,54,97,215,158,102,34,78,61
-8,11,226,97,96,102,138,54,104,180
-7,11,96,215,226,180,219,138,104,162
-6,11,20,97,54,36,107,230,101,204
-5,11,238,3,153,98,101,145,195,27
-4,11,64,3,111,145,238,101,98,27
-3,11,170,194,111,97,59,101,137,204
-2,11,194,111,59,170,220,97,101,204
-1,11,189,238,145,3,111,194,42,12
-15,12,4,124,68,77,24,52,216,167
-14,12,221,60,169,39,68,16,199,1
-13,12,1,221,163,145,166,39,157,208
-12,12,167,116,221,68,239,1,157,91
-11,12,1,39,116,221,15,43,145,67
-10,12,146,105,21,221,52,1,116,158
-9,12,106,116,99,21,221,250,9,211
-8,12,100,146,99,68,158,216,174,50
-7,12,68,100,124,24,52,91,104,213
-6,12,21,116,15,10,185,63,50,38
-5,12,39,1,15,239,128,79,3,208
-4,12,39,116,79,1,15,239,3,191
-3,12,208,116,239,2,3,39,210,50
-2,12,208,3,239,210,116,79,39,68
-1,12,39,74,15,26,239,63,128,1
-15,13,231,119,132,221,167,177,161,216
-14,13,42,47,202,154,141,243,219,180
-13,13,47,212,93,42,219,202,66,45
-12,13,212,47,45,180,78,42,130,93
-11,13,47,45,212,219,93,66,108,180
-10,13,132,47,83,180,212,209,45,194
-9,13,83,42,47,180,212,132,37,208
-8,13,83,180,78,194,189,132,130,0
-7,13,180,194,83,47,78,212,139,216
-6,13,47,83,212,180,33,130,45,208
-5,13,47,142,66,154,219,15,93,212
-4,13,47,164,154,219,130,45,137,212
-3,13,47,130,208,137,83,212,0,230
-2,13,47,137,130,154,208,212,230,180
-1,13,47,43,154,130,147,219,137,113
-15,14,217,57,244,211,136,123,191,181
-14,14,166,88,137,189,51,244,57,71
-13,14,64,166,54,231,160,167,6,198
-12,14,204,166,54,160,17,64,189,253
-11,14,64,54,160,137,166,189,204,52
-10,14,230,54,17,248,166,189,0,204
-9,14,54,248,134,189,204,136,163,166
-8,14,17,54,248,193,44,26,229,0
-7,14,216,136,230,0,54,113,166,17
-6,14,54,248,160,204,147,134,51,55
-5,14,137,160,54,51,189,167,52,64
-4,14,52,54,51,167,204,44,137,231
-3,14,132,54,248,252,44,22,52,12
-2,14,52,54,252,132,211,161,160,224
-1,14,137,52,224,51,160,64,231,54
-15,15,225,247,218,191,117,82,48,83
-14,15,228,150,229,248,165,61,148,225
-13,15,147,18,242,92,12,204,225,154
-12,15,147,92,18,204,6,124,225,139
-11,15,147,204,242,92,154,139,165,85
-10,15,18,139,147,69,248,6,227,150
-9,15,139,18,228,116,227,147,177,92
-8,15,139,6,132,244,117,227,225,147
-7,15,82,139,6,183,191,228,227,45
-6,15,139,147,227,92,90,204,228,102
-5,15,147,92,204,148,242,248,233,162
-4,15,147,233,92,139,148,206,162,169
-3,15,3,139,206,233,122,92,90,111
-2,15,233,206,92,3,122,139,238,147
-1,15,162,233,147,204,206,81,242,165
-15,16,89,245,88,166,203,16,107,141
-14,16,130,252,75,247,28,60,229,166
-13,16,130,252,28,53,59,51,166,247
-12,16,130,190,252,172,28,84,247,117
-11,16,130,28,252,51,229,189,72,233
-10,16,130,162,172,230,183,18,113,70
-9,16,130,144,113,183,172,162,175,18
-8,16,162,183,130,175,113,172,154,247
-7,16,175,63,162,18,172,166,113,144
-6,16,172,130,183,84,63,191,151,113
-5,16,252,28,130,170,51,46,205,189
-4,16,130,170,51,205,252,191,231,32
-3,16,205,191,7,130,88,51,82,183
-2,16,205,170,51,7,252,130,28,84
-1,16,130,170,5,252,51,28,205,80
-15,17,96,106,26,171,150,25,125,86
-14,17,35,248,185,64,125,241,20,226
-13,17,89,185,64,35,248,152,54,20
-12,17,64,69,185,35,125,1,248,20
-11,17,89,64,1,20,69,35,185,48
-10,17,69,144,64,126,233,98,152,251
-9,17,69,64,144,226,185,233,162,65
-8,17,69,144,49,185,64,9,241,4
-7,17,144,69,164,150,64,9,233,249
-6,17,69,110,64,91,233,79,226,116
-5,17,35,64,89,20,115,69,17,1
-4,17,69,26,115,8,64,89,1,20
-3,17,69,115,8,20,19,64,103,225
-2,17,20,115,69,64,35,15,21,8
-1,17,64,250,20,115,87,35,69,76
-15,18,100,201,174,94,141,44,75,172
-14,18,126,13,199,217,161,134,69,155
-13,18,43,34,126,139,176,13,199,91
-12,18,126,176,99,44,43,72,34,195
-11,18,126,176,43,44,77,34,91,204
-10,18,176,195,199,99,69,117,77,209
-9,18,176,72,99,97,195,44,77,199
-8,18,66,195,99,176,141,77,94,209
-7,18,195,99,44,176,199,77,97,133
-6,18,176,112,77,233,44,128,64,99
-5,18,192,43,112,126,13,69,77,177
-4,18,77,192,176,91,43,226,126,83
-3,18,77,219,250,192,94,91,171,176
-2,18,77,250,192,126,43,13,204,182
-1,18,43,192,57,126,197,13,77,179
-15,19,41,204,221,44,142,207,238,173
-14,19,173,221,35,26,207,36,41,75
-13,19,35,41,47,212,125,36,173,207
-12,19,114,212,122,125,41,75,35,36
-11,19,35,122,125,199,36,75,30,212
-10,19,114,35,239,60,212,207,95,75
-9,19,35,221,114,125,207,239,95,135
-8,19,114,239,207,83,35,221,195,125
-7,19,239,114,95,35,195,212,221,125
-6,19,125,95,135,75,221,35,162,129
-5,19,36,30,35,226,125,51,41,162
-4,19,237,59,75,125,4,243,36,88
-3,19,99,54,125,3,59,83,35,19
-2,19,125,36,35,85,41,75,54,26
-1,19,36,20,26,162,30,130,35,109
-15,20,17,127,175,217,18,223,11,8
-14,20,116,197,191,173,23,127,217,224
-13,20,23,133,152,72,224,172,191,151
-12,20,72,195,172,133,152,23,191,148
-11,20,72,152,191,133,23,148,195,42
-10,20,172,72,148,151,133,1,247,195
-9,20,72,157,148,247,172,133,195,151
-8,20,172,72,148,133,50,247,151,22
-7,20,172,72,148,195,17,22,50,247
-6,20,33,72,148,133,247,152,195,191
-5,20,191,159,152,224,133,107,72,23
-4,20,148,107,133,72,23,152,247,159
-3,20,148,133,107,72,152,53,172,50
-2,20,107,152,191,133,148,53,56,72
-1,20,191,107,234,72,23,133,152,56
-15,21,72,246,184,232,210,113,127,122
-14,21,95,184,72,18,232,156,209,45
-13,21,95,1,67,251,255,207,44,197
-12,21,95,1,44,207,209,58,67,214
-11,21,95,217,207,99,44,67,1,161
-10,21,95,99,221,1,243,22,214,143
-9,21,95,160,99,214,1,22,243,58
-8,21,99,58,95,214,221,194,32,1
-7,21,99,201,214,248,58,95,221,1
-6,21,99,95,214,132,1,194,22,67
-5,21,207,95,44,156,255,197,67,47
-4,21,99,207,95,201,194,1,67,151
-3,21,99,207,245,95,134,58,67,214
-2,21,207,95,44,99,67,85,245,197
-1,21,44,95,29,164,207,85,197,9
-15,22,120,175,100,50,192,82,231,90
-14,22,243,182,176,65,133,124,145,50
-13,22,12,133,124,65,189,156,59,136
-12,22,124,12,242,133,213,199,132,136
-11,22,124,62,12,133,79,65,136,24
-10,22,124,207,0,102,217,136,199,116
-9,22,61,76,124,12,229,102,60,43
-8,22,231,227,61,123,133,124,144,183
-7,22,61,183,90,124,231,123,192,102
-6,22,124,207,167,231,227,217,149,123
-5,22,234,167,161,253,124,0,9,65
-4,22,116,167,68,122,178,207,211,124
-3,22,109,122,53,133,211,167,124,231
-2,22,122,234,124,167,40,178,185,182
-1,22,198,169,234,124,65,122,167,130
-15,23,180,41,87,152,96,213,132,92
-14,23,204,88,112,138,221,150,213,89
-13,23,213,19,204,60,71,141,107,108
-12,23,173,204,5,213,60,107,63,148
-11,23,107,213,204,142,177,148,5,173
-10,23,153,61,92,204,102,15,54,213
-9,23,96,226,138,51,102,204,54,40
-8,23,226,138,96,78,51,204,104,213
-7,23,96,215,138,226,104,75,224,218
-6,23,20,36,138,204,54,148,162,97
-5,23,238,3,153,204,66,145,111,98
-4,23,64,80,56,27,204,162,238,111
-3,23,194,170,162,204,37,51,143,231
-2,23,194,220,162,59,222,145,111,85
-1,23,189,128,206,111,204,145,108,136
-15,24,53,216,124,167,4,24,58,62
-14,24,221,60,199,16,126,216,68,167
-13,24,1,221,157,167,153,68,163,239
-12,24,1,157,221,39,239,116,167,68
-11,24,1,216,221,116,68,43,39,239
-10,24,1,221,52,146,158,105,116,9
-9,24,106,1,68,221,158,239,102,116
-8,24,100,158,68,213,146,232,1,174
-7,24,68,158,24,213,124,113,102,100
-6,24,185,1,116,239,113,102,63,43
-5,24,39,79,1,239,208,116,221,138
-4,24,116,39,1,239,79,68,2,37
-3,24,210,68,79,1,100,189,239,50
-2,24,1,79,68,239,210,39,127,65
-1,24,1,74,63,39,221,26,79,242
-15,25,167,52,236,132,221,231,242,119
-14,25,180,44,251,167,233,89,132,66
-13,25,42,93,78,212,202,66,130,47
-12,25,212,42,47,130,45,78,93,180
-11,25,209,212,78,45,93,167,130,100
-10,25,132,83,155,209,208,47,212,180
-9,25,83,42,132,47,180,212,189,208
-8,25,189,132,180,194,130,78,42,47
-7,25,194,83,189,64,221,216,42,130
-6,25,83,130,208,47,43,33,221,15
-5,25,93,47,130,155,66,190,154,182
-4,25,164,47,130,137,208,189,146,199
-3,25,47,130,0,137,230,208,189,78
-2,25,47,130,101,137,230,78,74,0
-1,25,47,130,182,147,134,43,61,93
-15,26,217,57,81,136,181,244,211,150
-14,26,166,88,12,137,189,71,159,244
-13,26,166,54,6,12,64,167,160,214
-12,26,166,54,160,204,64,137,214,6
-11,26,166,54,204,248,64,12,160,137
-10,26,54,248,204,230,71,160,134,64
-9,26,54,26,248,136,204,55,166,71
-8,26,166,54,26,71,248,229,17,55
-7,26,216,54,26,248,17,166,31,55
-6,26,54,248,204,160,132,166,134,230
-5,26,54,160,137,52,231,167,64,106
-4,26,248,52,54,132,231,160,167,55
-3,26,12,54,160,211,248,97,64,55
-2,26,137,160,64,52,229,171,12,54
-1,26,137,160,20,148,171,54,52,32
-15,27,247,191,225,218,83,82,108,117
-14,27,85,150,228,225,204,61,255,185
-13,27,85,12,18,150,147,242,204,92
-12,27,85,147,150,204,139,92,28,98
-11,27,85,139,147,228,204,150,92,191
-10,27,139,150,85,248,6,18,147,1
-9,27,139,85,92,150,228,1,6,241
-8,27,139,82,6,79,150,70,117,228
-7,27,82,139,6,183,228,191,28,85
-6,27,139,145,147,126,117,227,92,85
-5,27,85,204,233,54,206,242,248,139
-4,27,139,233,3,206,100,147,85,92
-3,27,206,139,233,3,122,92,85,127
-2,27,206,85,233,92,183,94,139,242
-1,27,165,85,242,204,147,58,200,87
-15,28,158,107,88,166,93,218,18,89
-14,28,152,252,229,130,247,166,60,63
-13,28,247,152,130,72,28,252,53,59
-12,28,152,247,130,126,190,117,28,72
-11,28,152,247,130,183,72,113,63,54
-10,28,183,230,130,152,54,162,172,113
-9,28,175,183,152,201,144,166,130,63
-8,28,175,63,247,183,162,130,113,152
-7,28,175,63,162,183,152,113,191,172
-6,28,152,183,156,63,195,113,130,191
-5,28,152,170,252,130,230,51,46,80
-4,28,170,130,152,191,51,149,20,26
-3,28,130,152,51,14,56,37,88,7
-2,28,130,190,152,51,170,7,252,84
-1,28,130,152,252,133,51,43,170,28
-15,29,106,96,171,25,86,125,112,42
-14,29,248,64,20,201,100,185,79,241
-13,29,185,64,89,35,152,248,1,238
-12,29,64,185,1,125,20,79,99,248
-11,29,1,79,125,69,64,104,218,185
-10,29,69,65,98,99,1,236,171,64
-9,29,69,162,98,65,99,1,79,64
-8,29,69,99,4,9,79,241,144,98
-7,29,9,69,99,164,98,162,64,1
-6,29,69,110,172,1,99,98,151,64
-5,29,20,64,89,1,142,236,230,115
-4,29,26,20,69,1,64,8,115,89
-3,29,20,69,115,19,225,208,99,8
-2,29,20,64,115,21,88,19,8,225
-1,29,64,20,250,87,76,248,35,172
-15,30,31,174,75,94,32,160,141,217
-14,30,13,134,126,72,161,176,199,177
-13,30,13,176,72,44,139,34,126,91
-12,30,44,176,72,99,126,13,91,204
-11,30,44,176,91,225,71,126,77,204
-10,30,176,225,44,69,64,45,97,99
-9,30,176,44,72,77,225,97,45,13
-8,30,44,99,176,66,141,174,97,77
-7,30,44,99,176,77,64,225,97,50
-6,30,112,64,176,44,77,225,71,187
-5,30,192,112,69,77,91,13,203,177
-4,30,77,192,55,91,13,221,69,112
-3,30,77,192,219,143,63,94,91,55
-2,30,192,77,250,63,50,162,13,99
-1,30,43,179,77,192,187,197,134,13
-15,31,35,75,30,20,96,162,60,36
-14,31,75,162,221,35,41,20,36,237
-13,31,207,35,212,247,75,125,41,162
-12,31,35,122,162,85,125,212,59,114
-11,31,122,59,88,207,35,199,225,162
-10,31,95,135,35,114,240,22,60,88
-9,31,221,95,125,35,135,114,207,162
-8,31,221,114,95,83,207,157,135,35
-7,31,114,95,85,135,88,59,129,35
-6,31,95,240,59,88,135,199,120,125
-5,31,30,51,35,125,59,226,75,162
-4,31,237,35,125,30,59,137,75,195
-3,31,83,157,35,125,99,85,137,3
-2,31,35,125,30,162,157,85,137,34
-1,31,20,35,75,162,109,205,4,122
-15,32,195,68,112,146,27,178,185,252
-14,32,224,252,68,27,197,112,178,71
-13,32,144,27,47,14,151,219,68,185
-12,32,123,255,47,68,219,71,2,27
-11,32,68,47,18,255,221,48,219,236
-10,32,195,146,247,31,236,86,255,143
-9,32,197,116,27,219,31,236,255,143
-8,32,143,14,68,197,27,92,219,255
-7,32,104,86,140,123,179,143,109,236
-6,32,113,238,236,68,47,158,219,215
-5,32,146,195,178,47,86,185,219,68
-4,32,224,178,47,206,219,199,197,34
-3,32,85,57,14,219,68,27,140,117
-2,32,76,85,140,219,179,86,57,18
-1,32,98,90,134,185,99,178,112,219
-15,33,127,189,37,97,217,181,36,72
-14,33,127,63,72,217,156,71,18,16
-13,33,127,47,84,72,82,7,67,81
-12,33,127,139,11,95,7,72,67,110
-11,33,127,11,72,121,107,151,67,7
-10,33,37,127,97,94,36,72,67,181
-9,33,206,72,59,18,127,152,67,7
-8,33,72,103,118,127,59,181,161,67
-7,33,118,234,198,36,95,72,189,127
-6,33,73,41,118,72,107,232,127,7
-5,33,75,49,37,127,97,7,6,94
-4,33,179,201,156,127,72,81,7,40
-3,33,72,127,7,162,81,102,179,49
-2,33,102,56,127,139,49,75,54,7
-1,33,127,86,183,126,92,43,49,72
-15,34,63,51,255,212,204,186,109,90
-14,34,152,51,63,105,204,54,234,188
-13,34,152,18,181,128,51,11,103,105
-12,34,51,72,240,10,44,121,254,246
-11,34,208,10,252,175,51,56,67,236
-10,34,212,255,10,109,246,187,54,90
-9,34,152,241,10,246,11,211,51,236
-8,34,109,11,227,152,5,10,246,18
-7,34,44,238,240,10,51,72,164,121
-6,34,97,161,10,252,34,56,51,62
-5,34,255,212,51,187,251,33,90,202
-4,34,49,217,51,141,213,251,10,202
-3,34,18,73,11,94,249,195,202,72
-2,34,5,51,72,195,44,73,238,94
-1,34,84,51,26,96,1,207,180,61
-15,35,43,44,97,129,22,49,203,135
-14,35,112,129,135,203,84,22,225,28
-13,35,14,97,129,84,36,196,104,112
-12,35,14,129,191,36,97,235,194,202
-11,35,129,94,235,85,132,5,14,202
-10,35,129,14,49,202,16,142,156,194
-9,35,129,14,202,171,142,11,16,36
-8,35,129,14,202,142,11,171,7,16
-7,35,129,202,14,139,49,148,187,190
-6,35,129,235,202,218,14,85,167,36
-5,35,49,202,22,167,136,36,14,10
-4,35,224,202,214,167,84,36,244,14
-3,35,191,202,167,117,116,187,36,11
-2,35,202,148,187,167,190,185,97,191
-1,35,57,84,42,202,14,36,160,235
-15,36,73,234,45,212,0,159,186,153
-14,36,73,212,239,24,214,186,251,255
-13,36,73,188,153,44,74,10,158,50
-12,36,26,188,39,153,73,158,142,110
-11,36,188,73,195,246,152,153,158,67
-10,36,188,234,73,119,158,0,87,153
-9,36,251,188,158,153,10,73,239,87
-8,36,48,188,158,251,119,153,55,73
-7,36,188,227,110,39,147,142,26,119
-6,36,188,181,246,152,158,120,153,195
-5,36,188,234,153,0,158,14,74,198
-4,36,188,255,24,153,239,129,73,158
-3,36,26,37,92,79,188,44,73,125
-2,36,39,188,26,227,125,142,14,85
-1,36,188,70,120,20,181,153,102,14
-15,37,72,219,209,145,165,220,48,28
-14,37,219,50,209,48,28,90,14,72
-13,37,124,134,162,22,89,55,219,64
-12,37,219,163,199,55,22,27,64,115
-11,37,219,22,161,55,163,43,135,64
-10,37,219,22,55,64,134,220,240,95
-9,37,219,55,22,248,64,199,134,121
-8,37,219,55,22,199,162,64,121,134
-7,37,55,27,199,219,78,22,29,8
-6,37,55,22,161,135,67,163,103,20
-5,37,145,124,220,103,64,147,105,22
-4,37,50,147,124,14,103,57,219,105
-3,37,196,103,162,126,219,55,121,208
-2,37,27,126,233,103,121,78,73,169
-1,37,182,190,145,72,65,58,124,31
-15,38,120,209,87,125,22,132,97,0
-14,38,209,146,86,79,97,84,44,33
-13,38,209,175,212,118,127,52,79,87
-12,38,209,239,175,118,80,189,127,87
-11,38,209,9,118,127,201,30,234,195
-10,38,209,118,127,22,173,175,230,212
-9,38,124,209,118,127,175,212,20,230
-8,38,209,173,124,118,127,175,185,212
-7,38,173,209,215,251,118,175,88,127
-6,38,209,9,234,173,127,118,30,201
-5,38,209,87,212,118,79,123,127,215
-4,38,209,146,79,127,118,86,212,94
-3,38,209,132,52,254,127,12,79,243
-2,38,209,215,80,123,251,61,169,159
-1,38,209,148,92,71,118,173,249,151
-15,39,224,108,23,78,241,16,68,185
-14,39,78,13,85,62,52,177,181,34
-13,39,34,219,77,70,30,116,239,251
-12,39,239,70,244,30,230,72,25,108
-11,39,246,250,1,138,92,70,215,9
-10,39,23,70,16,30,145,34,116,224
-9,39,34,30,70,116,13,130,55,36
-8,39,34,30,77,224,70,116,130,13
-7,39,158,239,70,231,244,72,197,154
-6,39,138,1,246,250,92,9,70,215
-5,39,241,23,70,30,145,34,251,16
-4,39,34,13,30,85,116,177,70,62
-3,39,99,77,44,116,30,130,224,62
-2,39,239,44,158,231,99,178,244,122
-1,39,2,38,248,189,69,70,154,78
0,0,177,187,47,235,115,192,81,132
0,1,250,112,11,224,75,205,128,172
0,2,10,109,158,145,100,93,179,123
0,3,225,6,214,37,25,230,69,199
0,4,222,142,102,15,154,195,87,108
0,5,251,65,158,151,218,153,193,43
0,6,138,79,153,196,143,167,60,156
0,7,117,36,185,147,184,35,76,64
0,8,52,164,123,23,224,180,191,99
0,9,255,95,161,2,164,197,239,203
0,10,198,65,169,247,185,234,125,243
0,11,189,128,206,160,107,12,108,86
0,12,39,239,74,1,93,221,63,145
0,13,47,66,147,43,134,130,93,108
0,14,137,160,52,51,54,224,64,148
0,15,92,147,165,204,148,162,229,242
0,16,130,252,28,51,43,229,5,170
0,17,64,87,115,248,35,20,250,69
0,18,43,126,197,134,192,13,163,179
0,19,36,125,116,20,195,109,75,212
0,20,191,72,23,152,133,239,56,224
0,21,2,95,255,164,197,207,44,239
0,22,198,65,125,169,243,185,124,234
0,23,128,206,108,189,204,107,160,86
0,24,93,1,221,74,102,68,239,220
0,25,182,134,93,212,78,130,47,234
0,26,137,12,54,103,51,160,148,32
0,27,165,147,58,204,87,242,85,162
0,28,51,130,229,205,43,252,152,28
0,29,87,248,0,20,64,250,89,241
0,30,43,134,197,163,179,77,13,226
0,31,4,116,20,75,36,205,109,162
0,32,112,119,90,134,181,53,192,2
0,33,127,43,93,86,92,183,238,83
0,34,26,85,1,82,96,51,207,132
0,35,203,84,57,42,174,14,72,160
0,36,20,120,70,188,83,181,158,73
0,37,182,104,39,190,31,219,124,58
0,38,151,209,27,148,71,92,249,75
0,39,154,243,110,38,78,69,70,12
1,0,77,238,75,37,173,138,184,232
1,1,112,214,250,172,224,147,129,97
1,2,49,217,219,158,11,153,29,20
1,3,6,69,224,196,159,87,25,225
1,4,163,200,195,121,90,129,233,28
1,5,65,251,71,110,188,222,158,153
1,6,169,143,138,203,22,133,254,60
1,7,184,125,185,35,245,229,117,36
1,8,224,133,191,72,99,98,23,123
1,9,255,2,198,243,36,95,20,161
1,10,65,157,243,185,247,125,198,27
1,11,89,204,150,108,128,160,206,143
1,12,145,60,221,189,192,209,39,53
1,13,89,202,93,182,66,212,243,44
1,14,28,103,189,137,125,214,51,53
1,15,185,229,165,244,242,46,58,204
1,16,60,163,35,130,28,252,238,229
1,17,248,208,5,167,64,89,87,0
1,18,213,43,134,197,203,2,217,163
1,19,36,195,121,201,167,20,30,56
1,20,224,23,191,175,99,61,173,141
1,21,18,255,2,95,170,197,200,243
1,22,65,243,185,125,247,35,150,176
1,23,150,16,89,128,206,193,239,143
1,24,60,145,221,235,53,127,85,93
1,25,243,89,182,202,78,185,93,212
1,26,12,103,88,28,137,189,214,229
1,27,229,185,165,46,242,183,204,147
1,28,163,229,28,238,205,35,75,152
1,29,22,241,248,15,87,167,208,64
1,30,126,43,134,197,201,15,124,34
1,31,36,121,201,20,26,167,154,41
1,32,112,2,53,160,250,95,150,90
1,33,127,92,52,164,43,72,9,83
1,34,63,186,26,85,105,1,92,132
1,35,43,42,72,57,84,86,174,22
1,36,45,201,14,20,120,75,186,110
1,37,72,23,39,138,190,206,182,65
1,38,209,103,249,120,151,248,123,175
1,39,238,222,162,21,10,63,159,190
2,0,81,115,132,158,177,47,86,235
2,1,112,172,250,224,94,33,19,11
2,2,41,129,106,11,153,179,29,49
2,3,37,214,41,25,69,225,199,173
2,4,58,154,129,88,195,219,165,127
2,5,251,218,127,71,65,153,86,88
2,6,169,138,143,65,7,22,196,12
2,7,184,229,14,117,78,36,147,185
2,8,180,224,133,99,164,4,191,23
2,9,255,2,239,161,197,59,95,170
2,10,185,65,125,196,247,243,157,198
2,11,160,108,128,150,99,206,204,19
2,12,145,60,221,93,1,189,128,239
2,13,89,202,182,103,93,154,243,108
2,14,28,103,189,137,51,125,32,55
2,15,165,185,229,242,58,46,244,204
2,16,163,238,60,130,28,229,43,35
2,17,248,87,64,5,0,241,46,89
2,18,43,197,134,254,163,213,126,195
2,19,116,36,121,195,20,167,173,166
2,20,224,191,239,99,23,237,217,172
2,21,239,2,255,95,191,170,164,221
2,22,125,243,65,185,176,36,198,157
2,23,206,108,128,160,86,9,150,237
2,24,60,151,221,145,93,199,41,23
2,25,243,103,182,202,93,89,212,134
2,26,103,88,137,214,28,189,105,226
2,27,242,165,185,46,58,87,204,172
2,28,17,229,35,60,238,163,40,93
2,29,0,87,46,248,22,241,64,15
2,30,134,15,43,163,254,253,155,201
2,31,20,121,116,154,57,26,36,201
2,32,112,119,252,90,2,53,160,181
2,33,92,43,127,52,210,93,165,184
2,34,132,26,85,92,133,1,186,86
2,35,72,57,42,84,22,160,119,204
2,36,20,45,83,222,221,73,120,14
2,37,182,72,39,138,190,233,88,104
2,38,120,151,249,209,103,182,88,193
2,39,162,2,108,222,141,205,98,55
3,0,43,173,238,30,200,95,75,160
3,1,112,224,250,129,172,86,19,147
3,2,49,11,219,217,41,60,153,106
3,3,69,6,25,196,38,159,163,199
3,4,195,58,88,154,129,90,233,28
3,5,251,65,158,218,127,205,79,110
3,6,169,138,143,22,226,68,210,65
3,7,125,49,35,36,78,184,14,185
3,8,224,99,23,191,20,123,133,180
3,9,255,2,161,243,170,36,59,95
3,10,65,243,247,125,185,27,157,196
3,11,160,150,206,16,128,89,47,108
3,12,199,60,221,145,220,39,93,223
3,13,89,202,182,243,93,212,134,66
3,14,28,189,103,137,32,51,214,64
3,15,165,242,229,87,185,58,4,148
3,16,60,238,163,43,229,28,205,9
3,17,87,15,248,5,0,64,89,20
3,18,43,197,134,163,34,13,204,195
3,19,36,109,167,20,116,121,195,239
3,20,239,224,23,116,191,133,180,56
3,21,255,2,197,191,95,203,38,170
3,22,65,125,243,176,196,157,185,27
3,23,206,128,160,9,150,86,108,74
3,24,199,145,93,151,221,60,220,193
3,25,182,89,134,202,243,93,66,212
3,26,103,137,88,28,51,214,32,189
3,27,242,165,58,87,185,172,162,204
3,28,229,43,238,163,35,28,252,80
3,29,0,87,64,124,5,248,15,20
3,30,163,134,43,197,226,89,15,179
3,31,20,116,167,109,4,26,205,164
3,32,90,119,134,252,2,112,192,181
3,33,92,43,93,127,83,16,129,86
3,34,85,132,26,1,186,86,96,51
3,35,42,57,72,84,160,108,97,204
3,36,20,83,70,120,221,45,181,74
3,37,72,182,39,190,58,104,138,184
3,38,209,249,120,151,180,148,175,92
3,39,238,162,38,154,37,2,235,217
4,0,200,81,140,158,208,115,132,206
4,1,182,233,33,193,128,82,250,211
4,2,172,41,106,153,95,57,217,49
4,3,233,199,37,225,25,214,117,41
4,4,58,154,142,195,102,15,129,222
4,5,135,218,251,65,127,43,158,88
4,6,138,79,22,143,65,196,36,169
4,7,117,36,184,14,185,78,49,147
4,8,180,224,23,239,164,4,123,99
4,9,255,2,203,161,239,197,95,36
4,10,65,196,185,243,157,198,247,125
4,11,160,108,206,128,107,204,47,62
4,12,93,220,145,39,221,1,74,60
4,13,134,182,93,138,212,66,47,154
4,14,137,52,51,160,64,32,54,167
4,15,148,162,165,58,242,204,147,87
4,16,229,130,205,28,43,252,51,231
4,17,64,87,115,0,89,20,5,248
4,18,197,43,204,192,77,134,13,155
4,19,109,20,116,167,75,30,205,195
4,20,23,239,116,133,191,72,180,175
4,21,2,203,207,197,95,255,191,1
4,22,196,65,234,243,198,125,150,157
4,23,128,206,108,107,160,204,62,111
4,24,93,220,1,221,164,193,68,145
4,25,134,182,138,93,130,147,202,66
4,26,137,51,54,88,32,52,103,167
4,27,165,162,58,147,183,242,172,181
4,28,229,205,35,43,80,28,170,46
4,29,248,87,0,5,250,89,64,20
4,30,43,197,134,226,13,163,77,179
4,31,116,75,20,109,4,205,167,39
4,32,119,90,2,134,112,192,178,185
4,33,127,93,92,43,86,83,183,220
4,34,85,1,26,132,82,86,96,207
4,35,84,57,42,14,72,203,160,167
4,36,20,70,188,120,83,153,74,98
4,37,182,39,104,190,58,31,124,219
4,38,27,148,92,151,249,209,71,175
4,39,154,38,110,217,243,69,12,70
5,0,238,24,206,43,30,229,216,200
5,1,233,128,250,211,182,19,224,205
5,2,11,49,8,217,119,219,60,158
5,3,106,69,214,199,6,225,38,236
5,4,154,88,58,129,165,160,195,54
5,5,251,153,218,79,88,65,158,58
5,6,65,138,79,68,22,169,143,196
5,7,35,184,78,117,185,229,14,36
5,8,180,23,133,224,4,99,164,77
5,9,255,59,2,161,38,243,197,191
5,10,196,65,247,88,125,157,27,185
5,11,160,108,39,128,206,107,63,150
5,12,145,1,128,15,220,93,39,223
5,13,202,93,182,89,134,32,99,45
5,14,189,137,103,51,214,32,28,125
5,15,165,148,87,229,162,242,58,147
5,16,238,28,35,60,43,130,40,205
5,17,87,109,69,0,64,5,89,20
5,18,15,43,197,170,204,163,134,77
5,19,192,20,167,116,109,215,154,122
5,20,23,113,72,239,133,99,224,116
5,21,38,2,191,255,35,170,207,55
5,22,65,27,125,243,196,150,176,157
5,23,160,128,39,206,63,150,193,47
5,24,199,145,93,151,220,16,60,100
5,25,182,134,11,93,202,212,45,103
5,26,88,103,137,51,214,10,64,105
5,27,165,58,147,87,172,46,242,162
5,28,238,35,111,229,172,205,43,17
5,29,87,0,248,5,109,46,124,69
5,30,43,163,15,134,138,77,170,197
5,31,116,75,122,20,26,192,212,109
5,32,252,119,60,90,226,241,53,112
5,33,92,210,43,127,85,93,52,130
5,34,186,132,85,26,27,91,113,86
5,35,72,84,42,14,135,194,97,174
5,36,45,20,192,83,222,10,188,50
5,37,72,39,124,89,104,182,134,219
5,38,249,175,223,120,212,209,204,45
5,39,162,63,96,173,91,154,187,168
6,0,225,69,140,200,228,98,173,95
6,1,224,16,234,94,172,127,154,211
6,2,49,106,119,153,129,241,189,81
6,3,38,25,69,113,105,199,159,28
6,4,195,154,233,28,88,160,153,175
6,5,153,251,158,218,50,79,58,43
6,6,169,138,203,143,210,79,65,196
6,7,78,175,49,35,185,245,254,229
6,8,23,133,72,224,113,180,152,123
6,9,255,38,2,59,161,203,99,95
6,10,196,65,27,88,157,185,217,247
6,11,160,108,63,204,150,239,39,60
6,12,220,145,116,39,199,1,239,208
6,13,212,45,93,112,202,182,58,219
6,14,54,51,52,204,55,225,231,137
6,15,165,147,162,172,148,204,4,242
6,16,238,172,205,229,252,160,144,28
6,17,69,109,5,1,87,64,248,20
6,18,43,197,138,77,204,155,15,124
6,19,212,122,167,26,192,195,215,75
6,20,195,72,23,113,133,191,239,175
6,21,38,1,2,203,99,171,55,95
6,22,65,27,196,126,243,88,150,247
6,23,239,193,204,160,32,63,128,39
6,24,220,93,145,199,169,193,161,91
6,25,212,112,138,11,45,182,134,58
6,26,88,204,41,137,103,54,55,51
6,27,165,98,172,147,139,58,46,183
6,28,172,238,35,160,229,112,191,117
6,29,69,109,248,152,44,5,233,87
6,30,77,138,43,15,197,176,227,82
6,31,212,122,192,115,116,95,75,215
6,32,241,226,255,2,53,119,90,128
6,33,110,85,130,127,93,43,79,50
6,34,27,132,244,74,85,218,186,128
6,35,14,239,53,27,202,72,194,134
6,36,20,45,188,222,192,135,217,154
6,37,72,219,39,5,65,199,163,184
6,38,249,239,175,109,196,180,16,233
6,39,238,222,228,91,73,6,128,205
7,0,182,140,95,81,192,237,253,208
7,1,172,224,94,235,103,25,16,147
7,2,41,153,217,179,241,106,172,49
7,3,225,91,41,244,69,35,12,216
7,4,195,58,154,153,28,20,43,235
7,5,251,158,198,153,135,22,58,110
7,6,65,79,196,12,254,43,156,169
7,7,78,142,185,140,49,175,57,81
7,8,148,72,53,152,133,22,113,195
7,9,99,203,1,207,95,243,166,116
7,10,116,196,217,108,93,26,88,29
7,11,42,239,204,97,107,253,78,111
7,12,220,116,10,53,21,239,199,2
7,13,83,208,112,58,45,130,212,34
7,14,248,132,44,54,55,204,134,115
7,15,139,90,147,92,227,206,228,129
7,16,191,172,234,24,130,228,229,112
7,17,69,8,233,109,196,217,64,152
7,18,77,176,233,209,155,138,204,92
7,19,95,115,195,99,125,129,219,54
7,20,148,133,72,247,23,195,240,22
7,21,99,1,95,128,207,243,201,22
7,22,116,160,217,207,61,108,149,250
7,23,80,61,204,32,239,134,181,97
7,24,10,239,116,220,68,16,252,73
7,25,83,45,130,208,189,118,58,91
7,26,248,55,44,54,132,204,216,134
7,27,139,147,165,145,206,98,227,228
7,28,172,191,74,200,229,228,36,130
7,29,69,233,44,60,158,165,109,220
7,30,77,176,138,92,122,127,13,39
7,31,180,212,122,95,125,195,75,115
7,32,241,255,2,226,8,119,104,128
7,33,110,50,85,67,130,93,220,74
7,34,123,218,27,254,37,244,85,40
7,35,14,53,194,239,134,47,79,202
7,36,188,20,135,119,154,217,101,199
7,37,219,39,163,199,234,129,104,186
7,38,239,249,109,175,196,60,180,222
7,39,140,187,96,195,186,154,184,150
8,0,169,173,200,43,95,143,112,236
8,1,224,112,172,129,147,189,250,124
8,2,11,153,49,217,188,219,255,106
8,3,245,193,69,38,246,225,56,43
8,4,195,140,88,28,205,235,134,153
8,5,60,251,110,22,108,79,152,65
8,6,210,7,169,68,138,205,65,36
8,7,78,142,245,175,49,191,54,81
8,8,195,72,148,175,133,23,164,237
8,9,99,1,45,255,243,52,171,247
8,10,65,27,126,196,217,50,185,183
8,11,239,204,23,63,32,150,160,108
8,12,16,169,243,145,220,144,199,239
8,13,58,212,45,3,112,180,138,251
8,14,54,55,204,51,52,88,125,225
8,15,46,147,165,162,148,139,92,172
8,16,172,124,205,160,238,107,144,220
8,17,69,233,109,44,1,64,248,112
8,18,122,77,176,92,138,43,199,155
8,19,180,212,122,75,154,125,26,195
8,20,195,72,175,148,133,23,191,247
8,21,99,1,193,38,171,128,228,127
8,22,126,27,217,196,65,149,185,93
8,23,204,32,239,61,63,181,160,81
8,24,169,220,163,252,211,13,239,91
8,25,83,45,138,58,212,112,130,180
8,26,54,248,204,55,125,137,66,35
8,27,139,46,147,98,228,235,227,188
8,28,172,124,160,191,104,84,112,229
8,29,69,233,44,248,152,98,156,192
8,30,176,92,77,138,13,44,122,39
8,31,180,212,122,95,229,195,50,125
8,32,2,241,255,27,73,204,128,132
8,33,110,50,67,72,220,74,66,130
8,34,254,123,218,27,37,169,40,93
8,35,194,14,202,53,87,30,97,34
8,36,135,188,154,119,153,158,10,4
8,37,219,163,199,1,234,129,103,61
8,38,239,60,175,109,196,100,209,180
8,39,140,25,195,230,187,184,222,150
9,0,211,26,195,232,163,138,184,77
9,1,55,118,201,164,76,61,65,167
9,2,91,32,79,253,92,188,187,42
9,3,56,163,93,109,167,224,69,126
9,4,134,233,46,147,140,28,195,175
9,5,60,251,22,108,64,23,110,164
9,6,7,30,113,233,12,210,72,249
9,7,142,245,75,57,175,78,6,3
9,8,148,247,72,22,133,63,152,123
9,9,99,1,134,22,44,221,32,243
9,10,116,149,217,135,207,146,233,122
9,11,204,97,230,32,237,54,37,239
9,12,50,13,21,239,38,208,10,2
9,13,180,83,185,0,13,34,212,130
9,14,248,54,57,55,132,44,21,196
9,15,139,90,92,227,122,147,18,206
9,16,172,230,234,191,59,24,102,112
9,17,69,171,233,4,161,9,220,60
9,18,176,77,129,92,116,209,102,241
9,19,180,99,60,95,48,125,35,135
9,20,148,72,247,133,195,152,240,175
9,21,99,32,1,22,134,128,95,243
9,22,135,217,116,207,149,233,109,146
9,23,204,32,61,239,14,97,134,7
9,24,50,240,239,158,13,185,38,73
9,25,215,83,132,203,0,13,180,208
9,26,54,196,57,248,55,134,204,132
9,27,139,147,255,248,92,18,35,145
9,28,172,254,230,191,234,124,112,144
9,29,69,171,233,44,98,152,4,161
9,30,176,92,77,129,241,13,97,138
9,31,180,157,95,212,75,60,125,99
9,32,27,146,73,241,255,143,12,128
9,33,67,110,61,50,72,37,74,70
9,34,254,13,121,109,123,40,246,218
9,35,14,202,53,194,129,44,16,87
9,36,188,119,135,154,136,242,158,73
9,37,219,132,199,1,170,113,103,163
9,38,239,135,60,175,43,189,132,87
9,39,8,32,224,243,57,87,184,46
10,0,77,211,232,138,29,37,26,184
10,1,40,214,209,178,8,175,48,206
10,2,245,139,141,78,205,140,95,82
10,3,192,163,247,48,255,167,162,253
10,4,206,123,134,165,147,145,28,233
10,5,80,64,42,19,23,222,22,60
10,6,195,125,72,233,211,249,7,123
10,7,78,166,245,175,142,161,4,57
10,8,148,72,172,247,22,23,133,63
10,9,99,1,22,221,32,134,243,44
10,10,233,135,116,146,149,61,122,102
10,11,97,96,54,167,237,37,14,204
10,12,158,166,185,38,50,55,83,10
10,13,83,101,0,215,13,180,208,212
10,14,54,17,248,44,55,134,132,196
10,15,139,147,227,6,244,92,90,150
10,16,172,166,59,102,144,56,234,191
10,17,69,49,9,233,98,4,19,8
10,18,129,66,77,176,92,99,141,97
10,19,180,83,114,95,135,219,35,195
10,20,72,148,247,172,133,152,22,240
10,21,99,128,1,221,22,243,32,95
10,22,233,102,135,6,61,149,109,231
10,23,96,167,204,61,14,32,104,97
10,24,158,55,240,83,185,166,124,50
10,25,83,215,203,248,13,0,101,208
10,26,54,134,196,248,55,204,17,229
10,27,139,82,117,6,79,177,18,126
10,28,172,254,166,175,191,234,138,56
10,29,69,233,9,44,4,98,78,158
10,30,241,92,129,176,77,66,97,141
10,31,180,95,157,212,83,174,75,135
10,32,73,67,27,241,143,255,14,173
10,33,110,70,103,61,167,161,67,50
10,34,254,109,13,121,123,227,11,246
10,35,53,14,202,194,129,139,44,142
10,36,48,154,188,135,119,55,136,251
10,37,219,132,1,170,199,113,2,184
10,38,239,135,243,60,175,185,191,67
10,39,8,32,224,57,243,184,101,150
11,0,211,70,77,174,37,138,151,232
11,1,230,206,44,253,214,163,157,101
11,2,141,137,35,116,71,205,104,2
11,3,192,163,162,111,166,134,239,254
11,4,123,134,44,206,187,175,221,227
11,5,80,19,222,145,42,23,95,134
11,6,125,57,72,7,12,91,195,211
11,7,142,78,223,245,175,166,38,4
11,8,247,72,148,22,172,133,16,50
11,9,99,1,22,221,243,134,44,32
11,10,19,61,135,149,217,122,242,183
11,11,96,97,215,218,54,204,61,104
11,12,83,52,38,185,68,21,239,211
11,13,212,83,215,13,101,130,180,203
11,14,54,216,55,248,17,230,21,136
11,15,139,82,147,227,177,92,191,6
11,16,175,172,166,63,144,191,234,112
11,17,69,233,164,21,9,91,150,98
11,18,129,77,241,176,99,97,92,209
11,19,180,95,114,212,219,85,125,37
11,20,148,72,133,195,247,172,240,91
11,21,99,1,128,221,243,254,95,71
11,22,135,19,242,102,217,61,231,149
11,23,96,218,167,32,204,117,220,222
11,24,83,240,158,52,73,239,185,38
11,25,83,215,101,58,248,71,45,203
11,26,55,163,54,134,248,230,204,216
11,27,139,227,235,6,147,82,28,177
11,28,172,254,175,160,209,104,191,234
11,29,69,233,44,164,192,9,98,161
11,30,241,129,92,77,176,97,99,152
11,31,180,95,212,174,75,239,50,195
11,32,73,67,241,255,123,128,109,27
11,33,110,50,70,234,61,198,167,66
11,34,254,123,13,164,121,128,169,138
11,35,53,14,194,202,139,129,16,79
11,36,135,154,188,119,164,166,158,73
11,37,219,1,170,199,132,113,52,184
11,38,239,60,243,175,88,135,0,8
11,39,32,57,184,195,150,8,187,142
12,0,211,169,70,37,146,27,139,130
12,1,102,28,163,118,55,243,172,78
12,2,32,249,222,188,143,232,91,200
12,3,56,109,93,45,217,197,252,16
12,4,134,147,175,89,188,28,233,187
12,5,222,108,60,80,42,251,22,95
12,6,12,30,72,211,113,210,240,249
12,7,175,245,78,142,122,81,32,120
12,8,72,148,22,63,16,53,195,152
12,9,99,1,241,243,20,134,166,254
12,10,38,135,172,217,226,86,242,134
12,11,218,117,97,121,134,61,230,204
12,12,78,4,88,13,239,137,38,240
12,13,83,215,212,45,115,216,221,130
12,14,54,55,204,35,115,196,248,163
12,15,227,139,53,147,28,92,191,235
12,16,172,160,144,191,176,190,113,112
12,17,69,217,62,233,98,196,192,164
12,18,241,129,77,97,176,152,18,92
12,19,180,95,63,212,37,125,99,195
12,20,148,72,240,195,133,22,17,53
12,21,99,1,128,243,71,254,228,95
12,22,38,135,148,226,109,242,173,172
12,23,117,218,166,19,239,181,204,135
12,24,78,240,73,239,88,69,243,58
12,25,83,215,115,58,45,71,221,216
12,26,163,115,54,204,134,248,225,91
12,27,139,227,53,235,188,1,59,145
12,28,254,160,172,209,191,175,104,105
12,29,69,44,192,233,217,161,18,34
12,30,92,241,129,77,174,97,152,239
12,31,212,180,63,95,75,239,174,125
12,32,67,241,73,27,123,255,109,78
12,33,61,66,110,198,70,51,189,50
12,34,254,13,121,164,123,46,138,166
12,35,53,14,194,139,202,171,38,16
12,36,22,188,154,26,228,135,164,75
12,37,1,219,132,199,243,109,198,25
12,38,239,175,87,0,60,209,193,100
12,39,8,32,103,251,42,235,57,66
13,0,25,164,243,128,79,204,205,252
13,1,30,222,162,23,17,64,163,243
13,2,200,232,204,168,91,169,143,104
13,3,109,45,224,242,200,163,93,53
13,4,89,134,147,28,79,146,250,233
13,5,108,222,251,80,95,111,160,42
13,6,12,249,30,152,163,72,213,240
13,7,57,142,245,175,236,72,120,78
13,8,50,72,63,247,40,148,172,16
13,9,99,58,221,1,134,22,224,128
13,10,38,49,135,217,238,151,173,162
13,11,46,221,148,117,72,82,22,253
13,12,88,131,91,6,216,78,113,137
13,13,215,216,180,83,221,58,212,101
13,14,55,31,207,54,35,59,136,248
13,15,191,139,92,126,53,183,83,6
13,16,172,63,112,144,113,107,191,201
13,17,69,225,9,184,51,144,18,14
13,18,129,97,241,99,199,77,102,14
13,19,125,63,95,154,195,114,15,180
13,20,72,148,202,172,195,240,152,175
13,21,99,121,1,71,128,228,214,95
13,22,38,173,135,226,49,229,221,82
13,23,167,72,117,118,166,19,148,239
13,24,131,216,240,113,239,10,109,148
13,25,215,83,57,216,121,211,254,58
13,26,163,35,248,204,134,115,54,170
13,27,139,191,227,92,119,126,235,27
13,28,172,254,160,209,191,84,104,175
13,29,69,44,225,192,233,184,9,217
13,30,241,129,239,77,92,152,99,174
13,31,212,149,180,95,174,133,250,114
13,32,67,73,5,57,255,78,27,30
13,33,70,66,110,167,225,39,152,61
13,34,244,241,254,13,121,164,46,154
13,35,14,53,171,106,180,38,71,130
13,36,60,164,213,154,149,220,27,40
13,37,1,132,219,199,2,185,109,186
13,38,0,175,68,7,239,222,67,16
13,39,57,75,32,112,144,56,225,226
14,0,243,35,9,119,214,227,118,74
14,1,102,142,127,172,30,160,147,108
14,2,37,195,175,25,168,18,200,232
14,3,93,69,88,149,109,45,136,126
14,4,140,90,28,233,146,134,205,154
14,5,108,222,251,152,65,103,146,22
14,6,12,30,249,237,210,8,218,4
14,7,175,78,245,142,191,81,172,39
14,8,72,195,133,148,175,98,151,56
14,9,99,193,243,1,180,229,20,241
14,10,65,126,217,87,70,38,125,134
14,11,150,204,239,63,117,143,108,81
14,12,73,145,199,60,189,5,252,36
14,13,212,45,58,91,118,215,105,178
14,14,204,54,51,88,125,55,225,163
14,15,147,46,148,204,172,139,228,92
14,16,160,172,144,238,117,61,205,40
14,17,69,233,248,152,44,159,198,46
14,18,85,199,241,43,77,155,127,152
14,19,195,212,122,174,26,154,75,125
14,20,195,72,148,133,23,191,240,192
14,21,193,1,180,99,95,243,241,228
14,22,126,148,217,65,247,185,134,60
14,23,19,239,81,39,139,226,204,32
14,24,151,169,145,16,193,41,6,104
14,25,212,45,105,58,103,138,139,83
14,26,204,163,94,110,41,149,54,219
14,27,139,227,147,235,228,11,1,46
14,28,160,172,209,144,104,215,112,124
14,29,44,69,152,233,98,192,217,226
14,30,85,241,152,77,94,138,127,176
14,31,212,174,122,95,133,75,115,238
14,32,255,67,73,31,149,128,136,241
14,33,110,66,87,70,204,30,106,130
14,34,244,91,116,154,218,46,37,254
14,35,14,171,53,64,34,202,193,36
14,36,60,164,135,188,45,136,154,213
14,37,1,219,199,141,109,52,89,122
14,38,175,68,60,109,209,77,82,180
14,39,25,230,140,187,195,184,151,206
15,0,211,195,169,60,99,236,33,23
15,1,28,217,102,173,243,142,163,172
15,2,222,153,211,182,32,51,240,232
15,3,126,93,69,149,245,45,136,109
15,4,28,140,90,134,205,189,244,233
15,5,108,128,111,251,80,152,222,164
15,6,12,30,237,210,218,249,240,132
15,7,175,245,78,75,98,72,172,160
15,8,195,22,148,72,98,53,158,216
15,9,99,1,243,20,254,154,218,174
15,10,148,217,172,126,134,86,38,168
15,11,117,230,19,32,218,139,97,166
15,12,240,73,78,10,208,145,76,176
15,13,83,212,58,115,45,215,180,208
15,14,55,204,132,54,115,163,248,201
15,15,227,139,235,228,147,191,34,12
15,16,160,172,191,1,175,190,144,164
15,17,69,18,217,226,9,98,196,185
15,18,241,77,152,239,176,85,99,199
15,19,95,212,127,174,195,204,115,90
15,20,148,72,240,195,133,22,163,174
15,21,99,1,193,128,71,254,243,95
15,22,148,126,38,217,149,151,247,78
15,23,19,117,166,226,139,239,144,181
15,24,153,113,246,145,78,88,240,193
15,25,83,212,71,58,115,45,136,189
15,26,163,204,55,94,115,248,237,54
15,27,139,227,1,228,154,193,11,235
15,28,160,172,209,215,191,1,104,112
15,29,69,44,152,98,192,233,18,217
15,30,241,152,239,77,138,85,176,92
15,31,212,174,95,133,75,122,195,241
15,32,255,73,67,31,128,57,27,5
15,33,110,61,70,198,66,162,72,30
15,34,244,164,254,218,154,179,13,219
15,35,14,171,53,64,44,123,211,16
15,36,60,164,154,47,188,45,135,213
15,37,1,219,199,122,5,170,132,61
15,38,175,243,68,190,67,82,60,77
15,39,75,57,32,184,226,112,206,144
16,0,150,97,142,166,113,123,205,215
16,1,102,147,172,142,127,34,222,67
16,2,176,200,232,51,168,204,90,31
16,3,126,136,88,46,73,200,45,84
16,4,161,67,61,140,89,14,92,134
16,5,108,222,154,103,189,80,22,0
16,6,12,30,237,249,240,210,113,72
16,7,175,142,75,245,172,3,251,81
16,8,174,148,195,247,22,72,175,40
16,9,99,132,241,22,39,1,117,193
16,10,38,213,195,183,152,42,71,126
16,11,117,36,254,96,178,215,73,94
16,12,242,240,109,87,211,69,73,252
16,13,83,58,104,215,37,45,118,207
16,14,163,55,54,204,115,35,248,132
16,15,65,139,227,177,191,235,193,38
16,16,160,172,113,175,1,63,151,201
16,17,69,233,217,160,162,138,98,10
16,18,241,97,77,128,239,64,152,235
16,19,95,154,127,115,133,90,54,135
16,20,148,174,195,247,240,72,22,158
16,21,99,132,1,71,243,128,37,95
16,22,38,123,249,226,195,151,33,167
16,23,117,36,61,138,22,239,25,40
16,24,87,78,112,69,109,113,10,241
16,25,83,104,254,171,216,207,58,132
16,26,163,200,55,91,142,127,248,134
16,27,139,83,82,227,190,255,29,224
16,28,175,160,172,248,89,151,210,215
16,29,233,44,160,69,34,192,10,228
16,30,241,239,128,60,77,93,127,199
16,31,118,195,197,90,220,10,160,239
16,32,5,67,52,73,66,43,255,71
16,33,70,110,66,137,98,67,223,227
16,34,254,112,108,88,192,91,199,25
16,35,33,203,102,64,115,38,30,134
16,36,106,29,75,94,138,137,126,165
16,37,1,141,120,218,243,69,219,61
16,38,239,197,117,222,177,55,98,105
16,39,222,235,22,206,25,204,103,90
17,0,211,195,60,6,33,169,160,245
17,1,173,191,243,163,55,28,118,170
17,2,198,222,91,87,32,76,61,143
17,3,56,93,45,126,109,137,89,28
17,4,244,147,134,89,28,175,61,32
17,5,108,164,42,222,80,91,189,29
17,6,12,211,163,98,240,213,72,30
17,7,142,75,251,72,175,38,57,136
17,8,216,148,22,72,247,75,98,158
17,9,99,1,22,210,224,134,117,119
17,10,242,38,172,226,135,152,249,123
17,11,218,61,117,58,135,97,134,54
17,12,10,185,91,78,113,116,88,171
17,13,83,37,208,130,34,221,148,174
17,14,248,132,115,54,55,134,216,35
17,15,139,90,227,145,38,28,249,177
17,16,191,74,63,169,234,195,24,186
17,17,69,217,98,244,249,210,196,8
17,18,77,233,97,64,176,58,67,155
17,19,95,135,190,127,83,115,133,19
17,20,148,247,72,22,240,133,53,98
17,21,99,15,1,22,71,210,128,95
17,22,160,245,123,250,182,149,249,76
17,23,80,61,97,241,230,181,45,239
17,24,10,69,126,91,87,142,185,116
17,25,83,189,208,118,52,132,37,58
17,26,248,132,55,200,115,35,134,142
17,27,139,145,90,104,228,190,27,177
17,28,191,74,169,172,182,186,248,175
17,29,69,150,74,34,10,18,165,36
17,30,180,174,39,172,38,60,77,104
17,31,154,10,195,249,244,241,23,180
17,32,92,109,123,67,133,27,163,93
17,33,61,66,198,225,98,252,110,189
17,34,112,166,13,254,164,108,138,121
17,35,64,46,38,102,222,65,154,134
17,36,22,60,29,106,47,63,240,80
17,37,1,172,218,120,69,25,102,160
17,38,0,239,17,87,23,77,143,149
17,39,235,42,8,22,103,66,41,223
18,0,25,164,128,243,79,87,100,59
18,1,30,222,162,133,10,23,232,16
18,2,200,232,61,204,168,51,195,176
18,3,109,45,75,252,200,224,53,93
18,4,89,203,134,147,67,184,250,56
18,5,222,108,80,111,246,160,190,118
18,6,12,240,163,30,98,77,160,249
18,7,142,57,236,160,245,72,136,175
18,8,50,247,148,40,72,22,181,185
18,9,99,160,221,58,1,22,224,119
18,10,167,249,38,49,227,214,135,162
18,11,22,117,74,46,148,230,140,112
18,12,88,131,91,6,242,113,216,187
18,13,216,83,171,167,221,215,180,58
18,14,113,55,207,31,59,92,136,35
18,15,191,139,83,126,97,183,53,92
18,16,175,63,144,191,162,227,112,248
18,17,69,144,74,217,119,59,150,62
18,18,99,199,77,129,241,195,239,97
18,19,239,114,125,95,154,195,90,135
18,20,172,50,148,247,72,245,175,56
18,21,99,71,160,58,121,194,128,221
18,22,249,167,123,82,90,229,38,151
18,23,22,112,25,74,96,148,136,230
18,24,216,113,247,78,120,124,232,144
18,25,171,114,189,57,132,215,44,221
18,26,207,55,92,163,9,31,26,200
18,27,191,83,139,126,97,66,6,184
18,28,175,160,162,191,172,215,112,144
18,29,69,9,44,233,45,10,34,124
18,30,241,129,99,239,44,174,38,77
18,31,114,23,239,249,212,174,35,125
18,32,67,27,143,73,255,30,71,136
18,33,110,70,66,137,225,39,157,167
18,34,244,241,108,46,164,13,254,160
18,35,215,46,14,38,64,106,155,33
18,36,60,186,94,81,27,31,199,103
18,37,1,137,149,54,160,92,226,33
18,38,0,117,222,177,159,236,138,165
18,39,22,41,57,172,76,155,91,128
19,0,243,35,9,197,214,119,154,219
19,1,102,142,41,172,127,160,147,121
19,2,195,37,168,200,96,25,175,204
19,3,45,162,72,9,93,244,204,250
19,4,146,64,69,23,97,232,61,217
19,5,25,108,21,143,215,57,222,20
19,6,254,211,21,12,139,30,163,127
19,7,175,142,245,78,32,30,132,251
19,8,148,72,195,22,247,53,133,98
19,9,99,1,243,63,134,226,166,207
19,10,217,176,116,78,247,185,108,134
19,11,42,204,135,45,12,239,61,97
19,12,10,116,239,2,176,50,42,171
19,13,208,83,212,118,34,130,0,162
19,14,132,248,44,54,204,161,252,22
19,15,139,3,206,122,90,238,38,92
19,16,74,191,7,45,172,94,195,51
19,17,69,8,115,1,63,177,60,217
19,18,77,233,64,91,176,73,127,171
19,19,54,59,3,95,135,115,171,28
19,20,148,133,53,247,22,144,72,135
19,21,99,207,143,134,85,245,22,214
19,22,160,53,116,251,207,250,178,108
19,23,80,170,97,224,230,54,0,56
19,24,2,31,116,33,3,37,100,112
19,25,208,130,189,222,26,50,2,131
19,26,55,248,132,115,134,35,222,65
19,27,206,139,3,90,145,122,26,190
19,28,191,74,7,195,15,178,37,12
19,29,69,150,204,8,177,120,60,1
19,30,77,64,91,73,97,52,17,181
19,31,95,191,59,54,3,135,234,240
19,32,33,47,236,31,208,154,46,7
19,33,192,81,72,39,64,208,63,146
19,34,16,246,211,247,61,10,149,23
19,35,202,167,235,14,134,129,36,130
19,36,188,119,153,80,220,149,110,232
19,37,219,199,103,1,92,105,128,86
19,38,103,175,117,173,149,176,159,37
19,39,120,25,136,172,95,91,204,18
20,0,211,60,195,169,23,99,33,160
20,1,217,28,173,243,163,102,142,190
20,2,222,153,96,211,152,137,61,200
20,3,126,245,93,149,204,69,72,193
20,4,28,61,146,244,189,90,217,134
20,5,108,80,128,111,164,29,184,230
20,6,12,237,30,240,20,66,249,213
20,7,175,245,75,90,72,251,78,193
20,8,195,216,22,148,158,74,247,72
20,9,99,77,1,243,118,247,154,194
20,10,38,148,172,74,167,152,168,86
20,11,117,140,230,43,136,148,25,123
20,12,242,10,109,73,252,69,248,185
20,13,83,58,171,37,208,212,45,148
20,14,55,132,92,54,163,115,248,134
20,15,139,227,177,90,235,97,38,157
20,16,172,160,175,191,112,1,63,113
20,17,69,119,217,233,162,196,121,138
20,18,241,77,97,239,99,64,88,176
20,19,95,135,127,154,115,139,249,54
20,20,148,247,195,240,72,22,174,53
20,21,99,1,243,37,71,128,254,174
20,22,38,123,149,227,167,148,217,74
20,23,123,117,178,25,148,226,239,40
20,24,109,144,242,241,252,87,73,48
20,25,171,71,58,83,254,189,118,238
20,26,163,184,204,55,41,92,54,94
20,27,139,227,14,193,235,154,156,83
20,28,160,172,175,104,91,215,209,114
20,29,69,233,44,192,119,152,98,160
20,30,241,239,77,152,38,176,224,113
20,31,212,23,95,122,174,249,133,75
20,32,255,67,73,241,31,128,30,21
20,33,70,110,61,66,90,187,87,227
20,34,244,254,46,164,52,105,128,120
20,35,14,171,53,64,149,130,245,11
20,36,60,232,113,171,25,237,101,133
20,37,1,5,122,219,120,66,54,61
20,38,175,61,138,134,177,196,159,31
20,39,57,40,235,163,112,41,222,144
21,0,91,145,51,179,9,118,119,242
21,1,102,172,147,184,127,227,139,170
21,2,168,232,200,59,171,51,114,176
21,3,88,149,77,126,93,45,80,252
21,4,241,131,15,230,151,28,108,154
21,5,108,251,186,22,80,99,222,151
21,6,12,30,249,54,237,72,210,125
21,7,142,245,175,57,75,251,226,3
21,8,148,195,247,72,22,133,24,107
21,9,99,203,69,22,1,44,129,195
21,10,135,207,149,116,152,217,26,113
21,11,178,204,97,32,14,54,174,61
21,12,116,185,21,73,239,87,50,83
21,13,83,130,215,58,45,47,13,208
21,14,54,248,204,134,55,132,160,184
21,15,147,139,206,227,92,129,3,90
21,16,172,191,24,250,130,160,51,114
21,17,69,233,8,115,1,109,225,121
21,18,77,176,224,233,64,129,117,167
21,19,95,115,195,153,26,192,127,75
21,20,148,195,240,72,133,22,247,191
21,21,99,69,1,38,174,7,117,254
21,22,149,126,227,49,207,78,122,33
21,23,178,239,117,32,81,61,80,254
21,24,185,10,91,144,21,87,6,27
21,25,83,58,45,238,254,170,71,91
21,26,204,55,248,132,197,41,115,173
21,27,227,139,145,235,147,117,225,193
21,28,172,160,191,25,175,104,115,220
21,29,69,44,233,192,196,36,165,34
21,30,77,224,239,176,38,152,241,88
21,31,212,122,95,174,75,204,184,162
21,32,255,67,73,30,198,136,31,241
21,33,110,87,70,67,241,64,71,137
21,34,244,91,46,52,223,76,122,25
21,35,171,14,130,180,38,64,65,222
21,36,60,164,186,133,199,15,232,101
21,37,1,219,160,172,70,54,243,53
21,38,175,68,105,31,159,82,138,49
21,39,222,76,165,97,24,65,95,57
22,0,230,182,243,169,108,71,130,133
22,1,102,172,157,227,189,128,127,147
22,2,68,217,34,153,136,239,200,229
22,3,48,93,9,149,245,53,71,88
22,4,140,195,28,205,0,61,90,189
22,5,108,152,251,111,222,79,132,73
22,6,12,30,237,249,210,8,76,143
22,7,175,142,245,78,191,110,111,75
22,8,195,72,175,148,24,62,166,98
22,9,193,99,121,20,1,195,34,52
22,10,126,183,65,71,50,227,13,217
22,11,192,81,239,143,205,19,5,150
22,12,73,83,199,144,195,243,252,87
22,13,212,58,91,253,5,177,171,103
22,14,55,204,200,41,88,230,107,54
22,15,227,29,139,46,34,117,235,102
22,16,160,172,29,18,39,162,215,191
22,17,69,233,107,161,34,46,91,198
22,18,85,77,176,233,224,37,152,111
22,19,95,212,174,115,90,195,154,153
22,20,148,195,72,240,22,245,104,150
22,21,99,1,193,7,213,72,194,222
22,22,126,215,227,149,148,78,231,224
22,23,81,239,61,192,22,205,196,172
22,24,79,246,6,169,83,144,0,87
22,25,83,238,254,35,189,68,153,171
22,26,55,197,204,41,248,207,230,81
22,27,139,227,117,235,190,86,145,126
22,28,160,172,191,209,57,34,140,104
22,29,44,69,192,46,115,98,34,233
22,30,94,152,77,85,241,38,111,14
22,31,212,95,174,204,122,75,35,115
22,32,255,149,67,31,73,136,27,66
22,33,110,87,70,66,204,241,71,137
22,34,244,91,76,154,199,46,52,108
22,35,14,171,65,64,130,78,30,166
22,36,60,186,171,199,164,76,84,85
22,37,1,54,160,219,98,70,141,137
22,38,175,68,0,31,138,222,98,77
22,39,25,76,136,97,230,22,47,6
23,0,211,60,195,169,33,71,236,23
23,1,173,28,243,163,125,170,154,65
23,2,153,129,95,13,222,237,136,32
23,3,126,245,149,69,93,39,164,94
23,4,28,195,90,189,75,188,153,163
23,5,111,108,128,73,216,164,42,50
23,6,12,237,30,210,249,91,213,205
23,7,175,245,111,90,57,142,78,251
23,8,195,22,148,216,72,158,74,161
23,9,99,20,118,1,254,243,42,204
23,10,148,172,11,217,227,126,61,168
23,11,117,43,166,97,123,26,230,94
23,12,73,10,185,142,188,87,78,5
23,13,83,58,115,212,170,45,180,171
23,14,55,248,54,87,115,204,132,88
23,15,227,139,235,145,90,147,141,102
23,16,160,172,191,51,11,169,112,39
23,17,69,233,196,210,91,217,36,30
23,18,77,224,176,239,64,233,241,11
23,19,95,127,115,90,212,240,13,138
23,20,148,240,195,72,22,158,247,150
23,21,99,1,174,128,37,65,38,254
23,22,149,148,227,217,38,122,108,78
23,23,117,239,178,123,54,110,166,148
23,24,10,21,246,185,73,177,142,239
23,25,83,58,71,45,170,238,4,91
23,26,184,9,248,204,173,132,55,41
23,27,227,139,147,145,193,224,235,13
23,28,172,160,25,191,91,115,1,215
23,29,69,44,196,36,109,124,34,248
23,30,77,239,224,58,104,38,197,60
23,31,122,212,75,195,192,181,184,115
23,32,67,108,255,250,66,128,135,241
23,33,110,79,61,52,39,66,98,127
23,34,244,27,74,46,52,164,105,254
23,35,239,14,64,203,27,65,230,130
23,36,60,25,171,222,47,232,137,20
23,37,5,72,61,184,240,219,1,19
23,38,0,23,138,248,42,236,180,253
23,39,6,172,22,247,235,226,4,196
24,0,9,243,35,119,118,227,101,197
24,1,172,102,147,127,199,222,142,210
24,2,153,171,233,200,168,232,46,109
24,3,130,77,48,183,212,244,45,89
24,4,108,195,97,174,187,184,19,89
24,5,108,251,151,0,111,37,22,94
24,6,12,30,249,125,240,254,72,151
24,7,142,187,132,30,75,140,245,57
24,8,247,148,72,22,24,152,53,98
24,9,99,134,203,22,224,243,143,103
24,10,116,207,233,217,146,149,108,250
24,11,97,42,61,204,54,230,45,239
24,12,10,50,185,21,116,239,211,37
24,13,83,180,185,130,34,189,208,0
24,14,248,54,132,44,134,21,115,55
24,15,139,90,227,145,117,122,129,74
24,16,191,24,234,195,172,74,63,169
24,17,69,8,196,217,210,98,109,233
24,18,77,233,176,224,64,209,108,155
24,19,95,115,135,129,19,99,59,195
24,20,148,247,133,53,240,23,22,98
24,21,99,1,22,207,128,79,134,95
24,22,116,160,207,250,108,178,213,123
24,23,80,230,97,61,134,54,239,45
24,24,10,2,87,116,37,241,239,69
24,25,208,83,189,45,130,118,4,132
24,26,132,248,55,44,12,115,134,216
24,27,139,145,100,90,206,228,38,147
24,28,191,74,24,172,36,25,228,47
24,29,69,150,60,165,196,161,220,204
24,30,77,174,51,224,176,181,105,137
24,31,94,75,95,125,248,238,89,115
24,32,33,241,128,35,236,74,47,247
24,33,192,72,81,79,85,12,39,7
24,34,16,27,246,254,247,116,252,10
24,35,14,167,53,202,100,129,183,130
24,36,119,188,110,154,153,176,101,232
24,37,219,199,163,5,103,65,133,128
24,38,103,206,176,191,159,43,196,233
24,39,10,228,80,91,201,222,164,235
25,0,235,253,177,115,141,81,192,47
25,1,113,179,203,217,7,73,145,68
25,2,153,127,239,145,109,217,123,59
25,3,35,128,91,34,130,190,77,69
25,4,153,195,28,205,183,163,140,187
25,5,108,222,22,251,135,65,152,154
25,6,210,249,30,12,237,203,138,8
25,7,78,175,245,118,117,142,123,226
25,8,195,72,113,104,175,116,123,180
25,9,203,116,38,99,191,1,2,255
25,10,65,27,125,36,13,196,185,198
25,11,108,63,23,178,160,204,128,233
25,12,93,220,53,15,73,128,1,87
25,13,212,45,58,134,105,130,93,11
25,14,51,54,184,137,160,204,88,52
25,15,165,147,162,172,148,204,229,58
25,16,172,238,205,160,5,117,28,32
25,17,69,109,87,233,248,44,1,64
25,18,43,197,77,134,224,163,13,85
25,19,116,122,20,109,212,26,192,75
25,20,23,72,195,113,191,105,133,116
25,21,38,116,203,1,197,2,207,35
25,22,65,36,27,196,125,247,150,243
25,23,239,178,160,128,23,63,174,32
25,24,93,220,16,87,151,252,15,74
25,25,212,45,105,11,58,185,134,138
25,26,88,41,137,51,204,184,54,149
25,27,165,147,162,172,139,229,87,14
25,28,172,238,160,115,35,205,191,112
25,29,69,109,248,44,87,152,196,233
25,30,77,197,224,239,199,58,51,43
25,31,122,75,212,167,192,116,115,109
25,32,226,255,108,119,53,128,252,241
25,33,85,93,79,110,127,66,210,43
25,34,132,27,74,254,1,85,186,244
25,35,27,239,14,72,53,235,202,36
25,36,20,222,192,188,45,149,237,146
25,37,39,5,72,129,61,240,66,24
25,38,64,109,248,138,31,21,241,16
25,39,186,190,162,22,118,20,109,60
26,0,38,193,167,54,44,53,94,244
26,1,122,179,201,117,140,217,105,152
26,2,239,217,127,154,233,153,43,167
26,3,91,229,130,48,119,34,35,220
26,4,187,120,159,245,145,20,179,227
26,5,159,239,160,111,68,230,255,106
26,6,12,98,230,7,124,89,160,110
26,7,142,175,78,195,221,245,75,236
26,8,148,113,175,152,247,72,158,245
26,9,99,203,1,116,224,117,7,91
26,10,189,213,29,115,76,183,211,212
26,11,239,253,163,78,4,162,249,168
26,12,10,16,53,88,220,0,62,144
26,13,83,58,189,34,45,5,185,11
26,14,55,248,216,132,54,173,230,204
26,15,139,227,90,147,228,141,145,92
26,16,191,172,24,115,39,63,112,228
26,17,69,109,196,217,226,210,98,5
26,18,77,224,233,58,199,176,197,38
26,19,115,192,95,127,195,212,19,133
26,20,148,113,247,240,72,133,23,22
26,21,99,1,38,128,71,252,203,117
26,22,96,217,27,144,108,250,116,236
26,23,239,23,61,80,193,230,155,181
26,24,10,220,161,69,235,252,52,239
26,25,58,83,189,45,11,254,146,118
26,26,55,248,132,115,173,216,244,134
26,27,139,147,227,145,165,228,90,190
26,28,191,172,25,1,115,112,200,36
26,29,69,109,196,217,192,5,10,44
26,30,77,224,58,197,51,88,102,127
26,31,192,75,95,115,127,238,212,89
26,32,241,67,226,108,128,204,74,166
26,33,85,79,50,66,51,72,93,110
26,34,186,27,254,123,132,1,170,196
26,35,53,239,14,129,139,16,235,202
26,36,188,20,154,22,110,119,135,248
26,37,219,199,129,39,163,13,61,19
26,38,109,175,138,239,196,207,67,16
26,39,25,154,162,225,187,195,56,235
27,0,169,112,127,173,143,95,200,7
27,1,112,129,189,224,172,147,250,142
27,2,217,239,11,72,153,127,68,8
27,3,73,43,26,230,53,199,41,90
27,4,187,205,195,90,140,163,235,199
27,5,110,222,251,88,50,152,65,60
27,6,143,65,12,7,210,203,138,8
27,7,78,175,117,142,245,185,123,191
27,8,195,175,72,116,180,123,4,23
27,9,38,1,193,99,203,180,197,255
27,10,65,27,125,185,157,36,247,22
27,11,39,108,150,239,23,253,74,63
27,12,53,62,220,211,85,3,199,169
27,13,212,138,243,45,105,11,3,58
27,14,244,51,53,137,204,54,125,214
27,15,46,172,165,162,147,36,87,155
27,16,172,35,28,160,238,205,231,60
27,17,69,5,248,233,87,93,152,60
27,18,170,43,83,197,126,85,155,77
27,19,122,167,221,75,212,109,199,207
27,20,195,72,23,4,239,133,116,148
27,21,203,38,1,99,156,207,210,180
27,22,27,36,243,247,185,157,65,196
27,23,239,39,253,47,204,32,150,51
27,24,62,220,199,145,41,193,16,43
27,25,212,138,105,202,134,145,45,221
27,26,54,204,51,244,137,214,88,41
27,27,139,147,172,165,46,162,98,150
27,28,35,160,28,172,183,205,238,152
27,29,69,248,5,1,87,152,60,44
27,30,176,170,77,83,197,225,199,51
27,31,122,167,75,221,59,95,135,88
27,32,60,128,255,90,47,31,68,247
27,33,92,85,72,86,83,52,127,126
27,34,132,116,1,252,93,10,63,91
27,35,129,27,14,235,36,167,202,97
27,36,70,188,2,20,153,149,163,192
27,37,72,219,65,163,39,58,104,22
27,38,64,151,148,92,237,252,196,16
27,39,45,127,235,138,248,243,10,38
28,0,253,98,140,80,190,158,141,95
28,1,94,113,203,7,82,145,124,21
28,2,232,106,89,11,217,153,194,123
28,3,41,105,45,35,4,128,34,199
28,4,90,235,189,153,163,140,132,28
28,5,110,135,251,65,43,50,145,222
28,6,65,143,138,169,7,210,12,203
28,7,78,117,175,245,185,123,191,184
28,8,116,180,72,4,195,123,239,133
28,9,116,191,38,203,1,99,197,255
28,10,65,196,125,247,27,185,157,36
28,11,239,150,108,39,160,206,128,253
28,12,93,220,3,85,53,15,128,151
28,13,212,105,45,11,138,182,134,93
28,14,88,51,137,52,189,53,54,125
28,15,165,162,148,147,172,229,58,87
28,16,238,35,172,160,28,205,231,229
28,17,69,87,5,248,0,93,20,211
28,18,43,170,83,197,204,126,155,77
28,19,122,167,109,116,20,75,205,195
28,20,23,72,116,195,137,4,239,133
28,21,116,191,38,203,35,1,99,154
28,22,36,125,65,243,176,247,196,27
28,23,239,143,128,39,150,253,73,51
28,24,93,62,199,16,145,220,87,151
28,25,134,212,105,138,182,202,177,253
28,26,88,51,137,214,149,52,54,103
28,27,165,172,162,58,147,87,242,139
28,28,35,160,238,28,172,205,43,183
28,29,69,248,5,87,93,0,152,1
28,30,197,170,83,163,176,77,199,43
28,31,122,116,75,167,109,20,221,207
28,32,252,119,90,226,128,255,68,31
28,33,92,93,72,85,210,83,86,220
28,34,132,1,85,82,252,26,74,76
28,35,27,129,72,57,14,235,42,97
28,36,222,20,70,188,153,192,248,163
28,37,219,39,163,58,22,124,86,232
28,38,92,151,148,64,118,127,101,16
28,39,186,189,138,38,2,238,248,45
29,0,193,38,167,54,44,53,244,176
29,1,122,201,140,117,58,105,181,103
29,2,11,232,106,89,172,246,253,12
29,3,91,41,45,4,35,34,12,128
29,4,90,159,101,195,191,174,58,23
29,5,110,239,230,159,145,160,220,251
29,6,65,118,230,143,133,98,176,81
29,7,78,185,175,47,245,221,145,250
29,8,195,148,116,72,175,239,152,23
29,9,203,99,53,116,113,1,88,194
29,10,11,82,212,227,71,22,189,90
29,11,253,239,107,41,51,25,4,74
29,12,62,16,53,3,211,220,254,88
29,13,138,3,121,177,251,189,2,212
29,14,244,54,52,88,51,57,55,213
29,15,147,36,150,172,165,213,139,162
29,16,35,205,172,183,28,231,243,54
29,17,69,5,248,60,233,93,8,64
29,18,83,176,77,155,199,197,126,170
29,19,75,167,122,207,229,221,199,233
29,20,148,195,72,239,23,133,116,245
29,21,99,203,207,228,194,210,230,156
29,22,116,157,207,36,196,227,162,236
29,23,107,239,204,34,61,253,39,150
29,24,62,43,220,16,199,193,116,3
29,25,202,13,221,138,130,83,208,26
29,26,54,204,248,44,244,55,137,132
29,27,139,150,172,147,162,206,165,36
29,28,183,28,35,205,24,160,191,152
29,29,69,248,5,1,60,65,204,238
29,30,176,77,83,71,197,225,170,155
29,31,122,75,95,167,207,135,229,59
29,32,247,128,119,255,47,223,236,31
29,33,72,190,93,92,107,85,86,244
29,34,132,1,116,10,252,186,246,56
29,35,129,14,235,167,36,202,97,58
29,36,70,188,153,20,119,152,78,246
29,37,219,39,163,58,22,182,103,124
29,38,92,148,151,127,118,71,237,47
29,39,2,138,189,38,248,45,70,69
30,0,148,195,184,120,236,254,211,56
30,1,193,164,76,61,1,124,86,78
30,2,11,228,188,60,92,170,133,49
30,3,201,155,56,16,249,154,157,108
30,4,134,88,216,152,98,239,94,90
30,5,110,58,23,251,60,153,0,230
30,6,92,65,125,7,82,173,235,183
30,7,78,243,185,75,140,32,137,228
30,8,225,47,247,148,195,72,75,152
30,9,99,22,133,224,142,1,207,103
30,10,116,207,109,49,6,132,133,25
30,11,153,107,97,239,7,164,150,54
30,12,3,47,99,16,21,15,252,73
30,13,20,177,3,180,13,185,132,212
30,14,230,220,81,55,54,196,200,125
30,15,178,248,213,150,147,139,158,35
30,16,230,183,172,243,35,102,205,54
30,17,69,233,60,248,185,226,93,218
30,18,83,176,199,77,155,69,52,209
30,19,60,229,207,233,75,122,129,221
30,20,47,247,148,195,72,225,75,42
30,21,99,22,156,228,214,133,194,1
30,22,207,0,140,144,116,247,9,157
30,23,153,107,253,99,102,19,204,150
30,24,1,106,62,47,3,99,185,105
30,25,13,83,20,210,132,202,254,180
30,26,54,134,248,204,55,230,200,91
30,27,150,139,248,126,178,228,206,147
30,28,230,183,28,54,35,24,191,152
30,29,69,65,98,151,1,236,245,248
30,30,176,97,83,69,64,225,45,77
30,31,95,60,135,221,240,229,75,59
30,32,58,195,146,31,247,19,248,255
30,33,37,97,176,72,36,181,250,189
30,34,255,212,80,249,10,15,109,246
30,35,129,176,106,95,49,194,77,40
30,36,228,21,119,17,138,188,55,149
30,37,219,244,214,156,121,243,119,163
30,38,63,50,141,149,150,204,98,177
30,39,127,83,101,136,137,209,45,142
31,0,14,167,94,26,132,246,38,210
31,1,164,76,61,193,198,3,150,106
31,2,11,92,188,228,60,110,150,230
31,3,201,163,56,155,157,22,54,116
31,4,94,134,88,140,90,132,152,233
31,5,60,58,251,110,23,222,115,210
31,6,12,125,92,7,233,235,30,65
31,7,78,75,142,175,57,181,245,81
31,8,148,47,247,72,16,22,133,50
31,9,99,22,1,134,221,243,58,44
31,10,207,116,49,233,146,61,217,133
31,11,153,230,97,54,102,152,4,164
31,12,50,99,16,21,116,2,137,13
31,13,83,180,185,132,13,34,212,0
31,14,248,54,230,134,21,55,44,252
31,15,139,227,178,248,150,90,145,92
31,16,230,183,102,191,234,169,24,63
31,17,69,60,236,233,98,10,161,164
31,18,176,77,199,69,209,233,83,64
31,19,60,95,135,129,207,233,221,114
31,20,148,247,72,133,240,47,53,152
31,21,99,221,214,22,1,32,243,230
31,22,207,0,116,233,217,102,149,199
31,23,153,61,138,97,54,230,181,40
31,24,52,50,105,99,2,106,116,113
31,25,180,83,132,0,13,208,183,254
31,26,248,230,54,55,132,12,196,134
31,27,139,150,248,126,178,206,145,92
31,28,183,230,54,63,191,35,24,28
31,29,69,65,236,204,151,98,1,161
31,30,176,83,97,69,77,225,45,64
31,31,95,229,135,233,60,240,221,75
31,32,146,195,31,247,86,19,128,236
31,33,97,37,72,94,36,181,250,133
31,34,109,255,212,10,249,19,15,246
31,35,129,49,176,136,121,21,58,40
31,36,21,119,228,234,8,138,73,188
31,37,214,219,243,53,165,244,110,34
31,38,149,156,150,98,222,87,88,63
31,39,127,251,83,255,209,141,5,173
32,0,210,53,240,132,129,17,45,16
32,1,61,76,164,73,3,193,198,150
32,2,92,11,110,150,217,86,245,188
32,3,201,56,116,30,224,217,212,155
32,4,134,94,90,195,88,216,132,233
32,5,60,110,58,222,251,0,243,23
32,6,125,92,12,235,7,65,30,233
32,7,78,75,181,223,175,245,142,57
32,8,148,72,247,23,195,16,164,152
32,9,99,22,1,120,221,243,41,44
32,10,61,207,229,49,6,249,116,217
32,11,153,107,150,239,96,152,114,101
32,12,52,16,99,3,21,106,211,15
32,13,180,185,251,212,83,253,3,20
32,14,230,55,136,54,4,102,107,204
32,15,248,150,139,227,158,27,147,45
32,16,183,230,63,172,54,169,112,149
32,17,69,236,233,65,161,98,226,152
32,18,199,176,69,83,155,77,6,217
32,19,233,60,221,207,95,135,75,229
32,20,148,72,195,247,240,92,133,23
32,21,99,221,22,228,214,1,194,243
32,22,229,61,207,249,0,144,6,167
32,23,153,96,253,181,61,138,102,130
32,24,52,106,105,62,185,116,99,193
32,25,83,180,200,13,221,208,254,183
32,26,230,54,248,134,204,163,55,107
32,27,150,139,248,126,241,177,254,227
32,28,183,230,54,149,35,63,185,28
32,29,69,65,236,1,98,151,204,93
32,30,176,97,69,83,77,45,225,6
32,31,95,221,233,229,122,240,75,135
32,32,31,146,195,247,255,236,199,128
32,33,72,97,37,94,36,217,75,67
32,34,10,212,246,54,255,187,19,109
32,35,129,49,14,202,21,56,167,16
32,36,188,119,234,8,153,158,0,242
32,37,219,165,22,240,207,25,103,7
32,38,88,138,230,145,10,72,127,175
32,39,23,10,68,222,16,175,101,45
33,0,212,1,218,3,170,136,33,45
33,1,193,40,153,48,183,98,96,234
33,2,245,125,96,95,112,232,205,247
33,3,192,254,217,143,111,173,153,9
33,4,123,134,49,182,152,145,216,165
33,5,80,19,213,23,58,31,222,110
33,6,125,12,124,77,39,111,24,152
33,7,78,61,160,133,120,175,75,57
33,8,157,247,148,22,72,75,245,152
33,9,99,160,22,1,44,166,243,143
33,10,61,213,12,49,133,76,249,226
33,11,54,158,96,97,34,239,180,215
33,12,99,106,167,16,211,142,175,185
33,13,42,83,180,37,13,148,174,208
33,14,55,216,248,136,54,113,115,163
33,15,139,177,116,150,227,83,228,237
33,16,175,63,183,144,166,247,162,191
33,17,69,185,162,217,65,226,138,161
33,18,97,199,77,176,72,83,44,155
33,19,221,207,95,135,114,125,83,99
33,20,157,148,72,247,133,240,195,50
33,21,99,160,214,194,228,243,1,128
33,22,229,123,133,12,61,249,227,167
33,23,138,249,181,226,158,61,34,25
33,24,68,106,175,193,99,246,247,2
33,25,42,83,180,13,221,254,183,37
33,26,26,248,163,54,134,204,55,166
33,27,139,150,228,82,177,198,126,116
33,28,175,183,63,147,247,201,169,197
33,29,69,162,65,98,1,216,185,79
33,30,176,72,97,83,77,45,225,174
33,31,221,95,229,135,207,75,240,59
33,32,31,116,197,255,128,236,224,27
33,33,72,206,59,18,152,136,182,63
33,34,241,152,10,11,246,213,211,205
33,35,129,14,202,39,56,7,16,34
33,36,251,188,239,119,158,153,10,73
33,37,219,22,103,199,55,248,209,20
33,38,124,127,230,118,175,106,20,173
33,39,55,36,13,70,203,85,222,34
34,0,41,62,36,211,160,207,151,59
34,1,101,193,41,116,178,6,88,17
34,2,48,96,139,182,193,95,141,97
34,3,167,72,70,243,192,217,163,10
34,4,134,132,239,149,195,10,183,175
34,5,80,222,164,42,234,60,110,19
34,6,152,12,7,211,81,125,190,17
34,7,161,78,142,159,75,145,160,241
34,8,148,22,16,63,247,50,72,53
34,9,99,1,201,243,134,58,214,155
34,10,233,133,231,227,213,146,116,61
34,11,97,226,96,37,241,180,202,158
34,12,166,50,185,10,126,99,100,208
34,13,83,185,13,180,0,130,208,5
34,14,248,54,229,44,21,132,26,134
34,15,139,117,227,150,90,244,104,183
34,16,183,169,191,102,154,247,175,182
34,17,69,49,98,185,4,99,217,8
34,18,66,77,97,176,199,83,141,233
34,19,207,95,135,83,219,114,49,60
34,20,148,72,172,50,133,22,240,53
34,21,99,214,128,58,15,1,71,194
34,22,233,227,61,129,231,102,6,123
34,23,226,138,61,97,17,158,213,25
34,24,166,193,50,91,142,99,2,88
34,25,83,183,42,0,13,180,5,221
34,26,166,163,26,54,229,248,55,17
34,27,139,82,79,150,228,70,117,177
34,28,183,175,63,247,138,28,152,102
34,29,69,4,98,185,78,216,144,99
34,30,66,83,97,225,44,176,72,64
34,31,221,95,83,75,157,135,85,207
34,32,31,14,255,146,173,197,128,236
34,33,72,103,181,189,36,59,136,133
34,34,11,109,227,10,18,246,152,5
34,35,129,14,58,202,171,7,44,16
34,36,48,188,251,119,153,47,55,158
34,37,219,162,22,34,55,199,124,20
34,38,124,127,185,175,118,230,173,55
34,39,224,77,70,167,222,34,203,116
35,0,211,151,174,159,163,70,62,178
35,1,193,206,230,253,44,101,80,17
35,2,141,137,96,116,104,2,35,235
35,3,192,162,239,163,72,111,79,10
35,4,123,44,134,175,221,77,195,10
35,5,80,19,222,58,134,95,164,42
35,6,12,152,125,39,43,240,30,248
35,7,78,142,223,38,175,98,186,213
35,8,148,22,50,16,72,247,53,161
35,9,99,1,58,44,22,254,134,41
35,10,61,242,19,213,11,12,195,192
35,11,218,180,96,215,97,220,54,226
35,12,175,208,124,99,68,167,211,10
35,13,83,13,234,216,185,180,19,212
35,14,216,55,136,54,230,229,248,26
35,15,82,139,227,177,117,150,127,228
35,16,175,63,183,160,191,190,144,172
35,17,69,164,21,144,150,62,9,185
35,18,199,99,83,176,77,97,44,72
35,19,85,114,95,207,221,138,195,129
35,20,148,17,72,240,247,172,195,133
35,21,99,214,201,1,210,71,128,221
35,22,242,61,80,231,227,19,102,123
35,23,96,218,220,201,215,158,75,239
35,24,68,158,11,124,193,246,105,88
35,25,83,221,71,13,254,183,42,216
35,26,216,55,248,26,54,134,31,132
35,27,139,82,28,126,33,206,227,177
35,28,175,183,63,102,24,28,152,191
35,29,69,164,21,1,88,98,162,151
35,30,176,97,77,225,83,64,162,99
35,31,221,95,135,85,59,240,88,229
35,32,123,86,109,179,140,236,31,247
35,33,95,234,36,189,72,198,102,104
35,34,240,10,44,238,246,72,164,67
35,35,129,49,202,14,74,187,148,190
35,36,188,119,227,142,147,115,26,158
35,37,219,78,22,54,209,221,61,27
35,38,119,215,251,139,169,173,175,138
35,39,158,122,165,179,80,117,222,235
36,0,121,117,187,146,172,4,171,11
36,1,43,13,193,169,66,158,194,57
36,2,249,141,232,137,169,2,96,164
36,3,170,192,111,72,166,27,50,201
36,4,123,55,119,8,134,152,2,228
36,5,80,58,23,19,0,222,210,61
36,6,125,12,92,3,43,90,39,235
36,7,78,181,133,213,243,108,57,4
36,8,148,247,112,53,22,120,16,145
36,9,19,99,22,206,1,178,166,194
36,10,163,207,49,61,12,227,80,116
36,11,18,116,54,142,97,130,230,107
36,12,99,21,67,3,11,41,106,144
36,13,200,83,180,185,177,26,91,67
36,14,26,38,55,134,54,248,193,87
36,15,99,139,227,248,127,126,103,177
36,16,183,54,63,175,78,172,169,243
36,17,69,155,161,236,233,218,98,226
36,18,176,6,199,77,83,64,69,188
36,19,221,233,95,135,129,138,59,99
36,20,148,72,240,112,133,247,195,53
36,21,99,19,214,1,228,206,71,194
36,22,163,227,133,80,207,229,231,61
36,23,18,142,181,130,239,54,96,97
36,24,106,213,193,142,99,88,2,116
36,25,83,189,180,183,221,200,234,208
36,26,248,55,134,38,254,132,204,110
36,27,139,99,228,126,241,183,227,103
36,28,63,183,191,175,152,54,144,103
36,29,69,65,155,102,1,236,98,152
36,30,176,6,77,51,225,83,44,45
36,31,221,95,240,233,88,59,135,75
36,32,17,175,128,31,245,236,37,89
36,33,72,23,214,105,117,94,168,57
36,34,54,182,19,10,187,58,246,98
36,35,129,7,49,14,202,212,248,167
36,36,119,253,188,245,0,8,153,239
36,37,219,209,164,22,7,103,207,90
36,38,136,127,93,22,47,118,175,230
36,39,68,23,16,201,241,225,80,128
37,0,136,241,78,56,18,14,89,68
37,1,166,193,6,228,183,186,119,190
37,2,95,125,185,13,232,191,47,9
37,3,255,162,158,89,166,173,111,192
37,4,123,253,134,227,2,145,165,89
37,5,174,80,3,23,111,223,222,42
37,6,12,152,91,118,194,211,125,248
37,7,165,195,142,57,133,72,78,213
37,8,148,157,247,22,72,120,24,253
37,9,99,194,1,22,166,117,143,19
37,10,68,12,227,49,80,108,231,226
37,11,64,78,61,130,253,162,58,97
37,12,88,91,142,113,10,79,99,126
37,13,83,42,189,34,130,177,208,180
37,14,248,54,132,244,55,21,115,204
37,15,139,90,227,117,206,228,3,190
37,16,191,74,183,247,195,63,24,172
37,17,69,8,185,210,217,196,98,244
37,18,77,233,176,64,58,171,73,166
37,19,95,135,54,115,59,240,129,99
37,20,148,247,22,133,161,240,72,53
37,21,99,1,143,214,128,34,22,37
37,22,68,116,108,207,227,229,12,251
37,23,64,80,54,40,28,138,193,61
37,24,78,144,116,10,142,99,68,2
37,25,42,83,221,189,23,208,183,119
37,26,55,248,132,244,134,166,204,200
37,27,139,228,126,183,190,70,227,255
37,28,247,63,191,183,147,220,201,36
37,29,69,185,98,125,161,1,159,65
37,30,72,176,77,51,83,225,44,38
37,31,221,95,240,75,88,59,212,248
37,32,224,197,31,245,175,236,255,128
37,33,63,72,156,18,217,206,168,117
37,34,152,54,213,10,246,177,76,98
37,35,129,14,7,39,202,171,212,248
37,36,188,239,251,245,119,24,172,153
37,37,219,50,62,209,22,7,185,153
37,38,146,175,47,127,106,118,21,16
37,39,85,177,203,45,134,13,10,128
38,0,36,29,134,136,41,1,86,4
38,1,193,190,254,22,166,165,28,234
38,2,95,125,185,13,182,47,139,77
38,3,255,247,192,201,177,111,10,173
38,4,123,253,149,152,134,180,165,211
38,5,23,222,213,3,80,111,223,190
38,6,125,12,152,43,55,98,91,237
38,7,133,78,61,142,57,75,185,132
38,8,157,148,247,22,50,72,246,151
38,9,99,22,58,1,221,166,97,243
38,10,49,227,133,183,61,126,214,12
38,11,72,78,97,54,101,80,34,230
38,12,99,88,100,166,184,213,144,10
38,13,42,180,83,185,177,57,3,15
38,14,55,87,166,136,113,254,31,54
38,15,139,116,126,83,228,254,227,183
38,16,247,63,39,183,162,138,169,175
38,17,69,185,161,99,249,125,247,226
38,18,176,44,199,72,99,130,77,75
38,19,221,248,95,94,114,19,207,129
38,20,157,148,104,50,72,172,240,106
38,21,194,99,214,221,58,228,210,155
38,22,133,175,167,227,215,12,10,136
38,23,78,138,72,181,226,193,230,162
38,24,99,88,79,213,113,142,193,184
38,25,42,146,180,44,221,177,3,83
38,26,166,254,55,248,88,9,31,136
38,27,139,228,183,126,141,150,153,190
38,28,247,63,138,183,201,191,152,39
38,29,69,185,125,162,1,99,65,238
38,30,176,72,44,130,51,77,144,225
38,31,221,95,75,195,19,240,88,248
38,32,128,197,245,31,75,236,175,116
38,33,72,18,206,59,103,5,63,161
38,34,152,11,227,10,246,213,204,98
38,35,129,14,7,39,202,171,130,186
38,36,251,188,48,245,239,148,35,176
38,37,219,55,7,92,209,50,22,152
38,38,124,175,106,20,127,230,14,93
38,39,10,185,120,45,177,166,203,224
39,0,41,62,134,151,211,50,36,203
39,1,101,193,254,88,178,8,175,131
39,2,97,182,139,96,95,47,222,141
39,3,72,189,243,154,218,213,167,73
39,4,149,239,134,253,244,175,4,123
39,5,222,164,95,111,145,23,60,58
39,6,152,12,98,91,125,7,43,179
39,7,57,159,78,75,145,161,136,133
39,8,148,216,22,16,98,231,72,75
39,9,99,1,243,201,58,134,224,166
39,10,233,227,61,116,146,175,131,12
39,11,97,164,54,230,140,83,215,202
39,12,185,166,10,110,142,211,99,196
39,13,185,83,115,180,42,0,251,130
39,14,21,248,54,132,115,134,55,190
39,15,139,183,227,90,228,104,117,74
39,16,63,169,183,191,138,247,154,24
39,17,49,69,185,125,98,238,161,226
39,18,66,176,77,233,141,151,83,64
39,19,207,95,221,60,248,83,219,49
39,20,148,216,50,72,150,178,199,22
39,21,99,53,214,58,128,71,194,230
39,22,115,61,233,123,95,82,12,175
39,23,226,51,58,215,97,38,96,61
39,24,88,124,142,79,91,166,157,120
39,25,221,42,251,115,146,0,5,44
39,26,166,31,55,154,248,254,130,132
39,27,82,139,228,183,117,126,79,247
39,28,63,247,183,138,191,186,169,140
39,29,69,125,185,98,238,157,78,4
39,30,151,66,44,176,225,77,83,99
39,31,95,75,221,88,59,207,85,83
39,32,120,140,128,14,236,31,245,255
39,33,72,103,181,133,59,189,5,36
39,34,109,227,152,11,5,18,10,246
39,35,129,14,7,74,171,44,202,187
39,36,48,188,245,143,47,61,227,251
39,37,219,55,169,127,61,80,232,74
39,38,185,175,173,124,72,222,98,197
39,39,77,224,226,198,18,90,101,47
40,0,211,151,178,174,134,159,70,116
40,1,193,206,230,44,253,254,10,80
40,2,141,137,116,235,105,55,190,97
40,3,192,162,32,10,239,79,200,72
40,4,123,44,221,175,134,227,253,244
40,5,134,222,111,58,145,3,95,42
40,6,12,152,125,43,248,30,91,98
40,7,78,142,57,133,38,175,136,145
40,8,148,216,50,22,145,72,24,16
40,9,99,58,1,221,20,254,210,44
40,10,12,242,61,11,227,82,71,95
40,11,215,220,97,218,54,164,72,117
40,12,211,185,10,124,157,21,142,175
40,13,83,26,115,185,180,221,67,130
40,14,87,55,248,166,136,31,191,88
40,15,228,227,139,82,191,254,117,183
40,16,183,39,193,63,247,172,169,191
40,17,69,125,21,185,233,161,91,9
40,18,99,176,199,77,83,151,44,167
40,19,85,95,221,114,138,254,6,90
40,20,148,17,240,195,26,245,50,72
40,21,99,122,214,210,1,128,79,230
40,22,242,61,12,207,216,123,175,11
40,23,123,201,215,220,218,96,116,51
40,24,124,87,3,11,116,128,193,73
40,25,221,71,83,254,91,183,19,26
40,26,248,54,132,31,204,55,166,44
40,27,139,228,3,206,28,86,190,82
40,28,28,183,193,102,152,191,247,63
40,29,69,88,1,21,185,62,151,9
40,30,77,162,225,91,83,64,99,176
40,31,59,95,85,88,135,75,34,137
40,32,140,179,125,236,123,254,109,47
40,33,132,95,72,198,139,189,102,104
40,34,44,238,240,10,67,72,246,164
40,35,129,74,190,148,202,14,167,16
40,36,227,115,188,142,147,39,248,153
40,37,78,219,65,27,169,16,22,199
40,38,169,251,215,119,175,159,80,118
40,39,231,158,117,122,179,244,226,235
41,0,123,196,229,249,105,216,7,104
41,1,225,231,27,150,11,193,75,155
41,2,162,210,4,164,90,17,103,109
41,3,133,187,37,152,31,84,27,235
41,4,108,142,13,90,102,222,167,236
41,5,104,186,58,222,193,161,110,251
41,6,125,12,167,153,30,43,123,93
41,7,78,185,29,23,187,57,108,133
41,8,148,195,234,23,116,72,180,89
41,9,99,29,203,94,1,143,140,166
41,10,169,130,207,198,11,216,227,49
41,11,107,189,97,82,25,215,185,61
41,12,15,116,21,3,63,41,26,128
41,13,83,130,43,45,212,208,147,3
41,14,54,51,44,204,248,124,20,161
41,15,147,206,139,162,81,165,213,92
41,16,205,172,35,5,191,183,220,196
41,17,69,8,250,172,233,1,60,61
41,18,77,83,176,197,57,179,187,43
41,19,130,4,122,59,26,207,75,205
41,20,148,234,133,23,195,180,72,245
41,21,99,29,207,94,203,164,35,161
41,22,116,169,198,196,178,83,207,113
41,23,189,107,42,174,170,97,134,123
41,24,116,74,63,15,3,26,220,160
41,25,147,43,45,208,221,2,26,83
41,26,44,248,51,124,204,54,132,137
41,27,139,162,147,206,81,165,3,200
41,28,28,183,35,5,133,195,191,205
41,29,69,1,250,172,76,87,151,60
41,30,77,179,225,83,91,64,187,205
41,31,122,59,95,109,205,130,88,4
41,32,98,99,254,186,237,90,47,247
41,33,126,86,238,72,215,183,143,92
41,34,132,84,96,252,207,180,10,1
41,35,57,160,235,167,27,202,14,129
41,36,70,222,20,248,232,171,188,217
41,37,72,65,61,182,232,219,74,51
41,38,64,105,18,143,182,237,16,151
41,39,2,138,6,226,22,235,91,237
42,0,235,253,190,141,221,115,177,61
42,1,68,193,75,21,215,46,113,97
42,2,10,121,57,17,145,109,123,34
42,3,35,34,128,91,12,37,199,187
42,4,90,108,142,222,6,163,96,153
42,5,110,58,145,193,43,222,251,32
42,6,153,215,138,143,156,167,173,196
42,7,78,175,185,117,123,23,42,245
42,8,116,195,234,180,23,175,52,4
42,9,116,191,38,203,1,118,99,195
42,10,198,36,13,169,125,65,120,196
42,11,189,107,239,233,108,128,73,86
42,12,85,93,15,3,253,128,151,73
42,13,212,105,107,45,134,29,241,11
42,14,51,41,137,88,54,52,149,86
42,15,162,147,165,148,213,195,92,173
42,16,35,172,205,28,183,231,174,238
42,17,69,87,250,248,233,20,93,44
42,18,83,43,77,179,204,197,170,155
42,19,122,116,109,20,205,75,4,130
42,20,23,195,234,72,116,137,4,105
42,21,116,191,164,29,1,38,99,35
42,22,125,198,36,169,247,196,150,65
42,23,189,239,128,47,86,206,107,193
42,24,93,74,220,15,3,54,62,151
42,25,105,212,134,107,138,147,253,45
42,26,88,51,54,204,214,149,231,41
42,27,147,162,139,165,14,58,229,173
42,28,35,160,28,172,183,238,133,205
42,29,69,87,250,152,1,76,93,172
42,30,83,179,77,225,170,163,187,166
42,31,122,116,109,75,20,205,4,88
42,32,226,90,255,119,128,181,237,254
42,33,93,92,86,85,83,43,72,210
42,34,132,74,82,1,96,26,207,76
42,35,72,27,14,57,160,42,155,235
42,36,222,20,70,192,143,220,149,80
42,37,39,72,5,182,219,86,61,24
42,38,64,151,16,148,21,196,202,245
42,39,186,154,190,138,38,11,128,218
43,0,132,158,38,190,253,112,54,152
43,1,193,122,105,117,201,140,211,182
43,2,121,10,145,217,158,167,100,128
43,3,91,128,34,199,35,37,12,118
43,4,90,6,153,142,108,129,28,163
43,5,110,222,58,145,47,251,65,43
43,6,7,153,138,143,31,60,22,196
43,7,78,117,175,185,23,123,118,5
43,8,195,180,116,23,175,234,239,72
43,9,239,191,38,203,1,99,164,9
43,10,65,125,27,198,36,196,157,169
43,11,19,239,108,144,189,160,206,128
43,12,93,15,85,151,128,220,3,74
43,13,212,105,11,45,103,134,241,107
43,14,51,41,88,137,125,53,189,52
43,15,162,147,165,148,195,172,229,98
43,16,172,35,238,160,205,28,231,220
43,17,69,87,93,233,250,5,248,160
43,18,43,197,83,170,204,126,179,77
43,19,122,116,109,20,167,195,75,212
43,20,195,23,72,239,133,105,4,137
43,21,239,191,116,38,203,1,164,210
43,22,125,36,65,185,198,247,27,169
43,23,239,47,189,128,193,150,206,74
43,24,93,220,87,151,199,74,62,41
43,25,105,212,138,134,154,182,103,6
43,26,51,88,137,204,214,41,54,149
43,27,165,162,147,58,139,228,172,195
43,28,160,35,28,205,238,172,43,183
43,29,69,87,250,152,93,76,0,5
43,30,77,179,201,83,163,226,197,170
43,31,122,116,75,109,212,205,4,167
43,32,128,119,226,90,255,181,178,252
43,33,93,86,72,85,83,43,92,238
43,34,186,132,1,96,74,82,26,207
43,35,27,57,14,72,160,42,84,239
43,36,20,222,70,192,188,181,120,245
43,37,39,219,58,163,31,182,190,74
43,38,151,148,64,92,159,0,180,16
43,39,186,38,189,2,138,238,154,69
44,0,5,220,38,193,167,53,44,129
44,1,122,201,117,238,105,58,193,140
44,2,49,20,78,43,167,67,41,217
44,3,12,91,41,34,35,128,117,204
44,4,58,90,160,5,179,130,174,159
44,5,145,239,110,132,158,58,220,90
44,6,7,65,98,118,230,254,43,21
44,7,78,185,175,187,98,142,47,57
44,8,148,195,175,53,72,24,23,239
44,9,99,203,239,1,207,201,53,143
44,10,29,115,82,11,61,189,192,76
44,11,42,239,253,51,214,41,73,149
44,12,62,10,116,88,53,211,220,174
44,13,83,208,212,34,130,45,26,221
44,14,248,132,44,54,204,211,216,161
44,15,3,139,206,90,228,122,129,120
44,16,191,88,195,24,74,7,205,181
44,17,69,8,115,1,217,60,151,177
44,18,77,233,64,204,155,83,91,176
44,19,54,59,115,95,135,129,3,171
44,20,148,247,133,53,22,23,72,84
44,21,99,207,22,85,143,31,134,1
44,22,116,160,250,207,178,236,251,108
44,23,80,54,107,97,134,162,96,213
44,24,2,116,3,10,62,99,68,126
44,25,208,221,26,130,2,183,50,83
44,26,44,248,216,132,55,54,231,200
44,27,139,228,162,206,3,147,169,100
44,28,28,183,35,88,205,195,24,191
44,29,69,1,5,60,250,8,204,151
44,30,77,197,83,225,179,155,166,64
44,31,122,75,59,95,167,109,191,88
44,32,119,90,128,47,186,237,254,96
44,33,72,86,93,238,83,92,85,183
44,34,132,186,1,116,96,82,207,10
44,35,57,167,14,160,129,235,202,42
44,36,70,20,188,181,153,248,120,158
44,37,39,219,58,182,163,31,22,190
44,38,151,148,92,71,118,0,127,249
44,39,2,189,38,69,138,154,70,78
45,0,236,211,200,173,225,43,77,95
45,1,129,193,211,112,124,250,147,172
45,2,49,217,11,60,219,167,20,71
45,3,177,199,43,225,245,164,193,172
45,4,90,140,193,195,205,250,28,54
45,5,222,60,110,251,248,188,152,50
45,6,65,143,183,14,7,138,22,68
45,7,78,175,223,57,3,47,245,203
45,8,175,195,24,72,148,116,62,224
45,9,25,99,1,193,118,208,195,243
45,10,65,157,27,185,126,208,82,90
45,11,239,150,47,81,89,253,228,187
45,12,53,0,3,220,41,88,62,146
45,13,212,135,233,253,64,105,20,241
45,14,230,53,41,215,110,71,29,229
45,15,228,229,172,255,2,195,183,68
45,16,160,35,238,172,205,248,28,93
45,17,18,69,93,233,164,112,44,99
45,18,83,197,201,155,85,43,217,241
45,19,122,26,195,212,219,167,36,244
45,20,195,104,17,26,21,175,36,23
45,21,171,210,193,203,1,195,156,118
45,22,157,238,127,210,36,151,27,65
45,23,239,47,81,253,228,150,196,213
45,24,0,41,126,193,87,220,53,62
45,25,212,138,135,2,105,233,132,27
45,26,230,41,216,207,163,110,204,140
45,27,228,255,139,229,187,172,154,147
45,28,160,205,172,35,238,228,215,28
45,29,93,18,69,233,44,72,112,164
45,30,201,197,241,51,199,108,174,88
45,31,122,75,26,167,219,238,19,212
45,32,128,252,250,19,255,31,235,43
45,33,32,72,234,83,39,61,4,210
45,34,132,186,63,1,108,185,120,40
45,35,43,27,97,38,21,211,194,234
45,36,199,25,60,237,221,171,19,80
45,37,72,160,36,88,61,184,185,120
45,38,0,88,193,180,138,5,23,248
45,39,6,142,22,88,208,253,100,151
46,0,198,15,21,35,101,10,102,131
46,1,16,216,193,150,148,110,127,212
46,2,41,217,167,233,231,249,179,1
46,3,244,130,183,12,216,27,161,212
46,4,184,20,87,150,90,195,97,66
46,5,251,162,143,23,37,94,222,142
46,6,12,254,21,30,230,213,125,240
46,7,142,57,175,78,245,251,132,140
46,8,148,72,247,175,98,22,105,152
46,9,99,1,134,143,22,224,226,233
46,10,176,116,217,76,127,25,108,78
46,11,42,204,135,97,45,56,61,12
46,12,116,10,24,50,171,251,176,42
46,13,208,83,130,34,212,118,189,0
46,14,248,132,54,44,146,252,230,204
46,15,139,206,3,90,129,12,92,100
46,16,74,191,59,234,73,130,114,228
46,17,69,8,211,170,220,60,229,238
46,18,77,176,233,64,91,155,209,143
46,19,95,59,135,137,115,129,83,125
46,20,148,133,53,72,247,98,240,22
46,21,99,207,134,22,1,143,230,251
46,22,116,160,207,156,178,132,246,42
46,23,80,56,204,61,45,146,157,141
46,24,222,2,163,116,125,91,37,239
46,25,208,189,192,219,146,174,238,118
46,26,78,146,248,54,55,132,161,40
46,27,139,206,100,244,98,190,26,38
46,28,74,191,73,228,72,129,36,137
46,29,150,69,1,220,165,8,60,211
46,30,77,38,122,233,17,240,176,91
46,31,67,137,14,195,135,59,124,241
46,32,33,47,101,104,255,175,230,117
46,33,192,81,189,75,72,5,166,181
46,34,16,247,109,141,223,211,55,182
46,35,202,167,194,104,156,115,197,229
46,36,188,110,235,176,153,119,10,158
46,37,219,103,4,124,159,89,199,234
46,38,103,128,191,206,120,180,8,88
46,39,228,10,80,142,159,104,227,208
47,0,190,253,235,158,141,64,221,140
47,1,217,113,203,82,7,179,137,21
47,2,167,43,249,128,12,109,84,123
47,3,35,91,190,128,34,255,172,199
47,4,90,27,6,61,28,153,45,188
47,5,43,135,222,185,90,110,188,71
47,6,138,14,65,143,133,22,182,76
47,7,78,175,117,229,245,57,81,123
47,8,116,175,162,72,180,195,224,4
47,9,116,99,191,195,1,255,243,118
47,10,65,27,247,125,157,185,13,36
47,11,239,81,150,47,108,206,160,89
47,12,93,53,62,220,3,15,193,0
47,13,212,105,103,138,11,236,205,182
47,14,41,51,53,137,125,52,189,55
47,15,229,172,162,147,148,165,195,228
47,16,160,238,35,205,28,144,172,60
47,17,69,93,5,18,87,211,20,248
47,18,43,197,83,201,85,170,155,199
47,19,122,116,167,109,26,195,20,75
47,20,195,23,72,116,239,137,105,139
47,21,116,171,191,210,122,1,193,35
47,22,36,185,125,238,176,65,217,243
47,23,239,81,143,150,47,73,34,128
47,24,62,93,53,199,0,60,145,52
47,25,212,105,138,134,251,154,20,185
47,26,41,88,51,149,97,207,230,216
47,27,229,172,165,147,58,139,162,195
47,28,160,238,205,35,144,172,152,43
47,29,93,69,5,87,152,18,72,241
47,30,201,197,51,170,199,83,77,227
47,31,75,116,167,122,109,212,26,19
47,32,128,252,226,119,255,90,241,31
47,33,210,85,32,93,72,83,51,39
47,34,132,74,254,186,1,82,85,26
47,35,27,72,194,14,53,239,211,248
47,36,222,20,192,196,171,238,141,143
47,37,39,24,88,129,219,25,173,234
47,38,64,151,138,222,207,134,159,176
47,39,186,190,222,22,206,11,17,101
48,0,193,167,38,54,72,94,152,183
48,1,140,122,117,201,217,179,105,152
48,2,167,43,106,128,249,46,173,253
48,3,91,35,34,128,172,164,94,255
48,4,61,90,27,171,45,28,205,6
48,5,222,110,152,227,68,130,160,109
48,6,96,53,14,133,89,237,76,12
48,7,78,175,47,70,206,250,110,42
48,8,195,175,24,245,44,253,82,104
48,9,116,91,113,118,195,139,119,191
48,10,152,100,212,141,11,13,183,211
48,11,239,253,81,41,176,39,28,172
48,12,53,62,16,0,243,254,69,252
48,13,233,138,3,253,2,112,243,212
48,14,41,55,163,71,200,35,53,31
48,15,183,172,228,255,187,117,83,229
48,16,160,248,63,39,172,144,205,215
48,17,69,5,112,93,99,233,138,65
48,18,241,97,155,83,217,37,172,197
48,19,122,26,195,166,167,125,158,238
48,20,195,174,17,175,148,245,72,235
48,21,210,116,171,122,99,203,228,71
48,22,36,60,136,129,238,179,162,127
48,23,239,246,196,34,168,224,129,181
48,24,16,53,126,41,87,247,169,0
48,25,138,105,212,112,2,185,251,135
48,26,163,41,216,31,55,142,88,197
48,27,139,228,172,229,153,255,187,82
48,28,160,205,176,172,35,39,209,183
48,29,93,69,44,5,161,53,226,121
48,30,201,197,44,77,3,199,241,39
48,31,75,122,167,238,26,195,166,212
48,32,255,223,31,128,252,226,43,119
48,33,32,72,51,70,110,85,66,137
48,34,186,254,132,108,76,1,116,99
48,35,194,203,95,64,38,238,14,162
48,36,186,75,199,60,94,245,22,86
48,37,218,1,219,24,61,226,80,234
48,38,207,239,184,180,222,138,177,117
48,39,222,235,25,91,82,22,98,100
49,0,211,60,23,58,33,195,71,67
49,1,124,193,163,243,125,129,78,55
49,2,188,11,91,143,32,3,193,49
49,3,56,93,126,249,172,243,46,197
49,4,90,147,233,28,134,175,132,32
49,5,108,60,164,91,222,136,248,154
49,6,12,30,210,113,69,213,252,237
49,7,175,78,32,38,18,160,251,3
49,8,175,195,108,63,40,148,22,222
49,9,1,99,117,218,243,224,34,254
49,10,38,172,135,148,86,11,90,242
49,11,218,117,63,239,230,51,121,254
49,12,16,4,69,208,73,243,252,153
49,13,215,212,132,45,13,244,205,143
49,14,35,55,163,204,29,219,200,249
49,15,227,53,35,83,112,243,127,155
49,16,160,176,40,103,144,83,118,37
49,17,69,47,27,99,161,226,32,93
49,18,241,129,97,152,83,38,104,155
49,19,63,180,195,122,95,212,138,125
49,20,195,148,240,17,72,225,152,202
49,21,99,1,128,228,243,171,210,254
49,22,38,135,148,226,129,249,195,86
49,23,19,166,117,239,63,253,104,28
49,24,16,126,240,239,73,69,246,153
49,25,215,83,239,71,17,212,115,136
49,26,163,204,142,125,85,186,91,29
49,27,153,139,53,255,227,59,86,126
49,28,160,254,176,183,28,215,205,106
49,29,69,93,18,225,226,79,161,27
49,30,129,77,83,44,38,51,92,241
49,31,122,49,75,63,95,195,149,212
49,32,31,255,128,109,123,173,240,13
49,33,72,61,198,110,66,235,32,108
49,34,191,13,166,244,121,254,164,46
49,35,14,97,129,64,171,9,238,43
49,36,60,22,75,186,9,171,80,40
49,37,219,132,1,130,61,91,221,121
49,38,0,193,175,111,8,17,10,143
49,39,8,42,235,222,227,22,226,172
50,0,25,128,164,79,243,100,12,247
50,1,30,162,222,23,10,17,139,16
50,2,200,232,204,168,46,169,218,51
50,3,109,45,200,72,53,40,252,215
50,4,89,147,250,134,233,56,184,90
50,5,108,222,80,112,246,118,36,210
50,6,12,23,30,72,152,192,252,249
50,7,57,18,3,110,149,175,120,22
50,8,175,40,63,238,50,72,148,129
50,9,99,224,1,118,31,45,119,34
50,10,38,135,49,173,86,226,167,71
50,11,117,239,72,184,46,112,167,16
50,12,16,131,216,252,239,180,249,201
50,13,211,215,148,152,83,3,216,185
50,14,55,163,35,87,59,247,85,229
50,15,139,191,227,83,53,153,38,193
50,16,160,201,191,63,183,112,37,169
50,17,69,225,161,34,138,217,184,226
50,18,241,97,77,129,83,199,37,47
50,19,95,63,125,195,138,49,77,149
50,20,148,195,72,240,245,202,50,175
50,21,99,228,121,71,1,243,203,75
50,22,173,38,129,226,135,162,221,157
50,23,239,72,117,253,118,174,237,123
50,24,16,131,216,126,68,193,62,87
50,25,83,57,211,105,71,215,212,138
50,26,163,35,55,248,204,115,134,62
50,27,153,139,227,119,229,126,138,172
50,28,160,183,205,28,176,254,35,191
50,29,69,93,225,226,152,98,184,79
50,30,77,197,83,129,51,225,174,152
50,31,167,75,95,122,212,49,149,195
50,32,31,255,128,236,7,223,175,183
50,33,72,47,92,235,167,83,110,225
50,34,191,241,1,10,132,13,246,244
50,35,129,14,171,97,202,16,27,53
50,36,119,60,188,192,199,124,154,243
50,37,219,170,101,58,115,209,199,1
50,38,0,175,92,61,10,8,159,35
50,39,189,235,45,225,222,122,117,129
51,0,35,101,197,219,209,243,154,214
51,1,193,30,102,216,207,107,62,25
51,2,200,25,37,40,168,175,97,164
51,3,26,230,43,37,45,172,199,211
51,4,90,61,200,15,28,233,189,163
51,5,222,58,107,112,220,103,188,50
51,6,30,14,237,23,89,96,63,244
51,7,78,175,229,118,2,142,110,75
51,8,195,175,239,148,72,244,181,105
51,9,203,193,99,1,180,143,254,205
51,10,13,193,4,86,157,126,120,88
51,11,239,117,150,19,174,74,39,160
51,12,16,251,85,41,3,53,151,187
51,13,105,212,103,138,211,216,29,45
51,14,163,204,86,51,55,59,54,125
51,15,36,172,227,139,147,235,162,93
51,16,160,183,205,35,92,231,28,176
51,17,69,93,152,225,5,99,60,1
51,18,83,197,85,170,97,201,77,241
51,19,167,122,233,207,212,95,75,204
51,20,195,148,72,23,17,239,240,4
51,21,210,99,203,228,1,122,180,243
51,22,162,83,133,249,157,129,123,60
51,23,239,253,39,174,196,150,181,117
51,24,16,193,251,106,126,105,62,88
51,25,105,138,83,212,211,2,251,183
51,26,163,204,54,248,134,86,35,115
51,27,153,139,172,227,36,228,150,1
51,28,160,183,28,205,147,197,35,247
51,29,69,93,65,5,98,1,161,226
51,30,77,83,45,174,225,170,197,64
51,31,167,95,75,122,240,88,212,54
51,32,31,255,236,128,98,7,149,158
51,33,72,126,190,92,108,235,220,57
51,34,116,10,1,246,132,19,55,54
51,35,129,14,202,171,16,39,254,179
51,36,119,188,70,153,60,207,158,28
51,37,219,22,58,199,115,103,221,163
51,38,175,92,148,71,151,93,118,230
51,39,2,189,69,38,45,217,70,252
52,0,136,254,56,236,78,148,191,195
52,1,193,124,186,217,191,240,211,242
52,2,188,217,255,87,194,170,155,182
52,3,166,252,92,191,169,45,72,89
52,4,253,90,61,199,88,228,89,254
52,5,222,174,58,146,110,136,85,118
52,6,12,237,14,30,77,36,89,96
52,7,78,75,175,110,3,245,159,34
52,8,157,195,148,149,23,175,106,105
52,9,99,118,224,1,158,45,97,34
52,10,12,68,22,249,90,93,177,86
52,11,192,64,239,78,90,150,130,74
52,12,16,251,105,187,3,146,41,184
52,13,42,20,216,212,177,251,84,211
52,14,244,55,163,166,35,59,112,204
52,15,153,139,83,150,227,36,93,254
52,16,247,160,183,205,137,39,35,204
52,17,69,185,93,125,161,99,138,152
52,18,83,201,72,77,199,176,155,100
52,19,207,233,204,95,75,243,195,138
52,20,157,148,72,17,240,127,50,23
52,21,99,1,228,210,128,71,122,194
52,22,12,249,123,68,6,162,247,129
52,23,64,239,253,213,78,72,90,150
52,24,105,88,16,251,199,193,106,113
52,25,42,20,83,26,138,211,146,183
52,26,244,166,163,204,31,248,55,136
52,27,139,153,150,228,1,227,116,229
52,28,247,183,205,160,147,201,28,191
52,29,69,185,93,98,125,1,65,226
52,30,72,77,83,225,45,51,64,174
52,31,207,95,75,122,88,240,221,212
52,32,31,224,255,197,236,128,251,68
52,33,72,63,18,156,206,168,57,217
52,34,152,10,246,54,55,213,206,211
52,35,129,14,39,171,202,16,56,254
52,36,251,188,239,119,153,60,24,158
52,37,219,50,62,22,199,103,7,102
52,38,175,146,127,230,118,72,124,189
52,39,85,45,177,13,36,70,34,134
53,0,36,134,41,23,62,211,29,203
53,1,193,254,101,178,175,241,8,219
53,2,182,139,201,194,77,217,216,5
53,3,167,243,56,154,132,172,114,89
53,4,253,239,149,134,132,140,175,99
53,5,164,60,58,82,222,95,91,210
53,6,98,12,152,237,125,76,171,62
53,7,75,161,78,57,175,3,120,245
53,8,148,22,16,98,40,63,50,150
53,9,99,1,243,134,91,224,71,15
53,10,233,162,12,90,61,180,116,26
53,11,97,239,230,164,241,37,61,213
53,12,166,10,16,185,13,119,142,38
53,13,83,185,180,42,34,26,183,67
53,14,248,54,163,132,21,115,35,55
53,15,139,150,227,228,79,70,104,90
53,16,247,183,169,191,160,154,138,113
53,17,49,69,185,93,98,125,100,161
53,18,66,83,141,77,199,176,151,123
53,19,207,95,83,248,195,114,60,219
53,20,148,72,172,240,22,50,152,178
53,21,99,71,128,214,1,58,194,225
53,22,233,12,133,61,11,6,95,129
53,23,213,138,239,97,226,230,248,61
53,24,119,16,166,99,3,193,196,105
53,25,42,83,26,183,0,212,115,208
53,26,166,163,31,130,248,196,115,204
53,27,139,150,79,153,1,82,138,228
53,28,247,183,28,138,160,205,191,169
53,29,69,125,185,93,98,78,1,4
53,30,66,83,72,225,77,64,151,44
53,31,95,207,88,83,85,157,75,59
53,32,31,255,14,236,146,197,128,173
53,33,72,103,181,189,133,250,59,161
53,34,152,10,11,246,109,227,18,5
53,35,129,14,171,58,16,202,44,11
53,36,48,188,60,251,119,153,118,47
53,37,219,22,162,199,34,55,20,221
53,38,175,124,127,72,230,118,185,55
53,39,77,224,45,70,222,34,177,235
54,0,211,151,178,134,174,159,116,70
54,1,230,193,206,254,44,253,10,101
54,2,141,137,116,235,105,104,35,190
54,3,192,162,239,79,172,242,32,166
54,4,44,253,221,123,134,175,135,248
54,5,134,58,164,145,95,222,80,60
54,6,12,98,231,152,30,240,237,62
54,7,78,175,75,3,38,245,110,72
54,8,148,22,50,16,216,72,158,127
54,9,99,1,254,58,174,201,118,243
54,10,61,90,12,242,172,195,11,148
54,11,192,218,215,220,117,239,97,164
54,12,124,16,211,4,184,78,208,175
54,13,26,42,83,212,221,67,115,185
54,14,55,59,136,35,97,163,166,115
54,15,82,227,153,83,228,139,70,191
54,16,160,247,183,190,169,205,245,191
54,17,125,69,185,93,21,226,247,9
54,18,199,83,99,176,77,72,151,3
54,19,207,85,95,114,204,138,186,212
54,20,148,17,72,240,127,157,22,23
54,21,99,1,128,214,71,254,228,201
54,22,12,11,242,90,192,61,148,95
54,23,215,239,218,220,41,213,117,253
54,24,105,124,119,3,88,68,16,102
54,25,26,42,83,115,221,71,212,183
54,26,163,31,204,248,166,115,54,97
54,27,139,82,153,28,1,227,228,150
54,28,183,160,247,28,190,205,102,147
54,29,125,93,69,185,98,1,21,88
54,30,83,225,152,63,77,64,151,199
54,31,95,85,88,75,59,240,70,122
54,32,31,109,255,140,123,179,236,128
54,33,72,95,189,139,198,11,104,102
54,34,72,10,67,240,44,246,164,191
54,35,129,14,171,74,16,187,202,58
54,36,188,60,142,153,115,26,119,39
54,37,219,199,22,78,213,27,221,93
54,38,175,119,118,127,80,230,251,72
54,39,122,158,165,244,70,117,129,231
55,0,96,136,80,226,93,171,11,247
55,1,222,169,254,193,163,2,243,215
55,2,141,137,116,232,200,2,55,105
55,3,221,188,45,170,200,166,162,134
55,4,123,253,119,89,90,185,75,134
55,5,61,58,80,95,134,225,145,37
55,6,16,12,125,240,62,231,237,98
55,7,78,61,75,110,77,175,126,57
55,8,157,112,22,148,40,23,75,230
55,9,206,99,254,1,243,118,218,143
55,10,229,90,163,82,12,251,86,11
55,11,18,192,130,117,97,239,142,248
55,12,106,67,105,3,124,185,88,196
55,13,200,42,83,26,91,132,221,82
55,14,35,59,197,31,248,54,55,115
55,15,139,241,227,228,82,116,254,117
55,16,160,183,149,245,162,169,147,63
55,17,69,155,125,93,112,99,98,65
55,18,6,83,77,176,72,152,64,97
55,19,207,233,95,204,244,54,83,135
55,20,148,157,112,72,22,240,195,57
55,21,206,99,225,1,228,71,100,194
55,22,183,229,163,148,11,12,95,115
55,23,18,239,253,177,213,46,41,96
55,24,88,113,106,105,120,126,124,41
55,25,83,200,221,212,26,183,132,208
55,26,31,204,163,21,38,248,54,166
55,27,139,1,228,82,241,138,70,227
55,28,160,183,149,247,245,169,147,63
55,29,69,125,65,93,155,1,152,98
55,30,6,45,83,51,77,97,225,152
55,31,75,95,212,135,70,233,240,88
55,32,31,89,128,255,17,236,199,197
55,33,72,68,206,214,23,59,94,217
55,34,182,54,10,187,246,213,19,206
55,35,129,14,171,16,7,202,196,11
55,36,253,188,60,153,119,8,0,158
55,37,219,164,199,213,22,103,90,209
55,38,136,175,22,127,118,230,106,14
55,39,16,145,70,203,36,116,34,30
56,0,163,29,41,62,86,211,232,73
56,1,193,95,83,195,101,131,2,153
56,2,211,139,63,118,232,143,2,83
56,3,201,243,22,54,126,69,196,154
56,4,149,134,123,90,152,28,89,75
56,5,58,23,95,164,213,0,222,82
56,6,12,39,129,125,154,240,210,30
56,7,175,142,78,161,245,185,132,75
56,8,148,247,72,16,23,22,85,195
56,9,1,99,22,229,225,28,134,68
56,10,233,148,132,61,180,217,95,117
56,11,97,230,241,202,137,145,223,209
56,12,166,116,176,178,157,48,149,96
56,13,83,212,100,183,45,208,145,42
56,14,21,204,163,132,44,54,134,248
56,15,1,16,139,116,141,227,228,206
56,16,160,183,191,154,138,112,147,82
56,17,69,49,1,152,93,216,98,100
56,18,66,72,83,233,152,225,77,176
56,19,212,207,114,95,70,122,99,135
56,20,148,240,247,72,195,23,157,159
56,21,1,225,99,22,134,229,100,221
56,22,233,148,132,26,19,17,220,134
56,23,209,158,59,223,97,54,201,202
56,24,166,116,176,157,113,119,55,149
56,25,183,83,0,26,212,145,42,250
56,26,204,21,163,254,200,132,31,116
56,27,1,79,228,139,116,215,16,14
56,28,138,183,160,201,169,56,179,28
56,29,93,1,78,69,4,152,98,216
56,30,66,83,225,151,91,72,77,64
56,31,70,157,95,135,83,88,212,59
56,32,31,14,236,197,75,120,255,146
56,33,59,103,5,133,54,75,72,189
56,34,227,11,5,246,10,18,143,213
56,35,129,14,16,202,171,36,244,196
56,36,48,188,153,251,60,158,50,129
56,37,162,22,219,213,199,103,64,124
56,38,185,175,124,127,118,47,230,43
56,39,167,77,203,70,222,34,116,99
57,0,211,62,134,70,138,151,162,100
57,1,44,230,193,101,206,157,17,10
57,2,2,235,244,83,192,149,118,71
57,3,148,132,212,10,194,191,89,163
57,4,44,134,123,242,175,140,101,152
57,5,145,23,80,164,58,82,252,121
57,6,240,39,129,12,125,57,152,245
57,7,223,209,72,75,175,245,142,78
57,8,148,50,22,247,16,72,139,23
57,9,99,1,58,28,22,254,68,221
57,10,61,19,216,226,242,18,172,148
57,11,218,97,220,215,117,85,158,222
57,12,157,175,99,124,116,113,105,250
57,13,83,212,234,37,26,221,208,100
57,14,136,204,31,177,21,163,97,216
57,15,1,227,228,70,139,82,28,55
57,16,160,183,63,193,175,191,190,169
57,17,69,164,93,98,125,152,21,1
57,18,99,152,83,72,151,77,176,64
57,19,85,95,212,114,207,19,238,144
57,20,148,139,72,240,23,223,17,106
57,21,99,1,225,221,254,63,228,98
57,22,11,136,19,216,242,183,166,148
57,23,201,218,220,158,117,123,41,213
57,24,3,128,105,88,119,11,148,157
57,25,221,234,71,19,101,83,37,26
57,26,31,163,204,136,21,16,186,54
57,27,1,139,28,33,228,70,227,141
57,28,28,183,160,193,205,247,102,235
57,29,93,125,164,69,1,21,88,98
57,30,83,225,64,77,63,162,152,99
57,31,95,85,88,183,152,59,122,135
57,32,31,123,140,179,236,125,137,255
57,33,234,95,132,102,11,72,104,133
57,34,44,67,240,10,62,238,191,246
57,35,129,74,14,187,202,16,21,235
57,36,115,188,142,60,93,39,227,160
57,37,101,169,16,78,61,65,74,102
57,38,169,251,119,175,159,72,93,61
57,39,231,117,122,235,129,158,222,179
58,0,123,196,249,105,229,216,7,100
58,1,225,231,27,150,11,75,155,246
58,2,210,249,17,162,4,109,90,164
58,3,133,187,152,235,31,172,84,37
58,4,108,142,13,102,167,236,222,90
58,5,104,186,58,145,193,6,235,161
58,6,12,167,215,153,237,125,240,30
58,7,78,29,23,110,175,185,108,72
58,8,195,148,234,23,105,175,93,251
58,9,99,29,1,228,94,118,83,143
58,10,216,169,12,130,23,90,86,212
58,11,117,189,97,25,134,254,144,239
58,12,15,10,116,176,124,5,148,87
58,13,83,250,221,212,208,130,43,183
58,14,163,204,51,31,54,35,132,248
58,15,228,139,206,227,254,158,145,38
58,16,160,183,191,247,50,179,195,40
58,17,69,93,8,34,138,91,225,98
58,18,77,83,97,167,133,64,200,37
58,19,207,95,130,75,26,90,186,222
58,20,148,36,245,30,44,17,158,195
58,21,99,29,117,210,34,37,78,194
58,22,129,11,136,169,36,141,183,83
58,23,41,189,193,172,213,123,149,173
58,24,126,62,87,88,124,200,112,3
58,25,242,221,26,70,239,2,80,253
58,26,31,163,166,216,128,24,142,249
58,27,228,154,93,255,82,187,62,139
58,28,160,28,247,215,23,210,220,204
58,29,93,69,125,160,34,121,175,250
58,30,83,166,38,93,85,0,179,104
58,31,122,197,75,234,183,177,250,158
58,32,31,98,237,43,111,82,213,54
58,33,227,210,64,72,140,39,86,126
58,34,84,96,62,40,132,108,98,203
58,35,203,102,195,225,194,64,234,168
58,36,60,237,29,61,3,216,101,186
58,37,65,61,160,243,144,96,141,63
58,38,166,159,138,117,23,105,143,82
58,39,235,22,228,222,148,128,6,56
59,0,235,190,253,141,221,177,115,64
59,1,68,113,46,182,7,75,215,155
59,2,10,57,17,145,34,123,121,109
59,3,34,35,128,12,172,91,231,187
59,4,108,142,236,90,67,15,95,222
59,5,41,145,47,90,43,58,222,99
59,6,215,153,237,250,60,12,30,167
59,7,78,175,118,185,23,117,207,42
59,8,116,195,180,175,4,23,72,44
59,9,116,191,126,38,99,164,195,208
59,10,36,198,65,125,120,169,13,247
59,11,144,128,108,189,233,206,160,19
59,12,93,15,128,85,3,74,63,60
59,13,212,105,32,202,147,154,134,118
59,14,51,137,125,86,189,214,55,88
59,15,147,162,200,242,148,204,165,58
59,16,160,238,35,28,5,40,16,205
59,17,87,69,93,211,198,250,76,0
59,18,83,43,127,179,161,163,128,13
59,19,195,116,20,191,109,122,75,12
59,20,116,23,137,105,164,4,72,180
59,21,126,116,35,210,117,113,63,191
59,22,36,176,150,125,199,185,247,120
59,23,193,128,86,254,41,149,239,160
59,24,93,62,85,87,74,235,252,253
59,25,105,134,253,251,26,212,118,147
59,26,88,149,51,41,45,216,107,197
59,27,173,229,217,58,31,139,195,62
59,28,160,39,28,151,236,43,247,215
59,29,93,160,87,69,124,0,125,127
59,30,201,163,174,199,40,37,166,127
59,31,116,122,12,75,26,221,20,238
59,32,252,226,119,181,223,31,232,53
59,33,210,93,83,85,39,32,236,115
59,34,132,74,82,108,62,40,209,130
59,35,27,194,72,155,115,195,30,0
59,36,222,192,20,29,76,163,31,77
59,37,39,80,184,232,25,218,105,98
59,38,64,134,222,182,131,159,202,207
59,39,186,22,190,222,11,249,128,118
60,0,193,38,167,54,72,183,161,94
60,1,122,140,117,105,46,201,238,249
60,2,10,128,186,121,81,104,140,172
60,3,91,103,35,34,128,150,94,117
60,4,67,61,62,90,193,179,246,39
60,5,145,109,220,32,248,56,231,222
60,6,96,98,131,124,181,103,63,230
60,7,176,52,54,180,78,22,110,201
60,8,195,175,24,223,245,158,166,129
60,9,126,116,113,191,210,232,194,30
60,10,183,36,141,100,13,166,71,152
60,11,133,36,233,74,41,90,149,148
60,12,87,195,252,212,85,62,242,51
60,13,104,105,33,253,128,2,233,152
60,14,35,147,216,163,200,45,55,219
60,15,127,191,56,255,184,196,62,131
60,16,160,151,16,215,156,131,158,39
60,17,160,165,110,138,93,40,53,221
60,18,128,241,97,38,37,104,193,172
60,19,12,158,138,234,186,191,77,122
60,20,195,174,223,30,245,17,80,106
60,21,116,126,210,171,112,52,132,30
60,22,36,129,60,141,136,195,144,78
60,23,129,239,36,246,74,224,112,34
60,24,16,87,113,213,242,247,41,126
60,25,104,105,161,255,242,159,153,17
60,26,163,216,207,110,142,45,9,232
60,27,229,187,83,115,196,153,127,167
60,28,160,175,151,120,109,255,132,29
60,29,93,160,10,161,45,57,254,246
60,30,201,42,3,37,47,40,127,216
60,31,10,122,242,238,246,158,1,78
60,32,223,66,82,43,232,135,16,31
60,33,32,137,225,236,25,141,98,71
60,34,108,186,245,99,137,199,122,243
60,35,38,33,64,102,176,149,81,82
60,36,75,150,170,63,138,178,80,76
60,37,218,133,160,98,141,120,254,247
60,38,193,117,239,207,159,222,138,197
60,39,22,222,206,235,191,226,109,88
61,0,211,60,58,23,33,36,6,71
61,1,243,163,124,125,193,129,103,55
61,2,91,11,219,32,104,79,188,166
61,3,56,93,184,249,174,209,80,253
61,4,147,32,28,193,134,115,29,18
61,5,164,108,91,29,17,99,106,248
61,6,211,98,12,21,223,252,213,28
61,7,194,98,186,209,32,180,22,72
61,8,223,216,148,24,75,22,158,144
61,9,63,210,71,99,135,194,232,122
61,10,176,144,127,123,44,78,23,136
61,11,42,135,58,61,24,45,181,254
61,12,10,116,176,171,122,25,185,42
61,13,83,208,34,250,130,45,44,118
61,14,132,248,204,134,21,44,115,54
61,15,90,139,145,3,206,74,227,111
61,16,191,24,195,74,112,1,37,228
61,17,69,8,217,196,210,1,244,98
61,18,77,233,64,224,58,91,73,176
61,19,115,95,59,127,129,190,135,54
61,20,148,247,23,53,22,85,240,133
61,21,99,1,22,207,71,210,233,134
61,22,160,116,250,245,108,207,76,251
61,23,80,97,61,54,181,134,184,55
61,24,10,87,69,126,185,62,116,18
61,25,208,37,83,57,183,4,118,153
61,26,248,132,134,55,115,200,73,162
61,27,139,90,145,38,177,237,255,254
61,28,191,74,24,186,176,197,36,200
61,29,69,150,204,59,244,151,10,32
61,30,77,97,64,51,127,39,233,38
61,31,95,115,129,89,248,133,75,125
61,32,33,241,236,109,128,117,7,219
61,33,192,198,72,51,158,4,64,60
61,34,16,254,246,10,108,164,211,182
61,35,129,53,235,14,206,202,139,136
61,36,188,110,154,75,119,80,22,78
61,37,219,165,199,93,8,24,12,120
61,38,103,193,0,176,88,239,87,117
61,39,42,222,223,227,45,171,67,159
62,0,25,128,164,79,243,87,100,247
62,1,30,222,162,23,10,133,16,107
62,2,200,232,168,51,204,46,61,176
62,3,109,45,252,184,200,53,57,40
62,4,89,67,250,147,134,203,35,184
62,5,99,108,80,222,36,246,118,160
62,6,12,23,160,240,163,252,28,77
62,7,57,149,3,18,110,251,175,160
62,8,148,247,40,175,36,108,50,75
62,9,99,160,224,31,1,247,22,97
62,10,38,167,49,226,172,135,214,86
62,11,117,133,237,74,184,61,230,112
62,12,131,10,211,242,249,91,109,239
62,13,83,148,171,21,215,37,208,174
62,14,92,55,248,134,163,115,21,132
62,15,139,97,90,227,191,228,38,111
62,16,191,201,160,169,63,113,227,182
62,17,69,217,162,119,226,59,161,99
62,18,77,64,97,241,193,74,233,155
62,19,95,135,129,54,49,186,138,115
62,20,148,247,53,72,202,17,50,245
62,21,99,160,71,121,22,231,243,37
62,22,167,229,123,226,173,82,90,38
62,23,224,61,123,230,253,22,34,237
62,24,242,87,131,113,10,62,247,148
62,25,221,44,57,153,189,70,254,68
62,26,92,163,31,142,9,35,140,200
62,27,97,228,153,139,191,83,126,38
62,28,120,175,63,100,215,160,36,108
62,29,93,69,34,79,45,194,246,242
62,30,172,60,47,252,44,93,174,105
62,31,167,158,235,148,52,155,197,177
62,32,52,31,245,54,218,43,118,66
62,33,137,25,72,225,115,27,64,67
62,34,108,241,40,199,120,14,209,215
62,35,33,238,64,225,9,234,195,115
62,36,97,15,60,186,124,237,119,163
62,37,160,24,54,232,133,42,247,172
62,38,0,138,252,159,8,72,117,21
62,39,235,185,118,128,88,60,245,222
63,0,35,101,197,219,154,209,243,34
63,1,193,30,62,46,216,47,207,41
63,2,200,168,97,204,48,184,152,232
63,3,26,230,233,210,80,39,72,211
63,4,90,61,144,245,248,200,198,15
63,5,222,112,109,220,230,239,107,160
63,6,237,96,133,12,252,14,244,30
63,7,112,78,118,175,110,134,3,75
63,8,195,239,149,105,244,36,175,148
63,9,193,203,205,118,45,224,99,168
63,10,13,4,22,71,167,193,120,141
63,11,133,74,123,127,82,16,176,150
63,12,41,85,253,251,195,69,187,87
63,13,105,21,121,233,3,177,2,152
63,14,55,163,59,35,200,219,71,57
63,15,255,36,153,172,228,150,139,187
63,16,160,120,183,247,92,39,176,131
63,17,69,93,99,138,221,34,161,113
63,18,97,74,83,3,104,201,47,140
63,19,207,204,158,95,250,236,191,167
63,20,216,17,245,223,195,247,36,142
63,21,53,203,83,235,252,253,210,228
63,22,129,36,21,115,144,213,22,210
63,23,133,253,129,150,38,34,123,233
63,24,16,62,251,126,87,200,156,175
63,25,63,26,254,105,153,21,70,205
63,26,134,163,186,247,35,120,107,162
63,27,153,139,97,150,228,93,168,59
63,28,120,160,183,247,197,174,28,169
63,29,93,79,125,69,195,34,242,116
63,30,83,64,85,60,176,45,225,77
63,31,240,95,167,122,248,173,129,79
63,32,31,245,54,29,236,223,158,118
63,33,72,64,190,137,136,98,108,223
63,34,116,120,40,209,108,98,10,211
63,35,129,40,11,39,225,195,33,64
63,36,119,237,97,70,25,141,31,86
63,37,219,160,24,54,102,36,133,98
63,38,93,23,252,138,180,176,77,159
63,39,2,45,189,217,38,222,185,235
64,0,136,254,56,78,236,191,18,148
64,1,193,186,124,240,217,228,179,73
64,2,188,255,194,217,204,136,168,87
64,3,169,166,89,191,72,178,153,252
64,4,253,199,61,79,248,90,89,246
64,5,174,29,230,85,112,37,109,57
64,6,163,98,12,160,164,248,211,194
64,7,112,145,206,110,136,78,213,195
64,8,157,216,148,120,245,149,253,106
64,9,99,224,53,91,200,34,37,7
64,10,68,22,12,167,71,44,227,49
64,11,64,78,192,133,25,74,177,130
64,12,77,68,126,142,216,113,251,213
64,13,42,177,189,26,234,71,251,44
64,14,132,248,244,55,134,115,21,166
64,15,139,90,145,38,206,74,228,3
64,16,191,195,74,247,24,183,63,186
64,17,69,8,217,161,244,210,138,196
64,18,77,64,58,233,97,133,225,171
64,19,54,115,95,34,135,59,127,133
64,20,148,247,22,85,53,240,161,23
64,21,99,1,22,207,231,37,137,143
64,22,160,250,251,245,144,108,45,167
64,23,80,241,253,224,97,117,40,0
64,24,10,126,148,198,185,37,62,87
64,25,83,208,37,153,58,45,118,183
64,26,248,132,134,163,55,115,201,59
64,27,145,90,139,190,227,134,38,177
64,28,191,176,74,15,6,172,1,25
64,29,69,150,217,196,32,185,3,10
64,30,77,97,242,127,25,180,252,47
64,31,133,95,115,197,138,212,180,160
64,32,33,67,241,255,205,128,8,117
64,33,192,63,50,108,90,64,208,72
64,34,16,152,254,108,98,23,61,10
64,35,14,53,139,129,95,106,79,198
64,36,75,154,188,119,80,101,220,228
64,37,219,50,199,62,19,156,70,212
64,38,146,173,230,50,93,106,175,4
64,39,134,120,85,177,45,13,36,222
65,0,36,41,134,23,62,211,29,203
65,1,193,254,101,178,175,241,8,219
65,2,182,139,201,194,77,141,5,137
65,3,243,167,154,132,89,56,32,78
65,4,239,253,149,134,132,4,99,140
65,5,164,91,60,248,95,82,118,227
65,6,98,12,152,248,13,76,237,62
65,7,161,145,57,75,252,236,3,6
65,8,148,22,216,253,231,98,62,75
65,9,99,134,1,53,243,224,91,179
65,10,233,227,180,116,131,12,250,146
65,11,97,202,43,164,61,140,230,241
65,12,10,185,166,142,196,116,228,171
65,13,83,208,5,185,34,37,177,0
65,14,132,248,44,134,190,115,21,54
65,15,139,90,249,117,104,145,227,198
65,16,191,183,195,247,101,169,24,63
65,17,69,49,161,98,8,185,244,226
65,18,77,97,66,233,64,67,153,141
65,19,135,95,207,190,254,152,83,158
65,20,148,216,53,89,150,209,98,226
65,21,99,53,15,143,134,230,107,78
65,22,233,116,250,227,108,33,11,168
65,23,97,17,61,2,40,211,184,80
65,24,142,116,178,2,10,32,37,94
65,25,70,208,221,119,254,153,189,42
65,26,140,248,132,31,119,81,96,55
65,27,139,206,3,228,122,43,168,190
65,28,247,175,63,70,158,169,215,66
65,29,4,93,185,78,69,125,165,49
65,30,66,38,216,60,180,67,31,143
65,31,10,221,83,248,177,238,207,32
65,32,245,43,29,111,54,52,94,14
65,33,103,136,181,72,137,27,98,67
65,34,109,108,227,152,98,199,184,209
65,35,225,65,133,33,248,134,111,155
65,36,48,60,75,186,208,55,165,9
65,37,165,160,133,219,245,36,172,24
65,38,173,55,185,222,23,99,72,138
65,39,167,224,45,235,10,80,22,6
66,0,211,151,178,134,159,174,116,70
66,1,230,206,193,44,254,253,10,80
66,2,141,137,116,105,235,104,190,55
66,3,192,239,162,32,79,250,173,166
66,4,44,253,221,248,123,134,173,91
66,5,134,164,80,37,58,106,175,91
66,6,12,231,152,119,140,248,62,98
66,7,78,38,175,186,145,98,72,252
66,8,216,148,22,50,158,40,144,24
66,9,99,53,1,34,218,7,58,174
66,10,61,12,90,242,86,11,213,225
66,11,220,74,213,164,133,97,43,248
66,12,124,157,255,252,228,51,212,253
66,13,42,21,67,177,128,171,70,2
66,14,55,35,81,31,97,87,91,200
66,15,153,247,157,228,48,139,59,34
66,16,101,247,160,190,169,183,50,158
66,17,125,69,161,185,226,247,134,93
66,18,199,72,52,44,104,140,100,99
66,19,207,95,186,242,138,102,254,194
66,20,216,148,245,223,17,199,157,178
66,21,53,99,231,72,34,157,192,230
66,22,12,11,90,115,13,21,43,86
66,23,38,253,213,233,123,133,215,202
66,24,142,200,3,87,201,214,156,62
66,25,63,42,26,226,68,88,106,238
66,26,97,31,134,166,163,186,248,21
66,27,153,139,247,228,1,24,154,90
66,28,120,247,160,183,147,142,190,169
66,29,125,93,79,69,185,195,98,242
66,30,64,199,225,67,83,74,38,51
66,31,95,240,85,152,207,135,248,132
66,32,31,245,29,140,84,135,118,54
66,33,136,95,72,198,98,137,139,189
66,34,164,108,72,211,228,229,199,99
66,35,33,187,64,248,129,102,225,80
66,36,75,165,237,60,25,208,47,63
66,37,245,172,54,120,36,114,226,24
66,38,207,117,159,173,23,193,153,166
66,39,165,235,76,171,128,222,223,22
67,0,96,136,80,226,93,171,11,247
67,1,222,169,254,163,2,193,243,208
67,2,141,137,116,200,232,105,55,2
67,3,221,188,200,45,170,134,166,162
67,4,123,253,119,249,89,248,211,179
67,5,61,80,134,121,37,225,231,106
67,6,16,119,248,231,12,253,76,17
67,7,131,61,150,145,110,112,162,52
67,8,112,157,216,22,148,158,40,245
67,9,206,99,224,91,7,158,143,34
67,10,229,90,163,82,71,227,183,12
67,11,18,130,133,142,192,74,173,140
67,12,106,105,48,126,67,187,212,51
67,13,200,21,26,91,177,42,71,100
67,14,35,31,55,219,236,38,180,81
67,15,247,241,139,153,70,56,254,228
67,16,16,160,147,39,227,149,175,63
67,17,161,69,249,125,99,155,226,59
67,18,44,77,174,133,171,104,61,64
67,19,135,54,95,238,186,148,255,204
67,20,11,216,148,112,247,22,245,17
67,21,184,53,72,206,248,12,210,71
67,22,120,175,100,167,10,213,199,179
67,23,180,41,87,149,187,162,82,132
67,24,53,124,24,216,144,8,62,167
67,25,167,52,139,221,189,236,119,234
67,26,81,57,217,244,211,181,150,123
67,27,247,225,191,82,187,228,53,153
67,28,107,203,16,88,126,158,248,182
67,29,112,125,171,106,249,96,25,33
67,30,31,174,24,94,75,3,160,38
67,31,204,154,238,207,236,10,221,248
67,32,89,245,184,84,44,212,54,180
67,33,214,23,206,68,136,227,137,98
67,34,182,108,211,194,199,234,192,98
67,35,80,64,225,240,130,107,137,48
67,36,60,75,208,253,199,29,94,186
67,37,164,165,245,160,219,24,69,54
67,38,136,173,106,207,254,245,230,150
67,39,120,93,36,22,235,16,222,128
68,0,163,29,41,62,86,211,73,50
68,1,83,95,193,195,101,131,2,153
68,2,211,63,139,118,141,232,137,2
68,3,201,243,22,54,112,215,39,126
68,4,149,134,152,75,89,90,121,123
68,5,23,164,95,58,0,82,213,252
68,6,129,39,125,154,12,240,171,98
68,7,175,161,253,32,131,245,142,185
68,8,148,247,22,72,216,85,161,53
68,9,99,22,1,53,225,233,143,229
68,10,233,180,232,117,148,1,61,95
68,11,97,164,241,202,230,43,54,119
68,12,166,228,176,178,116,201,48,134
68,13,83,100,250,106,183,208,241,212
68,14,190,204,163,21,132,31,236,200
68,15,1,16,139,206,3,14,13,38
68,16,160,183,101,191,154,63,195,142
68,17,1,69,93,216,49,98,83,113
68,18,83,66,152,77,225,239,72,171
68,19,212,207,95,148,122,49,249,88
68,20,148,195,247,216,240,72,96,106
68,21,1,99,225,22,229,65,52,134
68,22,26,59,132,148,71,149,134,168
68,23,92,241,158,202,251,40,223,50
68,24,126,36,148,116,200,18,149,178
68,25,83,251,118,119,183,225,27,255
68,26,204,31,21,195,120,163,45,70
68,27,156,1,16,86,82,154,150,62
68,28,63,215,160,235,83,183,210,37
68,29,93,125,78,10,164,4,216,113
68,30,180,38,67,199,126,66,60,40
68,31,10,238,70,93,135,144,85,207
68,32,170,31,140,29,118,245,75,212
68,33,5,103,136,98,59,133,137,27
68,34,5,227,108,159,99,199,245,209
68,35,64,225,187,152,33,248,30,65
68,36,48,25,60,63,18,92,75,16
68,37,24,54,133,59,245,36,120,98
68,38,185,117,23,159,173,176,254,207
68,39,167,22,235,80,223,17,222,128
69,0,211,62,134,151,70,162,138,178
69,1,44,230,206,193,101,17,157,10
69,2,2,235,244,118,83,192,149,141
69,3,148,194,32,132,89,76,10,191
69,4,44,101,134,242,255,221,146,123
69,5,145,252,80,164,23,255,230,82
69,6,39,129,240,53,12,89,96,231
69,7,209,223,72,38,75,52,194,22
69,8,216,50,148,247,253,166,158,22
69,9,53,99,22,34,224,83,91,7
69,10,61,216,12,227,71,86,226,148
69,11,43,164,117,220,38,97,140,254
69,12,228,175,87,89,214,232,252,27
69,13,253,241,2,206,37,171,4,9
69,14,31,81,200,163,91,35,190,186
69,15,247,70,56,254,2,237,38,139
69,16,101,175,160,63,193,183,23,245
69,17,125,93,69,161,164,34,119,221
69,18,97,99,199,104,151,44,88,167
69,19,207,254,186,234,41,138,191,98
69,20,216,223,139,247,245,11,199,158
69,21,12,53,22,83,99,63,34,235
69,22,11,183,90,136,61,95,210,86
69,23,123,38,213,246,253,233,163,149
69,24,175,99,3,200,68,62,113,16
69,25,63,221,26,234,239,226,67,153
69,26,31,163,136,186,97,166,128,24
69,27,247,139,228,153,154,93,59,168
69,28,28,247,160,183,174,66,23,175
69,29,93,125,69,94,119,164,79,25
69,30,64,38,83,199,225,0,206,178
69,31,238,95,183,152,122,135,75,250
69,32,31,170,140,161,125,54,254,43
69,33,132,95,234,227,11,151,90,133
69,34,67,240,199,44,20,108,40,216
69,35,64,129,74,187,21,33,225,248
69,36,93,19,237,142,115,25,97,122
69,37,54,24,16,169,160,61,195,101
69,38,138,11,18,159,169,143,207,96
69,39,231,117,193,235,222,80,179,47
70,0,123,249,196,105,229,216,100,104
70,1,225,231,150,27,11,216,246,106
70,2,162,249,244,210,4,17,163,53
70,3,152,133,187,235,172,231,27,176
70,4,128,108,142,236,13,214,87,39
70,5,41,104,186,99,109,112,193,106
70,6,12,153,237,54,167,215,240,192
70,7,78,216,29,57,72,110,204,207
70,8,148,195,234,247,216,89,158,230
70,9,99,29,77,228,222,118,94,83
70,10,23,169,130,167,113,216,61,141
70,11,140,25,189,117,61,74,96,102
70,12,242,10,87,248,185,124,116,51
70,13,83,58,212,130,37,45,171,208
70,14,248,163,54,92,132,134,55,184
70,15,139,227,228,90,177,235,187,38
70,16,160,172,191,183,63,112,182,247
70,17,69,233,119,91,138,243,44,217
70,18,77,88,241,83,239,38,176,97
70,19,95,234,90,191,115,135,148,17
70,20,148,195,247,9,10,30,56,44
70,21,99,174,37,34,22,52,8,7
70,22,113,123,83,36,41,129,227,23
70,23,123,163,253,96,224,180,172,138
70,24,87,73,27,124,16,112,69,200
70,25,242,118,68,95,254,177,253,153
70,26,163,91,45,200,184,26,128,54
70,27,228,139,150,154,255,43,34,38
70,28,160,28,133,172,174,23,247,183
70,29,69,119,93,76,161,250,121,138
70,30,201,38,0,104,179,3,206,93
70,31,122,75,158,238,250,191,234,222
70,32,181,31,244,111,43,166,103,183
70,33,43,210,67,126,39,140,227,64
70,34,132,84,74,96,40,108,171,209
70,35,27,203,222,208,168,33,64,155
70,36,222,192,3,237,85,233,247,20
70,37,5,72,65,96,61,74,133,123
70,38,64,168,143,236,159,131,61,218
70,39,2,154,228,148,38,159,128,134
71,0,190,235,253,141,221,115,64,177
71,1,68,46,113,47,7,93,182,215
71,2,10,57,17,145,98,123,53,34
71,3,231,12,103,172,187,158,94,91
71,4,214,128,67,234,96,108,211,90
71,5,41,224,99,145,132,176,79,37
71,6,54,215,60,153,131,250,192,96
71,7,78,207,118,54,201,42,221,175
71,8,195,175,116,36,44,104,234,245
71,9,116,191,126,38,118,164,34,56
71,10,36,198,100,167,13,71,213,113
71,11,140,233,74,163,246,172,189,127
71,12,93,87,242,85,252,27,69,253
71,13,105,153,241,2,233,75,226,67
71,14,216,163,41,51,53,200,35,45
71,15,187,228,255,127,128,43,113,62
71,16,160,16,151,172,39,227,215,205
71,17,69,160,93,40,138,25,165,233
71,18,38,201,83,174,77,37,113,104
71,19,122,26,195,191,212,236,232,116
71,20,195,36,26,158,116,12,105,237
71,21,116,210,171,30,126,26,112,209
71,22,36,255,129,183,44,195,82,208
71,23,239,123,253,41,90,34,243,163
71,24,62,87,112,126,27,200,41,53
71,25,212,236,105,152,138,253,27,242
71,26,41,216,45,142,88,97,109,91
71,27,229,228,139,154,108,43,115,68
71,28,160,205,28,43,172,83,204,215
71,29,69,93,87,160,36,182,121,119
71,30,201,51,199,0,38,216,93,104
71,31,122,116,75,26,221,250,123,158
71,32,226,181,128,119,252,31,218,255
71,33,210,43,93,85,72,39,83,67
71,34,132,74,40,82,209,122,108,231
71,35,27,72,239,155,0,64,128,156
71,36,222,20,192,80,238,51,40,61
71,37,39,5,72,88,24,61,254,65
71,38,64,151,202,193,221,196,16,143
71,39,186,154,190,225,11,218,17,128
72,0,132,158,190,38,112,253,238,43
72,1,140,117,201,122,46,211,193,105
72,2,10,145,74,100,121,140,57,29
72,3,91,128,34,35,199,103,187,133
72,4,128,90,6,130,58,153,142,108
72,5,41,222,47,193,145,90,43,50
72,6,60,7,153,54,210,22,31,203
72,7,78,117,175,118,23,185,81,254
72,8,195,175,180,116,234,104,23,113
72,9,239,38,191,164,208,1,116,9
72,10,65,125,36,27,198,185,93,169
72,11,19,192,108,189,206,86,160,144
72,12,93,151,15,85,128,74,44,87
72,13,105,212,103,147,11,251,134,32
72,14,51,53,137,125,88,41,148,226
72,15,162,200,147,148,195,165,255,228
72,16,160,172,238,35,205,133,39,28
72,17,69,87,93,76,160,233,72,44
72,18,43,201,83,179,85,77,134,38
72,19,122,26,116,109,195,20,212,75
72,20,137,116,195,23,105,175,26,239
72,21,239,116,35,191,171,38,210,164
72,22,36,125,150,185,210,198,65,255
72,23,239,19,253,47,193,189,128,172
72,24,93,151,62,87,112,126,74,52
72,25,212,105,134,251,103,138,226,253
72,26,41,51,88,149,216,165,45,97
72,27,195,147,139,228,165,14,162,200
72,28,160,238,172,43,35,28,39,205
72,29,93,69,87,76,0,160,124,58
72,30,201,163,133,77,51,111,216,166
72,31,122,116,26,75,109,166,197,212
72,32,226,181,252,119,128,255,218,244
72,33,85,93,43,83,72,210,39,164
72,34,132,186,74,26,82,27,108,40
72,35,27,72,239,33,14,42,162,115
72,36,222,20,192,51,77,221,94,196
72,37,39,92,163,232,6,185,86,244
72,38,151,64,105,92,221,202,159,148
72,39,186,138,189,38,190,128,226,60
73,0,38,53,193,54,244,44,167,36
73,1,188,58,122,201,140,152,117,181
73,2,49,100,20,219,74,29,129,67
73,3,34,103,35,91,128,38,41,99
73,4,58,90,224,193,6,113,114,165
73,5,78,15,43,193,145,68,88,28
73,6,60,7,65,187,155,54,75,208
73,7,78,117,175,180,42,221,47,119
73,8,195,175,116,104,239,237,52,253
73,9,239,25,38,191,34,7,195,56
73,10,27,36,157,125,65,93,82,185
73,11,47,89,224,112,150,163,25,81
73,12,87,93,62,3,34,192,53,200
73,13,251,105,2,241,233,212,253,11
73,14,53,41,35,45,70,55,230,81
73,15,184,46,228,229,68,255,195,183
73,16,160,205,35,39,16,28,88,63
73,17,69,93,20,160,121,152,233,5
73,18,201,83,77,38,43,174,155,192
73,19,122,26,212,167,221,186,90,191
73,20,195,139,104,148,11,26,105,36
73,21,210,116,239,136,171,184,112,1
73,22,36,215,227,255,78,129,189,238
73,23,239,47,253,41,31,150,4,196
73,24,62,213,126,87,193,79,77,112
73,25,212,251,82,95,4,241,68,138
73,26,216,41,165,45,142,230,16,170
73,27,228,190,139,128,68,43,154,184
73,28,160,28,205,0,39,35,57,88
73,29,69,93,165,36,32,121,34,175
73,30,201,38,77,156,166,216,104,137
73,31,122,26,221,158,116,167,177,186
73,32,95,226,244,218,181,43,105,133
73,33,43,85,164,32,19,17,72,67
73,34,186,132,40,243,108,14,231,0
73,35,117,180,225,33,162,140,155,152
73,36,186,199,51,221,171,113,126,232
73,37,141,133,102,61,219,163,51,63
73,38,151,99,254,115,131,17,31,237
73,39,2,189,138,185,201,22,226,24
74,0,200,228,236,102,144,21,225,92
74,1,46,3,193,124,251,211,71,127
74,2,49,219,60,11,217,20,153,233
74,3,164,38,194,166,225,43,92,39
74,4,193,90,140,199,200,27,250,49
74,5,222,43,248,78,111,60,79,107
74,6,143,36,252,12,60,65,68,14
74,7,78,142,175,223,57,110,180,232
74,8,175,195,148,85,72,243,58,149
74,9,193,203,99,25,34,45,43,8
74,10,157,126,27,90,71,65,213,183
74,11,47,150,239,81,89,253,176,74
74,12,169,3,126,0,220,92,144,53
74,13,243,212,3,105,138,11,153,67
74,14,230,41,53,55,204,200,123,35
74,15,228,172,227,229,235,255,248,29
74,16,160,183,172,205,163,35,57,247
74,17,69,233,93,58,112,99,1,107
74,18,176,83,224,197,201,58,77,3
74,19,122,174,167,115,212,95,153,243
74,20,195,148,240,72,23,26,106,175
74,21,1,99,203,71,193,184,213,228
74,22,227,93,126,157,21,129,90,177
74,23,239,47,253,81,150,196,46,51
74,24,62,126,193,79,6,0,92,41
74,25,83,212,138,34,105,254,221,17
74,26,230,204,165,35,29,55,16,243
74,27,139,227,228,172,14,145,153,235
74,28,160,28,183,205,191,35,152,247
74,29,69,93,58,1,79,34,36,98
74,30,201,176,197,44,77,83,225,93
74,31,95,122,167,240,212,135,75,207
74,32,31,128,146,255,184,245,136,232
74,33,72,71,87,67,97,37,137,98
74,34,132,63,1,108,255,212,40,10
74,35,43,27,129,208,97,33,134,65
74,36,199,75,60,237,186,171,25,163
74,37,72,61,133,160,115,232,185,111
74,38,0,88,252,120,5,222,98,236
74,39,185,198,208,128,223,6,119,93
75,0,35,101,146,214,10,242,79,96
75,1,193,150,16,62,137,161,20,151
75,2,112,136,249,148,94,213,101,28
75,3,130,183,150,216,77,28,194,39
75,4,87,184,20,174,90,69,23,195
75,5,220,162,79,32,57,43,143,111
75,6,230,53,254,77,21,237,133,155
75,7,142,78,57,175,204,47,195,110
75,8,148,195,72,175,247,22,53,23
75,9,99,203,1,63,166,143,34,224
75,10,108,23,29,78,76,145,43,96
75,11,42,239,61,253,58,214,25,11
75,12,10,91,79,185,126,88,116,251
75,13,83,34,208,130,177,45,236,189
75,14,248,132,204,54,21,44,55,173
75,15,90,139,227,145,74,3,206,235
75,16,191,74,24,112,195,183,228,172
75,17,69,8,196,1,210,217,169,152
75,18,77,224,91,64,233,155,73,176
75,19,115,95,212,59,129,135,127,90
75,20,148,23,240,133,247,53,85,72
75,21,99,1,233,71,209,207,37,117
75,22,160,108,250,116,207,251,245,213
75,23,80,61,97,17,134,117,98,253
75,24,10,116,184,62,246,21,112,142
75,25,83,45,208,153,238,27,254,183
75,26,248,132,115,55,44,134,204,201
75,27,139,227,145,90,190,147,38,235
75,28,191,74,172,24,176,25,200,197
75,29,69,150,196,1,192,59,204,73
75,30,77,224,252,64,38,181,206,97
75,31,95,115,129,133,75,212,240,19
75,32,33,236,128,241,35,163,117,208
75,33,192,72,75,71,109,213,2,60
75,34,16,246,254,98,10,123,108,105
75,35,53,14,129,100,202,66,130,38
75,36,188,110,154,119,75,199,244,101
75,37,219,165,199,24,68,212,186,226
75,38,103,252,239,206,191,222,196,73
75,39,228,10,225,159,148,171,37,222
76,0,235,190,158,253,141,208,115,221
76,1,217,113,82,203,179,21,7,137
76,2,112,167,128,136,109,106,39,94
76,3,35,128,91,34,111,39,90,32
76,4,90,6,45,188,49,27,0,62
76,5,185,43,90,220,188,135,222,230
76,6,14,65,237,133,53,138,96,143
76,7,78,110,117,144,175,119,70,221
76,8,195,175,239,104,106,36,116,28
76,9,116,191,203,118,195,38,222,34
76,10,157,27,210,13,162,83,177,88
76,11,81,150,47,239,89,16,228,74
76,12,93,62,3,53,16,126,209,164
76,13,212,105,251,138,243,2,103,188
76,14,41,53,55,216,193,230,125,45
76,15,172,229,183,36,195,153,217,255
76,16,160,205,238,28,183,35,60,163
76,17,93,69,5,107,183,20,18,112
76,18,201,197,43,83,170,155,199,85
76,19,167,122,116,212,195,109,26,41
76,20,195,72,23,148,104,239,175,26
76,21,116,1,203,171,99,122,191,53
76,22,129,36,29,177,83,227,247,185
76,23,239,253,47,4,81,155,39,181
76,24,62,193,79,16,126,93,184,91
76,25,138,212,251,105,2,91,180,118
76,26,97,204,41,88,86,149,29,230
76,27,153,229,172,139,227,183,82,228
76,28,160,205,28,183,152,191,35,247
76,29,69,93,5,1,152,58,98,72
76,30,201,197,176,77,199,83,51,225
76,31,167,122,95,116,75,212,240,88
76,32,31,255,128,119,226,245,223,236
76,33,72,93,83,87,85,210,92,220
76,34,132,1,10,74,82,244,19,186
76,35,129,14,27,171,202,160,196,57
76,36,222,60,70,192,119,188,163,149
76,37,39,219,115,54,61,184,116,185
76,38,64,149,138,175,202,151,31,21
76,39,186,190,189,18,95,38,136,91
77,0,193,167,38,54,72,152,94,244
77,1,140,122,217,117,201,105,179,152
77,2,167,112,106,43,128,153,39,99
77,3,91,35,128,34,236,225,39,172
77,4,90,6,45,127,61,49,27,28
77,5,220,42,111,230,132,166,185,248
77,6,237,96,53,133,137,89,65,179
77,7,221,110,78,22,144,90,145,47
77,8,195,106,175,239,148,166,129,26
77,9,203,116,118,193,195,113,53,34
77,10,11,71,177,22,231,189,212,183
77,11,239,253,192,51,81,41,149,155
77,12,16,62,4,53,0,169,126,211
77,13,251,243,34,2,67,135,3,212
77,14,55,41,191,87,244,29,35,216
77,15,227,183,153,255,139,127,36,172
77,16,160,39,183,63,162,144,191,247
77,17,69,107,93,99,161,34,138,11
77,18,176,77,233,64,83,3,199,235
77,19,95,195,153,115,233,254,129,108
77,20,148,195,240,104,17,72,92,245
77,21,99,1,71,228,53,194,128,214
77,22,162,133,227,29,21,83,82,78
77,23,155,253,239,196,61,4,31,181
77,24,16,79,126,184,142,193,185,68
77,25,83,251,221,15,189,138,146,91
77,26,55,134,248,29,204,35,31,142
77,27,153,139,227,82,150,36,228,126
77,28,183,160,63,247,28,205,147,191
77,29,69,93,65,5,125,98,1,152
77,30,176,44,77,83,45,225,201,64
77,31,95,240,167,75,212,122,88,135
77,32,31,128,255,223,245,158,236,7
77,33,72,190,87,92,71,108,217,63
77,34,116,186,10,1,54,19,246,132
77,35,129,14,171,202,39,212,56,196
77,36,188,70,119,8,60,158,153,43
77,37,219,22,209,199,115,103,160,64
77,38,175,148,92,138,230,111,93,196
77,39,2,38,189,69,217,95,222,252
78,0,78,136,56,254,18,33,236,148
78,1,193,186,124,228,240,161,252,218
78,2,188,112,11,72,170,178,136,217
78,3,166,92,153,150,111,131,169,178
78,4,253,90,199,88,28,188,49,27
78,5,174,111,185,85,58,42,71,220
78,6,237,96,53,12,14,36,204,89
78,7,78,175,110,75,206,25,3,185
78,8,157,148,195,175,149,106,23,251
78,9,99,1,45,97,158,195,118,34
78,10,177,12,68,22,95,71,11,189
78,11,192,64,253,150,239,28,130,177
78,12,16,187,53,62,184,99,169,142
78,13,251,42,20,212,216,26,121,185
78,14,244,55,166,35,191,136,59,4
78,15,153,227,228,255,225,150,183,139
78,16,247,160,183,39,162,205,103,48
78,17,185,69,93,125,107,161,99,138
78,18,176,201,83,199,72,155,77,64
78,19,207,233,95,195,138,246,153,243
78,20,148,17,104,157,240,50,195,26
78,21,99,53,71,194,1,228,214,128
78,22,12,68,162,249,78,108,21,49
78,23,253,64,155,171,213,239,31,246
78,24,142,16,124,62,126,79,68,193
78,25,42,20,251,83,26,138,221,146
78,26,244,166,55,248,134,136,29,204
78,27,153,139,150,228,227,82,255,126
78,28,247,183,147,160,191,28,63,245
78,29,69,125,185,93,65,98,1,151
78,30,176,72,77,44,51,83,64,225
78,31,95,207,240,221,75,88,195,59
78,32,31,224,128,255,197,236,245,68
78,33,72,63,156,18,217,168,57,206
78,34,152,54,213,10,55,246,196,188
78,35,129,14,39,202,171,212,56,167
78,36,188,239,251,119,24,153,158,176
78,37,219,50,22,62,209,90,103,199
78,38,146,175,127,47,118,230,106,124
78,39,85,177,13,203,36,34,45,70
79,0,136,36,29,134,41,86,23,65
79,1,193,165,254,22,101,14,91,137
79,2,182,54,201,178,139,112,95,194
79,3,201,167,30,166,111,54,109,39
79,4,216,253,149,134,90,28,152,121
79,5,213,23,58,210,111,136,0,222
79,6,125,237,12,204,43,30,152,91
79,7,78,175,57,4,110,236,75,81
79,8,148,157,23,72,85,22,195,75
79,9,1,99,166,97,229,18,168,143
79,10,12,226,177,86,95,162,49,132
79,11,186,192,97,253,239,17,150,230
79,12,16,157,10,166,21,126,176,142
79,13,42,83,212,26,180,183,45,170
79,14,204,55,21,132,154,35,136,97
79,15,227,116,235,153,255,150,74,139
79,16,247,183,138,160,48,191,169,162
79,17,69,185,1,93,125,169,152,99
79,18,77,176,83,225,237,199,72,44
79,19,207,115,212,95,240,88,114,59
79,20,148,157,240,23,195,72,85,133
79,21,1,99,71,214,228,254,229,72
79,22,133,12,108,126,17,21,132,162
79,23,209,155,4,186,253,230,117,213
79,24,16,126,157,10,124,116,176,166
79,25,42,83,180,146,183,222,132,26
79,26,154,204,166,132,248,55,150,44
79,27,150,139,227,255,82,153,79,228
79,28,247,183,138,245,201,28,147,48
79,29,69,125,185,93,1,157,78,98
79,30,44,176,237,225,72,83,130,51
79,31,95,207,88,240,59,221,85,122
79,32,31,255,128,75,236,197,157,245
79,33,72,161,103,18,5,63,59,206
79,34,227,152,10,11,246,213,55,155
79,35,129,14,171,202,196,39,130,210
79,36,148,48,188,251,119,158,239,153
79,37,219,22,199,103,7,102,50,94
79,38,124,175,127,118,230,106,93,219
79,39,13,177,70,34,203,77,30,116
80,0,211,134,151,178,70,36,60,199
80,1,137,193,101,243,254,163,85,22
80,2,54,3,192,95,166,182,112,1
80,3,243,216,255,172,178,167,10,124
80,4,44,175,134,28,253,176,173,73
80,5,111,164,58,60,29,91,80,131
80,6,12,125,53,152,30,237,43,160
80,7,78,175,38,110,145,57,160,4
80,8,148,22,72,158,23,16,240,161
80,9,99,1,254,20,218,134,101,118
80,10,242,11,148,12,95,172,90,86
80,11,218,117,97,239,230,92,215,253
80,12,16,157,126,10,184,4,142,211
80,13,83,212,26,19,42,185,180,146
80,14,154,55,204,21,59,35,166,29
80,15,227,153,141,225,235,228,139,82
80,16,160,247,183,190,48,245,169,191
80,17,125,69,185,93,144,161,247,99
80,18,176,199,99,83,77,44,3,72
80,19,207,95,85,212,138,114,115,94
80,20,148,240,17,127,50,23,172,72
80,21,99,1,214,71,58,246,201,254
80,22,12,95,175,90,115,108,21,242
80,23,4,215,213,253,58,46,218,90
80,24,142,126,79,105,184,124,68,16
80,25,26,146,42,83,71,212,132,183
80,26,154,166,97,248,55,29,134,132
80,27,153,139,82,150,228,28,227,145
80,28,247,183,190,28,63,245,102,191
80,29,125,69,93,185,21,98,99,62
80,30,44,176,64,225,83,77,199,63
80,31,85,95,207,240,88,59,135,152
80,32,31,123,236,109,128,247,140,68
80,33,72,95,139,11,198,189,102,28
80,34,67,240,10,72,220,64,44,246
80,35,129,14,187,235,202,191,74,16
80,36,188,142,26,152,49,158,29,246
80,37,219,22,199,55,135,127,169,152
80,38,119,80,93,175,251,230,127,169
80,39,122,244,203,183,99,92,250,72
81,0,111,11,187,172,234,163,121,4
81,1,133,193,66,195,107,169,198,255
81,2,54,200,232,110,150,169,90,46
81,3,200,45,92,166,75,201,158,252
81,4,228,94,89,71,134,253,152,216
81,5,61,111,58,23,80,194,95,159
81,6,90,125,235,12,3,204,43,98
81,7,131,78,110,75,145,57,206,81
81,8,148,22,23,85,40,16,213,50
81,9,99,201,1,58,28,254,97,221
81,10,90,95,175,22,82,71,11,212
81,11,130,142,239,90,163,153,101,150
81,12,105,16,124,120,187,4,184,3
81,13,26,132,180,141,135,139,185,243
81,14,154,55,136,166,31,46,29,35
81,15,227,248,139,228,153,141,225,150
81,16,183,48,147,54,160,162,245,191
81,17,69,125,93,236,144,65,218,99
81,18,176,199,83,69,99,64,44,6
81,19,233,95,207,44,239,94,135,19
81,20,50,148,104,240,172,17,11,65
81,21,99,201,194,96,58,53,239,214
81,22,90,108,123,22,229,82,115,61
81,23,90,253,78,213,4,155,31,46
81,24,105,120,124,106,126,142,184,6
81,25,139,180,26,132,251,212,146,135
81,26,166,154,31,136,248,55,134,29
81,27,228,139,153,126,82,248,183,36
81,28,183,63,191,245,247,54,48,162
81,29,69,125,65,151,236,98,93,204
81,30,44,176,64,45,51,77,83,97
81,31,95,240,207,19,54,135,233,248
81,32,31,162,195,128,146,7,236,247
81,33,72,75,97,37,94,217,118,189
81,34,10,212,255,187,246,54,19,206
81,35,129,14,49,202,196,16,36,220
81,36,188,234,0,8,119,241,158,242
81,37,219,103,22,69,7,199,176,221
81,38,93,233,22,175,230,173,159,82
81,39,68,23,45,16,222,235,225,80
82,0,218,212,40,65,33,46,29,136
82,1,183,98,193,209,166,40,48,96
82,2,178,56,95,125,232,201,94,65
82,3,55,33,138,15,17,169,179,201
82,4,123,133,152,216,132,134,180,189
82,5,213,23,31,18,95,58,111,80
82,6,125,12,77,235,240,241,204,43
82,7,61,57,145,195,75,78,47,110
82,8,148,157,22,247,16,85,161,50
82,9,99,1,28,58,97,194,166,22
82,10,220,82,175,251,37,226,61,49
82,11,4,230,54,158,78,97,249,246
82,12,51,175,91,120,53,185,105,126
82,13,135,83,180,141,26,119,185,236
82,14,154,31,136,55,35,21,248,134
82,15,116,139,228,227,126,111,141,90
82,16,63,183,162,48,191,169,54,147
82,17,216,69,99,144,65,93,249,161
82,18,176,63,64,75,233,199,99,83
82,19,207,233,95,135,221,19,114,138
82,20,157,148,104,50,65,172,122,247
82,21,99,194,58,214,228,231,243,71
82,22,115,220,175,255,108,151,227,90
82,23,4,90,193,249,162,246,78,181
82,24,91,106,6,175,113,8,185,124
82,25,119,5,180,221,132,55,135,212
82,26,154,31,248,97,110,254,134,150
82,27,228,139,126,141,241,183,90,153
82,28,63,245,201,183,191,169,162,185
82,29,69,216,65,99,151,177,98,204
82,30,176,97,64,51,45,83,199,77
82,31,95,240,19,75,54,135,248,233
82,32,116,128,31,7,75,197,236,68
82,33,72,59,182,206,18,217,118,57
82,34,205,10,11,246,213,204,196,211
82,35,129,14,202,16,224,196,210,11
82,36,251,188,106,75,158,119,172,118
82,37,219,165,55,22,213,103,7,199
82,38,124,55,93,233,191,77,47,245
82,39,45,222,10,235,225,203,42,80
83,0,211,62,134,151,70,138,162,176
83,1,22,101,255,193,37,215,157,17
83,2,189,71,183,97,143,201,3,94
83,3,20,15,10,201,195,45,172,32
83,4,79,180,134,44,132,175,127,28
83,5,82,136,18,58,80,91,95,164
83,6,39,240,12,125,241,144,53,98
83,7,136,223,57,75,47,78,145,155
83,8,148,50,22,16,104,72,92,36
83,9,99,1,58,221,97,254,246,210
83,10,175,220,231,255,227,82,129,6
83,11,4,218,249,158,230,28,193,155
83,12,175,91,127,185,104,142,99,184
83,13,119,135,236,83,141,44,255,180
83,14,154,35,55,216,136,211,71,21
83,15,183,126,139,227,55,141,56,225
83,16,63,245,48,144,183,162,190,191
83,17,164,144,69,216,47,249,99,161
83,18,99,176,195,123,63,199,64,83
83,19,239,85,114,95,207,19,144,221
83,20,50,148,172,116,17,240,18,197
83,21,99,194,221,58,71,246,201,210
83,22,255,231,227,129,115,213,175,82
83,23,4,249,25,148,78,92,155,213
83,24,91,175,99,6,185,232,126,0
83,25,119,5,180,221,212,55,44,83
83,26,154,136,248,110,229,216,134,63
83,27,139,183,228,33,6,55,126,141
83,28,63,245,183,190,162,210,144,169
83,29,69,216,164,99,151,98,21,9
83,30,63,64,51,97,83,176,225,151
83,31,95,85,240,34,19,152,114,129
83,32,123,128,18,140,246,31,236,7
83,33,234,95,72,11,102,59,119,36
83,34,72,10,240,67,204,238,44,199
83,35,129,187,191,196,14,74,213,71
83,36,119,142,26,25,27,75,149,172
83,37,109,219,115,173,120,24,54,102
83,38,138,251,169,159,207,93,96,191
83,39,165,222,235,179,122,80,117,76
84,0,117,146,171,185,18,80,187,128
84,1,133,169,193,104,66,81,2,13
84,2,189,249,71,254,226,183,22,97
84,3,221,134,201,20,15,150,170,228
84,4,182,8,228,55,180,123,152,134
84,5,61,95,18,23,146,0,58,237
84,6,16,125,3,241,240,39,204,114
84,7,228,131,57,108,78,136,253,11
84,8,148,112,22,16,85,72,187,129
84,9,206,19,99,1,254,178,28,66
84,10,220,163,226,229,19,175,108,49
84,11,18,4,158,230,116,142,246,97
84,12,106,175,91,51,99,6,67,185
84,13,200,119,57,83,135,185,37,141
84,14,46,55,31,38,110,8,154,35
84,15,241,103,126,227,139,183,111,228
84,16,149,63,179,183,169,245,147,37
84,17,65,216,69,155,99,93,161,249
84,18,6,176,63,83,97,156,75,44
84,19,233,95,138,221,254,19,207,135
84,20,112,148,104,245,197,240,68,40
84,21,206,19,99,194,1,71,30,243
84,22,115,255,229,82,227,163,129,212
84,23,4,181,18,61,25,246,142,40
84,24,91,106,175,6,113,213,120,105
84,25,119,5,200,57,221,180,212,37
84,26,110,31,216,38,136,134,254,97
84,27,139,228,241,141,103,183,126,153
84,28,63,149,183,185,179,245,191,152
84,29,69,65,155,216,93,1,102,161
84,30,6,97,176,199,83,51,45,77
84,31,95,75,233,240,212,19,63,238
84,32,89,17,128,199,31,137,7,236
84,33,72,214,23,117,94,67,105,82
84,34,58,187,10,54,12,246,19,182
84,35,7,129,14,183,202,166,66,53
84,36,253,119,8,245,188,166,22,57
84,37,164,115,218,219,22,199,84,25
84,38,93,136,22,175,58,159,173,118
84,39,25,16,23,68,230,70,30,145
85,0,211,151,60,223,178,70,50,245
85,1,153,48,190,193,119,28,163,243
85,2,13,5,3,185,177,189,211,216
85,3,197,167,172,51,121,46,132,204
85,4,61,146,29,134,175,90,132,188
85,5,172,58,164,3,91,99,230,150
85,6,12,213,199,75,140,28,81,216
85,7,78,38,119,75,32,160,145,209
85,8,148,0,166,250,202,251,230,82
85,9,99,34,117,210,91,75,60,218
85,10,173,154,10,242,129,226,172,20
85,11,201,218,246,51,70,63,28,254
85,12,51,213,4,76,36,89,91,146
85,13,216,135,121,192,241,115,244,221
85,14,110,85,35,29,81,223,186,4
85,15,126,196,225,53,59,127,56,183
85,16,179,213,6,39,144,161,216,158
85,17,247,99,53,254,161,138,27,97
85,18,83,104,97,14,125,235,37,52
85,19,63,158,138,206,41,254,221,13
85,20,127,17,245,202,197,246,96,192
85,21,121,210,112,33,234,30,79,71
85,22,115,10,173,154,129,80,195,226
85,23,28,19,51,233,183,63,177,205
85,24,213,91,4,131,62,87,153,6
85,25,221,115,192,211,70,181,64,5
85,26,110,254,85,186,163,35,216,142
85,27,126,228,141,127,139,183,61,59
85,28,63,183,106,179,210,197,213,191
85,29,69,225,18,93,62,184,216,161
85,30,83,229,176,199,44,145,67,127
85,31,63,95,149,49,195,10,75,158
85,32,57,109,123,173,240,31,92,121
85,33,198,72,189,61,162,108,47,67
85,34,121,166,164,138,13,40,143,98
85,35,129,14,248,187,9,64,97,225
85,36,22,26,75,47,9,31,237,225
85,37,132,109,198,25,195,130,61,74
85,38,193,180,87,175,17,138,143,245
85,39,42,235,8,22,6,222,76,80
86,0,25,128,164,79,243,100,64,135
86,1,30,162,23,222,10,139,253,17
86,2,200,232,204,168,136,90,169,152
86,3,45,200,109,53,57,184,215,40
86,4,89,250,146,134,132,56,147,238
86,5,172,36,58,252,223,3,246,112
86,6,12,255,240,4,23,80,75,222
86,7,149,18,38,57,3,168,75,253
86,8,148,40,129,26,202,108,128,185
86,9,99,31,35,224,34,42,91,83
86,10,226,154,173,49,10,38,225,175
86,11,184,72,201,117,10,70,244,118
86,12,91,10,131,185,37,109,182,246
86,13,83,148,211,34,240,192,51,9
86,14,85,55,110,247,248,21,91,132
86,15,139,227,225,74,90,126,97,38
86,16,191,183,201,1,169,197,179,37
86,17,69,217,210,225,161,214,216,247
86,18,64,77,97,176,96,3,61,83
86,19,95,149,240,129,190,254,49,138
86,20,148,119,245,145,240,202,72,255
86,21,99,121,71,133,181,91,231,1
86,22,115,129,10,255,173,182,104,213
86,23,28,205,61,249,213,4,177,162
86,24,91,131,6,213,113,62,4,99
86,25,5,119,221,83,70,193,216,211
86,26,110,254,216,35,181,55,243,132
86,27,126,139,228,127,95,183,141,56
86,28,63,183,191,210,245,197,169,179
86,29,69,216,225,184,62,226,54,217
86,30,83,176,229,51,225,93,67,199
86,31,95,149,238,49,129,152,85,75
86,32,57,31,128,140,43,236,7,5
86,33,72,47,162,167,90,225,132,67
86,34,241,113,121,103,40,211,98,202
86,35,129,14,101,9,30,114,74,187
86,36,103,141,237,199,97,27,63,75
86,37,109,195,120,219,80,127,169,74
86,38,138,193,93,207,8,173,233,159
86,39,235,222,100,129,122,76,80,117
87,0,49,51,153,22,85,247,18,11
87,1,169,223,87,193,30,177,6,5
87,2,16,70,26,18,40,152,232,200
87,3,98,27,97,238,160,172,45,137
87,4,14,65,67,167,240,201,72,39
87,5,67,172,58,161,191,252,235,94
87,6,215,125,129,240,167,43,204,39
87,7,44,228,57,253,78,108,11,240
87,8,33,148,22,247,75,40,204,219
87,9,132,99,22,240,1,143,83,253
87,10,220,248,82,255,115,251,28,226
87,11,36,20,4,158,201,230,54,40
87,12,91,242,10,51,185,6,246,175
87,13,83,33,37,183,104,148,208,174
87,14,21,248,147,134,115,132,247,55
87,15,139,240,227,111,127,177,90,74
87,16,183,169,191,39,63,156,195,201
87,17,110,216,69,99,217,244,161,98
87,18,112,128,97,64,176,233,77,44
87,19,12,135,207,95,238,41,129,240
87,20,33,247,148,18,122,22,150,53
87,21,132,99,22,194,231,214,83,230
87,22,115,10,90,60,129,251,255,229
87,23,4,61,193,177,28,54,36,40
87,24,113,91,126,175,102,232,242,87
87,25,5,119,132,181,114,104,238,55
87,26,110,254,31,216,236,229,9,200
87,27,127,126,228,183,55,141,139,240
87,28,63,39,175,37,213,245,156,64
87,29,110,69,119,33,216,226,249,228
87,30,128,112,199,67,93,47,83,229
87,31,10,238,12,246,107,135,195,89
87,32,238,113,52,158,240,43,128,219
87,33,73,41,67,72,137,240,108,19
87,34,97,40,161,76,108,204,34,113
87,35,81,102,64,19,97,66,115,30
87,36,106,199,22,94,27,237,143,171
87,37,218,219,115,25,160,80,54,42
87,38,93,42,159,173,17,252,31,77
87,39,113,235,22,226,25,222,206,191
88,0,211,60,160,144,245,207,33,223
88,1,173,193,153,163,243,98,48,78
88,2,16,76,222,61,200,168,152,104
88,3,45,174,172,49,32,197,204,195
88,4,211,232,59,48,32,115,40,217
88,5,172,21,229,180,20,215,247,189
88,6,19,211,225,110,163,214,119,248
88,7,98,143,194,141,186,209,241,165
88,8,223,216,127,217,81,250,197,91
88,9,63,71,135,210,136,12,209,122
88,10,79,127,44,176,78,144,160,123
88,11,135,12,42,160,58,24,46,45
88,12,91,68,251,79,18,247,116,126
88,13,130,118,208,108,52,57,250,95
88,14,160,222,54,132,72,248,161,204
88,15,206,3,4,139,72,122,177,238
88,16,74,7,205,32,51,26,191,170
88,17,115,20,69,8,1,148,118,101
88,18,77,192,204,155,91,83,226,233
88,19,54,150,3,26,90,125,75,191
88,20,148,133,53,191,180,22,23,198
88,21,207,99,245,85,88,35,67,134
88,22,160,196,178,53,45,251,168,39
88,23,80,57,111,47,163,170,0,224
88,24,3,68,31,111,2,189,201,62
88,25,130,13,208,58,95,131,15,157
88,26,59,52,132,65,161,231,137,54
88,27,206,165,108,157,87,3,122,147
88,28,7,37,173,39,28,236,12,191
88,29,150,69,34,93,119,216,10,125
88,30,38,172,61,180,19,40,44,77
88,31,249,154,238,153,1,222,144,241
88,32,140,31,179,169,27,246,18,104
88,33,132,72,47,104,198,84,225,102
88,34,67,44,238,98,64,103,220,159
88,35,129,74,148,235,187,14,190,202
88,36,188,22,227,115,26,119,29,49
88,37,198,25,219,111,207,168,132,121
88,38,193,242,42,191,93,61,180,77
88,39,42,235,219,222,223,22,122,6
89,0,25,128,164,87,79,100,243,17
89,1,30,23,222,162,253,10,133,139
89,2,200,61,232,168,16,51,204,152
89,3,45,57,107,185,252,109,184,200
89,4,203,89,219,250,26,35,183,146
89,5,172,36,252,58,3,192,118,117
89,6,54,240,19,12,141,129,255,192
89,7,38,149,57,18,133,228,168,253
89,8,247,148,36,22,108,129,231,40
89,9,99,22,31,160,35,247,66,91
89,10,231,154,226,213,49,74,227,118
89,11,136,201,117,4,184,244,158,230
89,12,242,91,102,10,213,6,131,109
89,13,83,37,208,5,188,119,185,148
89,14,181,110,92,31,55,247,216,115
89,15,183,139,227,177,90,97,111,74
89,16,63,183,169,191,203,193,162,39
89,17,69,144,249,216,247,161,99,226
89,18,176,123,99,63,97,77,172,64
89,19,249,135,221,95,41,238,129,138
89,20,50,148,247,18,243,150,197,152
89,21,99,58,194,214,235,221,72,243
89,22,115,255,227,129,231,82,10,213
89,23,4,123,205,25,61,249,51,201
89,24,91,175,6,102,184,113,224,213
89,25,119,5,114,71,221,44,83,141
89,26,110,254,248,181,55,134,150,223
89,27,139,228,183,141,126,92,240,16
89,28,63,183,102,162,152,28,191,169
89,29,69,216,119,98,88,62,99,226
89,30,64,176,97,225,162,151,83,51
89,31,95,85,135,249,240,34,28,88
89,32,31,128,140,236,7,179,18,68
89,33,72,132,47,104,167,36,11,225
89,34,44,240,10,67,238,103,241,64
89,35,129,74,148,14,16,235,196,202
89,36,188,227,142,115,49,29,158,18
89,37,78,219,22,27,103,193,163,199
89,38,119,93,251,127,118,215,169,80
89,39,122,75,158,244,190,165,222,141
90,0,117,185,68,226,171,243,154,11
90,1,43,66,13,30,202,193,169,158
90,2,107,22,152,18,218,232,70,59
90,3,221,201,170,166,228,172,191,112
90,4,8,139,182,55,123,152,228,2
90,5,223,95,61,23,146,29,0,3
90,6,3,114,54,125,204,39,240,241
90,7,19,57,78,133,236,240,11,129
90,8,148,22,247,18,85,16,75,62
90,9,99,206,19,1,22,107,166,73
90,10,163,115,49,182,108,250,220,189
90,11,4,142,18,116,230,202,97,168
90,12,67,99,185,91,196,116,87,117
90,13,200,83,5,37,100,208,199,183
90,14,38,180,248,21,132,254,134,115
90,15,103,139,227,241,177,90,127,249
90,16,232,147,183,169,191,63,149,162
90,17,155,69,98,249,99,65,218,216
90,18,233,6,176,64,188,77,123,162
90,19,233,190,135,95,28,91,221,129
90,20,148,68,72,247,240,22,42,112
90,21,99,206,19,214,1,71,15,194
90,22,115,163,108,227,255,71,76,231
90,23,4,61,142,181,58,18,168,130
90,24,91,113,126,196,88,79,175,185
90,25,5,119,234,189,83,200,146,44
90,26,254,248,110,55,38,130,21,132
90,27,139,126,103,228,36,183,104,90
90,28,232,63,191,183,152,169,185,186
90,29,69,155,98,249,47,65,151,2
90,30,77,176,6,51,64,83,225,123
90,31,221,95,240,233,19,248,75,28
90,32,175,31,37,17,128,236,68,29
90,33,72,117,23,214,94,55,192,105
90,34,182,58,54,10,187,12,19,246
90,35,7,129,14,16,202,106,58,212
90,36,245,188,0,253,8,176,153,187
90,37,219,164,84,7,22,199,209,20
90,38,136,47,22,106,175,127,177,230
90,39,16,23,203,68,190,36,120,145
91,0,122,41,151,62,29,160,203,211
91,1,153,190,193,48,28,178,175,131
91,2,47,185,139,5,137,141,125,78
91,3,243,167,51,121,154,255,172,189
91,4,239,149,132,134,175,28,4,180
91,5,223,164,3,58,95,82,190,210
91,6,114,125,152,186,140,243,213,12
91,7,145,161,57,19,236,175,203,78
91,8,148,22,16,247,53,72,98,231
91,9,99,1,201,134,254,243,253,97
91,10,233,227,116,250,117,226,115,149
91,11,97,202,230,61,164,168,83,170
91,12,185,166,10,196,213,146,79,142
91,13,185,83,5,189,177,119,183,37
91,14,21,254,248,115,132,54,134,229
91,15,139,227,183,117,141,90,145,104
91,16,191,169,183,63,138,232,230,102
91,17,49,69,249,99,98,161,238,212
91,18,233,176,66,77,64,141,123,83
91,19,95,190,219,221,60,135,83,254
91,20,148,72,240,199,18,178,22,50
91,21,99,1,53,128,214,58,224,71
91,22,115,10,233,167,227,182,213,123
91,23,162,61,97,50,126,152,58,38
91,24,79,88,185,91,213,196,142,166
91,25,5,83,221,189,183,0,119,71
91,26,254,248,55,110,130,63,35,62
91,27,139,126,228,141,190,79,104,117
91,28,63,232,183,191,186,152,138,164
91,29,69,249,98,93,78,4,238,226
91,30,151,66,176,141,83,77,64,225
91,31,157,95,83,221,191,75,195,238
91,32,175,37,31,146,14,140,128,163
91,33,72,103,181,189,67,133,208,98
91,34,11,109,227,18,143,98,5,76
91,35,129,7,14,44,16,202,11,128
91,36,48,245,188,61,183,153,44,171
91,37,219,162,254,207,34,55,127,74
91,38,185,47,111,124,106,191,173,42
91,39,224,77,222,151,26,22,53,100
92,0,211,151,174,159,178,134,124,62
92,1,206,230,253,10,44,157,80,141
92,2,141,137,47,35,235,55,2,185
92,3,192,2,166,162,173,255,10,197
92,4,123,180,134,44,221,148,227,152
92,5,223,134,3,95,23,58,145,222
92,6,114,125,161,140,43,240,204,152
92,7,145,57,236,136,78,246,52,81
92,8,148,22,50,246,72,16,247,75
92,9,99,1,58,97,221,243,91,253
92,10,227,95,115,250,233,76,108,61
92,11,97,220,28,162,202,230,51,193
92,12,185,213,218,10,142,196,91,175
92,13,5,83,177,119,37,35,189,238
92,14,88,21,115,248,254,132,134,87
92,15,139,227,183,141,90,255,228,254
92,16,193,63,183,191,169,175,24,39
92,17,249,69,226,161,91,138,8,238
92,18,77,151,233,176,167,64,83,104
92,19,41,95,195,135,254,158,90,177
92,20,148,245,26,247,205,36,199,18
92,21,99,8,31,34,230,79,174,7
92,22,216,115,227,116,210,43,41,129
92,23,123,193,246,201,97,168,116,50
92,24,87,126,8,113,3,91,124,88
92,25,221,5,238,4,97,2,95,177
92,26,31,254,55,248,110,188,24,243
92,27,139,228,190,59,206,105,141,3
92,28,28,183,63,193,204,235,23,100
92,29,69,93,21,94,88,175,1,121
92,30,64,225,99,77,104,83,162,166
92,31,95,148,88,176,34,59,191,250
92,32,140,31,125,54,85,161,82,184
92,33,95,132,56,67,27,39,252,64
92,34,20,44,76,98,40,199,108,177
92,35,74,21,64,213,81,33,152,191
92,36,115,19,47,29,171,9,39,109
92,37,65,169,240,16,54,61,24,179
92,38,169,61,11,138,159,55,42,18
92,39,231,117,202,22,193,208,235,151
93,0,123,249,196,229,105,216,101,100
93,1,225,231,150,27,11,155,216,106
93,2,103,4,109,210,162,17,227,190
93,3,152,133,187,235,84,172,37,176
93,4,142,108,13,236,102,222,191,211
93,5,104,186,193,41,58,6,37,73
93,6,153,167,125,54,12,204,43,30
93,7,29,78,23,110,216,165,57,175
93,8,195,234,148,89,105,23,238,21
93,9,29,99,94,164,118,203,194,195
93,10,169,130,198,11,227,216,49,80
93,11,189,233,172,161,177,246,25,176
93,12,87,15,63,252,10,74,26,185
93,13,83,147,43,170,97,45,3,130
93,14,51,20,204,54,88,105,124,132
93,15,147,206,3,227,81,255,228,139
93,16,172,160,5,220,35,100,196,39
93,17,69,8,250,1,233,172,36,93
93,18,77,83,179,57,38,176,60,0
93,19,26,115,177,191,122,59,236,130
93,20,148,234,36,245,195,133,115,23
93,21,164,99,207,29,122,35,31,194
93,22,116,169,36,198,227,196,255,83
93,23,189,56,123,46,180,170,172,38
93,24,74,15,112,63,87,26,3,73
93,25,254,132,147,221,95,130,4,153
93,26,124,148,31,170,155,20,9,44
93,27,147,190,200,68,86,154,139,3
93,28,28,133,160,35,36,172,100,64
93,29,69,93,76,34,121,175,250,36
93,30,201,77,166,104,40,179,83,60
93,31,122,191,195,4,197,205,148,109
93,32,181,82,35,98,237,54,232,133
93,33,43,77,27,210,140,227,64,52
93,34,132,84,74,96,76,20,24,65
93,35,27,239,64,33,168,234,208,232
93,36,222,20,171,167,192,149,81,220
93,37,5,65,72,61,74,215,96,178
93,38,64,182,105,18,36,42,8,143
93,39,134,6,128,168,22,2,93,60
94,0,235,190,141,221,253,177,64,115
94,1,68,21,46,215,93,113,47,182
94,2,10,57,145,103,123,93,34,121
94,3,12,35,128,34,91,187,172,174
94,4,108,96,142,90,222,6,211,23
94,5,41,193,43,58,79,132,135,176
94,6,153,215,60,167,36,75,173,162
94,7,78,250,42,23,118,110,29,175
94,8,116,195,180,234,52,23,223,56
94,9,116,191,164,38,118,203,8,195
94,10,36,198,169,13,120,125,65,11
94,11,189,233,128,108,206,160,161,86
94,12,15,93,128,85,74,3,253,251
94,13,147,212,134,105,118,32,154,95
94,14,51,137,88,148,41,160,45,155
94,15,148,162,165,87,200,58,217,243
94,16,35,238,28,133,40,229,205,5
94,17,87,198,211,69,76,0,250,93
94,18,43,134,127,83,163,161,179,13
94,19,20,109,36,116,195,191,154,122
94,20,23,137,116,105,72,191,164,180
94,21,35,164,117,63,197,154,116,38
94,22,176,150,36,65,125,243,247,185
94,23,160,128,206,193,254,150,9,143
94,24,93,87,85,74,145,60,62,151
94,25,105,134,147,154,212,182,118,251
94,26,88,137,51,214,148,41,45,149
94,27,58,147,87,31,242,165,139,181
94,28,225,238,35,160,93,205,106,150
94,29,87,69,124,0,93,76,250,198
94,30,163,195,133,134,83,43,201,77
94,31,20,75,116,122,109,26,205,184
94,32,252,181,112,119,90,226,160,53
94,33,210,39,43,92,93,184,129,17
94,34,132,231,133,74,26,85,82,222
94,35,72,27,84,239,59,152,42,154
94,36,20,222,83,192,94,221,61,226
94,37,39,5,98,178,74,80,215,96
94,38,64,8,16,36,180,202,221,151
94,39,186,190,154,11,93,128,60,225
95,0,53,38,44,54,244,176,193,87
95,1,188,58,122,140,152,181,201,117
95,2,100,29,140,74,186,27,145,219
95,3,34,35,128,91,103,99,12,64
95,4,6,90,255,96,113,72,117,163
95,5,41,78,73,211,15,230,145,124
95,6,60,155,187,53,153,160,181,96
95,7,207,180,119,247,110,78,90,221
95,8,195,245,223,218,228,24,19,238
95,9,194,116,135,210,25,71,34,63
95,10,78,136,44,123,127,43,144,243
95,11,58,42,160,12,34,45,193,148
95,12,79,251,87,247,153,201,18,192
95,13,130,212,208,118,131,45,108,52
95,14,132,248,54,161,204,191,244,52
95,15,206,3,122,165,195,139,162,238
95,16,74,191,51,205,32,7,37,26
95,17,69,115,8,20,120,60,118,63
95,18,77,204,233,192,91,194,171,155
95,19,54,3,59,94,90,152,125,171
95,20,148,133,53,22,180,135,23,130
95,21,99,207,245,85,70,134,143,233
95,22,53,160,251,250,229,178,45,196
95,23,80,0,111,170,224,194,112,230
95,24,31,2,100,37,3,33,116,111
95,25,208,131,130,2,26,50,254,4
95,26,248,132,55,35,115,65,222,5
95,27,206,139,90,3,111,190,122,180
95,28,191,15,74,37,7,176,88,173
95,29,150,69,34,63,177,204,208,231
95,30,77,64,146,97,73,181,88,252
95,31,54,95,3,191,115,133,100,234
95,32,33,215,34,49,208,244,230,31
95,33,192,119,72,210,208,90,64,137
95,34,16,179,118,23,186,132,65,46
95,35,202,14,139,130,53,207,116,95
95,36,188,110,220,80,171,149,66,101
95,37,29,199,95,39,25,150,74,19
95,38,64,103,159,222,175,196,191,21
95,39,162,154,201,134,128,225,60,191
96,0,127,95,112,43,173,140,200,238
96,1,46,250,112,224,188,129,103,211
96,2,100,29,74,179,219,140,72,167
96,3,130,77,199,183,118,129,59,113
96,4,195,90,108,130,142,184,95,154
96,5,43,41,79,158,251,65,50,152
96,6,60,153,138,22,210,155,173,169
96,7,78,175,117,23,118,123,42,191
96,8,195,116,180,104,72,113,175,123
96,9,203,38,164,8,99,2,36,9
96,10,65,198,185,27,36,196,125,169
96,11,108,128,206,160,233,178,189,239
96,12,93,128,74,15,220,53,3,65
96,13,212,45,134,58,147,11,105,32
96,14,51,137,148,88,184,54,160,53
96,15,165,147,162,148,200,58,87,242
96,16,238,172,133,35,5,43,160,205
96,17,87,109,69,76,250,44,0,248
96,18,43,197,179,85,134,83,163,77
96,19,109,195,116,20,122,192,26,75
96,20,23,195,113,72,191,137,239,105
96,21,38,164,203,35,1,191,116,2
96,22,36,198,65,125,27,196,247,150
96,23,178,239,128,206,160,193,23,86
96,24,93,74,15,220,199,87,161,151
96,25,212,134,58,11,105,147,182,45
96,26,88,184,41,51,173,148,137,204
96,27,165,147,58,14,172,31,139,162
96,28,172,115,238,112,191,25,35,1
96,29,69,109,196,87,152,44,0,124
96,30,77,224,58,239,163,138,3,133
96,31,212,192,115,116,127,122,75,163
96,32,67,226,108,241,252,53,204,119
96,33,85,79,43,66,17,39,110,148
96,34,27,74,132,91,186,254,244,35
96,35,239,14,27,72,160,33,245,154
96,36,222,171,20,81,12,232,163,149
96,37,5,72,61,232,86,24,74,33
96,38,11,248,222,193,143,16,49,21
96,39,228,168,88,162,152,255,66,104
97,0,140,98,253,80,190,158,194,95
97,1,113,145,7,58,184,203,94,100
97,2,217,179,59,43,172,194,153,29
97,3,35,128,34,91,183,130,77,246
97,4,0,183,153,184,245,187,130,195
97,5,135,159,111,132,79,43,166,255
97,6,176,210,160,7,237,12,206,230
97,7,142,78,175,118,221,90,250,72
97,8,175,113,148,195,104,23,72,116
97,9,203,116,38,99,118,191,1,7
97,10,27,65,13,11,80,36,196,48
97,11,239,23,233,38,108,163,112,74
97,12,220,53,93,62,243,87,164,209
97,13,58,45,212,11,105,243,3,138
97,14,51,41,54,204,55,184,88,52
97,15,147,162,172,165,235,228,148,139
97,16,172,238,39,115,191,205,220,24
97,17,69,109,233,1,196,152,87,44
97,18,77,224,197,43,58,113,176,3
97,19,192,154,212,115,195,116,127,109
97,20,148,113,72,175,23,195,240,180
97,21,99,38,203,1,116,252,209,239
97,22,27,36,96,65,217,76,149,196
97,23,239,23,178,81,78,230,61,193
97,24,10,220,93,87,161,52,113,21
97,25,58,11,83,45,170,254,212,118
97,26,173,248,132,55,204,184,41,88
97,27,139,165,147,227,145,193,190,235
97,28,191,172,115,25,1,238,112,104
97,29,69,196,109,217,192,44,152,34
97,30,77,224,58,197,38,235,127,51
97,31,192,115,127,95,212,75,116,133
97,32,241,67,226,108,204,128,119,132
97,33,85,50,66,79,93,51,110,106
97,34,27,254,123,74,132,186,218,244
97,35,53,239,14,202,27,139,16,254
97,36,20,135,222,154,188,35,213,78
97,37,129,39,199,219,5,52,163,175
97,38,239,64,109,175,60,102,83,28
97,39,186,187,190,195,216,91,11,150
98,0,53,38,44,193,54,244,176,129
98,1,58,122,201,117,238,213,181,249
98,2,217,172,43,179,220,154,155,197
98,3,91,145,49,5,186,232,34,35
98,4,159,120,247,0,187,179,213,18
98,5,159,239,111,160,255,15,230,248
98,6,230,89,118,7,206,98,176,53
98,7,142,221,195,54,47,143,72,175
98,8,175,148,113,253,245,158,24,247
98,9,99,1,224,203,7,91,117,123
98,10,76,11,189,115,211,96,93,29
98,11,253,239,25,163,51,176,224,249
98,12,16,10,53,0,88,62,164,102
98,13,83,189,58,5,34,251,212,177
98,14,55,173,248,216,132,230,87,21
98,15,139,227,141,90,228,255,150,191
98,16,191,24,112,115,63,172,39,1
98,17,69,196,109,217,210,152,98,226
98,18,77,224,199,233,58,155,64,176
98,19,192,115,127,95,195,212,19,133
98,20,148,113,247,240,175,72,133,22
98,21,99,1,38,128,121,243,209,252
98,22,96,217,108,162,236,76,250,144
98,23,239,23,61,230,181,117,140,155
98,24,10,142,69,252,246,104,120,16
98,25,189,58,83,45,180,11,27,138
98,26,55,248,132,115,173,134,230,35
98,27,139,227,145,228,190,147,141,90
98,28,191,25,172,1,115,112,209,63
98,29,69,196,109,217,192,98,5,152
98,30,77,224,92,58,102,51,88,127
98,31,192,75,95,180,115,89,127,212
98,32,241,67,108,128,226,204,74,132
98,33,50,85,66,79,51,72,110,106
98,34,27,254,123,186,218,116,209,176
98,35,53,239,14,139,16,202,142,171
98,36,135,20,188,154,213,119,22,35
98,37,219,129,39,199,1,163,52,103
98,38,109,60,239,175,102,133,28,189
98,39,25,187,230,195,184,150,30,252
99,0,163,211,236,58,232,29,138,195
99,1,55,76,164,118,61,125,248,198
99,2,139,91,32,143,11,188,150,182
99,3,56,167,201,22,93,243,224,155
99,4,134,239,147,149,233,75,187,132
99,5,108,60,23,251,164,95,91,0
99,6,205,12,72,30,125,213,7,74
99,7,142,245,161,78,175,75,57,191
99,8,148,247,72,22,16,50,133,175
99,9,99,22,1,221,134,243,58,143
99,10,135,38,217,226,162,233,207,90
99,11,239,253,230,78,97,54,102,215
99,12,16,13,10,185,252,239,88,50
99,13,83,180,215,189,212,194,185,251
99,14,229,55,248,181,54,17,35,219
99,15,255,44,141,139,227,150,42,92
99,16,191,63,144,112,24,48,230,172
99,17,69,49,196,59,72,91,112,152
99,18,77,224,129,99,199,176,155,180
99,19,95,195,19,60,235,180,212,125
99,20,175,148,72,240,247,172,23,50
99,21,99,1,221,243,71,193,228,58
99,22,38,135,217,226,233,93,144,90
99,23,239,166,117,181,184,230,61,40
99,24,16,10,126,240,185,73,87,169
99,25,215,58,83,138,132,71,189,144
99,26,55,229,248,35,115,132,200,173
99,27,139,44,227,42,145,255,190,82
99,28,191,254,25,1,172,34,112,104
99,29,69,196,192,217,4,98,44,152
99,30,129,77,224,92,241,99,8,93
99,31,180,212,95,157,127,174,75,115
99,32,146,67,108,241,204,128,78,120
99,33,66,106,87,181,103,72,61,204
99,34,109,254,13,121,154,5,66,244
99,35,53,14,16,202,171,184,44,129
99,36,213,164,48,154,188,4,135,171
99,37,132,1,199,219,129,115,109,61
99,38,68,175,239,60,135,185,143,67
99,39,8,57,32,224,167,108,112,211
100,0,119,9,227,125,118,186,59,85
100,1,102,172,230,147,57,160,142,25
100,2,245,37,175,78,25,12,48,181
100,3,9,254,5,162,192,217,102,143
100,4,187,181,248,16,247,145,211,198
100,5,108,154,80,248,37,149,175,226
100,6,205,12,30,210,223,72,158,146
100,7,142,118,175,161,251,250,110,150
100,8,148,240,149,253,202,22,247,82
100,9,193,1,99,109,201,224,117,143
100,10,38,135,61,77,13,93,227,42
100,11,239,23,117,178,38,253,96,163
100,12,16,10,252,48,87,188,5,200
100,13,58,215,144,83,189,152,253,241
100,14,55,200,9,136,219,87,81,97
100,15,227,235,255,158,139,56,34,44
100,16,191,34,112,1,24,144,103,204
100,17,69,196,109,217,210,34,138,10
100,18,77,224,129,64,38,40,235,3
100,19,115,192,95,212,127,195,153,94
100,20,148,240,245,72,175,36,150,158
100,21,99,1,193,228,121,128,63,252
100,22,38,224,149,27,217,108,96,213
100,23,239,23,117,81,178,230,40,168
100,24,10,16,169,252,87,113,246,184
100,25,83,254,45,58,189,144,146,153
100,26,55,248,132,35,9,115,173,142
100,27,139,190,227,145,90,193,158,42
100,28,191,34,1,25,174,112,104,64
100,29,69,196,217,34,13,152,192,210
100,30,77,224,8,241,51,58,152,38
100,31,212,174,127,192,133,115,94,95
100,32,67,108,241,233,73,128,204,82
100,33,106,66,87,204,30,67,197,168
100,34,244,154,66,218,76,6,40,99
100,35,14,133,171,106,38,180,53,130
100,36,213,164,171,102,232,133,61,47
100,37,129,219,5,1,36,88,243,51
100,38,68,175,222,91,236,77,16,143
100,39,25,7,35,140,108,73,20,172
101,0,169,143,182,133,104,114,126,250
101,1,119,102,28,184,156,240,160,230
101,2,245,37,205,78,30,232,181,252
101,3,9,245,217,192,73,88,136,162
101,4,187,205,248,227,191,140,134,28
101,5,108,80,154,222,128,152,111,55
101,6,12,218,30,205,202,240,237,210
101,7,142,118,175,145,72,245,224,250
101,8,148,22,38,175,72,53,219,150
101,9,99,1,20,121,143,221,224,134
101,10,38,217,23,148,61,108,126,251
101,11,239,178,117,23,139,230,96,144
101,12,10,149,48,16,4,13,211,252
101,13,58,83,144,180,189,45,215,185
101,14,55,184,248,115,132,21,87,173
101,15,227,139,90,235,145,193,74,191
101,16,191,1,115,112,144,24,172,37
101,17,69,196,109,210,217,98,226,161
101,18,77,239,224,64,233,51,58,38
101,19,163,95,192,127,115,195,212,94
101,20,148,113,240,23,26,72,150,139
101,21,99,38,1,221,77,121,193,37
101,22,38,23,217,108,250,245,149,251
101,23,178,239,117,23,166,215,96,230
101,24,10,21,246,87,184,58,109,252
101,25,58,83,144,254,212,189,180,167
101,26,248,184,173,55,115,132,97,9
101,27,139,145,227,90,190,193,44,82
101,28,191,1,115,25,91,112,151,172
101,29,69,109,196,217,108,34,210,192
101,30,77,239,224,0,58,51,47,99
101,31,163,115,192,95,133,127,212,89
101,32,67,108,226,241,128,204,146,162
101,33,79,66,85,61,51,75,181,106
101,34,27,74,109,13,128,5,15,164
101,35,239,27,234,65,245,14,44,229
101,36,222,148,171,63,61,163,167,233
101,37,5,61,74,96,232,86,80,63
101,38,177,191,149,64,134,117,254,88
101,39,228,216,7,73,128,159,93,66
102,0,253,190,235,158,208,221,132,31
102,1,184,145,113,180,7,58,100,183
102,2,14,232,68,119,176,140,44,129
102,3,91,200,35,128,34,84,64,73
102,4,187,183,0,127,159,163,145,179
102,5,99,145,135,248,29,124,37,227
102,6,12,218,121,210,0,202,103,221
102,7,118,78,142,72,175,54,103,250
102,8,175,104,113,148,158,150,116,24
102,9,116,38,118,224,191,91,195,124
102,10,13,213,167,48,65,115,83,241
102,11,23,239,38,123,178,233,4,127
102,12,93,87,10,252,112,209,164,69
102,13,58,11,105,45,4,3,153,241
102,14,184,173,88,51,55,204,35,132
102,15,147,162,227,139,56,235,158,173
102,16,191,115,151,144,172,112,24,238
102,17,69,109,196,161,34,113,1,110
102,18,77,224,128,64,14,58,233,38
102,19,115,192,195,127,163,116,212,95
102,20,148,113,72,23,245,247,85,53
102,21,99,116,38,1,121,126,252,233
102,22,96,162,27,108,38,250,217,245
102,23,23,239,178,61,181,230,213,140
102,24,10,93,87,69,13,220,246,120
102,25,58,11,83,189,45,138,254,208
102,26,248,132,55,173,115,134,200,35
102,27,139,145,227,193,190,90,147,235
102,28,191,25,1,115,172,112,238,209
102,29,69,196,109,217,192,152,108,32
102,30,77,224,51,58,38,239,102,88
102,31,192,115,75,116,127,133,163,89
102,32,226,241,67,108,128,204,132,119
102,33,50,85,79,66,51,93,72,30
102,34,27,254,123,74,132,138,82,186
102,35,53,239,27,139,14,202,79,30
102,36,222,135,154,20,188,35,63,192
102,37,219,199,39,129,5,1,158,184
102,38,239,64,109,175,83,102,150,159
102,39,186,216,41,190,91,235,222,95
103,0,53,38,44,244,176,54,193,87
103,1,58,122,201,117,238,105,181,249
103,2,171,14,140,209,172,200,128,151
103,3,91,200,220,73,183,250,35,232
103,4,187,145,184,159,150,179,246,66
103,5,239,145,159,106,160,226,42,32
103,6,118,145,181,12,89,98,230,96
103,7,142,72,195,145,136,57,22,250
103,8,148,113,247,253,175,22,158,24
103,9,99,201,224,7,190,143,91,88
103,10,115,213,76,231,29,227,93,108
103,11,253,4,249,239,163,78,74,213
103,12,10,0,211,102,212,99,146,137
103,13,58,185,189,83,251,34,177,171
103,14,55,248,173,132,35,21,41,219
103,15,139,90,183,141,145,227,127,56
103,16,191,63,115,39,112,1,24,228
103,17,69,196,109,217,210,10,25,59
103,18,77,224,233,155,58,64,209,108
103,19,192,115,127,133,19,95,212,180
103,20,148,247,113,72,50,175,133,202
103,21,99,121,1,128,71,252,214,228
103,22,144,108,96,217,162,61,38,213
103,23,239,23,181,61,230,140,22,155
103,24,10,126,13,69,120,246,142,239
103,25,189,58,83,138,55,26,180,57
103,26,55,248,132,115,35,244,200,134
103,27,139,145,227,90,190,228,141,255
103,28,191,25,172,1,209,115,112,205
103,29,69,217,196,109,192,152,44,32
103,30,77,224,92,51,32,102,58,38
103,31,75,133,19,192,180,115,95,50
103,32,241,128,67,108,226,132,204,74
103,33,50,85,79,66,72,51,30,106
103,34,254,27,123,186,138,179,116,150
103,35,53,14,239,139,202,79,16,211
103,36,135,154,188,20,213,35,78,119
103,37,219,129,39,199,1,158,103,163
103,38,239,109,60,175,83,102,150,28
103,39,25,230,195,187,184,150,103,222
104,0,148,0,195,57,173,248,12,120
104,1,72,55,129,118,108,202,103,65
104,2,143,32,11,91,217,228,6,49
104,3,109,56,93,22,201,224,167,232
104,4,187,147,134,28,250,132,43,56
104,5,60,108,222,83,248,246,95,111
104,6,12,205,69,213,96,77,240,231
104,7,142,72,145,175,136,137,111,155
104,8,148,175,22,50,152,62,72,118
104,9,99,1,58,221,243,121,134,30
104,10,38,162,231,217,221,115,135,227
104,11,253,118,155,117,25,4,74,22
104,12,10,13,16,0,99,137,187,4
104,13,180,189,58,132,177,215,55,212
104,14,136,244,55,35,87,248,254,123
104,15,255,141,139,83,70,66,90,108
104,16,107,112,191,1,141,63,144,162
104,17,69,196,217,86,25,54,184,152
104,18,32,77,102,224,199,129,108,18
104,19,15,133,114,115,127,212,125,9
104,20,148,172,50,72,175,202,144,17
104,21,121,99,1,71,128,221,228,58
104,22,38,144,221,108,217,77,135,76
104,23,118,117,22,155,230,58,166,40
104,24,10,131,126,69,252,100,246,184
104,25,189,132,180,58,215,177,83,138
104,26,244,55,248,35,136,132,115,200
104,27,139,141,42,145,90,190,255,227
104,28,191,1,209,107,205,112,25,34
104,29,69,217,196,225,184,54,192,152
104,30,77,32,129,224,51,239,92,8
104,31,15,133,212,127,149,75,89,180
104,32,67,202,108,241,233,128,204,58
104,33,66,147,87,30,106,204,61,70
104,34,226,154,254,13,179,121,66,120
104,35,14,53,139,71,171,206,80,60
104,36,213,164,4,1,154,149,36,238
104,37,132,1,156,199,109,219,24,129
104,38,175,50,68,204,143,131,239,16
104,39,75,57,37,32,112,222,8,235
105,0,97,113,166,150,142,213,176,205
105,1,65,210,248,172,129,160,108,30
105,2,240,25,37,195,48,175,18,69
105,3,121,139,93,71,73,193,68,46
105,4,187,161,14,28,56,134,181,72
105,5,108,83,128,154,95,103,173,222
105,6,12,205,193,98,228,120,240,64
105,7,142,175,11,111,5,75,72,183
105,8,148,174,175,22,33,187,62,247
105,9,132,99,1,39,233,22,243,30
105,10,38,217,93,250,167,108,221,77
105,11,36,253,117,23,118,244,22,178
105,12,10,109,13,131,242,126,229,42
105,13,104,58,33,83,215,144,212,189
105,14,55,248,132,244,219,102,35,136
105,15,65,255,139,90,145,187,227,83
105,16,191,1,112,151,107,37,176,103
105,17,69,196,217,110,59,161,51,184
105,18,77,128,224,97,217,18,155,102
105,19,133,9,115,127,15,235,180,90
105,20,174,148,175,33,158,245,247,5
105,21,132,121,1,99,39,37,139,252
105,22,249,38,144,118,10,76,71,223
105,23,22,36,19,117,129,253,233,239
105,24,242,232,10,112,87,252,16,69
105,25,104,185,103,189,2,254,27,159
105,26,127,185,9,55,219,206,102,186
105,27,65,29,187,190,136,243,255,127
105,28,191,92,66,206,112,216,213,175
105,29,69,196,44,217,205,3,53,34
105,30,77,128,224,239,92,211,38,5
105,31,89,133,115,212,180,23,1,197
105,32,67,241,5,108,43,103,82,132
105,33,66,70,50,225,51,30,115,123
105,34,254,88,112,91,138,108,123,215
105,35,46,53,198,222,139,130,162,134
105,36,75,63,199,94,149,113,137,103
105,37,1,218,24,219,254,30,184,120
105,38,239,207,186,159,175,153,117,204
105,39,230,103,7,222,235,25,151,113
106,0,148,195,6,0,178,8,120,60
106,1,173,55,65,191,72,244,118,248
106,2,61,240,198,195,143,76,16,32
106,3,109,22,121,93,139,111,164,85
106,4,203,134,187,147,56,28,188,26
106,5,108,83,128,246,95,80,222,111
106,6,12,205,240,7,193,213,237,23
106,7,142,175,75,236,72,245,22,11
106,8,148,247,22,50,175,152,202,174
106,9,99,221,1,58,121,30,128,233
106,10,38,249,74,231,162,221,217,135
106,11,253,118,117,239,136,22,74,244
106,12,10,13,187,16,99,131,242,109
106,13,180,171,189,58,55,194,83,135
106,14,55,35,248,92,136,0,209,87
106,15,83,139,97,189,90,150,255,92
106,16,112,191,175,227,107,1,245,63
106,17,69,86,59,217,119,196,45,247
106,18,77,199,102,180,97,155,99,32
106,19,23,15,9,19,125,94,133,90
106,20,50,175,172,148,247,202,21,150
106,21,121,155,99,71,1,58,127,128
106,22,249,38,76,118,90,61,199,29
106,23,22,136,118,40,74,181,96,34
106,24,232,242,10,100,184,69,16,102
106,25,189,132,171,114,55,242,27,254
106,26,55,209,127,0,35,200,92,136
106,27,83,190,150,189,151,141,139,244
106,28,191,175,112,227,107,66,200,213
106,29,69,119,196,217,59,184,10,9
106,30,77,99,239,224,129,127,38,5
106,31,23,133,114,127,212,174,115,219
106,32,241,67,108,202,233,44,61,217
106,33,66,147,87,30,106,204,70,225
106,34,154,226,179,120,66,13,6,254
106,35,46,14,80,206,139,38,71,130
106,36,213,15,164,86,169,31,93,4
106,37,24,120,240,184,1,91,168,191
106,38,73,134,23,83,252,131,68,229
106,39,57,211,235,222,7,100,216,22
107,0,119,9,125,227,118,186,213,170
107,1,102,160,172,147,207,142,169,65
107,2,59,48,69,195,171,18,240,179
107,3,93,149,88,5,71,193,136,104
107,4,187,28,248,146,247,0,246,91
107,5,108,166,154,175,103,248,189,29
107,6,12,54,205,193,210,221,30,240
107,7,142,175,118,201,11,250,206,67
107,8,148,240,247,22,253,122,202,149
107,9,193,109,99,1,233,30,195,6
107,10,38,118,108,10,86,249,213,33
107,11,178,23,117,74,22,139,253,136
107,12,10,144,48,102,242,253,0,87
107,13,58,144,185,253,118,4,224,45
107,14,55,219,132,81,102,139,249,26
107,15,177,117,158,172,190,38,90,245
107,16,191,34,144,179,176,66,200,112
107,17,69,196,217,10,32,220,212,80
107,18,77,97,8,224,3,38,241,235
107,19,133,115,238,249,153,127,174,16
107,20,148,174,228,223,36,158,175,240
107,21,121,155,1,193,122,99,190,109
107,22,249,231,10,215,203,71,123,182
107,23,129,205,226,92,73,96,249,254
107,24,0,144,102,251,243,87,117,246
107,25,114,234,5,185,118,189,254,149
107,26,127,156,94,219,229,185,139,236
107,27,127,117,29,83,183,190,141,234
107,28,191,34,213,1,132,144,175,92
107,29,69,232,196,217,13,111,34,180
107,30,8,77,51,241,38,5,165,235
107,31,238,89,174,133,102,75,16,36
107,32,233,73,67,43,136,241,149,63
107,33,106,204,30,87,66,70,108,17
107,34,154,179,66,105,218,120,99,91
107,35,14,34,80,154,77,193,71,115
107,36,213,163,171,146,94,61,149,15
107,37,171,160,240,168,191,119,102,189
107,38,252,68,193,37,175,115,23,150
107,39,21,235,7,198,210,132,91,151
108,0,255,246,168,34,149,181,216,90
108,1,148,207,99,216,136,36,137,229
108,2,1,171,69,211,156,217,41,28
108,3,244,27,86,204,237,85,161,252
108,4,187,184,97,28,134,246,120,150
108,5,128,95,108,4,154,83,22,162
108,6,12,240,218,254,30,21,72,237
108,7,142,11,175,57,236,187,251,140
108,8,148,247,22,72,75,152,118,91
108,9,99,143,134,233,1,22,40,243
108,10,108,23,116,29,250,76,176,251
108,11,42,204,135,61,97,45,56,11
108,12,10,251,239,116,42,91,58,18
108,13,83,208,130,185,189,162,34,180
108,14,248,132,44,54,134,55,173,21
108,15,90,139,206,3,145,122,38,129
108,16,191,24,74,234,195,228,169,112
108,17,69,8,244,210,217,60,196,151
108,18,77,233,209,232,64,73,91,127
108,19,59,54,115,135,95,3,129,190
108,20,148,247,133,53,22,161,23,168
108,21,99,207,22,134,71,143,214,24
108,22,116,160,178,250,207,53,251,108
108,23,80,230,97,61,134,54,213,170
108,24,116,2,18,137,104,241,37,91
108,25,208,189,222,130,118,174,50,250
108,26,248,132,55,252,44,54,78,96
108,27,139,206,100,3,145,90,228,190
108,28,191,74,228,24,195,47,169,116
108,29,69,150,8,60,59,204,165,1
108,30,77,64,176,97,91,51,16,137
108,31,248,95,94,135,240,137,129,89
108,32,33,35,236,47,156,247,128,74
108,33,192,72,81,12,206,63,161,152
108,34,16,246,247,10,206,152,15,21
108,35,167,202,129,235,212,183,100,14
108,36,119,188,110,153,78,248,176,157
108,37,219,163,199,103,8,92,165,234
108,38,103,166,176,159,150,206,37,191
108,39,113,80,42,91,164,120,10,222
109,0,42,252,12,165,25,73,100,34
109,1,240,60,184,186,145,228,84,180
109,2,69,211,240,232,48,247,171,226
109,3,139,164,121,72,186,252,85,93
109,4,187,246,146,199,28,219,56,134
109,5,4,128,95,108,154,83,173,189
109,6,12,218,54,240,0,121,30,237
109,7,142,11,175,227,118,193,232,111
109,8,175,148,22,38,202,247,152,222
109,9,121,99,1,243,30,253,20,143
109,10,38,250,32,108,10,245,23,173
109,11,77,117,253,25,162,75,205,178
109,12,10,109,131,149,242,144,229,48
109,13,83,58,185,144,180,128,162,65
109,14,55,248,132,115,136,87,219,150
109,15,139,90,227,145,38,117,84,92
109,16,191,1,112,228,169,201,141,206
109,17,69,217,196,210,56,10,32,130
109,18,77,239,32,97,79,108,8,189
109,19,133,127,115,63,49,54,191,175
109,20,148,175,30,240,72,253,106,205
109,21,121,99,122,201,75,190,52,37
109,22,144,10,76,38,249,61,199,151
109,23,129,249,117,92,77,132,138,96
109,24,10,69,104,109,246,230,184,112
109,25,189,27,234,70,254,153,5,9
109,26,55,87,219,127,35,236,81,248
109,27,187,190,137,17,42,139,183,48
109,28,191,1,132,6,213,151,174,66
109,29,69,217,196,34,237,232,32,73
109,30,239,77,8,241,51,38,25,74
109,31,238,165,133,241,194,197,89,174
109,32,5,43,233,67,227,73,180,205
109,33,30,87,70,204,106,157,115,219
109,34,179,241,154,66,105,108,137,38
109,35,170,211,65,250,159,14,168,64
109,36,75,15,163,213,81,164,220,149
109,37,171,141,191,189,148,216,125,10
109,38,193,83,150,7,174,253,159,229
109,39,75,208,95,201,97,74,235,193
110,0,113,150,97,166,142,210,205,154
110,1,184,210,34,6,248,59,196,12
110,2,24,48,113,226,52,28,181,203
110,3,93,109,149,136,88,46,164,146
110,4,187,14,161,28,140,61,199,46
110,5,128,4,154,237,95,173,145,108
110,6,12,218,193,0,121,113,30,202
110,7,142,175,11,118,251,227,232,110
110,8,174,148,175,22,247,192,210,202
110,9,132,99,1,205,109,118,190,233
110,10,189,10,33,74,213,199,231,108
110,11,36,168,213,75,192,11,205,117
110,12,10,242,112,109,165,146,0,82
110,13,104,179,128,58,33,254,70,241
110,14,55,92,219,81,42,188,178,248
110,15,65,52,83,183,141,38,190,56
110,16,191,103,208,27,132,216,151,34
110,17,217,69,161,32,53,138,56,51
110,18,77,23,104,74,128,40,155,193
110,19,133,175,63,194,94,148,138,181
110,20,174,245,216,253,235,30,11,228
110,21,121,132,184,37,190,109,24,136
110,22,249,199,10,151,213,118,141,223
110,23,129,168,152,74,187,249,110,34
110,24,242,232,230,57,184,122,156,251
110,25,104,149,225,128,64,110,150,27
110,26,9,127,0,219,207,135,178,185
110,27,136,83,247,190,179,97,17,224
110,28,89,213,175,92,248,66,206,132
110,29,3,119,180,131,34,69,53,205
110,30,40,5,38,80,239,189,165,41
110,31,197,238,7,108,160,220,181,194
110,32,180,212,43,233,13,45,135,127
110,33,30,227,79,87,153,115,38,241
110,34,179,159,130,38,120,99,53,105
110,35,138,46,65,126,105,168,59,30
110,36,75,86,22,163,15,97,237,99
110,37,5,171,254,198,74,96,24,30
110,38,193,229,252,4,17,49,152,131
110,39,21,151,113,47,222,66,22,97
111,0,255,168,34,246,181,149,245,206
111,1,207,148,216,136,36,110,99,159
111,2,1,28,52,24,198,172,69,144
111,3,244,237,86,85,68,161,49,222
111,4,97,184,69,21,64,168,176,150
111,5,215,21,25,143,244,234,162,121
111,6,78,139,211,163,254,190,127,111
111,7,141,194,186,241,148,98,165,247
111,8,11,81,223,148,164,17,91,127
111,9,246,197,155,136,8,95,255,248
111,10,247,25,65,185,150,243,188,176
111,11,206,128,160,108,9,204,12,150
111,12,128,60,145,1,221,208,18,192
111,13,212,202,154,182,118,134,93,89
111,14,88,137,51,189,32,148,103,54
111,15,148,162,165,58,242,87,243,200
111,16,238,35,106,205,28,133,40,160
111,17,87,0,198,69,211,15,89,20
111,18,43,127,134,163,83,161,13,182
111,19,116,20,109,122,19,166,36,195
111,20,23,72,116,4,137,105,164,133
111,21,35,197,161,38,117,55,164,63
111,22,150,176,125,65,243,185,247,36
111,23,160,128,206,9,254,150,86,193
111,24,151,93,85,145,74,60,235,87
111,25,134,154,182,212,105,147,93,118
111,26,88,137,214,51,148,103,45,10
111,27,242,58,87,31,165,147,181,139
111,28,238,225,35,93,150,106,205,111
111,29,124,87,0,16,69,93,76,152
111,30,195,43,163,133,134,77,13,182
111,31,20,75,116,109,166,26,154,212
111,32,252,112,33,160,119,53,90,181
111,33,210,39,92,43,184,129,16,52
111,34,231,132,85,133,26,113,186,222
111,35,84,72,42,57,174,108,14,204
111,36,83,221,59,20,76,22,226,5
111,37,138,182,88,194,36,86,104,179
111,38,103,37,166,8,64,175,245,16
111,39,113,42,227,202,245,222,60,198
112,0,42,252,12,25,165,34,73,100
112,1,173,60,154,15,53,134,88,184
112,2,222,24,198,113,48,76,69,226
112,3,164,109,139,85,93,189,232,252
112,4,187,199,244,146,22,134,28,188
112,5,128,4,108,173,95,190,111,42
112,6,12,218,240,30,193,0,237,202
112,7,142,11,232,251,227,175,22,198
112,8,175,148,216,247,22,163,26,38
112,9,99,121,1,77,221,30,233,243
112,10,74,38,231,108,23,10,250,118
112,11,77,117,74,178,43,140,136,239
112,12,248,10,242,109,149,239,131,18
112,13,58,180,83,185,144,171,162,215
112,14,184,248,92,55,173,132,219,136
112,15,139,90,177,117,92,168,145,55
112,16,191,112,1,115,70,172,63,91
112,17,69,196,217,119,53,109,210,152
112,18,239,77,224,97,58,98,38,233
112,19,163,133,127,115,23,172,249,125
112,20,148,113,247,50,245,253,39,30
112,21,99,121,38,77,1,37,36,190
112,22,23,38,249,144,76,108,245,213
112,23,178,74,123,77,117,136,96,181
112,24,10,109,242,246,69,112,23,87
112,25,58,138,83,144,254,189,27,71
112,26,55,248,184,173,209,132,200,115
112,27,139,145,190,227,90,193,141,151
112,28,191,1,115,25,91,174,151,172
112,29,69,109,196,217,119,210,108,34
112,30,77,239,0,224,58,51,199,47
112,31,163,115,133,192,127,23,212,75
112,32,67,108,226,241,204,128,250,212
112,33,79,85,66,90,225,50,237,43
112,34,74,27,241,254,120,13,226,6
112,35,239,27,14,170,139,222,245,61
112,36,222,20,192,93,61,248,94,171
112,37,5,72,171,74,65,96,61,101
112,38,64,7,8,175,143,134,202,77
112,39,154,228,57,74,11,97,190,60
113,0,132,158,190,253,125,176,130,213
113,1,184,122,201,117,58,213,211,42
113,2,48,59,114,74,30,18,24,34
113,3,91,77,128,34,35,130,183,234
113,4,187,183,6,128,130,184,58,28
113,5,145,47,65,154,222,152,108,124
113,6,12,7,210,218,60,54,121,0
113,7,117,78,142,175,118,123,23,72
113,8,175,104,113,148,180,23,164,72
113,9,239,38,164,191,99,9,170,118
113,10,65,125,27,36,23,93,25,113
113,11,19,23,108,178,233,160,205,7
113,12,93,15,10,151,128,87,85,74
113,13,105,45,212,58,11,103,242,154
113,14,184,51,173,88,132,248,54,41
113,15,147,162,206,200,139,53,165,243
113,16,115,238,191,144,172,24,39,205
113,17,69,109,196,87,76,250,73,1
113,18,77,224,179,58,163,239,43,0
113,19,115,116,192,195,154,163,127,109
113,20,113,148,23,72,239,85,56,36
113,21,38,239,99,209,164,207,191,1
113,22,27,125,36,65,250,199,113,83
113,23,23,178,19,78,172,74,96,34
113,24,93,10,220,87,15,151,21,52
113,25,11,45,254,134,253,153,58,83
113,26,173,248,55,132,184,51,149,209
113,27,139,145,147,162,165,227,90,190
113,28,191,115,238,1,25,100,35,24
113,29,69,109,196,87,210,108,217,76
113,30,77,224,58,163,38,239,0,51
113,31,115,116,192,127,163,212,75,133
113,32,226,67,108,241,119,181,204,252
113,33,85,79,93,66,50,86,98,28
113,34,27,132,74,186,254,252,123,21
113,35,235,239,27,14,53,160,61,72
113,36,20,222,248,192,188,154,35,78
113,37,39,163,5,129,199,86,232,4
113,38,64,109,16,159,175,245,202,21
113,39,186,190,11,60,136,88,117,128
114,0,5,38,220,53,193,54,44,198
114,1,122,201,58,117,238,249,105,181
114,2,49,20,67,172,54,233,78,6
114,3,91,35,34,128,41,190,119,220
114,4,187,58,179,183,145,159,130,193
114,5,239,145,159,166,248,29,32,111
114,6,7,118,98,145,12,181,122,193
114,7,142,72,54,250,78,162,210,165
114,8,175,113,148,104,156,73,12,158
114,9,239,99,38,224,91,33,30,88
114,10,93,115,166,227,29,96,11,211
114,11,253,51,23,25,224,196,163,181
114,12,0,126,88,10,53,62,144,102
114,13,189,11,83,58,149,146,34,84
114,14,173,248,55,132,35,41,26,136
114,15,139,90,141,56,145,117,183,227
114,16,191,115,63,112,1,39,204,24
114,17,69,109,196,217,210,161,113,249
114,18,77,224,58,233,155,146,61,38
114,19,192,127,115,19,212,125,61,221
114,20,148,113,247,245,122,50,41,145
114,21,99,1,38,239,37,121,243,52
114,22,96,27,162,245,199,250,227,236
114,23,23,61,253,181,140,230,78,25
114,24,10,142,220,69,126,87,246,239
114,25,11,83,254,180,211,146,251,208
114,26,55,248,173,132,200,115,134,209
114,27,139,145,190,147,228,90,255,38
114,28,191,115,25,24,1,35,238,63
114,29,69,109,5,196,108,34,217,165
114,30,77,224,58,226,51,83,38,197
114,31,167,75,115,192,129,95,135,212
114,32,226,241,108,128,67,68,236,90
114,33,85,79,86,72,66,93,28,50
114,34,1,186,252,27,132,10,21,246
114,35,235,129,160,14,239,167,57,218
114,36,20,188,78,70,119,248,154,153
114,37,163,39,199,219,58,143,103,67
114,38,109,175,92,151,60,148,118,16
114,39,25,187,189,195,45,154,184,230
115,0,169,173,7,143,193,200,41,182
115,1,189,172,129,224,112,147,250,142
115,2,49,200,11,20,72,217,140,219
115,3,73,230,26,199,172,119,117,189
115,4,187,205,54,146,183,193,235,165
115,5,188,43,90,50,110,112,255,230
115,6,7,65,68,122,208,60,210,69
115,7,78,117,185,142,175,118,54,145
115,8,180,116,113,239,148,104,175,23
115,9,38,99,191,98,170,1,6,9
115,10,65,27,157,125,93,36,96,227
115,11,253,39,23,205,181,41,108,101
115,12,53,62,85,220,15,254,151,0
115,13,11,105,121,103,45,138,15,212
115,14,173,86,41,51,132,248,35,55
115,15,46,162,139,147,90,172,227,145
115,16,35,191,115,24,183,112,238,205
115,17,69,5,109,196,210,217,87,34
115,18,77,83,170,224,58,197,155,204
115,19,167,115,109,19,221,127,212,205
115,20,239,148,23,113,247,72,180,4
115,21,38,99,1,207,156,191,194,203
115,22,236,157,27,207,250,83,162,245
115,23,253,39,23,181,239,61,42,134
115,24,220,10,116,43,62,93,87,13
115,25,45,11,208,83,183,254,211,6
115,26,248,132,173,55,51,134,115,44
115,27,139,147,145,162,90,46,206,172
115,28,191,35,24,183,195,116,168,36
115,29,69,5,1,204,151,109,34,98
115,30,77,83,170,225,226,64,71,91
115,31,167,95,115,240,88,59,129,75
115,32,236,226,68,90,47,181,128,247
115,33,85,86,72,92,190,28,107,183
115,34,132,116,1,10,252,246,27,56
115,35,129,235,14,160,167,57,202,218
115,36,70,188,78,20,153,119,181,152
115,37,39,163,22,58,219,199,143,103
115,38,92,148,118,151,127,71,175,173
115,39,2,248,38,189,69,45,70,154
116,0,144,232,211,236,62,188,138,4
116,1,193,195,83,124,128,95,198,52
116,2,92,11,60,188,255,150,217,133
116,3,30,201,22,56,177,155,199,197
116,4,94,134,98,152,88,28,121,43
116,5,60,23,58,210,0,164,50,251
116,6,43,125,12,84,92,14,183,30
116,7,142,78,181,175,185,245,81,57
116,8,148,247,85,72,22,159,53,233
116,9,99,22,1,156,225,58,207,233
116,10,207,245,250,162,149,96,217,122
116,11,253,153,145,97,98,137,101,54
116,12,10,13,185,116,21,137,126,142
116,13,83,183,45,15,20,185,208,34
116,14,173,248,132,21,136,134,57,55
116,15,248,139,90,255,145,150,0,38
116,16,191,35,183,230,115,166,24,112
116,17,69,210,244,236,196,171,217,103
116,18,83,77,233,58,69,155,100,176
116,19,221,127,19,114,125,115,60,51
116,20,148,247,159,172,122,23,145,72
116,21,99,156,22,1,214,15,225,58
116,22,207,245,9,0,157,162,132,249
116,23,253,153,145,61,181,230,15,223
116,24,10,16,106,116,185,196,142,211
116,25,183,208,83,20,221,26,45,180
116,26,248,132,115,173,134,136,57,87
116,27,139,145,90,248,255,150,177,38
116,28,191,24,230,183,35,166,185,78
116,29,69,65,171,204,151,100,99,244
116,30,77,83,64,45,69,97,225,176
116,31,240,95,221,51,135,88,248,129
116,32,146,195,7,236,86,128,199,68
116,33,72,75,189,97,37,94,36,133
116,34,255,212,246,10,187,19,90,54
116,35,129,49,14,202,16,254,220,183
116,36,234,188,119,8,158,0,78,147
116,37,219,22,103,199,55,95,165,115
116,38,22,127,47,118,43,196,120,230
116,39,45,16,23,68,203,80,222,145
117,0,211,62,70,138,174,163,39,162
117,1,40,153,48,193,143,209,98,60
117,2,2,120,3,141,244,247,246,71
117,3,212,167,247,216,201,22,194,51
117,4,123,242,134,175,180,2,146,43
117,5,58,250,23,230,164,19,231,106
117,6,84,125,43,240,57,39,230,152
117,7,142,223,38,57,175,78,49,245
117,8,148,247,50,22,16,72,246,152
117,9,99,58,22,1,221,214,254,84
117,10,96,19,206,162,61,226,242,245
117,11,87,253,218,57,249,34,162,171
117,12,185,68,0,142,10,216,175,16
117,13,234,83,243,255,189,236,57,183
117,14,136,211,55,229,173,87,248,216
117,15,139,127,150,108,90,190,38,145
117,16,166,191,183,35,175,190,63,112
117,17,150,25,69,164,144,244,217,210
117,18,83,77,100,233,99,217,97,58
117,19,114,221,19,85,239,95,125,190
117,20,148,247,172,50,152,145,72,23
117,21,99,58,22,184,214,246,71,221
117,22,61,206,76,151,19,249,245,242
117,23,253,87,218,34,181,96,145,152
117,24,68,10,185,216,167,196,175,0
117,25,234,243,208,183,37,83,189,71
117,26,136,248,229,216,132,115,134,87
117,27,139,145,90,33,28,92,146,38
117,28,191,24,190,183,166,35,186,116
117,29,164,204,69,21,244,99,151,128
117,30,77,83,97,64,63,225,162,91
117,31,95,34,85,240,135,19,88,59
117,32,123,86,140,236,7,179,128,87
117,33,234,95,72,36,104,11,123,102
117,34,238,72,10,240,44,246,28,206
117,35,129,148,191,187,190,14,202,74
117,36,119,188,227,147,142,26,115,78
117,37,219,78,22,193,199,27,16,121
117,38,251,215,169,139,119,159,88,196
117,39,158,122,165,222,80,45,226,179
118,0,117,146,171,11,185,187,18,80
118,1,133,193,169,13,81,104,66,43
118,2,249,2,254,71,226,247,22,169
118,3,221,134,170,201,150,54,188,51
118,4,8,123,228,55,182,152,134,2
118,5,61,95,23,58,146,255,19,210
118,6,16,125,43,3,240,84,57,39
118,7,228,131,11,78,253,142,185,108
118,8,148,247,112,22,85,16,246,152
118,9,99,206,19,22,178,1,30,214
118,10,163,250,19,226,207,245,96,7
118,11,18,142,116,2,97,54,145,253
118,12,10,106,67,216,185,0,198,137
118,13,200,183,83,57,37,148,234,114
118,14,38,55,216,173,248,132,136,87
118,15,103,241,90,139,145,146,38,33
118,16,179,191,149,183,35,166,78,201
118,17,69,150,155,217,65,236,210,244
118,18,6,83,77,97,233,162,63,64
118,19,233,221,19,129,115,135,95,190
118,20,148,112,247,68,145,50,23,236
118,21,19,206,99,184,214,71,1,22
118,22,163,229,151,206,10,136,249,245
118,23,181,18,142,253,61,224,239,40
118,24,106,216,10,68,247,213,67,185
118,25,200,57,183,37,234,138,83,208
118,26,38,248,136,134,132,193,216,115
118,27,139,241,103,90,145,177,38,153
118,28,191,179,149,185,183,24,35,78
118,29,65,69,155,128,204,102,1,244
118,30,77,6,83,97,45,64,225,51
118,31,240,95,233,88,129,19,59,75
118,32,89,199,17,7,236,128,137,247
118,33,117,23,214,94,72,57,146,67
118,34,58,10,246,187,54,19,12,110
118,35,7,129,14,202,220,34,16,254
118,36,57,253,119,188,8,0,245,158
118,37,164,158,22,219,199,103,84,6
118,38,136,22,159,118,127,175,37,93
118,39,68,23,16,222,235,241,45,70
119,0,212,218,40,46,63,202,157,65
119,1,166,119,190,193,98,28,165,88
119,2,13,5,177,22,247,125,26,94
119,3,167,55,201,216,177,150,132,186
119,4,123,180,133,139,152,182,2,134
119,5,31,172,23,213,67,254,58,3
119,6,43,16,125,241,39,114,84,3
119,7,61,66,228,108,78,57,32,19
119,8,247,148,157,85,152,112,68,237
119,9,99,22,240,214,67,58,1,243
119,10,154,220,226,96,10,189,197,108
119,11,54,201,158,93,25,156,2,40
119,12,10,76,247,216,242,16,137,175
119,13,37,83,57,114,34,164,148,231
119,14,193,216,55,248,229,134,31,173
119,15,139,177,116,90,241,127,38,55
119,16,191,179,166,201,149,183,162,175
119,17,69,216,244,217,150,210,251,99
119,18,83,77,97,217,233,58,44,40
119,19,125,135,238,129,19,114,237,221
119,20,157,148,247,152,50,68,72,156
119,21,99,22,214,184,240,143,235,71
119,22,154,10,220,226,245,213,118,229
119,23,181,158,93,54,173,61,34,40
119,24,106,10,247,175,239,216,91,69
119,25,114,37,234,119,164,57,200,183
119,26,229,248,132,193,254,142,200,55
119,27,139,145,177,116,241,90,38,190
119,28,191,183,175,201,35,179,24,63
119,29,216,69,204,98,99,162,1,65
119,30,77,97,83,151,225,45,64,232
119,31,95,240,129,135,88,125,59,34
119,32,116,236,7,86,197,219,128,140
119,33,206,18,59,182,72,117,104,28
119,34,11,205,10,246,213,152,202,44
119,35,129,14,7,202,220,224,190,254
119,36,251,188,57,119,227,147,27,154
119,37,219,22,199,103,158,186,240,16
119,38,124,118,127,180,65,245,159,138
119,39,222,45,47,136,70,120,226,10
120,0,211,151,70,62,163,138,174,160
120,1,193,85,101,88,243,163,17,22
120,2,72,3,48,96,97,71,254,5
120,3,167,72,132,121,189,204,114,22
120,4,44,175,134,29,73,173,59,107
120,5,172,58,164,3,252,210,178,91
120,6,39,43,240,125,84,12,213,152
120,7,38,223,78,175,57,228,160,132
120,8,148,247,22,16,187,129,156,53
120,9,99,22,254,1,253,134,7,91
120,10,242,154,96,226,220,10,19,172
120,11,218,201,158,54,61,226,117,148
120,12,10,91,174,185,242,175,0,137
120,13,83,37,19,119,255,216,34,91
120,14,55,193,248,216,173,115,132,26
120,15,139,177,48,90,127,145,38,225
120,16,191,63,183,193,166,35,1,179
120,17,69,164,210,150,244,249,217,62
120,18,83,77,58,233,97,151,100,61
120,19,238,189,85,249,190,129,135,115
120,20,148,247,50,152,139,145,128,199
120,21,99,22,214,98,37,15,143,231
120,22,245,207,151,242,227,19,115,250
120,23,226,201,123,233,218,116,61,253
120,24,10,11,175,116,128,185,196,174
120,25,183,37,234,71,114,254,19,140
120,26,248,132,173,55,73,203,216,243
120,27,145,139,90,177,28,146,38,33
120,28,191,24,35,183,193,102,168,116
120,29,62,151,21,88,164,204,69,244
120,30,77,83,64,225,162,97,91,51
120,31,95,240,135,59,129,88,34,85
120,32,236,179,123,86,7,140,246,109
120,33,132,234,189,95,198,104,36,72
120,34,44,238,10,240,252,246,202,62
120,35,129,190,235,148,14,74,167,202
120,36,227,188,115,147,142,78,119,39
120,37,78,163,22,27,103,199,193,219
120,38,215,119,118,127,251,175,139,169
120,39,158,122,45,165,80,203,224,72
121,0,49,51,153,22,146,85,247,11
121,1,169,223,87,5,13,43,193,177
121,2,249,16,200,90,232,146,164,70
121,3,98,97,238,160,27,31,146,135
121,4,65,14,167,67,201,181,240,123
121,5,67,161,58,191,235,172,204,186
121,6,43,125,84,167,39,241,200,54
121,7,44,185,78,108,228,165,253,187
121,8,33,148,247,85,184,89,72,23
121,9,99,132,22,94,98,1,195,233
121,10,207,248,245,19,250,96,220,81
121,11,20,145,36,98,54,95,101,203
121,12,10,15,21,185,116,128,117,12
121,13,83,183,15,33,29,208,37,45
121,14,173,248,132,134,147,21,55,87
121,15,139,90,145,227,177,117,127,38
121,16,191,35,115,183,24,1,112,63
121,17,69,110,210,150,196,244,72,165
121,18,112,83,233,77,58,224,128,64
121,19,199,190,115,129,95,127,125,135
121,20,148,33,247,23,57,50,145,152
121,21,99,132,214,71,1,15,194,68
121,22,236,207,245,115,250,96,227,231
121,23,20,61,181,253,205,36,230,25
121,24,43,10,116,185,102,142,239,0
121,25,114,183,234,83,34,15,45,5
121,26,248,132,254,55,173,216,73,115
121,27,139,145,90,117,227,228,126,190
121,28,191,24,183,35,156,168,166,195
121,29,69,110,204,244,151,1,98,172
121,30,77,112,225,71,83,64,51,91
121,31,240,95,88,199,59,129,135,19
121,32,113,238,236,246,7,128,158,68
121,33,72,73,107,41,244,232,28,151
121,34,97,161,252,10,56,34,246,202
121,35,129,235,14,218,132,183,167,202
121,36,188,152,246,181,78,119,153,195
121,37,163,219,22,161,67,135,103,143
121,38,47,9,127,118,234,30,175,201
121,39,246,250,248,1,92,203,70,45
122,0,211,144,4,62,92,234,207,188
122,1,193,182,12,189,198,144,186,143
122,2,92,76,16,150,118,86,230,110
122,3,30,201,155,177,54,22,218,197
122,4,94,98,28,216,134,152,164,132
122,5,58,23,95,60,115,136,0,164
122,6,43,125,92,19,84,52,213,2
122,7,175,181,78,142,243,245,11,185
122,8,148,22,16,85,246,240,23,72
122,9,99,1,254,20,58,72,22,253
122,10,207,245,149,161,250,7,217,108
122,11,153,238,10,15,186,97,253,137
122,12,10,21,115,116,229,37,174,102
122,13,15,183,83,114,140,45,34,208
122,14,55,173,248,132,21,223,41,115
122,15,248,139,90,227,117,74,145,127
122,16,191,183,230,115,35,24,63,39
122,17,210,69,236,217,244,144,99,103
122,18,77,83,58,108,69,112,233,176
122,19,129,60,95,115,190,240,221,248
122,20,148,240,145,72,50,172,57,152
122,21,99,71,1,184,156,58,214,15
122,22,245,115,207,0,250,7,9,231
122,23,61,153,15,238,181,205,162,196
122,24,10,79,106,185,21,213,102,116
122,25,5,114,189,183,34,138,15,83
122,26,248,254,55,132,115,73,181,134
122,27,139,117,248,145,90,183,104,126
122,28,191,230,183,24,185,168,54,4
122,29,69,244,151,65,204,98,210,236
122,30,77,69,64,45,83,112,51,225
122,31,95,240,190,221,19,60,88,129
122,32,146,195,7,236,86,128,31,215
122,33,72,97,37,36,94,54,75,217
122,34,212,255,10,187,109,246,202,54
122,35,129,49,14,202,16,183,196,212
122,36,234,8,188,119,34,0,147,78
122,37,219,22,199,90,103,7,95,158
122,38,22,127,175,14,118,139,239,230
122,39,68,23,16,45,241,36,222,80
123,0,82,181,107,251,39,68,246,83
123,1,40,209,183,96,9,89,194,222
123,2,9,209,118,66,238,56,35,112
123,3,161,134,9,86,105,169,162,72
123,4,156,216,123,98,182,152,145,34
123,5,174,19,23,146,58,202,221,225
123,6,43,125,194,92,53,149,19,239
123,7,195,243,139,21,165,236,54,133
123,8,148,253,245,247,129,24,158,22
123,9,99,214,91,22,37,224,66,254
123,10,68,226,231,76,227,245,167,115
123,11,64,162,238,130,40,205,253,165
123,12,106,10,142,102,174,185,79,37
123,13,164,15,234,5,230,189,183,146
123,14,87,248,55,136,173,216,132,134
123,15,139,183,90,117,241,38,190,248
123,16,191,14,149,183,39,162,4,37
123,17,26,210,69,244,101,150,65,217
123,18,233,58,55,77,83,63,176,64
123,19,237,190,233,34,129,148,95,151
123,20,148,157,145,65,112,50,72,57
123,21,99,71,143,15,127,228,194,63
123,22,68,245,231,206,76,167,115,28
123,23,61,64,162,181,253,196,205,238
123,24,79,106,185,102,10,142,196,91
123,25,5,164,114,189,34,234,52,200
123,26,248,55,216,200,136,132,87,12
123,27,139,183,117,145,90,38,116,104
123,28,191,147,183,14,185,201,169,13
123,29,69,244,26,101,65,167,151,100
123,30,77,51,176,55,45,83,123,233
123,31,237,95,240,19,190,221,248,152
123,32,224,7,31,128,197,236,68,215
123,33,72,201,179,156,217,206,63,18
123,34,49,217,10,213,246,196,188,209
123,35,129,224,14,39,202,16,196,194
123,36,255,188,24,34,251,239,78,119
123,37,219,50,22,90,103,199,158,153
123,38,106,146,47,175,127,239,189,14
123,39,10,85,203,36,177,13,222,237
124,0,29,24,163,233,41,109,86,212
124,1,236,193,8,226,22,85,178,175
124,2,221,56,139,77,9,35,178,95
124,3,2,201,167,22,247,9,192,134
124,4,149,243,134,152,123,216,4,104
124,5,213,19,23,95,42,58,136,150
124,6,125,149,43,240,152,239,213,204
124,7,169,11,57,61,142,90,78,187
124,8,148,242,157,247,22,152,72,253
124,9,99,15,225,1,166,67,58,245
124,10,226,245,233,250,149,95,167,231
124,11,151,241,162,97,137,0,2,40
124,12,10,185,203,166,110,79,198,12
124,13,185,83,37,148,208,78,15,1
124,14,248,21,173,72,87,191,132,55
124,15,139,116,90,117,104,183,0,145
124,16,191,183,14,169,201,154,39,1
124,17,69,210,49,101,99,244,144,217
124,18,237,233,77,153,83,58,151,97
124,19,237,190,206,125,19,127,186,34
124,20,148,242,157,50,247,145,57,122
124,21,99,15,71,127,58,98,214,67
124,22,123,245,191,167,206,115,182,29
124,23,61,162,151,181,209,93,148,241
124,24,79,185,174,106,10,239,91,113
124,25,5,34,230,189,234,183,91,37
124,26,216,248,87,55,191,200,12,132
124,27,139,117,145,183,79,116,90,190
124,28,191,201,183,138,63,14,247,24
124,29,69,78,244,204,101,99,98,151
124,30,77,237,51,83,64,225,151,176
124,31,95,240,34,19,190,88,129,59
124,32,75,7,236,128,246,86,197,14
124,33,161,72,59,103,36,5,206,18
124,34,227,11,10,246,94,238,44,109
124,35,129,202,16,190,49,220,111,14
124,36,251,48,92,188,55,119,148,147
124,37,162,22,219,234,213,199,7,115
124,38,124,47,106,93,222,189,8,14
124,39,27,10,77,122,203,226,224,90
125,0,212,1,134,218,136,33,65,207
125,1,206,10,236,101,15,44,88,227
125,2,192,131,235,83,203,35,64,89
125,3,76,113,132,134,55,138,177,194
125,4,44,138,123,180,243,134,2,116
125,5,23,19,31,249,80,24,63,213
125,6,125,43,149,240,39,129,9,59
125,7,169,61,57,11,133,108,243,68
125,8,148,242,247,50,22,12,255,245
125,9,148,99,58,253,214,15,233,221
125,10,46,245,226,231,82,192,11,195
125,11,210,93,162,151,72,154,238,152
125,12,10,203,185,79,102,124,21,205
125,13,234,146,34,37,171,55,15,83
125,14,216,57,136,87,191,55,248,223
125,15,183,139,90,117,108,244,136,93
125,16,191,193,166,14,39,112,141,183
125,17,150,210,69,171,144,217,127,101
125,18,151,99,83,77,58,14,217,102
125,19,190,114,148,99,125,144,254,129
125,20,50,148,26,145,36,11,17,245
125,21,99,148,127,214,122,194,113,58
125,22,123,245,136,29,115,144,250,192
125,23,58,116,72,162,123,210,201,158
125,24,10,124,174,11,68,62,200,185
125,25,146,34,234,221,183,37,19,70
125,26,216,248,87,132,55,203,136,57
125,27,139,90,145,190,146,183,150,239
125,28,191,183,193,24,168,166,35,78
125,29,69,88,128,244,49,21,204,210
125,30,77,83,162,225,64,51,206,91
125,31,95,34,240,129,88,85,59,19
125,32,236,86,7,246,179,125,140,116
125,33,36,132,96,104,59,72,182,28
125,34,44,238,10,240,246,206,90,28
125,35,129,190,148,74,235,14,49,16
125,36,227,115,147,39,251,188,142,119
125,37,65,78,27,22,16,193,163,233
125,38,169,215,251,119,18,175,96,254
125,39,158,117,122,224,10,80,165,179
126,0,237,253,61,235,141,208,221,190
126,1,75,68,46,155,151,62,215,184
126,2,210,17,59,103,145,109,90,88
126,3,91,35,34,37,128,12,77,130
126,4,222,142,102,15,6,95,236,87
126,5,186,58,50,204,47,90,6,175
126,6,43,167,125,153,123,14,2,54
126,7,78,23,118,29,185,117,142,175
126,8,116,148,180,113,23,52,83,85
126,9,99,38,203,116,94,195,191,29
126,10,198,207,169,36,130,216,120,13
126,11,233,253,98,189,128,107,86,145
126,12,93,15,10,63,128,26,74,62
126,13,45,43,147,11,105,15,29,134
126,14,173,51,20,86,87,124,248,132
126,15,147,162,81,90,172,139,227,200
126,16,35,115,191,24,5,196,215,228
126,17,69,109,250,87,34,210,172,196
126,18,77,83,224,197,58,57,179,43
126,19,116,109,115,192,127,20,19,212
126,20,113,148,23,116,239,36,72,180
126,21,116,38,99,194,203,191,164,1
126,22,198,27,36,250,169,125,207,65
126,23,23,178,86,92,128,189,34,78
126,24,93,220,74,15,10,87,112,62
126,25,11,211,45,134,254,105,147,4
126,26,173,149,51,248,95,132,184,41
126,27,147,139,145,172,228,190,227,162
126,28,191,35,115,1,238,25,248,64
126,29,69,109,196,210,108,87,34,217
126,30,77,224,58,197,38,163,235,51
126,31,115,116,192,127,212,133,19,95
126,32,67,226,108,241,204,119,30,45
126,33,85,79,93,66,38,248,210,64
126,34,132,27,82,74,254,6,53,193
126,35,239,27,168,134,102,180,234,133
126,36,20,222,63,95,113,148,163,171
126,37,39,129,175,42,218,33,53,240
126,38,109,64,248,23,131,134,252,96
126,39,186,226,206,7,190,11,100,148
127,0,53,38,244,44,54,176,193,17
127,1,122,201,58,246,117,105,238,36
127,2,54,172,0,209,102,128,171,155
127,3,91,183,12,35,34,130,128,220
127,4,213,159,247,179,145,249,120,202
127,5,239,159,5,160,132,42,87,101
127,6,43,230,14,191,85,145,162,118
127,7,142,210,54,78,162,165,250,163
127,8,113,148,175,104,158,73,253,250
127,9,113,116,203,201,195,171,99,7
127,10,211,166,231,22,96,115,11,50
127,11,253,57,75,196,163,51,213,224
127,12,102,0,254,117,218,10,164,112
127,13,11,234,149,84,5,58,189,216
127,14,173,55,248,87,35,216,132,200
127,15,139,117,90,56,141,137,34,70
127,16,191,115,39,112,63,204,1,182
127,17,69,109,196,210,217,194,34,113
127,18,77,224,58,233,235,75,155,88
127,19,192,127,115,125,212,19,90,208
127,20,148,113,245,247,145,122,30,158
127,21,99,121,116,38,1,194,37,52
127,22,96,123,199,183,27,144,71,82
127,23,92,23,78,226,253,25,173,112
127,24,10,142,246,87,126,112,200,104
127,25,254,189,146,234,52,11,70,4
127,26,55,248,173,87,209,200,35,216
127,27,139,190,145,255,90,141,38,228
127,28,191,115,1,25,175,182,132,63
127,29,69,109,196,217,34,108,210,121
127,30,77,224,58,38,51,75,47,70
127,31,115,192,127,133,75,1,19,212
127,32,67,108,226,241,128,204,45,30
127,33,79,85,66,50,248,93,38,170
127,34,186,254,27,123,192,24,6,0
127,35,239,133,222,168,162,77,180,170
127,36,94,213,137,20,171,101,149,228
127,37,129,39,218,242,92,219,240,120
127,38,109,239,105,207,150,252,175,159
127,39,25,7,103,230,91,201,206,159
128,0,173,40,169,143,58,22,7,185
128,1,129,172,147,224,189,112,142,250
128,2,217,102,174,6,49,11,197,233
128,3,245,137,193,73,5,38,99,130
128,4,199,187,140,28,0,134,205,122
128,5,248,111,108,152,166,15,87,231
128,6,205,0,7,12,208,69,145,198
128,7,142,175,88,78,251,54,57,52
128,8,148,122,175,22,75,72,24,253
128,9,99,121,243,1,193,233,30,91
128,10,27,96,250,76,213,168,33,48
128,11,23,214,75,253,139,230,112,109
128,12,211,144,92,0,10,137,195,175
128,13,189,45,11,144,83,149,34,185
128,14,35,173,55,132,248,21,87,26
128,15,90,139,141,48,190,117,145,70
128,16,191,115,112,1,37,63,204,70
128,17,69,109,127,53,210,217,134,196
128,18,77,58,224,162,47,235,155,61
128,19,127,192,115,90,208,125,19,94
128,20,122,148,247,245,175,81,158,105
128,21,121,99,209,71,170,1,37,193
128,22,76,27,245,250,227,217,182,13
128,23,23,139,61,92,81,230,112,181
128,24,175,169,211,246,252,229,87,69
128,25,189,180,34,5,254,152,11,70
128,26,55,248,173,35,87,200,9,209
128,27,139,190,141,117,145,90,38,92
128,28,191,1,115,142,112,174,64,63
128,29,69,217,210,196,34,108,58,109
128,30,77,58,8,224,51,102,96,47
128,31,127,212,133,192,115,75,89,125
128,32,67,233,128,108,241,204,43,73
128,33,79,204,87,106,66,30,222,123
128,34,66,154,138,179,218,108,25,122
128,35,14,69,65,133,139,130,66,211
128,36,4,213,164,149,171,220,81,163
128,37,218,171,165,71,232,234,191,51
128,38,239,68,140,184,252,159,150,138
128,39,230,25,222,103,235,132,41,226
129,0,148,0,57,195,207,56,248,250
129,1,135,72,55,65,79,202,77,108
129,2,173,32,132,246,239,237,101,174
129,3,184,194,109,93,22,147,217,134
129,4,147,56,134,193,28,250,229,132
129,5,36,128,108,246,173,5,216,237
129,6,12,145,205,199,252,23,0,45
129,7,18,142,149,251,11,175,34,210
129,8,148,22,253,202,122,25,231,108
129,9,99,121,253,37,31,105,233,243
129,10,38,76,10,250,213,221,108,168
129,11,117,166,77,118,173,180,28,184
129,12,131,109,10,142,198,229,137,112
129,13,144,215,152,255,83,180,128,70
129,14,55,244,85,248,211,81,42,186
129,15,193,139,90,38,117,43,108,190
129,16,191,1,112,37,63,204,84,213
129,17,217,225,69,210,184,247,10,25
129,18,32,77,8,58,235,158,97,47
129,19,127,15,133,149,186,90,106,13
129,20,122,175,253,148,30,202,245,5
129,21,121,99,201,71,37,210,119,190
129,22,76,38,69,215,144,221,71,170
129,23,73,129,166,77,188,249,118,215
129,24,109,131,142,88,69,10,230,246
129,25,189,5,64,34,141,135,172,114
129,26,55,35,244,236,219,85,207,200
129,27,190,141,139,17,90,61,108,42
129,28,191,1,142,112,174,6,115,89
129,29,69,217,225,210,184,86,134,53
129,30,58,8,77,51,96,239,42,32
129,31,127,133,149,15,212,93,54,186
129,32,67,233,137,5,115,180,44,54
129,33,30,204,147,87,66,106,225,137
129,34,226,66,154,179,120,108,202,155
129,35,14,65,37,69,133,112,211,168
129,36,213,4,164,30,84,196,86,171
129,37,171,156,149,47,216,197,66,160
129,38,50,68,134,204,175,140,83,207
129,39,221,57,37,222,210,7,165,97
130,0,243,133,230,114,103,176,170,186
130,1,65,111,12,235,6,104,196,247
130,2,240,48,50,33,195,96,44,18
130,3,121,42,147,139,71,80,217,72
130,4,56,22,199,16,185,217,188,46
130,5,173,128,83,95,189,240,206,89
130,6,0,12,145,218,199,121,146,23
130,7,142,13,251,11,175,157,206,153
130,8,148,122,22,253,247,158,229,41
130,9,109,99,145,190,121,245,60,233
130,10,10,199,108,33,76,50,96,151
130,11,77,123,173,249,5,28,187,1
130,12,109,10,198,76,195,45,112,246
130,13,179,254,152,128,207,241,70,144
130,14,87,81,55,112,243,223,207,42
130,15,117,141,190,48,153,59,108,156
130,16,78,208,141,191,131,112,1,213
130,17,226,247,69,161,134,74,182,56
130,18,8,58,77,153,23,14,235,193
130,19,127,54,133,238,13,186,94,132
130,20,122,175,245,127,18,158,223,150
130,21,109,121,99,210,170,37,19,71
130,22,215,49,199,203,22,76,121,192
130,23,73,129,224,187,226,51,76,138
130,24,88,174,243,126,104,216,164,105
130,25,64,57,172,189,114,254,242,139
130,26,9,207,215,142,55,229,193,87
130,27,141,117,163,137,184,42,127,61
130,28,245,89,175,208,27,213,248,50
130,29,69,247,74,45,237,80,163,34
130,30,8,58,120,235,165,40,67,51
130,31,89,133,127,236,186,254,242,8
130,32,233,67,149,137,45,30,100,29
130,33,30,106,204,108,67,87,112,137
130,34,66,154,105,108,130,202,179,155
130,35,34,14,112,64,168,126,141,159
130,36,213,141,31,76,84,94,171,99
130,37,149,24,243,49,120,171,218,10
130,38,68,207,159,142,192,222,161,82
130,39,25,222,175,97,235,166,41,132
131,0,169,60,228,137,170,14,248,71
131,1,119,21,28,31,82,163,243,135
131,2,237,240,45,203,131,177,13,160
131,3,132,93,99,136,107,111,69,134
131,4,22,46,185,140,134,153,28,188
131,5,128,95,4,111,173,83,216,230
131,6,12,0,218,191,145,117,217,227
131,7,142,175,13,6,245,178,75,204
131,8,148,22,84,163,175,240,158,68
131,9,99,1,25,60,139,65,234,192
131,10,251,149,199,38,37,10,54,141
131,11,166,117,77,123,0,139,102,40
131,12,10,48,109,198,126,82,88,100
131,13,83,144,192,189,55,59,45,180
131,14,55,35,132,87,115,248,219,94
131,15,48,141,139,227,190,153,231,117
131,16,191,1,126,107,112,103,63,37
131,17,69,217,18,196,161,226,210,237
131,18,8,77,51,58,173,14,193,23
131,19,54,127,133,115,186,219,154,244
131,20,127,240,148,175,245,17,106,82
131,21,99,121,71,1,37,145,193,75
131,22,38,70,199,192,251,149,10,121
131,23,166,230,77,139,117,82,181,224
131,24,88,109,10,87,104,69,78,126
131,25,144,236,172,83,70,237,189,114
131,26,55,142,35,9,186,16,71,243
131,27,141,42,190,220,29,17,32,48
131,28,191,1,107,126,132,6,213,64
131,29,69,18,237,217,210,74,247,168
131,30,8,120,235,58,25,173,80,38
131,31,242,127,197,93,89,8,16,177
131,32,233,67,73,28,43,171,217,94
131,33,204,106,198,61,66,108,30,115
131,34,66,154,164,108,179,137,130,13
131,35,176,14,229,133,69,123,200,64
131,36,213,31,76,228,171,94,170,150
131,37,170,218,160,171,24,148,244,61
131,38,149,68,78,17,72,252,243,143
131,39,32,22,235,7,39,175,57,249
132,0,211,27,245,161,36,52,176,201
132,1,163,28,119,55,243,78,215,21
132,2,32,204,104,131,192,47,91,185
132,3,93,121,33,76,240,79,16,249
132,4,147,134,204,132,46,86,185,226
132,5,91,128,108,189,95,228,75,125
132,6,205,218,75,12,223,192,103,253
132,7,175,18,130,67,119,204,99,32
132,8,22,148,68,158,37,82,229,25
132,9,99,139,34,75,196,7,52,223
132,10,38,135,172,164,148,119,254,225
132,11,117,166,218,184,123,201,94,197
132,12,109,10,240,69,245,36,73,243
132,13,83,85,144,133,240,208,207,128
132,14,85,115,55,163,132,35,204,248
132,15,227,139,193,117,90,245,183,158
132,16,191,1,160,108,113,6,215,52
132,17,69,217,161,98,91,34,254,138
132,18,77,97,241,64,133,8,239,106
132,19,95,127,195,148,154,115,90,77
132,20,148,240,72,245,22,158,255,168
132,21,99,1,128,37,247,71,174,231
132,22,38,251,129,226,195,249,121,105
132,23,224,233,166,117,28,148,25,51
132,24,102,73,88,36,91,109,126,144
132,25,64,189,216,237,119,83,181,153
132,26,163,55,142,91,71,9,237,168
132,27,139,53,29,227,220,61,168,245
132,28,89,210,6,63,175,57,191,215
132,29,69,34,121,221,161,216,18,237
132,30,229,172,174,8,180,3,38,35
132,31,10,154,160,239,48,16,242,197
132,32,233,66,57,43,163,171,109,217
132,33,61,198,204,189,251,108,243,66
132,34,66,166,108,164,13,137,155,159
132,35,229,133,155,200,14,33,64,168
132,36,22,31,25,137,106,186,169,123
132,37,171,122,24,198,127,25,61,102
132,38,193,17,87,23,112,140,77,191
132,39,42,235,22,222,226,175,8,65
133,0,25,243,204,128,164,247,79,205
133,1,30,222,23,162,163,243,17,253
133,2,200,232,204,168,104,208,169,234
133,3,45,109,200,184,53,215,134,57
133,4,89,147,250,79,134,56,146,178
133,5,36,180,216,252,108,246,118,226
133,6,12,205,23,145,253,240,146,124
133,7,149,18,251,159,145,175,150,119
133,8,148,22,158,108,238,228,185,129
133,9,99,42,31,37,8,111,231,66
133,10,38,251,152,172,82,154,135,105
133,11,117,166,184,72,77,201,240,118
133,12,109,131,10,198,12,148,82,230
133,13,211,144,83,148,237,240,84,9
133,14,55,35,85,81,247,115,248,236
133,15,139,193,190,183,108,117,141,53
133,16,1,191,112,201,204,216,42,108
133,17,69,225,217,161,247,226,53,34
133,18,8,193,77,64,14,35,61,60
133,19,127,149,95,254,186,195,177,54
133,20,127,175,245,223,240,148,80,30
133,21,121,99,71,210,37,42,86,91
133,22,38,189,121,215,104,199,221,255
133,23,166,112,28,129,88,117,77,148
133,24,109,131,87,230,10,88,255,69
133,25,64,237,84,70,207,144,211,153
133,26,55,35,85,112,139,243,206,142
133,27,53,141,29,220,190,108,13,154
133,28,1,191,89,115,27,175,6,241
133,29,69,74,225,210,217,121,71,184
133,30,58,239,8,229,51,42,156,67
133,31,127,186,242,176,238,160,149,111
133,32,233,5,67,43,171,84,212,45
133,33,79,137,115,122,17,243,13,199
133,34,66,241,108,140,154,179,137,189
133,35,133,134,37,64,168,115,184,234
133,36,169,141,31,113,170,15,196,30
133,37,171,122,179,120,133,24,140,74
133,38,140,207,138,252,153,143,134,208
133,39,40,235,57,193,175,163,222,41
134,0,91,51,145,9,119,118,175,179
134,1,210,227,184,247,12,168,53,196
134,2,168,44,19,204,114,51,232,176
134,3,88,136,59,142,80,208,76,205
134,4,131,151,241,230,19,10,224,16
134,5,128,240,95,237,89,226,13,37
134,6,12,0,240,218,20,121,234,192
134,7,142,175,57,136,178,17,34,13
134,8,148,22,163,156,200,158,118,25
134,9,99,69,77,37,111,60,1,119
134,10,251,199,76,250,82,54,38,10
134,11,77,117,90,166,24,123,173,25
134,12,109,10,198,175,48,137,246,37
134,13,144,83,128,237,119,9,136,55
134,14,55,81,35,115,249,248,219,112
134,15,117,137,139,243,153,43,90,141
134,16,1,191,115,121,63,27,178,89
134,17,69,161,217,74,194,143,163,134
134,18,77,58,193,94,173,73,64,111
134,19,54,186,254,127,3,133,154,255
134,20,148,22,135,245,30,18,205,17
134,21,99,121,37,69,117,245,34,145
134,22,251,199,45,129,53,183,221,160
134,23,0,112,80,224,152,25,28,40
134,24,31,171,207,255,87,104,201,100
134,25,131,133,254,237,226,153,40,189
134,26,248,5,55,35,65,151,115,186
134,27,111,206,139,190,30,53,231,29
134,28,15,176,37,191,248,66,245,100
134,29,69,150,217,34,113,32,246,74
134,30,77,58,3,8,252,127,156,67
134,31,54,133,127,197,160,16,178,220
134,32,67,233,33,108,5,49,244,54
134,33,79,30,192,108,87,137,227,4
134,34,179,16,154,61,46,91,211,118
134,35,14,139,53,130,202,64,199,34
134,36,4,213,164,2,35,210,139,146
134,37,171,165,199,172,29,105,37,128
134,38,175,159,24,73,63,177,161,241
134,39,222,57,235,37,95,41,33,204
135,0,49,153,51,22,85,58,18,247
135,1,210,227,65,223,196,13,248,184
135,2,34,59,68,16,114,44,48,22
135,3,88,76,136,98,99,97,160,238
135,4,140,224,28,171,126,75,85,196
135,5,128,95,190,173,67,152,189,68
135,6,0,121,218,12,145,210,20,252
135,7,142,13,175,44,245,75,57,145
135,8,148,122,175,174,22,33,255,247
135,9,132,99,121,193,221,143,195,233
135,10,96,149,199,245,10,189,248,118
135,11,36,139,77,23,28,75,187,1
135,12,109,10,198,149,76,88,48,175
135,13,104,34,144,83,242,180,254,162
135,14,55,21,173,248,132,87,35,247
135,15,139,48,90,117,141,38,108,190
135,16,191,115,1,175,151,112,37,220
135,17,69,110,74,53,210,134,247,113
135,18,58,128,77,51,108,47,155,239
135,19,127,94,186,125,208,69,115,242
135,20,122,245,247,236,148,230,127,139
135,21,121,132,170,36,209,71,37,99
135,22,28,227,121,13,36,118,49,215
135,23,28,36,25,129,112,168,40,88
135,24,175,88,91,241,109,184,69,247
135,25,104,34,119,84,254,55,185,64
135,26,207,9,55,215,87,162,112,142
135,27,141,190,117,163,56,127,38,53
135,28,175,245,218,191,158,63,50,89
135,29,110,74,69,249,34,246,134,51
135,30,58,128,112,74,67,8,235,216
135,31,10,186,238,89,214,127,155,246
135,32,52,244,67,233,66,63,103,82
135,33,79,137,219,25,123,87,187,178
135,34,108,228,140,25,41,184,100,160
135,35,203,133,198,65,117,146,134,33
135,36,75,170,186,15,113,169,64,240
135,37,218,137,149,128,148,234,184,189
135,38,239,228,159,83,197,229,161,55
135,39,113,132,222,76,97,206,33,230
136,0,148,0,217,195,78,139,207,224
136,1,135,55,173,189,98,31,115,161
136,2,61,16,76,32,108,237,248,143
136,3,184,109,107,93,22,254,132,40
136,4,56,134,147,26,203,40,145,179
136,5,36,128,189,246,216,112,13,108
136,6,145,12,0,193,199,19,240,176
136,7,142,149,18,251,136,11,13,53
136,8,148,22,247,108,202,12,231,75
136,9,99,121,31,253,233,37,105,30
136,10,38,231,250,213,74,221,104,167
136,11,77,117,28,166,118,184,244,205
136,12,131,10,109,242,187,248,229,246
136,13,144,21,119,83,215,185,238,254
136,14,92,55,85,248,247,219,35,173
136,15,191,97,139,117,38,90,193,48
136,16,191,1,63,112,158,37,204,175
136,17,69,247,217,53,74,210,119,10
136,18,8,77,58,155,216,74,88,172
136,19,186,127,90,133,15,235,148,175
136,20,202,253,17,243,5,236,245,30
136,21,121,37,71,119,75,201,99,24
136,22,121,231,76,141,38,71,22,58
136,23,129,28,22,38,58,88,73,34
136,24,242,102,230,131,109,78,122,69
136,25,44,114,55,141,64,255,242,207
136,26,55,9,92,209,207,249,35,219
136,27,190,141,97,17,66,48,117,184
136,28,191,175,248,66,89,245,120,213
136,29,74,134,10,180,3,237,59,184
136,30,235,42,74,8,41,156,172,239
136,31,10,8,186,7,219,16,220,90
136,32,93,233,202,52,43,163,171,217
136,33,147,225,137,30,178,87,159,29
136,34,108,226,120,6,170,25,65,122
136,35,65,133,140,188,64,184,130,250
136,36,75,15,4,81,80,85,169,199
136,37,171,240,254,252,148,120,179,165
136,38,73,83,131,172,241,228,157,253
136,39,222,80,41,76,33,4,216,221
137,0,243,230,133,114,103,182,126,170
137,1,12,169,210,65,104,111,160,247
137,2,69,48,171,195,240,44,18,30
137,3,219,192,42,162,2,83,254,190
137,4,22,246,244,56,202,146,248,155
137,5,128,173,240,95,214,196,29,189
137,6,0,12,218,121,240,19,193,217
137,7,142,251,157,136,11,224,175,17
137,8,148,122,216,22,75,253,243,240
137,9,109,99,121,190,145,37,245,103
137,10,231,108,44,50,94,181,33,58
137,11,140,77,180,5,43,187,238,173
137,12,77,137,76,102,216,246,100,45
137,13,189,71,179,114,161,234,255,254
137,14,31,87,211,230,59,127,207,99
137,15,117,225,127,191,91,132,48,153
137,16,227,16,175,245,166,89,107,88
137,17,150,171,246,106,159,74,96,59
137,18,174,77,24,169,201,94,3,44
137,19,204,238,207,221,41,255,90,236
137,20,127,11,175,17,18,139,245,104
137,21,184,72,210,53,246,71,122,136
137,22,120,175,167,100,50,29,213,136
137,23,180,41,87,162,96,149,82,132
137,24,53,216,124,24,8,144,62,174
137,25,167,52,189,139,221,236,119,234
137,26,81,57,217,211,181,150,244,87
137,27,247,191,225,187,228,117,53,82
137,28,107,203,88,248,158,126,182,39
137,29,171,125,25,249,106,112,96,59
137,30,31,174,94,75,24,3,160,44
137,31,204,238,154,207,194,221,236,186
137,32,232,54,30,135,180,111,127,244
137,33,24,227,137,71,230,105,77,226
137,34,108,52,53,223,25,228,77,130
137,35,65,225,33,133,198,215,140,170
137,36,75,55,106,94,81,199,76,161
137,37,92,10,240,234,49,144,160,69
137,38,136,252,181,37,228,192,142,219
137,39,216,41,222,153,25,33,151,172
138,0,60,169,170,137,207,228,248,201
138,1,119,82,21,31,173,28,163,243
138,2,237,45,231,177,160,203,13,222
138,3,132,107,252,204,93,99,114,254
138,4,244,46,22,246,185,153,57,86
138,5,128,95,243,4,189,231,76,214
138,6,12,0,191,221,223,217,218,85
138,7,142,253,6,153,178,145,162,102
138,8,216,22,148,158,118,37,163,245
138,9,99,7,91,110,190,75,34,139
138,10,251,37,152,44,199,138,227,164
138,11,140,43,25,166,84,74,110,226
138,12,126,79,100,68,216,77,246,34
138,13,189,167,71,83,68,55,128,119
138,14,248,55,132,150,115,207,247,197
138,15,139,90,3,38,111,117,206,145
138,16,191,74,63,178,15,121,50,37
138,17,69,8,18,208,143,217,177,161
138,18,77,64,97,246,155,137,58,233
138,19,54,3,135,34,133,95,27,152
138,20,22,148,135,53,247,84,30,192
138,21,99,245,248,37,70,194,78,71
138,22,45,160,251,226,131,144,168,108
138,23,0,80,54,58,40,224,181,230
138,24,31,28,171,185,104,100,148,2
138,25,189,208,131,133,251,83,90,218
138,26,248,151,55,35,134,59,208,115
138,27,139,117,206,111,190,145,115,90
138,28,15,176,191,37,41,220,245,25
138,29,69,150,18,34,113,121,36,74
138,30,172,3,61,39,216,174,113,235
138,31,10,154,90,148,160,155,220,13
138,32,66,101,163,184,217,171,208,94
138,33,67,198,255,208,137,252,115,159
138,34,108,122,99,46,32,40,53,76
138,35,33,215,38,133,65,225,140,115
138,36,76,127,86,94,106,150,113,149
138,37,170,165,120,187,128,160,69,140
138,38,149,243,159,254,83,78,194,183
138,39,22,27,7,39,193,249,136,175
139,0,27,245,161,201,211,130,52,36
139,1,163,28,119,243,78,21,215,55
139,2,204,131,104,78,192,69,47,81
139,3,68,49,124,33,244,222,127,162
139,4,48,97,64,21,99,232,50,31
139,5,25,57,121,20,180,200,234,247
139,6,127,211,231,139,163,248,225,24
139,7,209,141,194,213,186,200,63,165
139,8,223,217,11,72,8,56,81,127
139,9,63,248,99,136,246,213,210,71
139,10,78,243,176,79,185,160,247,150
139,11,204,135,12,160,128,9,42,56
139,12,116,239,251,18,145,39,207,1
139,13,130,118,208,154,212,45,145,108
139,14,167,54,160,252,138,204,51,106
139,15,206,4,165,3,139,148,162,87
139,16,205,32,74,170,51,229,26,152
139,17,115,8,69,211,20,101,15,64
139,18,77,192,205,16,127,43,91,204
139,19,4,150,195,20,79,75,125,54
139,20,148,133,191,53,180,152,107,161
139,21,207,99,85,88,131,245,117,230
139,22,196,160,178,53,168,63,49,39
139,23,80,57,47,111,170,163,108,194
139,24,3,220,68,79,239,65,39,102
139,25,13,130,6,237,15,190,41,118
139,26,59,52,137,105,132,53,231,54
139,27,165,206,87,157,181,147,3,162
139,28,111,80,7,74,236,150,205,170
139,29,150,20,158,69,124,36,39,99
139,30,226,61,77,192,52,17,115,38
139,31,138,194,20,1,167,160,177,125
139,32,33,178,154,105,227,237,219,43
139,33,192,81,39,74,140,158,72,7
139,34,16,51,21,189,122,141,160,164
139,35,63,167,97,202,79,136,38,42
139,36,22,188,60,165,110,171,221,199
139,37,165,8,24,217,105,194,184,180
139,38,103,87,222,191,159,242,206,233
139,39,42,8,193,6,166,235,142,104
140,0,25,204,243,128,247,164,17,13
140,1,222,30,23,162,163,243,107,215
140,2,200,232,61,204,168,51,176,208
140,3,45,184,57,185,109,200,53,107
140,4,203,89,67,35,219,147,204,250
140,5,36,252,226,118,196,216,160,192
140,6,240,12,253,141,160,109,222,146
140,7,149,18,253,150,250,251,224,168
140,8,148,247,22,108,231,158,163,32
140,9,99,160,31,8,37,111,103,65
140,10,38,251,74,213,154,152,227,104
140,11,117,166,77,61,184,25,26,74
140,12,10,109,242,131,248,102,91,239
140,13,144,83,119,9,34,146,185,174
140,14,92,55,248,247,85,219,81,181
140,15,97,139,117,183,247,90,38,53
140,16,1,191,112,175,63,201,115,182
140,17,69,161,74,247,119,113,53,237
140,18,8,193,77,41,235,174,88,97
140,19,186,249,254,8,94,90,127,95
140,20,245,175,17,231,247,148,30,230
140,21,121,99,71,210,160,75,37,213
140,22,121,227,76,82,105,199,38,104
140,23,34,112,148,224,129,88,28,228
140,24,109,242,62,102,69,230,73,87
140,25,119,64,114,153,55,253,254,70
140,26,92,9,35,207,200,91,55,85
140,27,141,53,117,247,190,154,231,38
140,28,175,213,50,174,220,66,206,191
140,29,74,69,255,134,168,121,119,249
140,30,58,172,229,239,38,156,235,252
140,31,186,242,127,160,238,163,148,131
140,32,67,108,43,233,244,54,153,205
140,33,79,123,115,38,13,236,39,137
140,34,46,108,7,53,245,100,242,137
140,35,230,65,203,146,133,219,229,33
140,36,170,76,178,196,216,81,139,103
140,37,5,168,232,24,189,247,133,86
140,38,227,155,157,171,3,160,187,228
140,39,193,40,22,235,216,4,6,111
141,0,101,9,91,227,118,35,119,179
141,1,210,227,184,199,247,12,196,27
141,2,168,19,44,114,59,204,171,146
141,3,77,88,183,78,208,212,205,190
141,4,241,17,151,108,19,230,131,190
141,5,190,128,214,29,240,89,13,212
141,6,0,121,240,218,12,20,54,174
141,7,142,11,57,13,71,250,54,118
141,8,243,175,148,26,228,247,172,152
141,9,99,221,121,77,38,32,22,170
141,10,231,96,113,10,250,104,213,74
141,11,77,178,205,28,25,140,73,74
141,12,109,10,198,248,149,48,242,239
141,13,34,180,144,83,162,5,119,208
141,14,173,184,55,248,21,132,87,223
141,15,117,139,90,168,38,145,177,97
141,16,115,191,112,1,92,175,70,37
141,17,69,109,210,74,247,217,161,53
141,18,58,77,239,108,233,102,224,180
141,19,192,127,125,163,19,153,69,254
141,20,113,247,148,175,26,245,243,254
141,21,121,99,170,38,213,71,37,52
141,22,227,36,76,23,245,80,13,28
141,23,230,178,148,237,88,61,81,92
141,24,142,175,126,109,100,87,239,48
141,25,254,55,5,34,234,153,180,83
141,26,55,173,184,200,248,9,209,41
141,27,117,139,141,145,190,90,42,193
141,28,191,115,1,175,25,112,223,204
141,29,69,210,196,109,249,217,121,74
141,30,58,224,77,51,239,161,172,38
141,31,127,192,212,19,95,56,115,184
141,32,67,108,226,204,30,250,94,241
141,33,79,85,66,17,243,148,77,19
141,34,74,27,91,53,211,122,137,146
141,35,239,123,60,33,234,237,133,200
141,36,222,41,171,163,94,61,149,232
141,37,5,86,144,65,61,243,24,25
141,38,117,191,176,222,113,159,125,227
141,39,228,10,201,91,216,235,196,66
142,0,190,253,235,177,141,221,64,47
142,1,179,113,203,7,145,217,73,180
142,2,127,239,109,98,123,59,104,153
142,3,35,128,115,190,91,34,194,82
142,4,127,153,183,17,91,177,0,224
142,5,135,29,37,176,212,5,166,189
142,6,0,121,210,218,12,198,117,83
142,7,142,118,175,54,145,70,34,224
142,8,175,104,113,148,24,237,156,36
142,9,116,170,38,99,195,191,118,146
142,10,36,27,65,13,83,208,29,76
142,11,23,233,38,178,73,123,25,76
142,12,93,87,195,112,69,10,254,88
142,13,11,105,128,5,241,34,144,185
142,14,184,173,35,55,26,200,87,248
142,15,172,90,139,126,158,117,168,43
142,16,115,191,204,92,112,1,238,103
142,17,109,69,210,34,161,112,121,196
142,18,77,224,58,40,14,94,206,233
142,19,192,127,115,116,153,148,19,250
142,20,113,148,175,223,36,81,106,158
142,21,116,99,38,71,1,15,121,170
142,22,36,96,245,76,80,27,69,213
142,23,23,81,88,178,92,96,177,196
142,24,87,93,88,10,189,252,41,48
142,25,11,234,34,254,189,52,153,83
142,26,55,173,248,207,200,184,149,88
142,27,139,145,90,228,193,227,190,141
142,28,191,115,1,25,238,144,134,100
142,29,69,109,196,210,217,108,34,121
142,30,224,58,77,51,235,38,88,178
142,31,192,127,212,115,95,116,19,186
142,32,226,108,67,204,241,94,63,45
142,33,79,85,66,93,243,237,3,241
142,34,27,74,254,132,53,122,52,193
142,35,239,27,53,111,123,38,188,195
142,36,222,20,75,61,199,95,94,91
142,37,24,175,160,39,33,195,137,120
142,38,207,64,149,159,155,117,222,134
142,39,186,136,22,91,226,167,132,223
143,0,193,38,162,20,54,167,72,161
143,1,122,117,179,201,105,140,152,158
143,2,239,127,43,64,46,173,233,167
143,3,220,90,91,120,190,234,61,122
143,4,218,237,17,80,177,145,41,179
143,5,68,159,239,226,5,101,196,106
143,6,118,199,193,198,176,164,6,88
143,7,142,155,210,162,224,153,67,145
143,8,113,148,175,158,69,202,12,245
143,9,146,37,91,99,33,133,7,123
143,10,76,96,121,189,115,212,227,11
143,11,224,28,253,196,249,162,31,239
143,12,88,92,53,174,175,104,62,0
143,13,189,34,5,216,55,119,233,234
143,14,55,173,248,35,112,132,21,207
143,15,141,139,126,117,90,38,56,183
143,16,191,115,63,1,39,112,37,223
143,17,69,210,33,109,196,249,112,10
143,18,233,58,77,224,113,146,137,172
143,19,127,186,192,95,190,19,125,90
143,20,148,247,113,122,240,175,72,245
143,21,99,1,121,15,71,170,117,52
143,22,96,136,183,245,123,127,11,50
143,23,61,23,224,177,88,193,129,233
143,24,88,113,48,41,104,246,69,87
143,25,189,83,255,34,70,152,141,52
143,26,55,173,9,87,248,35,216,244
143,27,228,141,139,126,117,145,137,243
143,28,191,1,115,39,92,112,208,210
143,29,69,249,196,210,217,221,113,86
143,30,58,77,39,224,104,127,51,141
143,31,212,127,186,192,250,95,118,177
143,32,67,108,226,94,163,49,30,204
143,33,79,85,66,17,170,243,109,19
143,34,186,27,243,254,53,151,137,214
143,35,238,152,123,168,82,203,111,222
143,36,213,199,25,94,95,75,182,29
143,37,102,148,24,195,54,120,183,149
143,38,207,138,184,109,5,155,72,91
143,39,222,235,6,202,22,76,226,91
144,0,40,173,18,22,185,127,106,169
144,1,112,129,224,147,189,172,226,250
144,2,239,217,127,233,174,102,72,64
144,3,90,53,137,186,190,76,55,252
144,4,199,187,0,145,193,122,17,9
144,5,68,85,189,29,11,248,166,211
144,6,118,199,0,193,208,252,103,176
144,7,13,109,142,145,165,88,155,157
144,8,122,148,175,158,149,253,119,106
144,9,99,170,91,182,195,43,37,15
144,10,96,82,27,76,121,37,208,227
144,11,23,28,241,224,149,215,253,35
144,12,88,92,144,169,0,124,100,175
144,13,34,189,141,11,3,233,55,119
144,14,55,35,173,87,112,207,21,248
144,15,126,141,139,56,38,53,0,120
144,16,191,115,245,1,112,248,204,37
144,17,69,210,74,247,109,33,167,244
144,18,58,233,77,158,54,96,67,113
144,19,186,127,192,125,19,90,208,190
144,20,122,148,175,247,72,245,254,113
144,21,121,99,170,213,71,1,15,232
144,22,96,76,13,27,183,127,136,217
144,23,61,129,239,81,23,90,87,181
144,24,113,88,87,246,69,48,184,41
144,25,34,189,180,138,5,212,83,99
144,26,55,173,248,9,21,200,35,207
144,27,139,141,42,228,126,229,90,190
144,28,191,115,142,1,144,112,107,164
144,29,69,210,86,217,196,108,34,74
144,30,58,8,51,77,96,32,39,147
144,31,127,212,186,133,239,192,174,250
144,32,233,67,108,128,137,73,204,94
144,33,106,79,87,204,66,241,30,243
144,34,66,154,218,138,179,46,176,151
144,35,69,14,152,154,111,189,166,123
144,36,213,4,94,105,164,61,99,171
144,37,218,24,171,149,54,102,160,120
144,38,68,159,117,197,222,17,138,42
144,39,25,22,168,76,7,226,47,235
145,0,211,195,60,71,248,223,245,160
145,1,135,55,170,125,163,103,243,119
145,2,32,101,91,58,193,240,5,190
145,3,93,184,249,104,204,107,80,165
145,4,134,28,147,46,29,204,32,178
145,5,189,108,36,128,91,68,216,180
145,6,205,252,193,199,158,6,75,213
145,7,18,130,175,67,34,13,119,121
145,8,158,202,22,43,228,25,96,82
145,9,99,65,34,146,91,11,223,218
145,10,38,149,76,254,227,195,228,199
145,11,166,117,87,246,240,91,254,205
145,12,95,200,141,36,136,82,207,201
145,13,109,253,254,128,177,241,237,59
145,14,55,85,35,87,236,139,120,243
145,15,141,53,43,231,191,59,243,224
145,16,124,213,83,108,240,103,132,27
145,17,161,80,134,247,182,237,53,143
145,18,8,193,14,249,35,178,65,37
145,19,154,127,186,177,158,168,160,195
145,20,30,245,106,127,51,2,240,148
145,21,71,121,75,175,91,133,33,136
145,22,38,141,71,11,183,121,104,76
145,23,129,166,87,233,58,228,51,82
145,24,243,200,37,87,121,246,123,245
145,25,189,64,114,136,186,237,226,70
145,26,55,9,142,35,110,186,236,249
145,27,29,127,53,42,141,220,126,56
145,28,89,191,1,213,83,210,108,132
145,29,237,217,34,70,246,163,123,242
145,30,8,229,235,193,39,37,42,94
145,31,242,160,158,56,131,232,177,29
145,32,233,43,240,45,171,66,222,217
145,33,198,204,106,61,149,25,137,108
145,34,138,66,164,179,154,166,108,155
145,35,215,64,65,133,9,33,40,140
145,36,22,31,15,137,25,47,86,170
145,37,171,170,231,218,120,165,61,46
145,38,17,117,159,207,83,220,243,42
145,39,42,227,226,216,8,22,59,235
146,0,25,128,243,164,79,247,204,100
146,1,222,30,23,162,17,10,253,16
146,2,200,232,204,168,51,169,196,104
146,3,184,200,45,109,215,53,57,207
146,4,89,178,204,207,250,147,238,166
146,5,36,63,216,112,180,226,168,5
146,6,252,145,222,205,216,45,253,4
146,7,149,18,251,34,150,224,130,95
146,8,158,228,96,200,128,82,36,97
146,9,31,99,65,159,91,42,234,34
146,10,38,76,92,158,225,152,254,239
146,11,184,166,117,72,205,87,154,94
146,12,95,131,230,82,36,136,19,200
146,13,189,237,241,109,68,152,148,80
146,14,55,85,186,247,34,35,168,169
146,15,38,53,56,43,193,243,239,161
146,16,1,213,191,158,108,6,83,132
146,17,225,161,226,31,247,202,186,70
146,18,8,14,35,193,150,178,88,37
146,19,254,186,127,214,149,177,8,63
146,20,245,223,30,177,230,8,81,175
146,21,121,12,118,75,37,111,235,51
146,22,104,141,38,76,13,211,210,121
146,23,129,166,87,26,243,82,149,227
146,24,200,87,230,73,66,36,246,255
146,25,189,64,114,207,69,213,238,153
146,26,55,35,9,87,85,236,249,34
146,27,29,126,127,42,141,61,38,254
146,28,191,89,108,1,50,27,134,109
146,29,217,210,225,69,246,226,34,203
146,30,8,229,42,235,161,110,51,103
146,31,56,238,186,133,242,160,236,158
146,32,233,43,16,45,66,91,153,217
146,33,204,106,137,27,25,115,141,197
146,34,66,164,108,179,137,124,160,155
146,35,215,65,133,9,64,152,106,195
146,36,31,170,25,182,94,15,58,252
146,37,171,170,218,188,38,137,149,51
146,38,243,117,42,17,197,159,207,67
146,39,59,235,76,22,226,175,4,95
147,0,139,103,28,0,78,217,212,110
147,1,72,6,65,202,160,12,196,186
147,2,195,51,191,168,200,232,152,176
147,3,109,184,93,45,248,96,181,200
147,4,40,56,86,204,225,28,207,111
147,5,128,36,196,173,246,216,154,240
147,6,240,23,252,192,228,45,119,222
147,7,18,149,175,58,251,53,142,137
147,8,148,22,82,187,62,200,231,108
147,9,99,31,241,1,253,37,15,86
147,10,38,245,149,250,76,90,199,71
147,11,77,166,117,173,118,224,244,123
147,12,131,109,10,229,48,187,246,240
147,13,144,34,83,148,240,254,152,30
147,14,55,85,244,35,236,81,248,139
147,15,126,38,90,139,141,84,34,193
147,16,191,1,213,37,112,208,204,169
147,17,217,210,69,225,184,226,161,186
147,18,8,32,77,35,58,61,249,88
147,19,186,127,90,250,149,223,254,80
147,20,30,148,202,106,215,230,175,209
147,21,121,99,63,190,91,37,133,8
147,22,76,183,13,104,38,48,141,231
147,23,129,224,166,176,87,88,123,254
147,24,62,87,109,252,117,201,73,131
147,25,189,34,254,153,70,255,172,118
147,26,55,244,254,85,236,35,9,110
147,27,42,139,141,126,27,190,254,29
147,28,191,1,142,236,27,66,177,115
147,29,69,210,226,113,184,34,217,74
147,30,8,58,51,96,42,114,103,147
147,31,186,149,127,195,250,248,238,118
147,32,233,5,67,94,184,138,128,137
147,33,87,106,204,147,30,225,241,4
147,34,66,154,226,179,209,211,120,151
147,35,14,154,164,152,34,211,111,161
147,36,4,213,164,176,238,105,94,91
147,37,171,122,24,149,74,66,80,180
147,38,134,166,67,8,68,77,16,196
147,39,57,40,221,11,7,223,108,37
148,0,91,145,176,213,227,149,16,119
148,1,210,65,184,168,53,160,247,106
148,2,240,218,114,44,171,31,48,155
148,3,121,88,52,141,59,137,136,142
148,4,241,151,131,230,16,120,181,156
148,5,128,173,240,83,75,149,154,181
148,6,240,218,0,145,202,146,66,192
148,7,13,175,251,178,3,57,153,34
148,8,148,240,22,187,24,62,247,158
148,9,99,69,91,60,1,158,117,15
148,10,76,149,199,213,245,38,96,80
148,11,117,166,254,173,168,213,139,224
148,12,109,10,48,185,37,131,240,246
148,13,83,144,34,136,234,189,237,27
148,14,55,204,35,112,94,132,21,248
148,15,227,139,117,126,1,108,228,141
148,16,191,1,169,63,69,177,126,39
148,17,69,226,98,161,113,243,99,207
148,18,8,233,152,181,167,132,127,77
148,19,154,186,174,254,127,95,177,79
148,20,148,240,72,247,40,18,122,22
148,21,99,225,1,69,65,43,100,201
148,22,219,6,71,76,151,224,168,119
148,23,25,177,126,90,117,166,254,88
148,24,126,246,36,167,216,87,200,104
148,25,189,83,52,64,70,234,118,110
148,26,110,200,21,55,112,249,186,16
148,27,139,1,228,141,243,175,93,27
148,28,191,39,248,93,118,66,169,89
148,29,69,113,59,246,74,45,143,163
148,30,180,8,114,58,103,67,47,60
148,31,186,102,127,238,212,220,195,232
148,32,5,233,137,8,101,67,211,100
148,33,87,241,204,106,17,225,98,27
148,34,154,66,91,52,164,76,120,192
148,35,154,34,14,69,152,164,38,77
148,36,4,213,164,63,230,199,99,240
148,37,171,116,66,149,180,109,254,76
148,38,68,134,175,8,67,46,166,1
148,39,57,221,108,112,31,66,11,95
149,0,230,186,133,130,119,58,131,21
149,1,210,65,104,196,12,247,184,160
149,2,48,119,240,44,195,68,23,18
149,3,192,71,88,147,2,109,83,42
149,4,56,134,22,16,111,46,126,86
149,5,173,128,13,237,26,190,206,184
149,6,0,218,145,113,120,147,240,121
149,7,13,175,178,57,11,142,75,245
149,8,148,122,247,240,242,40,72,22
149,9,99,109,245,15,1,225,86,233
149,10,96,245,149,70,76,199,184,10
149,11,241,139,77,117,0,61,166,151
149,12,198,110,10,109,203,48,201,149
149,13,179,83,144,34,180,91,237,208
149,14,21,173,248,55,94,200,230,132
149,15,139,104,90,0,141,38,92,224
149,16,191,115,1,78,169,63,112,11
149,17,69,210,46,244,120,216,56,113
149,18,233,8,58,67,96,77,51,113
149,19,186,127,254,49,190,138,28,95
149,20,148,122,247,240,72,205,81,69
149,21,99,109,15,143,1,121,170,113
149,22,70,245,76,215,74,13,199,28
149,23,129,241,87,61,224,40,139,77
149,24,189,175,48,113,149,110,69,104
149,25,34,189,83,91,152,67,26,1
149,26,55,21,254,200,162,140,195,87
149,27,139,243,141,27,38,228,163,237
149,28,191,93,175,107,213,38,225,164
149,29,249,46,69,210,74,34,51,225
149,30,8,58,120,67,39,114,74,42
149,31,186,246,160,195,127,132,106,242
149,32,233,137,5,149,8,41,217,52
149,33,204,87,106,108,27,30,19,29
149,34,66,42,154,108,25,122,65,53
149,35,102,64,225,65,166,133,33,215
149,36,63,94,170,76,199,149,75,111
149,37,218,24,120,160,245,17,69,243
149,38,117,166,98,142,159,222,252,72
149,39,206,22,25,76,235,204,191,47
150,0,211,195,60,248,137,169,71,245
150,1,55,243,170,163,173,125,28,119
150,2,45,32,13,177,204,61,78,160
150,3,124,93,165,132,184,139,102,150
150,4,40,136,59,86,29,115,244,204
150,5,91,230,93,229,219,68,179,167
150,6,223,216,21,13,252,146,5,197
150,7,253,143,13,130,0,77,197,159
150,8,163,102,229,118,250,158,166,241
150,9,63,71,12,135,248,232,194,122
150,10,78,44,136,127,123,144,43,23
150,11,58,135,24,148,61,45,226,80
150,12,251,10,91,79,68,126,185,100
150,13,208,83,250,130,34,78,96,62
150,14,132,248,222,72,21,44,34,134
150,15,206,139,3,90,122,111,38,129
150,16,191,37,74,178,15,94,195,186
150,17,69,8,120,73,177,217,208,244
150,18,77,97,233,64,91,208,147,29
150,19,54,3,59,27,152,135,83,95
150,20,148,135,53,22,133,247,122,144
150,21,99,245,207,70,49,214,22,85
150,22,251,160,45,53,250,131,226,108
150,23,80,0,54,230,40,97,160,181
150,24,31,2,100,28,148,33,171,18
150,25,131,208,10,254,83,37,50,250
150,26,248,55,35,134,132,151,115,59
150,27,206,139,111,53,90,145,38,30
150,28,15,191,176,37,100,88,12,74
150,29,69,150,34,63,113,217,134,36
150,30,3,77,146,172,39,111,216,61
150,31,154,10,133,90,195,160,191,155
150,32,233,163,138,217,94,208,203,43
150,33,204,198,60,149,46,61,108,137
150,34,138,164,122,108,215,66,179,112
150,35,215,133,38,65,200,33,64,208
150,36,22,63,137,169,75,205,170,237
150,37,170,218,120,165,171,198,17,69
150,38,87,17,159,236,42,229,83,233
150,39,42,22,76,118,235,171,24,172
151,0,128,25,164,243,247,100,152,17
151,1,222,30,23,133,17,162,10,253
151,2,200,61,232,204,51,168,136,46
151,3,184,45,107,185,57,200,132,109
151,4,203,89,147,219,204,35,134,56
151,5,36,230,192,118,216,196,63,80
151,6,252,240,253,45,145,80,4,146
151,7,149,253,18,251,190,178,150,13
151,8,247,148,231,158,22,108,163,62
151,9,99,160,31,15,237,91,35,66
151,10,38,74,154,92,245,213,73,227
151,11,166,184,117,61,215,243,100,120
151,12,131,10,203,109,248,198,246,242
151,13,192,83,148,144,240,152,34,119
151,14,92,55,85,186,247,42,219,200
151,15,97,191,83,139,117,38,151,84
151,16,191,1,63,241,6,201,90,161
151,17,161,53,69,119,74,247,226,217
151,18,8,193,97,104,174,230,14,74
151,19,186,158,77,154,254,148,206,102
151,20,245,17,106,175,30,247,231,80
151,21,112,62,121,127,37,248,177,111
151,22,121,123,215,211,76,78,28,13
151,23,129,233,87,166,224,82,148,58
151,24,243,247,87,218,242,24,36,184
151,25,64,114,207,192,153,70,242,9
151,26,92,9,217,85,186,247,142,199
151,27,141,97,62,127,220,83,136,247
151,28,175,134,177,89,108,50,215,218
151,29,74,246,168,134,242,34,82,175
151,30,42,38,229,37,8,74,40,235
151,31,10,186,242,236,56,160,158,254
151,32,233,16,43,217,66,163,0,103
151,33,204,128,137,27,197,115,4,123
151,34,108,137,66,7,99,192,142,159
151,35,215,65,133,119,230,141,225,114
151,36,31,94,186,170,161,130,199,63
151,37,171,218,184,137,149,120,38,187
151,38,243,236,183,29,42,252,83,159
151,39,22,47,208,59,193,7,108,235
152,0,139,217,162,28,0,224,103,219
152,1,168,160,41,161,237,6,220,196
152,2,61,200,195,160,137,168,152,232
152,3,184,109,57,93,181,96,107,45
152,4,56,86,40,26,203,35,145,209
152,5,128,36,246,196,216,240,80,209
152,6,240,141,170,216,6,253,234,81
152,7,18,149,53,72,178,197,253,251
152,8,148,22,231,158,118,108,25,82
152,9,99,31,37,15,253,146,66,111
152,10,38,74,245,71,37,221,172,76
152,11,77,166,117,224,118,244,184,25
152,12,109,131,10,198,248,48,251,229
152,13,192,144,83,152,148,34,65,254
152,14,92,55,248,85,9,200,71,136
152,15,97,139,117,38,90,191,48,141
152,16,191,1,63,175,115,112,204,169
152,17,249,74,53,69,119,210,127,113
152,18,174,8,99,58,51,88,217,42
152,19,186,94,235,242,254,158,214,208
152,20,17,245,175,127,223,106,254,139
152,21,121,112,63,127,71,210,117,62
152,22,215,183,13,71,76,60,141,199
152,23,224,173,129,149,233,123,112,34
152,24,78,184,104,251,69,8,87,252
152,25,34,242,209,128,152,254,70,118
152,26,9,55,209,215,254,24,200,119
152,27,141,191,136,83,190,62,53,42
152,28,175,191,115,134,174,246,107,213
152,29,74,249,210,86,113,34,255,123
152,30,58,239,42,114,38,30,51,104
152,31,186,131,108,148,223,144,236,176
152,32,43,108,205,160,39,217,135,203
152,33,79,39,147,27,4,225,115,153
152,34,100,53,245,242,201,189,108,122
152,35,119,50,188,246,161,215,133,175
152,36,75,169,94,93,81,76,63,186
152,37,5,24,120,137,4,243,232,127
152,38,73,155,0,29,222,172,160,66
152,39,193,40,22,255,104,111,194,235
153,0,9,118,119,227,35,91,213,179
153,1,199,210,184,158,160,168,227,180
153,2,59,171,69,114,179,44,73,146
153,3,88,77,204,183,254,102,208,212
153,4,241,151,19,246,131,17,230,83
153,5,240,66,212,190,214,6,184,128
153,6,0,218,121,240,83,66,147,17
153,7,13,142,172,11,57,178,245,253
153,8,148,247,113,163,118,187,158,75
153,9,99,77,15,195,170,143,233,224
153,10,96,149,245,113,23,76,142,50
153,11,241,178,139,87,215,224,249,77
153,12,110,198,109,203,248,10,205,48
153,13,144,34,83,211,148,1,152,91
153,14,173,55,248,184,21,87,230,72
153,15,139,90,104,0,38,244,126,117
153,16,115,1,191,63,169,4,213,37
153,17,210,69,225,244,247,30,77,194
153,18,58,233,77,113,178,239,181,114
153,19,186,127,190,208,254,153,77,176
153,20,113,148,230,245,175,81,217,26
153,21,170,99,210,36,15,38,121,52
153,22,245,13,76,28,96,69,170,199
153,23,178,129,81,87,123,224,173,241
153,24,200,113,252,110,246,69,62,239
153,25,34,189,254,17,253,234,91,3
153,26,55,173,70,236,248,142,200,35
153,27,139,190,42,141,136,229,243,62
153,28,191,115,1,92,134,213,4,93
153,29,210,109,69,242,108,106,138,25
153,30,58,51,224,239,77,60,206,42
153,31,186,127,192,132,155,250,220,236
153,32,108,66,226,114,94,204,130,50
153,33,79,85,39,227,115,3,248,148
153,34,53,135,184,102,108,111,110,25
153,35,111,161,60,82,140,245,118,238
153,36,81,54,196,76,139,94,163,75
153,37,5,137,243,119,53,68,49,24
153,38,197,117,29,3,55,253,160,236
153,39,228,10,66,198,104,222,119,124
154,0,190,253,221,141,235,177,64,158
154,1,179,113,203,7,217,145,73,180
154,2,127,239,220,98,104,53,46,179
154,3,115,82,78,206,35,13,63,91
154,4,127,17,177,224,183,91,179,246
154,5,176,37,135,134,212,196,101,189
154,6,0,121,218,103,198,83,117,228
154,7,231,70,118,67,163,172,201,205
154,8,113,175,104,158,119,69,96,93
154,9,170,116,118,38,83,195,146,56
154,10,13,191,96,208,76,199,83,48
154,11,23,127,35,214,38,203,176,233
154,12,93,87,195,62,69,112,243,53
154,13,34,11,152,105,128,144,153,254
154,14,173,55,184,87,200,248,119,186
154,15,126,172,139,38,141,2,0,43
154,16,115,191,204,1,213,164,174,208
154,17,210,225,109,69,34,247,167,112
154,18,58,77,224,113,206,233,193,235
154,19,192,186,208,127,115,153,250,175
154,20,113,148,245,158,230,144,36,32
154,21,116,170,99,38,210,133,222,15
154,22,36,69,13,96,199,11,245,76
154,23,81,172,23,129,87,240,173,58
154,24,41,87,252,62,144,200,36,102
154,25,34,189,254,4,17,253,226,153
154,26,55,173,70,248,200,9,81,216
154,27,229,90,43,139,190,141,62,145
154,28,115,191,1,25,118,220,236,112
154,29,210,109,69,196,108,217,138,90
154,30,58,77,224,51,178,189,206,235
154,31,127,192,212,95,186,115,19,56
154,32,108,226,204,67,241,128,94,66
154,33,79,85,66,25,248,32,64,170
154,34,27,74,53,209,108,193,110,153
154,35,239,222,117,133,118,111,250,134
154,36,222,54,20,81,199,111,186,30
154,37,160,218,137,130,144,159,40,175
154,38,105,134,115,55,64,150,3,254
154,39,186,206,180,22,170,216,137,94
155,0,193,167,155,28,162,152,130,183
155,1,122,117,179,201,105,158,140,152
155,2,239,127,64,134,173,102,15,46
155,3,120,19,220,61,122,90,74,44
155,4,218,17,177,80,41,204,25,237
155,5,35,221,226,68,101,196,168,239
155,6,6,198,134,88,85,172,118,158
155,7,40,109,210,67,1,219,224,162
155,8,113,69,158,96,12,228,250,129
155,9,146,91,105,37,133,33,145,7
155,10,76,96,189,121,166,212,211,29
155,11,224,41,196,73,215,168,92,82
155,12,105,88,4,53,174,104,16,117
155,13,34,189,141,227,67,91,234,177
155,14,55,35,248,173,41,132,223,236
155,15,90,139,141,126,191,254,117,56
155,16,191,115,39,63,213,177,37,16
155,17,210,69,165,10,247,143,161,249
155,18,77,58,61,64,38,73,60,210
155,19,115,220,127,186,250,255,208,95
155,20,148,158,154,245,30,240,11,81
155,21,99,1,37,146,117,233,34,78
155,22,250,251,53,149,96,140,153,245
155,23,80,230,61,159,10,215,240,40
155,24,10,116,21,104,207,122,184,91
155,25,83,139,45,227,27,212,86,208
155,26,132,248,55,204,173,44,209,168
155,27,139,90,145,227,3,190,74,239
155,28,191,213,74,112,6,39,115,45
155,29,69,210,150,34,113,169,226,36
155,30,216,38,172,77,127,61,60,180
155,31,238,212,220,195,155,160,115,254
155,32,127,108,8,180,30,66,204,49
155,33,79,32,85,66,170,4,225,39
155,34,186,108,53,66,27,111,243,68
155,35,133,134,222,168,205,152,140,162
155,36,186,233,113,95,76,75,163,30
155,37,165,218,252,160,69,51,54,137
155,38,109,117,207,204,17,110,150,91
155,39,206,235,222,25,22,172,198,48
156,0,163,195,211,236,58,170,29,73
156,1,76,55,164,61,118,125,248,3
156,2,139,91,32,143,118,150,126,77
156,3,22,167,155,243,184,201,156,215
156,4,239,134,147,149,29,169,4,3
156,5,23,91,221,112,245,196,168,93
156,6,205,252,176,81,253,170,45,141
156,7,18,149,251,161,59,130,34,139
156,8,9,228,82,158,231,118,148,26
156,9,99,159,65,75,34,66,52,8
156,10,38,135,153,105,210,199,227,168
156,11,166,188,215,28,184,117,240,102
156,12,10,200,252,105,112,92,36,180
156,13,144,189,128,207,34,23,185,241
156,14,55,85,35,186,81,68,219,223
156,15,193,227,141,56,139,190,117,158
156,16,191,34,63,1,241,115,204,112
156,17,69,210,226,59,49,33,196,53
156,18,8,77,217,172,14,146,137,199
156,19,195,235,186,254,95,158,16,125
156,20,240,17,148,245,139,26,36,197
156,21,121,99,71,1,213,128,193,177
156,22,38,104,144,49,69,199,82,121
156,23,166,58,28,31,22,38,46,215
156,24,92,184,105,10,88,200,144,124
156,25,52,189,144,34,146,149,227,17
156,26,55,207,85,217,9,35,223,142
156,27,126,141,82,139,44,227,62,243
156,28,191,34,1,174,112,50,241,215
156,29,210,69,59,217,138,73,55,168
156,30,8,51,241,77,58,235,229,178
156,31,195,174,127,95,250,186,212,56
156,32,73,233,108,146,43,145,28,204
156,33,106,204,66,137,39,243,181,145
156,34,109,154,66,166,13,155,108,5
156,35,126,168,134,176,133,82,14,177
156,36,213,29,84,95,233,113,31,171
156,37,171,127,61,252,172,51,165,232
156,38,190,68,117,237,17,159,175,253
156,39,140,57,127,175,32,152,172,249
157,0,77,230,71,49,188,104,234,111
157,1,210,12,65,102,142,127,230,55
157,2,245,78,181,220,155,12,195,85
157,3,245,254,192,193,162,9,217,111
157,4,46,205,140,111,75,3,223,145
157,5,80,154,87,227,221,196,37,73
157,6,0,205,252,218,30,103,170,121
157,7,142,175,139,251,145,245,178,163
157,8,148,240,22,158,118,24,26,12
157,9,99,193,20,1,25,159,42,66
157,10,149,96,61,48,245,4,93,76
157,11,139,166,230,117,215,123,144,162
157,12,10,187,92,48,188,121,211,21
157,13,144,34,189,83,207,128,227,224
157,14,55,35,94,132,115,45,219,249
157,15,141,227,139,153,62,11,117,38
157,16,191,34,115,207,37,1,249,63
157,17,210,69,59,161,80,226,30,217
157,18,8,77,58,146,230,104,113,108
157,19,186,95,175,127,250,254,174,107
157,20,148,240,197,158,106,154,245,36
157,21,121,99,71,246,128,222,193,63
157,22,121,199,76,212,104,179,49,69
157,23,126,129,224,82,139,90,196,163
157,24,184,92,105,243,235,187,104,87
157,25,34,227,189,114,242,55,253,139
157,26,55,9,35,142,34,185,249,81
157,27,141,42,126,117,127,62,243,89
157,28,191,220,6,218,34,132,93,83
157,29,210,59,134,69,246,53,31,34
157,30,8,58,51,241,108,24,230,137
157,31,186,127,160,77,72,56,16,177
157,32,233,73,146,13,209,30,63,8
157,33,106,54,204,4,61,145,17,39
157,34,66,154,218,211,117,108,46,189
157,35,14,69,168,134,217,166,33,136
157,36,213,199,94,113,230,64,31,76
157,37,170,218,160,243,61,77,53,165
157,38,68,17,243,77,180,252,117,98
157,39,22,91,7,32,39,153,76,73
158,0,27,169,245,211,161,21,131,130
158,1,163,28,119,243,55,78,115,130
158,2,112,178,32,9,56,78,125,1
158,3,93,9,50,165,162,249,250,204
158,4,46,204,86,218,32,29,40,28
158,5,91,128,219,179,168,125,199,113
158,6,158,87,13,75,223,218,192,146
158,7,18,130,72,67,175,77,121,110
158,8,158,240,22,228,250,166,229,37
158,9,91,34,46,238,40,66,5,75
158,10,254,38,67,148,112,42,153,106
158,11,166,100,117,6,254,240,67,56
158,12,235,90,182,236,152,192,227,123
158,13,71,139,132,227,161,209,64,69
158,14,150,142,138,209,31,246,2,82
158,15,72,3,53,117,230,161,206,32
158,16,74,182,95,233,71,167,224,208
158,17,124,8,242,229,115,64,187,30
158,18,77,192,16,115,91,13,246,60
158,19,137,30,124,59,171,4,122,150
158,20,148,191,133,195,42,72,142,53
158,21,207,99,131,85,88,230,210,136
158,22,116,160,196,178,78,234,168,50
158,23,80,56,111,104,171,107,51,254
158,24,238,68,4,116,65,39,91,102
158,25,216,219,130,95,254,18,237,45
158,26,54,138,96,167,155,44,67,14
158,27,206,3,147,26,139,100,68,110
158,28,0,74,210,200,50,170,191,182
158,29,150,69,124,36,26,161,104,34
158,30,180,155,13,104,38,40,3,127
158,31,10,154,195,194,118,238,89,63
158,32,233,38,66,163,13,205,217,43
158,33,198,204,106,149,61,60,189,252
158,34,66,164,138,108,211,189,122,160
158,35,215,64,65,33,9,40,168,134
158,36,22,31,25,199,137,113,237,47
158,37,165,171,61,198,102,170,218,98
158,38,17,190,193,77,220,207,117,159
158,39,42,8,22,227,17,226,172,152
159,0,25,243,128,204,164,247,13,17
159,1,222,30,23,243,163,162,17,64
159,2,200,232,204,168,51,208,135,104
159,3,184,200,45,215,207,173,134,168
159,4,89,207,204,178,51,158,166,218
159,5,36,168,226,93,63,96,209,40
159,6,252,232,216,253,222,13,223,5
159,7,149,18,130,150,224,43,168,121
159,8,68,158,228,200,96,163,82,128
159,9,91,31,66,146,111,162,87,42
159,10,38,254,239,69,187,106,227,119
159,11,184,166,117,55,240,100,172,94
159,12,36,200,230,82,227,122,71,131
159,13,237,148,189,241,51,253,30,192
159,14,85,247,168,186,255,246,152,80
159,15,239,19,43,38,243,32,161,167
159,16,6,213,108,27,146,44,208,110
159,17,80,182,30,161,40,225,134,202
159,18,8,14,26,178,193,216,150,37
159,19,254,158,149,255,232,175,8,113
159,20,230,245,223,177,30,81,96,2
159,21,121,157,231,51,11,223,133,175
159,22,141,104,71,58,153,2,182,208
159,23,129,148,166,82,100,46,58,45
159,24,184,117,36,227,70,121,83,146
159,25,226,189,69,64,34,55,153,247
159,26,246,87,216,236,9,186,157,13
159,27,42,136,29,127,83,220,143,89
159,28,108,6,89,208,213,220,132,42
159,29,134,82,31,123,181,205,23,254
159,30,8,120,42,229,104,37,216,164
159,31,10,56,242,177,236,77,158,232
159,32,233,66,16,43,63,29,103,114
159,33,204,106,39,137,27,25,115,128
159,34,66,108,137,164,211,155,179,154
159,35,133,215,65,102,119,152,111,30
159,36,199,25,15,31,186,116,196,170
159,37,171,122,77,170,133,136,137,218
159,38,243,3,17,161,159,117,40,184
159,39,22,48,193,81,196,59,180,7
160,0,139,103,28,0,212,110,217,162
160,1,72,6,65,202,160,186,115,141
160,2,51,168,191,200,176,204,155,195
160,3,57,184,185,45,96,181,109,248
160,4,137,207,225,32,204,40,86,26
160,5,36,128,196,216,93,246,168,240
160,6,216,5,222,146,158,23,252,223
160,7,18,149,53,215,224,130,251,67
160,8,158,146,163,200,128,94,82,25
160,9,31,91,133,66,99,52,107,253
160,10,38,172,245,210,168,170,49,76
160,11,117,166,184,77,173,123,224,244
160,12,131,10,109,48,87,36,104,227
160,13,34,144,83,241,240,152,237,148
160,14,55,236,85,216,81,107,249,219
160,15,90,38,237,43,239,32,102,231
160,16,191,1,57,70,110,92,23,213
160,17,210,25,225,165,161,31,122,53
160,18,8,113,217,88,239,114,150,178
160,19,254,41,94,158,250,223,177,80
160,20,202,223,139,165,230,11,158,12
160,21,121,248,63,91,11,99,117,133
160,22,224,167,199,100,208,29,104,90
160,23,46,45,123,224,129,166,126,102
160,24,184,87,113,104,224,214,235,36
160,25,34,227,189,2,153,254,152,161
160,26,55,244,249,236,9,217,45,70
160,27,42,136,190,243,141,29,27,62
160,28,191,115,1,236,200,23,6,220
160,29,210,225,184,217,59,10,226,191
160,30,51,239,58,77,8,42,252,60
160,31,163,127,220,19,148,149,133,56
160,32,108,233,153,30,43,229,114,45
160,33,79,106,39,27,19,177,17,147
160,34,66,226,53,242,122,126,120,245
160,35,33,240,119,133,115,134,213,208
160,36,93,113,15,76,84,94,86,139
160,37,5,24,171,122,120,136,102,141
160,38,57,40,18,29,11,61,170,3
160,39,40,37,193,7,196,22,194,57
161,0,91,145,2,130,179,118,213,9
161,1,184,227,247,151,168,39,180,148
161,2,240,171,146,191,244,68,114,162
161,3,88,77,231,140,142,83,152,59
161,4,241,151,108,230,85,131,120,16
161,5,83,41,240,30,112,173,37,176
161,6,218,0,202,240,121,30,120,192
161,7,142,110,118,72,178,175,245,133
161,8,148,22,158,118,36,156,144,202
161,9,99,77,143,103,91,222,252,219
161,10,23,149,245,213,76,113,38,210
161,11,178,117,230,102,139,131,166,254
161,12,10,21,185,109,246,87,149,184
161,13,83,144,34,189,91,208,162,27
161,14,55,184,248,115,173,132,219,21
161,15,139,90,227,141,183,38,102,145
161,16,115,91,63,1,191,169,84,206
161,17,210,69,217,249,36,113,53,39
161,18,58,77,239,64,172,61,233,217
161,19,163,254,115,158,186,176,190,95
161,20,113,36,148,199,12,158,142,26
161,21,99,213,184,37,222,117,8,122
161,22,23,199,76,121,213,153,127,144
161,23,123,38,243,184,163,149,172,129
161,24,184,200,112,52,92,73,36,252
161,25,34,189,227,152,52,27,153,207
161,26,55,9,35,230,216,173,184,249
161,27,42,141,190,136,137,32,139,38
161,28,191,115,91,1,6,249,42,118
161,29,210,109,123,160,34,69,23,25
161,30,58,77,239,51,224,60,104,42
161,31,163,192,127,115,220,148,133,232
161,32,108,226,43,128,163,30,45,105
161,33,79,85,71,64,187,137,39,140
161,34,74,91,27,53,122,108,163,135
161,35,245,239,33,134,250,240,140,65
161,36,222,76,25,81,75,113,176,139
161,37,5,24,160,120,232,36,252,63
161,38,197,3,66,150,160,55,227,171
161,39,228,104,208,10,66,216,222,119
162,0,190,253,235,221,158,141,177,132
162,1,145,180,113,246,110,184,245,213
162,2,68,244,34,136,220,171,57,55
162,3,231,64,234,91,152,84,172,206
162,4,135,234,159,91,179,81,224,0
162,5,78,41,99,145,176,135,47,134
162,6,0,121,218,83,60,221,198,202
162,7,231,118,224,54,207,145,162,88
162,8,113,104,158,24,209,36,156,215
162,9,116,38,118,37,56,83,195,34
162,10,191,13,76,83,33,213,199,100
162,11,82,127,123,233,214,246,172,200
162,12,87,93,112,69,27,49,36,123
162,13,34,153,253,128,152,144,241,67
162,14,173,184,55,87,35,168,119,152
162,15,190,38,237,168,32,105,128,56
162,16,115,191,204,91,218,151,36,27
162,17,210,121,34,168,226,194,109,239
162,18,58,113,235,77,14,60,88,40
162,19,163,208,175,181,220,13,115,195
162,20,113,245,223,158,18,12,36,26
162,21,116,38,37,91,121,170,157,34
162,22,69,36,208,141,127,13,212,129
162,23,129,246,240,224,35,126,110,172
162,24,87,41,224,62,235,184,200,102
162,25,34,254,226,128,227,141,153,2
162,26,9,55,70,249,95,173,170,152
162,27,190,141,136,29,183,59,117,243
162,28,191,115,248,100,132,108,134,1
162,29,210,109,25,108,106,123,180,160
162,30,58,51,77,224,104,60,189,113
162,31,163,127,192,118,115,133,220,19
162,32,226,108,67,128,43,198,163,241
162,33,79,85,227,66,64,137,71,29
162,34,74,27,122,52,114,126,149,111
162,35,239,27,245,211,250,30,33,136
162,36,222,75,76,233,113,232,199,163
162,37,218,36,24,160,191,144,40,172
162,38,131,64,83,156,207,222,150,116
162,39,186,137,222,167,255,206,216,132
163,0,193,167,28,155,162,130,183,152
163,1,122,117,238,201,105,42,84,20
163,2,15,68,208,128,209,55,241,220
163,3,91,35,128,34,61,220,120,234
163,4,159,179,177,25,41,80,237,218
163,5,159,239,221,145,204,5,226,196
163,6,0,198,124,118,134,88,170,187
163,7,210,231,224,67,219,157,153,162
163,8,113,158,12,69,104,228,236,248
163,9,116,37,7,91,34,145,146,223
163,10,213,211,210,13,76,175,100,6
163,11,224,82,214,127,112,132,23,90
163,12,184,87,104,252,36,227,122,224
163,13,104,34,153,241,11,3,253,152
163,14,55,70,81,211,186,236,247,152
163,15,56,183,38,113,254,191,231,157
163,16,191,16,115,27,213,248,227,204
163,17,150,171,210,96,34,123,194,50
163,18,174,77,3,44,172,235,38,58
163,19,255,186,98,238,236,195,125,10
163,20,11,245,18,17,127,139,175,158
163,21,184,72,136,210,194,248,122,246
163,22,120,175,199,213,167,100,29,136
163,23,180,41,87,96,82,149,187,173
163,24,8,53,124,24,216,144,62,174
163,25,167,52,139,189,221,26,234,119
163,26,81,57,217,244,211,181,150,123
163,27,191,247,225,82,117,187,108,53
163,28,107,203,248,39,88,182,16,93
163,29,171,112,249,25,106,125,96,33
163,30,31,174,94,75,24,3,44,160
163,31,204,238,207,194,154,186,236,173
163,32,127,43,30,180,44,232,54,111
163,33,79,38,227,137,140,170,17,39
163,34,186,27,66,211,243,108,105,254
163,35,245,239,133,250,14,211,33,229
163,36,213,75,232,196,15,113,233,95
163,37,218,165,252,24,160,191,51,54
163,38,109,91,150,175,207,239,159,184
163,39,222,230,25,235,206,137,48,41
164,0,148,0,195,57,248,56,207,12
164,1,72,55,129,103,202,125,118,161
164,2,135,67,238,68,196,222,240,77
164,3,184,207,96,156,181,165,74,234
164,4,41,32,187,9,207,178,158,147
164,5,5,36,105,83,35,196,226,168
164,6,205,0,198,124,146,222,44,5
164,7,149,18,251,139,210,175,137,142
164,8,202,12,148,245,82,231,96,158
164,9,37,25,99,159,111,103,15,105
164,10,38,175,213,245,250,42,96,33
164,11,184,166,180,82,117,41,118,173
164,12,184,10,187,131,252,112,69,111
164,13,34,144,177,171,185,242,241,3
164,14,244,55,85,173,248,186,140,249
164,15,117,193,139,196,173,90,38,183
164,16,191,115,1,6,177,34,112,37
164,17,210,225,59,69,217,108,10,194
164,18,58,239,8,32,77,235,217,61
164,19,133,186,214,139,115,106,254,175
164,20,18,245,17,11,202,253,127,5
164,21,121,99,52,246,184,235,122,37
164,22,90,144,167,215,141,29,38,49
164,23,129,22,166,58,88,237,246,76
164,24,184,79,69,187,112,87,78,10
164,25,34,27,135,189,2,226,254,17
164,26,244,55,200,9,219,249,70,152
164,27,190,141,29,136,124,66,126,27
164,28,191,174,6,223,115,1,192,132
164,29,210,59,69,225,184,34,217,10
164,30,51,58,77,8,239,32,146,133
164,31,133,127,16,72,149,254,144,75
164,32,108,233,202,30,209,128,63,16
164,33,66,147,106,225,87,204,19,79
164,34,226,66,154,163,179,108,120,13
164,35,14,115,211,154,152,155,133,162
164,36,213,164,238,113,137,169,25,84
164,37,171,24,156,36,5,51,205,254
164,38,68,83,50,175,125,138,42,140
164,39,57,37,7,222,108,151,208,3
165,0,230,111,186,63,121,176,170,46
165,1,65,210,102,12,160,142,104,196
165,2,240,195,48,15,18,69,96,26
165,3,121,137,71,93,139,88,193,5
165,4,22,111,32,56,126,199,28,217
165,5,128,154,83,173,230,152,95,168
165,6,0,121,218,205,198,67,117,187
165,7,142,175,11,251,178,227,157,3
165,8,148,122,22,158,12,202,240,58
165,9,109,99,37,103,233,25,159,195
165,10,33,52,250,4,48,212,83,90
165,11,139,82,132,35,214,123,76,41
165,12,10,184,187,87,204,111,69,36
165,13,34,144,65,207,241,238,179,254
165,14,87,140,249,236,81,188,55,250
165,15,117,197,187,196,231,105,106,38
165,16,115,191,208,39,27,213,218,134
165,17,210,123,80,70,239,50,134,194
165,18,58,8,3,235,153,113,216,217
165,19,220,1,173,232,8,131,16,254
165,20,223,11,18,245,158,197,106,209
165,21,121,184,136,109,201,190,155,87
165,22,48,212,203,69,215,118,115,210
165,23,129,90,228,163,132,16,103,246
165,24,184,102,117,79,87,251,41,152
165,25,34,141,114,135,172,86,226,185
165,26,9,229,249,236,87,139,135,255
165,27,136,243,117,29,141,127,160,190
165,28,39,89,134,108,109,240,27,208
165,29,59,210,242,124,45,34,32,168
165,30,58,40,120,42,60,104,196,3
165,31,197,108,163,160,77,56,16,177
165,32,13,30,135,180,233,44,43,45
165,33,79,24,43,98,19,145,137,10
165,34,32,108,53,117,130,189,192,120
165,35,166,65,140,133,229,19,195,115
165,36,94,81,84,59,25,61,169,151
165,37,198,5,24,68,160,91,139,10
165,38,140,187,83,244,227,40,66,74
165,39,21,22,151,132,41,102,206,191
166,0,255,131,246,168,15,34,181,149
166,1,148,136,36,99,229,159,218,216
166,2,231,1,171,138,144,99,41,151
166,3,161,86,222,244,68,60,124,114
166,4,97,69,21,176,64,99,168,50
166,5,234,25,200,180,20,143,215,244
166,6,139,254,127,78,225,199,21,211
166,7,141,175,194,78,165,241,159,98
166,8,148,72,53,91,11,23,127,59
166,9,99,246,136,248,63,1,209,155
166,10,176,23,78,79,243,144,185,127
166,11,204,12,9,56,160,60,42,135
166,12,116,163,176,39,18,207,10,208
166,13,208,130,83,212,118,45,154,34
166,14,132,252,44,248,54,204,167,45
166,15,206,3,139,122,238,12,62,195
166,16,74,191,37,51,205,112,7,173
166,17,69,8,211,60,115,1,118,220
166,18,77,91,233,171,194,127,200,138
166,19,54,59,115,212,3,88,137,99
166,20,148,133,53,23,22,161,72,240
166,21,99,207,1,229,245,134,233,166
166,22,108,53,160,116,152,178,250,132
166,23,80,170,10,141,224,254,97,248
166,24,116,31,176,3,2,18,178,100
166,25,212,208,145,83,118,98,250,130
166,26,132,204,96,248,55,59,194,54
166,27,206,3,74,169,139,146,228,197
166,28,74,191,195,122,112,7,4,45
166,29,1,150,69,177,8,204,251,39
166,30,77,91,225,64,201,73,175,11
166,31,59,88,95,212,3,240,54,148
166,32,33,47,236,46,156,175,247,34
166,33,192,75,72,81,5,160,113,213
166,34,16,246,10,206,23,76,223,155
166,35,14,167,202,235,129,36,116,130
166,36,110,188,153,78,118,245,157,248
166,37,103,199,8,219,86,212,207,232
166,38,103,236,191,204,206,177,37,166
166,39,42,134,136,227,164,91,101,118
167,0,5,205,42,252,198,67,194,25
167,1,31,180,12,96,157,209,227,160
167,2,112,240,125,115,44,209,192,53
167,3,164,194,121,120,111,65,192,4
167,4,187,199,22,32,84,62,190,218
167,5,128,83,4,17,173,107,231,112
167,6,0,218,121,240,198,12,202,239
167,7,142,88,11,175,227,251,210,224
167,8,148,158,156,22,36,24,12,96
167,9,77,99,37,121,25,170,195,15
167,10,23,245,250,210,213,76,238,33
167,11,72,178,26,77,132,82,205,243
167,12,10,184,87,109,149,21,187,229
167,13,34,65,144,171,83,27,91,55
167,14,55,173,248,87,184,132,22,140
167,15,117,139,108,90,183,38,146,153
167,16,115,91,191,1,204,177,213,6
167,17,210,69,30,194,39,108,113,225
167,18,58,235,239,77,217,150,3,113
167,19,163,6,176,214,220,139,16,13
167,20,11,18,245,223,30,197,127,17
167,21,121,213,184,190,122,155,72,34
167,22,29,144,208,199,23,129,76,210
167,23,129,163,16,205,35,246,132,240
167,24,184,79,69,200,253,142,87,152
167,25,34,152,254,128,236,27,17,207
167,26,55,9,87,184,249,173,170,46
167,27,141,190,117,136,243,160,187,59
167,28,115,91,191,132,6,108,42,218
167,29,210,34,109,123,168,181,107,127
167,30,58,0,239,51,40,60,104,224
167,31,163,16,222,177,250,144,185,132
167,32,108,30,135,41,45,112,130,217
167,33,43,79,17,71,115,241,225,77
167,34,74,241,135,120,46,27,108,189
167,35,239,33,152,168,115,133,134,184
167,36,93,94,61,222,247,216,81,199
167,37,5,74,96,80,125,24,217,160
167,38,23,134,42,227,170,205,155,32
167,39,228,115,22,170,168,19,104,102
168,0,190,253,235,158,221,31,132,208
168,1,184,145,180,58,113,47,245,246
168,2,98,205,96,244,53,30,35,183
168,3,231,91,140,234,32,83,190,64
168,4,128,187,91,130,135,145,179,136
168,5,78,41,145,51,135,176,189,83
168,6,121,0,60,239,198,181,206,83
168,7,88,231,210,106,118,142,67,216
168,8,104,113,209,158,24,156,36,200
168,9,116,38,170,164,37,56,34,182
168,10,113,23,213,33,210,36,69,238
168,11,161,178,233,172,82,123,73,4
168,12,87,201,22,93,27,82,36,49
168,13,147,97,45,130,118,157,204,4
168,14,20,54,44,184,51,248,124,161
168,15,3,206,147,200,81,243,129,139
168,16,191,100,117,133,196,5,195,91
168,17,8,69,1,255,172,76,73,61
168,18,77,0,179,57,239,91,17,161
168,19,115,163,59,154,116,75,79,20
168,20,148,89,115,180,245,83,36,56
168,21,207,99,164,117,85,209,38,35
168,22,116,113,196,250,178,160,129,23
168,23,161,56,171,50,224,80,254,149
168,24,116,238,1,243,16,88,87,18
168,25,254,132,118,216,219,45,237,153
168,26,155,132,252,96,16,138,169,156
168,27,206,139,3,147,228,154,38,190
168,28,74,191,0,36,89,245,100,64
168,29,150,69,36,251,60,59,112,1
168,30,77,240,180,52,155,252,17,40
168,31,207,137,238,135,89,79,59,75
168,32,33,35,47,252,156,105,247,208
168,33,192,81,98,113,60,12,210,177
168,34,16,203,65,25,14,160,149,132
168,35,167,202,95,130,38,48,3,206
168,36,222,119,188,149,110,163,176,85
168,37,165,24,128,234,5,77,39,212
168,38,64,103,134,82,176,237,115,112
168,39,186,190,101,95,22,136,91,226
169,0,193,162,20,161,38,245,244,54
169,1,58,122,188,201,152,117,20,181
169,2,140,74,85,27,128,98,54,100
169,3,34,91,35,128,103,13,234,115
169,4,159,130,41,219,255,229,91,179
169,5,78,15,214,159,29,134,5,255
169,6,60,0,198,239,206,181,187,121
169,7,88,231,236,65,142,237,210,162
169,8,113,104,245,158,69,175,36,70
169,9,170,116,38,113,126,195,25,7
169,10,210,33,36,208,224,27,213,2
169,11,233,23,35,26,28,178,162,214
169,12,87,98,34,44,203,141,48,122
169,13,11,153,254,34,128,234,238,152
169,14,173,184,55,81,87,35,236,200
169,15,38,168,126,56,108,158,190,139
169,16,115,151,191,204,36,218,91,132
169,17,210,112,34,227,70,143,165,221
169,18,58,77,128,156,113,42,233,51
169,19,186,163,208,127,12,98,254,177
169,20,223,245,113,26,18,30,106,81
169,21,170,116,213,126,34,52,38,132
169,22,69,127,48,210,13,43,36,136
169,23,129,228,233,90,168,126,35,246
169,24,87,104,189,246,41,200,112,195
169,25,34,104,254,161,209,11,227,70
169,26,173,9,55,35,207,70,236,46
169,27,141,243,229,190,97,136,29,27
169,28,191,115,248,134,151,120,174,100
169,29,210,109,108,86,69,34,45,106
169,30,58,51,60,141,77,239,224,40
169,31,163,186,127,246,192,69,155,56
169,32,108,226,66,101,63,114,67,41
169,33,79,43,32,85,17,19,115,39
169,34,186,27,111,74,46,53,25,65
169,35,239,208,152,178,154,140,195,188
169,36,76,75,95,94,63,216,122,15
169,37,13,160,77,24,119,130,159,243
169,38,109,23,164,17,91,155,236,42
169,39,167,162,206,208,6,198,10,171
170,0,169,212,7,173,218,22,110,40
170,1,129,147,112,224,189,172,250,142
170,2,72,248,220,167,138,206,98,250
170,3,164,252,121,138,40,245,130,21
170,4,140,193,199,67,205,72,249,219
170,5,78,152,154,111,185,255,15,134
170,6,0,60,145,198,7,121,239,181
170,7,88,142,13,57,180,231,172,72
170,8,148,113,247,38,175,122,7,69
170,9,170,99,15,240,37,24,195,22
170,10,96,245,48,27,76,191,224,33
170,11,241,133,23,139,214,79,26,249
170,12,110,203,198,32,149,109,10,104
170,13,34,11,21,144,156,128,1,234
170,14,173,55,248,87,21,184,236,92
170,15,139,0,90,108,38,104,97,153
170,16,115,191,1,204,36,84,4,249
170,17,210,69,25,244,247,249,167,161
170,18,58,233,217,77,74,47,206,42
170,19,186,208,56,190,127,16,204,90
170,20,245,113,26,148,175,122,230,231
170,21,170,99,15,121,83,8,223,37
170,22,13,245,211,28,76,183,43,11
170,23,129,173,237,61,241,126,224,87
170,24,92,246,142,200,110,229,235,188
170,25,34,70,254,234,17,141,189,128
170,26,9,55,173,236,230,207,46,95
170,27,190,141,97,29,247,255,243,56
170,28,93,191,115,120,174,66,100,218
170,29,86,210,25,45,175,134,171,69
170,30,58,172,216,60,217,51,180,42
170,31,186,156,56,163,214,90,246,21
170,32,108,43,66,141,160,82,163,52
170,33,79,182,227,32,39,17,67,137
170,34,9,108,53,40,135,248,74,111
170,35,234,134,225,40,33,12,246,152
170,36,75,111,94,186,63,81,61,25
170,37,5,165,160,105,226,36,136,252
170,38,114,0,171,227,160,167,155,3
170,39,22,208,79,196,235,6,194,104
171,0,9,118,119,227,243,15,35,21
171,1,227,148,241,136,157,36,212,110
171,2,102,172,144,171,246,202,151,233
171,3,244,49,45,204,237,124,28,130
171,4,23,97,150,69,246,184,21,87
171,5,143,180,21,215,32,229,106,159
171,6,199,124,206,176,214,248,24,225
171,7,165,143,98,241,142,141,148,194
171,8,148,209,113,138,247,163,18,12
171,9,99,184,127,40,91,37,7,201
171,10,96,23,145,43,144,29,76,189
171,11,25,45,58,80,226,152,61,42
171,12,79,251,91,142,10,174,70,100
171,13,83,34,208,130,250,119,52,234
171,14,132,248,44,21,222,54,134,209
171,15,206,90,139,3,122,2,74,111
171,16,191,74,195,24,94,247,37,186
171,17,69,8,244,210,74,1,177,217
171,18,77,233,64,58,91,97,24,73
171,19,115,59,135,34,54,95,208,190
171,20,148,247,85,22,53,161,30,168
171,21,99,207,143,233,105,210,22,222
171,22,160,245,250,251,195,144,199,153
171,23,80,241,216,95,140,112,97,253
171,24,91,12,10,116,88,37,62,186
171,25,183,23,221,4,208,21,34,15
171,26,248,59,132,173,101,35,200,55
171,27,139,150,90,0,145,38,190,146
171,28,191,74,24,168,115,186,183,4
171,29,150,69,244,1,204,58,113,158
171,30,77,64,97,83,225,51,71,11
171,31,240,95,129,115,59,88,184,159
171,32,33,236,7,247,246,230,117,208
171,33,192,28,75,146,5,182,206,189
171,34,16,252,10,70,246,27,130,109
171,35,235,129,14,218,106,161,202,130
171,36,110,188,78,119,149,169,160,21
171,37,163,199,8,103,173,86,36,51
171,38,103,191,222,196,245,237,21,112
171,39,228,223,127,45,225,101,134,198
172,0,190,253,158,221,141,64,132,235
172,1,179,113,203,217,7,73,145,180
172,2,127,102,64,246,220,239,62,132
172,3,194,115,82,178,19,78,63,140
172,4,17,172,177,127,7,183,0,246
172,5,135,166,29,37,255,230,176,109
172,6,0,198,121,176,117,160,252,122
172,7,231,70,210,238,162,54,157,45
172,8,113,175,104,69,158,106,64,12
172,9,170,116,38,195,37,83,56,34
172,10,48,11,29,33,27,208,188,4
172,11,23,163,133,35,73,168,16,127
172,12,87,93,112,69,253,141,34,98
172,13,11,21,128,105,34,254,152,156
172,14,55,173,236,200,41,70,87,199
172,15,56,38,0,172,190,105,139,175
172,16,115,191,120,204,213,208,36,174
172,17,210,30,112,134,53,34,109,232
172,18,58,40,42,74,3,47,77,104
172,19,186,208,56,16,242,98,192,250
172,20,245,223,113,26,106,216,146,158
172,21,116,170,133,52,246,201,108,113
172,22,69,36,11,29,76,211,166,145
172,23,129,41,126,92,168,35,240,163
172,24,77,142,200,243,36,227,170,62
172,25,34,17,227,189,254,152,128,246
172,26,9,244,70,119,36,107,250,216
172,27,247,229,29,62,89,43,19,161
172,28,120,93,218,191,115,132,134,50
172,29,210,59,53,123,127,113,34,136
172,30,58,60,224,42,193,94,3,38
172,31,186,156,238,93,160,80,21,214
172,32,108,226,52,114,163,49,16,82
172,33,79,85,32,137,19,159,115,3
172,34,27,108,74,140,53,243,215,14
172,35,239,27,225,118,203,64,195,222
172,36,222,54,111,245,233,81,163,199
172,37,160,159,218,234,142,105,174,233
172,38,222,23,161,83,116,115,131,134
172,39,186,180,206,167,22,94,93,11
173,0,193,155,162,28,167,152,20,224
173,1,122,117,179,201,105,84,158,36
173,2,102,127,64,239,134,173,246,62
173,3,120,19,194,61,220,74,122,234
173,4,218,80,25,177,237,41,223,204
173,5,35,221,230,226,239,101,141,5
173,6,198,118,6,214,179,197,134,251
173,7,210,153,219,109,67,239,162,1
173,8,69,113,158,12,96,154,43,228
173,9,145,105,146,223,37,33,4,162
173,10,96,189,212,211,76,121,22,166
173,11,41,196,224,73,168,249,90,82
173,12,88,105,77,79,142,224,104,4
173,13,227,255,209,221,139,161,132,34
173,14,207,26,132,230,31,150,248,229
173,15,3,228,206,158,191,139,90,117
173,16,191,74,37,100,195,45,94,158
173,17,69,8,208,30,231,99,159,120
173,18,77,91,64,233,73,58,186,29
173,19,59,115,54,3,212,95,88,181
173,20,148,133,135,53,23,22,192,255
173,21,99,207,245,1,233,70,231,24
173,22,53,251,160,108,34,183,250,235
173,23,80,170,54,97,0,217,10,8
173,24,31,116,100,176,167,18,137,10
173,25,208,50,45,131,135,183,15,212
173,26,132,55,248,204,222,115,73,76
173,27,206,74,145,146,3,90,139,39
173,28,191,74,195,4,12,122,7,15
173,29,1,150,69,204,177,231,8,222
173,30,77,91,64,11,225,175,73,146
173,31,59,95,88,240,3,54,115,107
173,32,33,247,236,47,246,46,7,186
173,33,192,75,72,5,206,158,208,160
173,34,16,246,10,206,76,155,252,172
173,35,14,235,129,202,116,130,167,36
173,36,188,110,78,119,153,220,149,233
173,37,8,95,165,163,103,199,150,212
173,38,103,117,233,159,166,65,192,237
173,39,120,132,25,18,22,222,139,118
174,0,163,195,211,236,170,248,58,152
174,1,76,55,164,61,125,118,3,83
174,2,139,91,118,150,77,126,64,234
174,3,184,22,155,156,194,175,215,107
174,4,239,147,134,169,252,29,4,93
174,5,36,221,168,112,196,203,45,96
174,6,205,252,81,176,253,221,170,45
174,7,18,149,130,251,59,34,152,114
174,8,82,158,228,9,231,205,200,215
174,9,159,75,65,111,42,139,37,34
174,10,38,153,225,164,181,239,58,158
174,11,166,240,91,131,102,215,129,227
174,12,214,200,207,123,36,230,71,245
174,13,150,128,207,133,23,39,27,69
174,14,55,85,229,168,217,119,247,81
174,15,190,117,157,158,43,59,29,143
174,16,108,121,27,224,63,245,240,165
174,17,69,191,99,30,202,8,220,12
174,18,77,176,146,239,180,60,232,21
174,19,95,115,54,137,90,59,177,148
174,20,148,247,17,150,30,217,56,182
174,21,99,71,134,207,34,37,177,174
174,22,160,53,153,251,207,246,116,227
174,23,80,54,97,152,28,186,38,134
174,24,31,116,185,87,170,71,222,2
174,25,23,216,4,221,251,86,254,208
174,26,35,55,134,33,237,192,96,197
174,27,139,62,43,211,126,105,150,206
174,28,220,12,191,245,37,48,223,100
174,29,59,69,251,45,36,169,138,106
174,30,172,216,180,104,113,3,39,42
174,31,154,10,246,90,56,186,107,32
174,32,52,233,160,30,66,35,218,94
174,33,204,137,106,169,32,39,3,248
174,34,108,109,78,66,99,223,171,214
174,35,133,65,245,130,248,199,152,38
174,36,233,31,75,148,25,163,106,190
174,37,102,133,165,252,160,120,61,232
174,38,190,5,237,17,157,83,117,228
174,39,140,216,22,185,127,18,123,152
175,0,230,77,49,71,104,225,18,234
175,1,210,12,65,102,142,127,230,54
175,2,245,78,220,155,181,12,85,244
175,3,254,192,245,217,162,9,193,143
175,4,46,111,140,205,204,145,3,223
175,5,227,80,221,196,37,226,154,87
175,6,252,0,205,103,247,191,104,146
175,7,67,162,163,139,42,94,251,175
175,8,240,148,22,158,24,231,82,37
175,9,99,159,37,139,24,193,237,66
175,10,149,96,75,48,33,22,69,82
175,11,139,140,162,41,166,129,187,214
175,12,187,92,214,10,142,200,123,224
175,13,34,144,128,207,254,186,225,251
175,14,55,236,81,35,168,197,42,45
175,15,56,153,62,167,61,105,168,113
175,16,207,93,101,249,208,34,132,6
175,17,210,30,134,161,56,165,53,113
175,18,8,104,249,60,113,14,2,52
175,19,158,250,254,255,242,186,94,220
175,20,216,11,245,106,177,17,158,97
175,21,246,53,91,52,175,8,75,190
175,22,121,238,212,104,199,215,76,141
175,23,129,126,187,82,74,196,228,46
175,24,92,214,174,164,104,243,83,117
175,25,34,189,63,227,114,52,88,153
175,26,9,215,217,216,185,87,207,133
175,27,247,141,183,243,136,196,127,117
175,28,93,83,248,218,109,6,214,216
175,29,59,168,31,45,30,123,130,246
175,30,104,42,193,166,178,40,41,235
175,31,10,186,160,238,254,58,158,250
175,32,52,233,16,66,30,35,135,43
175,33,204,145,27,106,128,137,39,4
175,34,108,117,77,184,137,140,142,130
175,35,166,215,65,133,200,33,19,162
175,36,25,94,127,182,150,113,81,31
175,37,170,120,245,160,17,187,165,218
175,38,17,117,194,157,228,181,159,78
175,39,193,39,22,206,115,19,90,76
176,0,27,169,245,161,211,21,131,82
176,1,163,243,28,119,78,115,130,55
176,2,112,9,178,78,56,32,125,1
176,3,9,50,93,124,162,246,249,204
176,4,48,204,115,86,50,73,226,31
176,5,219,180,54,17,199,179,125,20
176,6,211,214,248,24,231,111,13,225
176,7,141,209,143,98,63,186,194,247
176,8,223,127,217,81,18,11,78,235
176,9,246,12,248,209,155,72,136,213
176,10,79,127,160,236,78,136,249,44
176,11,135,226,34,12,126,58,22,104
176,12,251,68,153,247,78,124,127,91
176,13,130,52,64,108,57,161,167,78
176,14,160,52,54,142,252,161,209,106
176,15,72,206,4,162,195,122,139,213
176,16,205,170,7,51,32,152,98,116
176,17,20,115,15,69,124,8,60,64
176,18,192,77,204,43,226,205,166,244
176,19,150,26,75,229,4,171,122,195
176,20,191,133,180,23,148,115,53,195
176,21,207,85,88,131,197,99,13,245
176,22,196,160,178,168,150,234,39,63
176,23,57,47,80,111,106,121,145,108
176,24,220,39,189,38,161,68,65,81
176,25,130,13,6,58,15,237,190,95
176,26,59,52,137,231,105,54,155,106
176,27,165,181,147,87,162,206,157,242
176,28,111,80,170,150,7,35,46,28
176,29,20,150,158,36,124,221,11,16
176,30,226,192,61,77,197,115,89,52
176,31,138,20,167,30,122,137,205,194
176,32,33,178,90,181,252,237,154,105
176,33,192,158,81,39,74,92,140,16
176,34,16,26,1,85,122,21,51,160
176,35,42,57,63,167,202,84,38,97
176,36,22,221,217,83,188,60,61,165
176,37,165,8,24,184,250,105,103,217
176,38,103,190,87,159,17,193,42,138
176,39,42,8,6,193,106,104,87,175
177,0,25,128,247,243,164,13,17,204
177,1,222,23,30,163,243,162,133,107
177,2,200,232,168,204,51,176,208,196
177,3,184,45,200,215,185,57,107,207
177,4,89,207,204,137,35,250,166,178
177,5,36,240,168,75,63,192,112,209
177,6,252,253,214,13,146,4,222,141
177,7,149,18,168,150,121,253,197,190
177,8,158,228,231,96,200,97,9,36
177,9,31,160,223,91,196,34,65,37
177,10,158,254,92,67,239,225,58,153
177,11,184,166,100,240,252,65,6,56
177,12,230,71,121,182,227,36,19,207
177,13,148,21,186,80,109,237,23,69
177,14,85,247,168,255,152,170,39,92
177,15,38,161,59,32,13,143,91,245
177,16,121,108,246,16,27,6,67,110
177,17,161,202,30,40,138,123,163,28
177,18,77,97,146,26,65,246,38,17
177,19,135,186,90,95,137,148,177,102
177,20,247,148,245,53,75,30,150,229
177,21,99,22,231,181,37,230,7,24
177,22,116,123,251,160,229,246,168,195
177,23,80,54,152,224,56,61,51,65
177,24,68,227,66,37,238,247,229,2
177,25,216,221,69,189,23,102,13,68
177,26,138,12,168,96,26,170,251,142
177,27,82,228,26,167,191,143,117,154
177,28,89,175,36,50,182,213,146,41
177,29,165,106,161,111,91,246,45,121
177,30,180,216,104,42,40,47,38,172
177,31,10,154,195,90,176,56,246,158
177,32,233,52,38,35,66,217,63,218
177,33,204,27,137,128,197,115,39,4
177,34,108,66,99,137,138,184,17,215
177,35,215,119,65,133,102,225,162,81
177,36,170,60,25,237,94,97,199,150
177,37,218,120,133,149,171,38,170,77
177,38,243,184,159,193,72,207,42,3
177,39,193,180,22,123,219,204,208,24
178,0,139,217,224,103,162,0,28,233
178,1,237,41,168,90,220,115,161,6
178,2,168,196,51,204,152,137,200,54
178,3,57,184,185,72,181,96,40,234
178,4,35,218,137,117,204,86,40,238
178,5,128,36,240,196,149,246,226,63
178,6,216,13,141,252,146,223,128,253
178,7,149,18,53,150,139,25,215,107
178,8,158,146,12,215,228,82,25,36
178,9,31,37,111,91,162,33,66,107
178,10,38,210,245,75,170,42,223,50
178,11,117,166,184,224,77,240,123,6
178,12,131,10,109,227,248,48,200,36
178,13,34,144,21,83,148,240,65,152
178,14,236,85,92,247,55,81,42,162
178,15,97,38,90,139,43,247,173,231
178,16,191,1,115,109,57,36,218,132
178,17,210,165,53,113,32,10,90,254
178,18,8,74,150,206,58,88,217,56
178,19,254,100,234,7,158,175,41,80
178,20,202,106,17,146,200,215,177,11
178,21,121,52,75,91,48,37,157,51
178,22,22,73,92,104,208,254,183,179
178,23,129,224,45,219,126,46,233,131
178,24,214,184,36,164,87,66,200,247
178,25,34,241,128,80,161,207,17,186
178,26,249,9,207,236,246,152,85,55
178,27,247,141,136,190,154,231,29,220
178,28,208,114,218,132,44,120,23,206
178,29,210,134,194,135,123,246,40,205
178,30,42,86,41,104,113,60,140,167
178,31,238,90,41,158,105,242,176,177
178,32,218,234,205,233,43,196,63,30
178,33,27,79,137,77,141,25,123,17
178,34,108,126,53,122,216,7,245,100
178,35,119,65,215,246,133,208,102,230
178,36,93,75,190,81,30,94,170,61
178,37,5,24,120,148,136,17,247,118
178,38,73,171,227,40,187,3,85,83
178,39,193,40,22,206,104,196,137,79
179,0,91,145,2,118,130,213,179,229
179,1,184,247,168,227,148,151,39,159
179,2,69,171,73,146,162,85,206,220
179,3,204,165,140,77,231,65,59,83
179,4,128,151,241,85,130,230,83,66
179,5,176,240,41,30,99,184,112,51
179,6,218,0,121,202,146,240,27,214
179,7,118,54,112,162,110,33,121,231
179,8,158,148,12,69,215,36,149,209
179,9,99,37,91,237,146,33,228,103
179,10,210,245,23,113,28,69,213,42
179,11,178,140,243,26,131,214,224,240
179,12,10,87,98,200,110,203,149,27
179,13,34,144,21,241,83,207,128,27
179,14,248,92,184,55,173,81,162,247
179,15,56,139,97,38,90,89,224,86
179,16,115,191,91,36,63,93,218,121
179,17,165,161,113,203,119,210,30,53
179,18,58,104,77,235,61,2,150,73
179,19,163,208,220,98,186,160,8,5
179,20,11,245,8,236,97,158,215,154
179,21,213,37,111,53,7,33,230,113
179,22,215,69,153,104,210,213,141,36
179,23,129,196,233,240,74,205,149,76
179,24,214,184,142,174,253,247,227,82
179,25,34,254,246,207,128,146,80,153
179,26,9,230,255,80,249,168,250,152
179,27,247,190,136,243,38,161,127,62
179,28,218,6,132,241,93,240,42,30
179,29,210,160,134,123,246,90,237,181
179,30,58,42,235,51,60,160,40,104
179,31,238,163,222,90,242,13,155,105
179,32,108,43,180,218,232,30,118,135
179,33,79,137,64,241,99,123,255,43
179,34,74,108,53,25,135,99,91,171
179,35,239,64,245,33,225,208,246,27
179,36,222,75,81,61,30,190,216,229
179,37,5,232,65,120,218,252,247,160
179,38,105,182,241,25,150,43,227,160
179,39,180,228,222,104,10,208,173,168
180,0,190,253,221,235,158,132,141,31
180,1,110,180,245,246,145,213,58,212
180,2,68,171,244,55,220,85,34,54
180,3,190,204,234,64,140,91,206,231
180,4,91,135,234,128,81,0,179,95
180,5,78,41,176,99,134,145,135,37
180,6,214,0,121,41,60,181,63,206
180,7,112,231,54,162,118,157,141,45
180,8,113,158,209,104,12,218,236,245
180,9,116,37,56,38,219,80,33,195
180,10,33,100,13,210,140,239,75,83
180,11,127,246,233,122,214,240,200,35
180,12,112,123,152,87,243,93,122,195
180,13,236,153,225,207,186,85,39,104
180,14,168,80,211,217,152,240,39,206
180,15,247,157,224,113,161,32,91,105
180,16,16,227,245,166,107,175,203,89
180,17,150,171,106,25,96,249,33,74
180,18,174,201,94,3,172,100,44,75
180,19,207,204,41,238,44,221,194,236
180,20,127,17,11,139,175,18,104,245
180,21,184,72,210,53,246,71,122,194
180,22,120,100,175,167,29,199,136,44
180,23,180,41,87,82,96,149,162,132
180,24,53,124,8,216,24,62,144,254
180,25,167,52,139,189,221,236,234,119
180,26,81,57,217,211,181,244,123,150
180,27,247,191,225,117,228,53,187,82
180,28,107,203,248,88,16,39,182,126
180,29,125,171,25,96,112,249,106,59
180,30,31,174,94,3,24,75,160,44
180,31,207,204,238,154,236,173,194,105
180,32,252,232,135,184,43,30,44,152
180,33,79,210,32,80,227,137,17,38
180,34,74,27,108,132,122,215,25,137
180,35,239,245,195,203,64,65,27,225
180,36,222,20,61,199,86,81,232,247
180,37,218,165,98,105,133,160,128,202
180,38,83,131,64,156,150,252,42,159
180,39,186,222,137,255,180,167,208,41
181,0,193,28,167,155,162,130,152,20
181,1,122,117,238,201,84,20,42,105
181,2,208,15,54,55,209,241,220,68
181,3,91,35,128,220,34,61,234,122
181,4,179,41,177,159,237,204,80,25
181,5,239,221,159,226,204,5,196,35
181,6,214,198,134,124,88,187,219,189
181,7,210,219,153,157,231,41,1,239
181,8,113,69,12,158,236,30,250,248
181,9,145,4,37,80,190,105,162,127
181,10,127,236,136,179,44,203,23,79
181,11,126,226,181,45,24,193,148,135
181,12,79,167,127,24,235,68,52,153
181,13,146,221,167,78,209,161,64,71
181,14,132,248,150,204,54,207,219,99
181,15,3,139,206,74,90,227,158,228
181,16,74,191,195,45,39,122,94,24
181,17,69,8,1,91,217,161,30,73
181,18,77,91,64,73,117,133,225,214
181,19,59,54,115,95,3,135,211,129
181,20,148,133,53,22,23,247,240,135
181,21,99,207,1,231,245,22,229,24
181,22,160,108,251,53,207,34,45,132
181,23,80,0,54,186,170,17,44,230
181,24,116,31,21,10,176,217,28,2
181,25,83,131,208,50,15,45,254,183
181,26,132,204,248,134,55,151,65,115
181,27,206,111,74,134,145,90,139,227
181,28,176,15,74,191,7,37,12,195
181,29,150,69,63,177,196,217,251,2
181,30,77,224,242,146,97,122,111,127
181,31,133,95,54,3,180,115,103,127
181,32,33,67,215,241,108,23,228,225
181,33,192,50,66,72,30,51,79,119
181,34,16,254,179,118,138,23,123,27
181,35,53,139,14,202,116,194,130,16
181,36,188,110,154,135,60,72,213,4
181,37,219,199,129,165,8,29,36,1
181,38,103,159,175,117,109,166,150,191
181,39,120,230,222,25,41,235,33,201
182,0,148,195,0,178,217,120,67,8
182,1,55,129,103,115,125,118,170,244
182,2,61,135,184,181,222,196,85,250
182,3,184,96,181,207,57,165,109,254
182,4,204,218,250,137,147,41,187,32
182,5,36,5,112,196,209,168,211,105
182,6,205,198,221,81,223,170,5,146
182,7,149,18,251,139,128,210,59,219
182,8,12,202,231,82,158,97,96,25
182,9,37,159,223,111,25,105,175,145
182,10,38,210,42,213,33,75,2,175
182,11,184,82,41,166,180,240,129,219
182,12,10,184,187,112,214,111,82,98
182,13,34,177,144,241,27,239,2,207
182,14,85,92,55,249,186,140,81,42
182,15,247,97,38,56,193,117,231,90
182,16,191,115,39,6,1,121,177,93
182,17,210,53,119,32,59,123,194,10
182,18,58,239,77,235,51,150,42,8
182,19,208,220,232,54,13,254,133,214
182,20,18,245,17,217,154,142,5,228
182,21,121,99,37,71,246,52,190,24
182,22,215,144,90,69,195,167,141,38
182,23,129,58,22,82,166,233,246,74
182,24,184,187,79,112,142,242,100,69
182,25,34,254,241,128,27,17,189,152
182,26,9,55,207,92,219,81,200,91
182,27,190,136,247,62,97,29,141,208
182,28,191,115,218,248,66,6,39,174
182,29,210,59,34,10,32,111,168,180
182,30,58,239,51,60,172,47,113,42
182,31,156,90,214,177,163,186,105,89
182,32,108,93,82,135,233,103,63,64
182,33,147,225,79,43,66,137,131,98
182,34,108,226,66,120,137,179,214,160
182,35,115,64,208,133,140,255,155,168
182,36,15,190,84,80,61,185,150,113
182,37,171,165,240,156,5,54,102,24
182,38,73,83,131,125,54,42,171,138
182,39,193,222,57,107,101,35,168,41
183,0,230,111,63,170,121,186,46,202
183,1,65,210,12,102,160,142,196,207
183,2,69,195,171,15,48,240,206,18
183,3,139,162,71,193,137,219,93,96
183,4,22,246,126,111,32,217,40,56
183,5,168,226,128,203,211,1,167,173
183,6,0,218,187,85,67,148,160,198
183,7,251,219,11,157,217,128,224,175
183,8,158,12,245,231,82,22,154,228
183,9,37,145,159,4,162,244,109,62
183,10,33,210,250,31,48,52,158,188
183,11,82,240,214,77,43,26,140,180
183,12,10,152,182,195,82,98,36,204
183,13,34,139,207,23,65,85,9,241
183,14,184,173,248,55,87,81,42,22
183,15,38,90,139,237,190,43,158,178
183,16,91,115,191,213,134,224,204,208
183,17,119,210,111,39,203,245,134,165
183,18,51,58,239,14,235,77,104,167
183,19,163,220,208,232,13,90,16,249
183,20,245,18,11,26,223,8,146,67
183,21,37,25,171,121,152,222,209,190
183,22,36,23,212,210,69,215,129,11
183,23,161,129,87,163,168,26,172,224
183,24,142,200,242,252,87,44,36,253
183,25,152,34,254,27,246,128,153,17
183,26,55,184,9,173,170,119,88,168
183,27,190,62,139,154,158,175,34,231
183,28,91,115,191,151,6,132,168,1
183,29,210,109,69,58,113,34,123,36
183,30,58,0,224,239,172,104,51,60
183,31,163,115,214,159,181,13,155,78
183,32,108,63,170,226,135,103,244,45
183,33,43,79,85,115,24,77,17,145
183,34,74,27,91,20,186,6,132,117
183,35,239,27,168,178,222,245,203,64
183,36,222,192,20,106,247,232,171,85
183,37,5,72,198,171,74,96,68,232
183,38,37,252,222,21,131,245,187,49
183,39,21,193,22,223,204,123,118,191
184,0,255,131,15,246,168,34,181,149
184,1,148,136,36,99,229,110,159,218
184,2,231,1,73,171,138,144,151,28
184,3,161,86,68,222,60,127,253,124
184,4,50,99,48,64,141,97,176,168
184,5,234,180,57,244,121,20,200,25
184,6,127,231,78,139,225,248,111,211
184,7,141,63,241,213,247,98,209,148
184,8,11,81,78,127,139,8,17,18
184,9,246,155,209,213,248,136,112,235
184,10,79,243,176,150,185,127,247,160
184,11,204,135,12,9,128,160,108,206
184,12,167,68,24,251,79,52,18,120
184,13,132,93,212,118,161,64,45,95
184,14,204,54,225,230,106,214,207,160
184,15,147,204,148,3,206,165,139,228
184,16,74,205,250,32,172,229,80,46
184,17,1,69,20,211,8,89,109,15
184,18,89,77,138,182,91,43,224,127
184,19,122,212,115,26,215,154,171,30
184,20,72,148,195,191,133,23,104,105
184,21,207,1,209,88,243,99,7,154
184,22,160,196,168,149,234,33,14,185
184,23,47,57,58,193,80,225,204,160
184,24,161,116,39,53,176,193,239,21
184,25,45,216,58,6,212,153,254,227
184,26,204,59,54,12,214,165,155,109
184,27,147,14,228,98,139,82,204,154
184,28,172,74,250,14,115,112,194,210
184,29,69,36,1,150,93,73,124,152
184,30,61,93,38,60,40,89,119,3
184,31,212,122,138,197,158,155,75,222
184,32,33,252,105,180,108,231,49,127
184,33,43,192,79,241,113,137,153,99
184,34,16,27,74,132,201,105,160,108
184,35,245,239,180,168,48,234,102,78
184,36,199,163,232,233,237,85,171,167
184,37,165,5,8,54,72,17,74,18
184,38,103,73,37,64,166,138,233,184
184,39,42,235,201,134,22,208,227,200
185,0,5,205,42,252,198,67,194,25
185,1,31,180,12,96,209,53,157,227
185,2,69,112,171,53,209,197,192,44
185,3,164,120,194,143,65,4,252,57
185,4,187,22,84,199,128,246,190,217
185,5,128,4,231,189,173,107,80,184
185,6,0,218,198,121,240,187,67,239
185,7,88,142,11,224,150,157,216,210
185,8,158,96,148,12,36,156,209,22
185,9,77,222,37,99,195,38,164,170
185,10,23,210,245,213,28,113,83,238
185,11,161,26,140,178,172,180,72,243
185,12,44,242,10,87,27,252,112,229
185,13,34,83,144,11,208,37,207,153
185,14,184,173,248,20,55,92,87,115
185,15,139,90,0,38,111,145,131,227
185,16,115,91,1,191,112,24,204,36
185,17,69,109,210,161,113,165,119,56
185,18,58,77,239,233,0,235,194,61
185,19,163,208,127,115,125,254,13,90
185,20,113,148,26,245,10,236,230,30
185,21,99,38,1,170,222,121,143,52
185,22,162,245,23,28,108,27,144,227
185,23,161,178,230,237,172,123,61,253
185,24,142,44,252,73,36,246,200,27
185,25,34,152,11,180,27,4,254,162
185,26,55,173,184,248,91,88,200,162
185,27,139,190,34,90,145,38,200,92
185,28,115,191,91,151,1,25,112,174
185,29,69,109,210,58,249,196,152,34
185,30,58,77,51,239,224,0,144,216
185,31,163,212,115,127,192,19,95,75
185,32,108,226,67,241,204,181,128,63
185,33,79,43,85,66,86,77,28,96
185,34,74,27,241,20,132,197,209,186
185,35,239,27,65,168,14,0,161,63
185,36,222,20,192,51,232,171,85,149
185,37,5,72,232,65,86,61,24,74
185,38,64,7,143,175,202,8,123,158
185,39,154,186,57,74,128,190,60,11
186,0,132,158,190,125,176,130,155,253
186,1,184,122,188,58,201,117,213,42
186,2,74,29,27,100,85,219,104,48
186,3,34,128,91,35,103,234,77,130
186,4,130,128,205,183,159,235,224,6
186,5,78,47,41,152,154,65,189,15
186,6,60,206,0,121,218,153,83,7
186,7,142,117,88,118,78,175,49,123
186,8,104,113,175,234,73,115,56,99
186,9,239,38,170,164,195,191,56,8
186,10,36,27,125,113,23,65,48,82
186,11,19,23,161,233,178,123,26,108
186,12,44,93,87,54,27,151,112,74
186,13,11,105,147,34,4,153,45,144
186,14,184,173,20,35,55,223,248,41
186,15,139,90,200,141,29,122,0,227
186,16,115,91,191,1,151,24,63,168
186,17,69,109,210,161,76,165,58,34
186,18,77,58,224,0,39,14,235,233
186,19,163,208,127,115,116,19,192,72
186,20,113,148,144,239,18,245,251,10
186,21,99,38,239,246,143,1,126,170
186,22,27,162,76,245,96,36,227,189
186,23,23,253,196,140,82,178,230,61
186,24,142,93,44,229,246,10,200,37
186,25,11,34,6,4,152,45,15,27
186,26,173,248,55,132,91,162,184,209
186,27,139,190,145,147,162,90,227,38
186,28,191,115,151,168,1,25,24,43
186,29,69,109,210,58,5,196,57,76
186,30,77,51,58,163,224,93,144,226
186,31,116,115,192,212,167,19,163,127
186,32,226,108,181,241,119,67,68,215
186,33,85,86,79,93,28,238,72,123
186,34,27,74,132,252,186,1,21,209
186,35,239,27,235,14,72,161,160,129
186,36,20,222,51,192,163,186,94,30
186,37,39,5,232,163,86,195,24,59
186,38,64,222,252,98,149,109,197,138
186,39,186,190,81,255,226,88,17,141
187,0,5,53,220,38,198,44,54,129
187,1,58,122,201,188,238,181,152,20
187,2,49,20,67,186,129,85,233,27
187,3,91,34,103,128,35,73,41,177
187,4,130,159,224,213,81,58,183,91
187,5,78,159,15,255,47,239,28,101
187,6,206,60,7,145,208,191,214,118
187,7,142,145,88,221,54,159,207,47
187,8,113,175,104,73,12,156,218,250
187,9,239,91,33,56,7,133,105,159
187,10,115,227,11,21,82,96,166,29
187,11,253,28,168,51,196,87,163,23
187,12,117,88,142,0,213,53,37,62
187,13,15,34,11,189,5,84,128,6
187,14,55,248,173,132,35,41,247,230
187,15,139,90,228,111,70,0,141,122
187,16,115,191,60,112,48,186,151,49
187,17,69,210,34,161,109,113,59,247
187,18,58,77,224,146,233,47,235,83
187,19,127,208,115,19,192,129,95,250
187,20,148,113,240,145,18,10,50,245
187,21,246,99,1,228,143,170,239,38
187,22,96,245,162,236,27,217,149,28
187,23,140,253,237,23,61,230,181,219
187,24,142,10,229,127,184,252,79,43
187,25,34,180,11,212,6,45,83,162
187,26,55,248,173,88,132,162,21,134
187,27,139,190,145,90,227,147,38,74
187,28,191,35,24,115,112,183,168,186
187,29,69,5,152,109,158,210,144,249
187,30,51,77,83,225,71,226,91,97
187,31,240,212,19,167,95,75,88,129
187,32,226,236,68,128,241,223,247,119
187,33,85,86,72,28,93,79,190,107
187,34,1,186,252,116,10,132,27,246
187,35,129,235,14,218,160,202,236,167
187,36,188,70,20,78,181,51,152,119
187,37,163,39,58,22,67,143,161,219
187,38,109,175,92,148,118,138,245,112
187,39,189,45,238,2,248,154,223,25
188,0,169,173,143,193,7,200,41,182
188,1,189,129,224,172,147,112,250,211
188,2,200,49,20,140,72,11,119,67
188,3,26,230,233,73,117,119,121,103
188,4,187,193,235,144,205,199,45,224
188,5,188,255,78,43,90,230,112,110
188,6,7,208,65,60,68,206,122,118
188,7,117,78,145,142,118,185,54,112
188,8,239,116,113,180,175,148,104,23
188,9,38,170,99,191,30,98,246,9
188,10,238,27,96,157,36,13,195,215
188,11,253,39,133,23,181,41,112,149
188,12,62,53,85,212,142,102,0,44
188,13,11,15,138,105,6,103,34,121
188,14,173,41,55,248,86,132,88,87
188,15,46,139,90,150,228,190,0,37
188,16,35,115,191,183,151,204,158,37
188,17,69,5,210,109,34,161,99,58
188,18,83,58,170,77,224,47,146,233
188,19,167,221,208,115,88,19,129,199
188,20,148,239,18,113,50,145,4,57
188,21,246,38,99,156,143,1,214,203
188,22,27,236,157,162,83,245,207,108
188,23,253,39,140,133,181,42,40,95
188,24,142,43,13,127,116,93,220,62
188,25,11,6,45,34,183,180,15,216
188,26,248,55,132,173,162,73,42,207
188,27,139,150,46,38,190,145,90,147
188,28,35,191,183,24,168,195,186,156
188,29,69,5,244,1,152,58,204,144
188,30,77,51,83,225,71,170,64,97
188,31,240,95,167,19,212,88,59,221
188,32,68,236,226,128,247,7,223,181
188,33,85,86,72,28,190,92,244,232
188,34,116,1,10,252,132,246,56,211
188,35,129,14,235,202,153,160,218,57
188,36,70,188,181,78,152,51,120,119
188,37,163,22,58,39,219,199,67,103
188,38,148,92,118,127,175,71,198,47
188,39,2,248,189,69,38,45,92,70
189,0,211,144,236,62,232,4,111,92
189,1,193,182,198,124,128,215,12,252
189,2,92,60,11,150,86,188,118,157
189,3,201,30,155,22,56,218,197,172
189,4,94,98,134,216,88,28,152,111
189,5,60,58,164,136,23,29,210,0
189,6,43,125,92,183,7,213,12,14
189,7,78,181,142,175,243,145,54,139
189,8,148,22,16,240,85,246,118,53
189,9,99,1,53,254,246,20,179,15
189,10,207,149,245,96,162,195,250,50
189,11,253,153,164,186,150,97,15,10
189,12,10,21,142,13,229,62,37,89
189,13,15,216,183,255,34,45,83,20
189,14,55,173,21,248,132,46,211,35
189,15,248,139,255,90,153,227,190,221
189,16,191,35,230,183,115,166,48,37
189,17,69,210,236,25,161,217,100,244
189,18,83,69,108,58,77,217,39,14
189,19,221,129,60,233,208,19,115,95
189,20,148,240,50,145,172,98,18,57
189,21,246,99,156,143,71,1,214,53
189,22,162,245,207,149,229,238,0,249
189,23,253,153,181,15,230,237,61,219
189,24,142,127,106,10,68,13,229,62
189,25,216,180,183,34,83,20,243,138
189,26,248,55,173,132,115,35,162,134
189,27,139,255,150,248,190,90,145,153
189,28,191,183,35,230,166,24,62,54
189,29,69,65,244,144,204,152,236,98
189,30,51,83,77,225,69,45,97,176
189,31,221,95,240,19,212,60,233,88
189,32,7,146,195,236,68,128,31,86
189,33,72,97,54,37,94,75,217,36
189,34,212,255,246,10,109,187,19,211
189,35,129,14,49,202,183,16,164,77
189,36,188,234,8,0,78,119,158,50
189,37,219,22,103,199,94,55,7,209
189,38,22,47,127,175,106,118,14,189
189,39,16,45,68,23,203,145,80,91
190,0,212,218,40,65,157,136,232,33
190,1,193,40,209,183,96,98,252,166
190,2,9,56,35,248,66,118,125,24
190,3,201,161,30,134,172,22,247,192
190,4,216,152,98,123,134,180,4,133
190,5,213,31,19,18,58,23,146,148
190,6,43,125,135,52,92,59,241,53
190,7,61,169,172,78,243,185,11,187
190,8,157,148,85,22,122,72,53,65
190,9,99,120,67,156,133,246,179,231
190,10,220,245,250,226,251,207,132,6
190,11,247,64,253,4,156,101,162,130
190,12,10,127,196,142,157,21,96,116
190,13,34,183,243,139,83,15,42,120
190,14,55,173,248,132,21,136,244,46
190,15,116,139,90,0,16,45,111,136
190,16,166,183,191,35,186,115,48,158
190,17,69,210,86,216,88,161,58,244
190,18,83,58,72,75,77,63,217,32
190,19,221,34,233,208,19,254,129,190
190,20,157,18,148,145,50,245,65,122
190,21,246,99,156,143,214,240,228,58
190,22,206,95,220,245,249,229,6,61
190,23,4,64,247,253,156,230,181,148
190,24,91,127,68,142,106,184,10,229
190,25,216,180,34,183,243,138,162,208
190,26,248,136,132,55,173,162,244,115
190,27,139,190,150,90,145,116,0,16
190,28,166,191,183,201,35,186,147,13
190,29,69,244,99,216,144,204,65,58
190,30,51,83,225,77,72,199,45,64
190,31,221,19,95,240,75,212,88,114
190,32,116,7,236,197,128,75,68,31
190,33,72,182,59,206,217,18,21,118
190,34,205,246,10,188,152,213,70,11
190,35,129,14,202,183,196,16,224,39
190,36,251,188,239,78,255,158,50,176
190,37,219,103,22,55,50,94,7,64
190,38,124,175,47,106,127,118,14,189
190,39,45,203,120,85,13,237,80,114
191,0,29,134,41,136,36,62,232,65
191,1,101,157,193,37,251,3,255,83
191,2,248,24,139,201,150,77,192,7
191,3,15,177,161,164,201,30,113,218
191,4,216,149,152,132,134,180,239,4
191,5,213,19,18,95,58,31,23,80
191,6,43,125,147,135,39,53,2,241
191,7,4,61,169,78,187,172,240,228
191,8,148,157,246,85,22,255,53,152
191,9,99,231,133,1,240,253,15,101
191,10,250,220,245,251,7,108,226,31
191,11,186,4,158,241,109,137,15,40
191,12,10,166,99,142,217,127,203,100
191,13,34,243,185,139,177,20,15,83
191,14,55,173,248,132,211,71,12,21
191,15,116,0,90,139,141,150,16,190
191,16,186,166,191,183,48,115,201,35
191,17,69,49,210,144,247,150,103,112
191,18,83,58,77,99,75,195,146,64
191,19,19,237,208,239,34,129,60,254
191,20,18,157,50,148,172,145,245,57
191,21,246,99,58,143,221,214,121,170
191,22,95,231,249,43,206,245,220,61
191,23,4,148,215,230,31,104,180,213
191,24,91,106,68,83,142,77,127,229
191,25,180,216,34,243,183,208,162,194
191,26,216,248,55,132,166,162,211,71
191,27,139,82,190,116,225,145,90,183
191,28,166,191,201,183,186,138,35,169
191,29,69,157,244,144,204,78,213,65
191,30,51,83,77,225,45,97,64,99
191,31,95,19,240,88,75,212,59,60
191,32,162,7,236,128,157,197,75,146
191,33,72,59,103,206,5,18,36,75
191,34,227,11,10,246,213,239,211,236
191,35,129,14,202,16,111,11,106,210
191,36,48,188,251,78,199,160,158,153
191,37,219,24,103,165,22,54,162,133
191,38,124,175,184,207,254,63,106,138
191,39,45,166,80,120,222,224,203,167
192,0,211,134,62,151,39,161,138,131
192,1,17,101,157,206,193,37,253,44
192,2,112,205,136,192,183,24,71,94
192,3,14,15,194,138,216,164,201,111
192,4,44,188,134,180,234,216,175,152
192,5,29,19,56,58,42,255,80,145
192,6,43,125,39,57,2,240,53,7
192,7,223,4,206,169,57,136,38,142
192,8,148,50,22,118,246,187,255,16
192,9,99,246,58,133,91,23,101,254
192,10,19,82,231,220,95,245,108,37
192,11,215,218,4,186,31,249,28,158
192,12,175,142,10,99,91,184,167,77
192,13,216,243,139,242,236,146,234,3
192,14,216,55,211,59,230,136,173,12
192,15,225,108,82,183,153,139,55,33
192,16,166,48,63,191,175,186,248,183
192,17,25,164,69,144,150,210,249,161
192,18,99,83,195,217,172,100,58,75
192,19,239,114,19,238,85,254,125,221
192,20,18,50,197,245,139,172,17,148
192,21,246,99,210,113,58,221,201,122
192,22,95,231,37,82,195,61,22,206
192,23,4,215,31,148,104,90,196,180
192,24,91,68,167,77,88,175,142,83
192,25,216,243,146,234,34,236,180,183
192,26,216,248,55,154,136,193,162,132
192,27,82,139,33,190,225,183,38,108
192,28,191,35,166,183,190,63,186,24
192,29,69,164,157,216,99,244,9,204
192,30,83,51,225,77,99,97,63,199
192,31,34,95,85,19,114,238,88,240
192,32,7,123,236,18,179,76,86,140
192,33,234,95,36,11,72,104,118,133
192,34,44,72,240,10,238,246,28,204
192,35,129,74,148,191,14,190,187,194
192,36,119,115,188,142,227,39,25,199
192,37,219,78,27,109,24,16,102,173
192,38,251,169,138,119,254,159,131,72
192,39,165,158,80,122,235,117,222,179
193,0,117,146,171,185,18,187,80,226
193,1,133,169,13,81,193,104,2,66
193,2,249,22,254,71,112,136,183,189
193,3,221,14,170,134,15,216,150,201
193,4,182,8,55,180,123,152,119,105
193,5,61,29,19,95,146,58,23,225
193,6,16,3,43,125,2,39,57,114
193,7,228,4,131,206,169,78,11,250
193,8,112,148,85,22,246,219,214,255
193,9,206,19,99,178,231,30,133,143
193,10,163,220,229,108,19,82,250,226
193,11,18,142,186,116,158,163,17,10
193,12,106,67,10,203,37,227,12,229
193,13,216,200,34,183,207,139,254,121
193,14,216,38,55,46,173,81,186,247
193,15,241,103,183,38,139,82,43,33
193,16,149,179,183,191,186,213,35,201
193,17,155,69,210,34,72,65,161,134
193,18,83,6,75,58,77,14,102,156
193,19,233,221,34,19,208,129,115,190
193,20,112,245,148,18,145,230,50,236
193,21,246,19,206,99,210,143,209,83
193,22,82,229,95,163,115,245,189,231
193,23,181,18,253,41,31,142,196,4
193,24,91,106,77,88,68,142,105,113
193,25,216,34,180,200,183,138,5,208
193,26,31,248,38,216,162,55,130,132
193,27,139,82,103,241,190,90,38,145
193,28,191,35,183,149,179,185,142,103
193,29,69,155,65,244,204,249,102,128
193,30,6,83,77,51,225,97,45,145
193,31,95,240,233,63,19,212,88,75
193,32,89,17,199,7,236,128,37,68
193,33,72,23,117,214,94,29,146,105
193,34,58,187,10,54,12,246,19,110
193,35,7,129,14,202,166,194,69,161
193,36,253,119,188,8,245,166,57,154
193,37,164,218,219,115,199,84,22,42
193,38,136,93,22,173,159,138,181,207
193,39,25,16,23,68,235,70,76,222
194,0,211,151,60,223,70,50,160,245
194,1,153,190,48,119,193,28,163,243
194,2,13,5,3,185,189,193,125,78
194,3,197,167,121,51,114,204,253,249
194,4,29,204,125,182,115,175,39,218
194,5,172,3,58,29,164,91,113,219
194,6,129,146,213,5,96,75,216,77
194,7,38,145,206,119,130,34,209,228
194,8,250,166,229,223,230,101,82,37
194,9,91,246,40,34,66,181,7,99
194,10,154,82,225,226,242,153,254,128
194,11,201,28,197,163,70,40,218,7
194,12,76,51,66,182,88,227,172,204
194,13,216,121,128,233,254,69,54,234
194,14,186,152,35,250,80,120,206,243
194,15,53,59,108,140,43,224,239,152
194,16,213,6,208,161,179,103,39,226
194,17,168,134,194,138,27,97,165,23
194,18,83,14,104,125,9,235,136,100
194,19,63,206,221,158,254,175,13,232
194,20,18,127,245,202,215,17,30,225
194,21,246,135,248,121,210,30,75,33
194,22,173,195,154,37,10,80,20,249
194,23,181,28,253,82,148,75,228,127
194,24,76,131,88,62,69,91,112,200
194,25,216,211,221,84,207,70,17,254
194,26,71,162,35,216,254,243,207,200
194,27,190,139,184,141,38,59,198,223
194,28,35,191,183,39,103,63,6,132
194,29,69,62,225,18,228,244,113,249
194,30,83,77,225,229,199,145,51,60
194,31,95,34,63,85,49,47,129,16
194,32,240,123,57,173,109,140,236,246
194,33,198,72,189,61,47,132,28,84
194,34,138,121,164,166,44,191,40,250
194,35,129,74,187,9,97,14,190,59
194,36,22,115,245,26,9,147,25,47
194,37,132,198,25,130,109,218,55,121
194,38,193,87,8,93,23,143,173,242
194,39,42,235,8,80,227,226,219,22
195,0,128,25,164,79,247,17,39,243
195,1,30,23,162,10,222,253,17,139
195,2,200,232,204,168,136,169,90,46
195,3,45,200,75,215,53,109,184,57
195,4,89,250,137,204,178,146,238,7
195,5,172,252,58,36,3,192,112,240
195,6,2,255,129,216,222,146,32,4
195,7,149,38,18,145,228,251,168,190
195,8,68,148,202,158,128,73,26,230
195,9,99,31,231,35,37,133,15,91
195,10,154,226,82,225,59,245,92,170
195,11,201,72,184,70,28,41,10,154
195,12,10,131,42,77,37,182,229,179
195,13,34,216,148,211,83,193,23,207
195,14,55,247,248,162,173,91,107,132
195,15,97,139,90,79,38,190,111,197
195,16,191,201,183,186,115,1,35,166
195,17,69,225,210,113,34,247,214,194
195,18,83,58,77,102,47,88,151,38
195,19,186,208,49,176,129,98,144,47
195,20,18,50,148,202,17,145,230,245
195,21,246,121,99,143,210,58,213,170
195,22,95,115,245,82,189,238,29,154
195,23,253,41,72,28,201,181,215,241
195,24,131,88,91,77,68,73,229,110
195,25,216,211,34,183,152,27,254,4
195,26,216,173,207,248,132,162,243,35
195,27,139,190,141,90,0,145,38,74
195,28,35,191,183,102,186,166,219,4
195,29,69,225,249,244,62,88,58,128
195,30,83,77,225,51,162,99,64,144
195,31,34,95,85,88,49,114,149,19
195,32,236,7,140,57,179,128,246,3
195,33,132,47,72,90,162,225,151,28
195,34,44,103,241,10,238,121,62,211
195,35,129,190,74,148,101,9,187,14
195,36,115,227,39,93,142,25,147,103
195,37,101,27,78,65,169,16,24,54
195,38,251,169,173,119,207,134,159,138
195,39,117,158,122,75,129,80,87,235
196,0,237,253,208,221,235,141,61,190
196,1,151,75,155,46,62,68,184,197
196,2,210,59,155,109,70,17,164,90
196,3,91,77,35,12,34,37,130,128
196,4,142,102,15,222,95,72,128,130
196,5,186,204,6,112,58,176,175,47
196,6,43,125,167,2,123,153,93,154
196,7,23,78,4,118,228,216,231,29
196,8,113,116,148,158,149,85,89,180
196,9,203,116,38,195,99,37,94,83
196,10,207,198,169,36,82,13,220,199
196,11,233,186,133,98,253,159,163,95
196,12,93,10,87,205,15,63,26,220
196,13,15,11,140,152,128,21,29,117
196,14,173,55,200,86,20,91,216,56
196,15,172,37,90,34,190,48,137,128
196,16,115,204,35,191,215,103,168,120
196,17,109,69,34,250,225,210,113,56
196,18,58,83,197,75,40,224,206,77
196,19,116,192,127,208,13,254,19,115
196,20,113,18,245,175,106,36,148,150
196,21,246,116,38,203,170,248,99,37
196,22,27,198,211,208,36,83,69,245
196,23,178,23,172,38,26,110,193,129
196,24,93,112,200,87,142,255,27,102
196,25,11,211,4,34,152,254,118,207
196,26,173,200,248,70,149,170,95,55
196,27,139,190,172,141,145,184,193,38
196,28,191,115,1,35,25,112,132,103
196,29,69,109,210,196,108,34,113,217
196,30,77,51,224,58,38,197,163,75
196,31,192,127,212,116,115,19,95,1
196,32,108,67,226,204,241,128,63,119
196,33,85,79,93,66,210,144,115,248
196,34,27,132,74,82,53,209,184,192
196,35,239,27,168,118,234,133,222,14
196,36,222,20,233,63,99,163,224,111
196,37,39,24,54,53,175,42,71,17
196,38,109,64,91,248,222,166,83,23
196,39,186,206,202,7,88,97,22,86
197,0,53,38,44,244,176,54,17,215
197,1,122,58,201,246,117,238,105,181
197,2,54,0,172,155,154,220,85,128
197,3,91,49,183,12,220,34,35,130
197,4,159,247,213,120,249,224,145,72
197,5,239,159,5,203,255,226,160,101
197,6,191,85,214,164,63,206,41,124
197,7,136,232,221,54,210,162,206,250
197,8,113,158,175,104,156,236,149,82
197,9,113,171,33,195,223,80,159,203
197,10,166,211,22,231,189,115,82,96
197,11,253,196,57,224,90,28,163,41
197,12,117,102,88,104,218,112,184,169
197,13,216,189,233,236,149,135,146,193
197,14,55,139,216,119,41,26,152,188
197,15,117,70,137,127,157,190,247,183
197,16,39,241,27,132,52,248,204,100
197,17,69,113,30,34,143,50,11,207
197,18,77,249,127,60,40,235,217,5
197,19,208,13,232,220,181,5,254,19
197,20,18,11,148,30,245,154,150,158
197,21,246,99,248,37,222,219,190,143
197,22,199,96,153,29,183,211,144,71
197,23,129,82,219,110,58,112,148,90
197,24,104,200,122,112,36,142,172,152
197,25,234,207,4,5,110,247,9,17
197,26,9,216,35,244,119,206,55,24
197,27,190,117,139,82,184,255,137,183
197,28,191,115,1,6,132,248,213,100
197,29,69,196,34,210,232,113,109,55
197,30,77,58,51,224,172,38,146,75
197,31,127,212,19,192,115,1,220,238
197,32,67,108,226,241,63,114,204,45
197,33,79,85,66,123,248,243,144,38
197,34,186,27,254,176,211,160,66,53
197,35,239,14,53,222,118,168,133,211
197,36,213,20,113,137,135,36,94,15
197,37,129,39,54,133,219,218,42,149
197,38,109,175,207,239,184,83,204,138
197,39,25,187,195,206,230,184,7,97
198,0,173,169,40,143,58,22,236,7
198,1,129,172,224,147,189,112,142,250
198,2,102,174,181,197,141,6,154,217
198,3,245,137,5,193,73,252,147,158
198,4,199,187,140,0,122,57,205,86
198,5,248,29,152,15,166,5,17,87
198,6,205,0,208,198,7,96,103,68
198,7,142,145,88,54,175,232,219,190
198,8,122,148,22,149,255,158,12,24
198,9,99,121,193,1,159,145,182,91
198,10,96,27,250,48,168,182,149,238
198,11,23,230,139,109,57,214,90,40
198,12,229,10,92,48,144,87,212,37
198,13,11,34,128,83,45,144,251,21
198,14,55,173,35,248,132,26,21,22
198,15,139,90,56,190,158,38,111,70
198,16,115,191,101,186,112,48,158,216
198,17,69,247,210,34,109,161,134,113
198,18,58,77,47,162,224,235,42,98
198,19,127,186,208,192,254,115,50,13
198,20,122,216,18,148,245,145,118,154
198,21,121,246,99,170,209,143,4,193
198,22,27,70,195,245,217,43,182,76
198,23,133,230,23,139,237,179,129,110
198,24,142,87,141,200,169,255,212,175
198,25,34,5,254,152,4,180,251,11
198,26,200,173,55,9,87,236,248,170
198,27,190,139,97,141,117,175,153,61
198,28,191,1,115,142,101,132,112,216
198,29,69,210,217,34,196,74,58,152
198,30,58,77,51,8,172,141,38,102
198,31,127,212,133,19,192,165,1,125
198,32,67,233,137,38,180,163,108,52
198,33,79,87,30,204,255,106,137,66
198,34,108,66,25,184,122,140,142,110
198,35,69,65,133,146,107,81,213,130
198,36,186,31,36,94,149,81,47,150
198,37,218,171,252,165,30,243,185,51
198,38,150,197,252,107,229,161,83,24
198,39,235,97,132,222,175,226,191,216
199,0,148,0,57,195,248,207,56,194
199,1,135,72,202,79,55,77,60,65
199,2,173,132,246,32,174,239,237,115
199,3,184,194,109,147,93,217,134,96
199,4,32,193,226,158,9,52,229,86
199,5,36,189,246,5,248,17,128,168
199,6,205,145,85,252,13,198,199,45
199,7,18,149,142,251,210,190,130,34
199,8,148,231,202,82,108,22,200,25
199,9,99,159,31,37,121,105,24,111
199,10,38,76,231,250,108,195,213,48
199,11,166,184,117,77,180,28,118,155
199,12,131,10,109,198,137,112,246,37
199,13,144,34,152,185,188,254,4,2
199,14,55,85,42,173,186,132,247,162
199,15,193,38,139,97,90,197,82,153
199,16,1,6,115,213,191,186,207,216
199,17,225,210,53,113,134,10,56,194
199,18,58,8,217,32,47,235,96,74
199,19,149,254,186,127,106,208,175,232
199,20,122,175,18,30,177,5,154,245
199,21,121,246,170,210,99,52,190,139
199,22,144,238,76,22,215,231,38,48
199,23,129,237,155,230,73,166,28,233
199,24,142,131,88,109,69,87,246,200
199,25,34,5,135,254,152,177,242,63
199,26,55,87,200,219,236,35,126,207
199,27,190,141,153,139,117,82,237,168
199,28,191,1,142,248,48,115,174,6
199,29,69,210,217,74,34,225,134,86
199,30,58,8,51,77,42,96,32,235
199,31,127,186,133,254,156,1,149,236
199,32,67,233,137,16,180,38,93,44
199,33,30,87,204,225,147,142,125,159
199,34,226,66,108,179,154,153,140,151
199,35,65,69,81,208,133,168,234,233
199,36,213,4,113,144,75,240,170,47
199,37,171,156,254,127,149,66,178,120
199,38,83,241,253,50,143,204,159,115
199,39,37,222,221,7,97,57,132,148
200,0,243,230,133,114,103,176,170,186
200,1,65,111,12,235,6,104,247,169
200,2,240,48,33,50,96,132,98,183
200,3,121,42,5,232,80,217,147,194
200,4,22,56,218,73,199,16,86,204
200,5,173,83,128,240,189,203,196,199
200,6,0,85,146,199,216,217,197,134
200,7,13,219,157,153,241,17,113,178
200,8,122,22,148,158,37,68,149,255
200,9,109,145,245,190,105,236,244,159
200,10,33,96,30,181,112,174,31,94
200,11,21,77,1,182,165,76,240,241
200,12,198,109,136,132,118,182,45,112
200,13,179,254,68,128,188,207,247,34
200,14,152,246,120,42,80,206,236,36
200,15,153,197,190,113,32,224,22,106
200,16,208,78,6,207,103,27,121,248
200,17,134,50,163,143,80,181,123,23
200,18,153,41,8,235,156,23,165,58
200,19,232,236,186,54,65,238,104,175
200,20,122,18,255,30,5,245,2,236
200,21,109,246,121,75,19,173,159,139
200,22,203,192,215,238,16,22,48,212
200,23,129,73,76,90,187,151,249,84
200,24,88,58,142,174,192,117,113,77
200,25,242,57,233,63,236,64,122,251
200,26,9,142,154,246,80,27,193,215
200,27,117,196,184,163,136,143,17,127
200,28,208,109,248,89,245,244,175,218
200,29,74,168,237,134,247,123,82,202
200,30,120,42,193,67,41,40,235,86
200,31,8,160,10,7,242,156,89,238
200,32,233,180,16,171,37,81,13,45
200,33,204,13,137,108,142,124,39,159
200,34,108,53,130,99,184,140,32,201
200,35,65,133,140,230,219,146,33,166
200,36,106,77,161,113,80,84,55,170
200,37,245,160,149,243,218,49,120,10
200,38,228,239,171,241,157,115,219,40
200,39,222,41,132,97,175,153,235,151
201,0,60,169,228,207,137,170,248,14
201,1,119,21,31,28,163,243,82,25
201,2,237,240,45,203,131,160,13,50
201,3,132,107,114,111,93,99,204,189
201,4,185,22,46,153,86,145,57,111
201,5,128,83,4,166,230,112,216,111
201,6,191,217,0,85,228,103,227,199
201,7,142,232,241,13,45,114,153,130
201,8,22,68,158,37,148,163,200,82
201,9,139,145,75,175,60,234,65,159
201,10,251,199,58,164,141,181,128,85
201,11,76,84,77,166,123,40,129,227
201,12,198,230,118,246,207,133,121,187
201,13,128,68,186,17,254,225,150,237
201,14,152,250,139,246,80,249,188,186
201,15,117,91,89,196,224,220,245,43
201,16,121,27,175,218,126,208,108,118
201,17,143,12,123,97,163,254,194,189
201,18,8,153,14,41,246,12,114,49
201,19,160,54,104,232,8,242,113,168
201,20,97,30,18,127,2,80,82,228
201,21,223,121,173,175,87,159,204,37
201,22,192,121,249,141,70,10,60,181
201,23,129,228,58,78,82,227,224,151
201,24,88,83,204,8,146,78,104,236
201,25,236,63,226,253,114,8,159,213
201,26,9,142,127,168,186,80,217,35
201,27,127,136,196,29,83,220,143,42
201,28,248,126,109,245,89,216,132,108
201,29,237,74,247,18,55,134,168,137
201,30,120,42,235,40,172,104,2,56
201,31,10,156,160,8,177,242,16,131
201,32,233,66,180,171,43,218,35,38
201,33,137,198,115,27,243,236,123,199
201,34,108,99,137,122,214,125,234,140
201,35,215,65,133,140,217,230,200,219
201,36,178,121,150,76,84,106,113,218
201,37,170,165,154,128,247,120,148,24
201,38,149,157,5,40,155,78,183,229
201,39,193,22,249,27,136,39,18,76
202,0,27,245,170,161,36,176,149,52
202,1,163,28,119,243,78,215,21,130
202,2,204,131,104,192,185,183,47,78
202,3,121,33,204,49,240,124,76,68
202,4,48,232,23,115,50,150,185,97
202,5,180,57,20,121,229,21,200,25
202,6,248,225,211,24,231,163,139,41
202,7,141,98,209,241,63,213,186,194
202,8,217,127,8,223,81,235,11,18
202,9,246,248,210,136,112,209,63,232
202,10,43,78,127,144,23,249,123,160
202,11,135,58,42,24,61,45,226,34
202,12,251,116,10,185,91,122,25,179
202,13,130,83,208,118,95,34,52,216
202,14,44,132,54,248,252,21,204,134
202,15,206,3,139,122,90,129,100,158
202,16,191,59,24,234,195,74,37,72
202,17,69,8,220,60,4,1,161,238
202,18,77,176,233,232,91,17,64,209
202,19,59,95,137,48,135,125,83,129
202,20,148,133,247,53,161,72,22,152
202,21,99,134,207,22,230,32,143,214
202,22,116,160,207,178,246,53,156,41
202,23,80,56,146,204,61,45,97,32
202,24,2,222,116,37,58,50,239,125
202,25,189,208,219,110,27,4,146,118
202,26,146,248,78,132,161,17,119,252
202,27,139,206,100,26,122,129,244,224
202,28,191,74,228,73,36,224,100,234
202,29,69,150,8,60,1,220,204,165
202,30,77,17,38,233,240,64,166,137
202,31,94,137,135,14,89,67,54,122
202,32,33,255,47,156,46,198,237,175
202,33,192,81,189,75,12,5,91,39
202,34,16,247,141,55,246,21,211,6
202,35,202,167,212,229,38,136,39,156
202,36,188,110,176,153,119,154,22,129
202,37,8,103,219,234,165,198,199,180
202,38,103,87,191,159,222,239,132,156
202,39,42,193,251,223,33,76,22,175
203,0,25,243,204,128,247,164,13,17
203,1,23,222,30,162,17,163,243,253
203,2,200,204,168,232,208,104,51,130
203,3,45,207,200,134,184,53,215,57
203,4,89,178,207,204,250,158,166,238
203,5,36,252,226,168,40,75,93,105
203,6,5,146,48,109,253,252,227,222
203,7,149,18,251,150,224,130,168,43
203,8,68,22,228,158,12,82,129,109
203,9,31,42,111,99,37,145,231,223
203,10,251,38,225,92,58,138,154,152
203,11,77,166,184,117,90,240,40,28
203,12,109,198,10,246,131,182,48,122
203,13,34,115,23,17,254,128,237,85
203,14,85,55,81,236,152,186,206,80
203,15,117,25,197,53,140,157,190,151
203,16,208,6,121,161,213,44,52,118
203,17,134,247,225,23,82,123,113,202
203,18,14,8,184,41,168,178,216,12
203,19,186,254,149,232,90,1,98,255
203,20,18,245,127,80,223,215,30,156
203,21,121,246,213,210,135,52,24,37
203,22,215,48,121,192,210,144,238,153
203,23,28,155,240,129,131,38,77,227
203,24,142,88,230,109,184,69,73,201
203,25,34,242,254,63,153,251,152,135
203,26,112,35,55,152,87,200,9,126
203,27,190,141,117,237,160,108,239,29
203,28,175,115,191,1,213,174,48,132
203,29,74,210,69,225,123,138,34,186
203,30,58,239,229,37,42,51,60,189
203,31,186,236,238,127,242,159,8,111
203,32,108,67,38,66,64,44,233,114
203,33,79,115,197,123,255,13,39,243
203,34,211,122,242,140,108,53,201,100
203,35,203,133,65,33,230,234,229,215
203,36,170,196,81,169,216,123,178,121
203,37,137,133,5,247,17,139,232,185
203,38,160,155,157,171,227,66,40,254
203,39,193,40,22,235,37,104,255,79
204,0,9,91,101,227,118,119,35,242
204,1,210,227,199,247,184,12,151,158
204,2,168,19,204,44,51,176,114,146
204,3,183,77,88,252,208,45,76,49
204,4,241,19,151,150,230,131,17,246
204,5,190,128,95,214,29,13,112,240
204,6,0,218,121,240,12,20,198,81
204,7,142,13,57,145,34,136,111,4
204,8,148,22,175,163,255,158,187,253
204,9,77,99,170,121,103,233,119,45
204,10,96,149,251,250,54,76,4,38
204,11,178,77,28,139,230,26,1,155
204,12,10,109,198,149,48,32,88,37
204,13,34,144,83,185,162,65,119,216
204,14,55,173,248,184,132,35,115,21
204,15,139,90,141,0,168,48,38,111
204,16,115,1,191,186,48,112,245,132
204,17,69,247,210,161,113,217,112,225
204,18,58,77,239,47,206,9,51,96
204,19,186,127,254,208,153,192,250,58
204,20,113,18,148,243,26,245,145,175
204,21,170,121,246,99,210,177,213,75
204,22,69,43,121,36,167,245,11,104
204,23,155,230,178,129,237,219,28,233
204,24,142,91,88,184,102,109,87,92
204,25,34,5,180,254,152,144,185,17
204,26,55,173,70,35,236,88,200,107
204,27,190,141,117,139,243,175,29,30
204,28,115,1,191,132,108,50,67,112
204,29,210,69,109,74,249,217,196,86
204,30,58,224,51,77,239,42,174,172
204,31,192,127,236,186,19,81,212,115
204,32,108,226,67,163,66,160,44,45
204,33,79,85,115,243,19,227,159,44
204,34,53,211,135,89,126,25,108,184
204,35,118,203,110,133,225,12,60,33
204,36,81,94,113,54,84,163,123,127
204,37,5,53,137,243,49,232,24,30
204,38,167,197,150,160,227,114,171,244
204,39,228,61,198,196,104,167,216,79
205,0,190,253,221,235,141,64,177,158
205,1,179,113,203,7,145,217,73,100
205,2,127,109,98,239,220,104,123,46
205,3,115,190,82,194,63,234,35,78
205,4,127,17,183,153,177,91,85,229
205,5,135,29,37,176,212,112,189,190
205,6,0,121,198,218,210,199,85,103
205,7,142,54,34,90,118,231,241,238
205,8,175,113,104,148,166,158,255,237
205,9,170,38,116,99,195,182,118,83
205,10,13,29,27,96,182,36,48,33
205,11,23,73,38,155,178,233,35,28
205,12,93,87,48,117,112,69,201,49
205,13,11,128,34,152,105,216,144,153
205,14,184,173,55,119,236,35,34,152
205,15,168,158,113,56,190,43,175,208
205,16,115,120,204,103,191,213,248,218
205,17,210,247,161,11,109,107,30,56
205,18,58,217,224,47,77,193,206,40
205,19,192,254,250,236,153,175,158,98
205,20,113,245,80,26,82,97,148,96
205,21,210,116,75,246,91,209,152,133
205,22,69,36,211,11,29,82,210,238
205,23,129,233,41,172,110,240,148,58
205,24,41,87,192,142,243,122,27,88
205,25,34,152,254,4,141,17,153,186
205,26,9,70,215,170,55,197,211,236
205,27,190,220,117,229,43,243,254,141
205,28,115,191,1,134,248,218,108,50
205,29,210,109,108,31,123,195,134,23
205,30,58,51,224,77,216,193,230,88
205,31,236,127,192,19,8,108,81,186
205,32,108,226,163,66,204,63,64,67
205,33,79,85,115,243,159,122,199,38
205,34,27,74,108,53,89,140,211,122
205,35,239,118,222,225,203,134,33,77
205,36,222,54,245,94,30,61,163,81
205,37,159,218,30,139,128,160,137,175
205,38,149,222,115,55,3,53,83,150
205,39,186,167,22,93,170,206,94,60
206,0,193,20,38,162,244,54,161,76
206,1,122,117,179,201,105,152,158,84
206,2,239,127,46,43,173,64,154,102
206,3,220,120,234,90,190,74,61,178
206,4,218,237,80,41,177,145,17,25
206,5,68,226,239,5,221,35,101,168
206,6,199,118,198,193,164,85,241,28
206,7,109,142,219,146,224,210,67,153
206,8,113,158,175,69,12,166,248,148
206,9,33,91,123,145,146,223,157,37
206,10,96,189,76,121,211,227,212,29
206,11,196,224,28,31,249,4,73,90
206,12,88,104,174,117,232,92,91,105
206,13,216,34,119,233,135,5,141,189
206,14,55,112,207,119,9,186,139,236
206,15,141,117,126,108,38,56,139,127
206,16,248,39,191,227,27,241,226,16
206,17,33,143,50,113,161,99,112,134
206,18,77,249,233,58,73,26,114,246
206,19,186,5,102,254,220,250,95,177
206,20,148,11,53,245,22,154,79,30
206,21,99,246,207,145,134,24,223,143
206,22,160,250,31,178,53,1,117,180
206,23,170,80,2,97,10,202,30,251
206,24,116,178,56,31,91,37,136,139
206,25,208,50,76,250,146,40,106,86
206,26,248,132,222,59,96,55,179,156
206,27,206,139,3,39,38,90,197,62
206,28,74,191,195,122,186,116,4,94
206,29,150,204,69,8,151,244,240,231
206,30,77,64,52,22,61,173,73,97
206,31,95,240,135,59,218,137,138,237
206,32,33,186,96,236,7,49,180,183
206,33,192,5,238,28,151,182,215,58
206,34,16,205,180,246,196,10,144,207
206,35,153,202,235,167,221,14,245,232
206,36,119,188,110,199,181,134,196,149
206,37,8,165,55,6,92,115,199,54
206,38,103,173,159,109,176,117,191,192
206,39,120,25,95,50,230,225,172,118
207,0,163,195,211,236,58,170,73,152
207,1,76,55,164,61,118,125,248,3
207,2,139,91,32,143,118,150,126,64
207,3,22,156,155,167,215,175,243,195
207,4,239,147,134,169,149,29,4,93
207,5,203,189,36,221,48,133,45,108
207,6,205,252,199,193,253,28,85,81
207,7,18,149,130,161,251,34,152,59
207,8,82,231,228,9,158,26,128,200
207,9,159,65,75,52,139,234,48,37
207,10,38,153,227,210,168,239,225,143
207,11,166,28,188,102,240,131,16,215
207,12,200,187,252,36,246,201,123,180
207,13,144,216,133,128,23,150,186,237
207,14,55,85,119,219,139,207,81,152
207,15,193,43,56,227,190,117,158,113
207,16,103,34,1,27,63,108,6,83
207,17,33,80,107,210,69,53,49,226
207,18,8,172,199,239,51,193,77,146
207,19,195,254,95,158,186,235,90,177
207,20,240,17,245,18,148,150,51,139
207,21,121,99,1,71,53,246,238,146
207,22,38,179,104,49,60,69,219,153
207,23,166,28,38,96,31,82,58,22
207,24,184,92,58,122,246,88,187,207
207,25,144,216,146,133,83,52,135,185
207,26,55,217,9,85,207,35,142,236
207,27,82,126,141,227,62,158,190,243
207,28,191,1,89,108,174,215,6,34
207,29,210,69,59,169,53,217,134,34
207,30,8,51,216,58,235,42,113,146
207,31,9,186,195,250,81,236,156,89
207,32,145,28,233,73,160,108,66,16
207,33,106,204,137,24,39,17,66,243
207,34,109,66,108,78,5,154,99,166
207,35,168,126,154,65,217,176,133,134
207,36,25,47,186,233,29,94,84,148
207,37,252,63,172,61,127,243,51,165
207,38,190,11,237,248,253,5,143,83
207,39,140,216,175,22,127,185,152,167
208,0,230,71,77,104,49,225,18,247
208,1,210,12,65,102,142,127,230,172
208,2,245,78,220,181,155,12,85,250
208,3,254,192,162,245,9,217,193,143
208,4,46,111,140,205,204,3,75,223
208,5,227,87,196,154,221,37,80,248
208,6,252,205,0,191,103,247,85,146
208,7,142,175,67,94,163,162,250,224
208,8,240,148,22,158,231,82,24,12
208,9,193,99,159,1,42,175,33,139
208,10,149,61,82,96,153,210,227,33
208,11,139,166,215,230,28,224,144,1
208,12,187,175,10,92,184,48,232,36
208,13,144,128,119,216,255,152,59,34
208,14,55,35,249,9,119,152,236,240
208,15,126,56,141,153,113,62,167,201
208,16,248,207,34,218,27,21,109,249
208,17,33,107,210,80,134,53,113,203
208,18,8,172,193,217,14,249,104,216
208,19,254,158,175,8,250,236,58,21
208,20,245,18,97,197,127,154,177,51
208,21,246,121,71,171,210,175,52,190
208,22,104,121,238,179,48,215,255,94
208,23,129,126,187,100,6,227,177,240
208,24,92,184,243,88,174,62,246,104
208,25,34,63,135,227,114,242,216,186
208,26,9,215,142,35,185,217,81,216
208,27,141,117,127,62,243,126,183,220
208,28,93,248,108,220,83,132,109,27
208,29,59,161,74,73,182,70,146,31
208,30,8,51,193,38,104,178,42,37
208,31,238,160,177,77,186,156,93,236
208,32,233,73,200,66,30,52,64,145
208,33,106,204,128,145,243,137,54,71
208,34,211,108,117,130,184,66,47,77
208,35,217,33,65,133,215,136,166,115
208,36,25,199,84,94,113,127,81,61
208,37,170,17,160,165,187,120,245,61
208,38,17,5,157,254,181,183,155,243
208,39,39,22,153,18,41,143,76,90
209,0,27,169,245,161,21,131,211,82
209,1,163,243,28,119,78,130,115,204
209,2,112,178,9,56,78,32,231,1
209,3,93,9,50,161,124,162,246,114
209,4,204,86,115,166,225,207,226,40
209,5,219,54,125,199,45,179,91,40
209,6,13,86,252,158,5,47,223,85
209,7,194,121,141,114,255,152,189,77
209,8,223,81,241,166,250,39,227,30
209,9,12,71,248,136,122,63,194,246
209,10,203,136,160,60,43,249,236,78
209,11,126,193,22,104,219,34,226,80
209,12,127,68,153,251,78,52,24,235
209,13,161,64,78,167,52,108,57,209
209,14,181,142,160,136,252,54,52,154
209,15,206,72,4,122,243,139,195,62
209,16,205,7,74,170,51,191,37,116
209,17,20,69,115,8,120,60,208,1
209,18,77,204,192,91,127,200,29,205
209,19,54,3,150,4,195,117,152,184
209,20,148,53,133,198,22,180,161,171
209,21,207,99,245,85,134,88,154,35
209,22,160,196,178,39,53,45,168,34
209,23,80,47,111,57,0,194,112,170
209,24,189,31,100,3,87,201,116,2
209,25,130,13,15,250,208,131,121,254
209,26,59,132,65,105,222,252,161,52
209,27,206,122,3,177,157,39,129,87
209,28,7,205,37,98,173,94,111,50
209,29,150,93,34,69,15,20,79,39
209,30,61,146,60,3,52,180,38,77
209,31,154,48,10,160,138,238,168,118
209,32,150,127,163,138,38,231,244,111
209,33,198,60,137,227,64,39,149,38
209,34,32,108,211,164,122,245,160,105
209,35,65,33,215,119,234,213,64,168
209,36,22,137,199,75,113,60,237,229
209,37,165,120,38,133,198,17,102,30
209,38,193,87,157,17,171,159,126,250
209,39,42,251,22,227,175,168,216,182
210,0,25,243,128,204,247,164,13,17
210,1,23,222,30,163,243,17,162,69
210,2,200,232,204,208,168,51,104,234
210,3,200,207,215,45,184,67,173,44
210,4,89,207,178,51,204,137,166,2
210,5,36,40,168,75,48,105,226,96
210,6,252,13,216,232,253,5,48,222
210,7,149,18,130,168,43,77,150,114
210,8,158,228,68,128,82,200,37,34
210,9,91,33,75,234,111,110,159,31
210,10,58,164,119,254,38,143,138,106
210,11,166,184,100,240,55,227,72,30
210,12,36,71,230,82,182,245,95,121
210,13,237,133,69,8,186,150,85,233
210,14,85,168,82,152,80,39,170,221
210,15,143,216,161,91,210,245,224,220
210,16,52,108,6,121,27,161,182,118
210,17,30,225,31,154,182,82,123,40
210,18,8,14,249,56,191,184,26,41
210,19,188,232,213,160,113,177,158,175
210,20,30,229,241,177,25,236,37,101
210,21,121,212,157,146,173,75,111,11
210,22,92,67,71,153,112,73,188,58
210,23,148,129,100,67,227,182,65,6
210,24,179,61,45,236,152,172,184,129
210,25,213,9,122,64,69,233,128,24
210,26,80,228,186,168,13,245,142,192
210,27,127,29,83,196,136,161,68,63
210,28,89,208,108,132,44,6,244,83
210,29,138,31,181,123,161,169,182,203
210,30,120,8,104,178,100,189,184,216
210,31,10,242,236,177,56,254,158,232
210,32,233,66,16,103,43,133,164,30
210,33,137,128,27,25,115,197,99,204
210,34,108,211,66,137,126,99,184,155
210,35,215,65,133,119,81,229,234,213
210,36,199,186,25,170,229,60,116,139
210,37,38,120,110,247,154,137,165,136
210,38,243,193,29,184,83,171,159,140
210,39,193,22,180,95,214,49,59,229
211,0,139,103,28,0,212,217,110,162
211,1,72,6,202,65,141,186,160,115
211,2,51,168,191,200,176,204,152,195
211,3,57,185,184,96,181,45,109,40
211,4,207,204,35,137,225,40,218,26
211,5,36,128,196,240,93,105,216,203
211,6,216,252,13,85,222,240,23,146
211,7,18,149,146,53,215,130,107,189
211,8,158,22,128,148,146,109,82,108
211,9,31,33,99,231,111,159,157,234
211,10,38,245,69,42,149,168,33,239
211,11,166,117,77,224,28,240,123,55
211,12,131,109,10,48,246,36,49,69
211,13,34,144,17,83,59,27,237,133
211,14,85,81,236,206,152,249,112,55
211,15,141,193,69,13,237,91,231,32
211,16,248,1,213,27,23,206,200,66
211,17,33,249,80,165,210,10,77,31
211,18,8,172,38,217,110,178,104,249
211,19,158,41,254,232,236,250,184,102
211,20,18,139,223,230,235,11,51,5
211,21,121,248,246,91,210,51,65,175
211,22,167,231,69,224,188,144,2,255
211,23,46,123,224,45,6,129,16,74
211,24,184,117,104,87,182,113,122,69
211,25,34,9,152,70,201,153,172,254
211,26,244,236,249,34,70,55,129,126
211,27,190,141,137,27,237,136,168,68
211,28,191,1,236,213,115,200,208,83
211,29,210,217,69,107,249,226,227,184
211,30,51,58,8,239,42,167,77,37
211,31,163,19,127,93,236,220,72,149
211,32,108,233,229,69,41,209,30,79
211,33,79,147,125,98,38,115,197,19
211,34,226,66,53,137,126,245,122,242
211,35,33,240,65,115,133,140,213,225
211,36,93,113,144,216,170,75,15,229
211,37,24,5,120,122,172,136,36,141
211,38,40,11,18,184,83,171,29,3
211,39,193,40,37,22,104,7,148,180
212,0,91,145,2,130,118,213,179,196
212,1,184,148,151,247,227,168,39,180
212,2,240,171,244,191,19,146,99,220
212,3,140,142,121,165,231,83,88,198
212,4,151,241,85,230,120,16,108,128
212,5,240,83,112,176,184,30,156,37
212,6,218,0,202,240,121,146,199,9
212,7,142,118,133,175,178,83,121,110
212,8,148,22,158,12,36,149,113,82
212,9,77,99,222,33,38,91,103,228
212,10,23,149,113,210,69,213,245,80
212,11,178,28,243,230,224,26,117,31
212,12,10,21,184,248,149,246,109,112
212,13,34,144,83,65,162,255,207,185
212,14,55,115,248,184,92,247,81,132
212,15,139,90,56,38,141,86,111,227
212,16,91,191,115,186,63,204,1,168
212,17,210,69,161,113,207,39,165,194
212,18,77,58,239,167,104,26,38,181
212,19,186,163,238,208,254,158,90,207
212,20,245,18,158,148,73,124,88,12
212,21,99,145,34,75,246,146,24,83
212,22,53,23,31,153,250,52,167,113
212,23,138,82,40,159,240,84,38,251
212,24,87,32,205,111,37,184,73,36
212,25,4,254,23,207,153,34,9,69
212,26,216,170,255,3,152,206,36,168
212,27,117,38,43,161,105,32,139,190
212,28,91,99,115,4,210,33,204,226
212,29,210,249,69,34,74,138,160,161
212,30,58,51,239,42,213,77,60,224
212,31,163,238,93,115,220,176,232,72
212,32,108,226,35,135,218,45,160,114
212,33,79,0,38,255,137,64,243,177
212,34,74,108,53,171,25,91,99,184
212,35,239,245,33,81,225,64,208,240
212,36,222,144,81,25,76,61,163,113
212,37,5,24,252,218,160,232,86,51
212,38,105,24,150,236,182,18,197,55
212,39,228,180,104,10,168,222,22,226
213,0,190,253,221,235,141,158,177,31
213,1,245,145,180,113,110,246,213,58
213,2,68,244,220,34,171,136,55,57
213,3,190,231,234,64,206,63,97,198
213,4,135,179,234,91,7,0,187,224
213,5,176,145,99,135,37,134,189,124
213,6,0,199,221,252,121,193,198,181
213,7,231,157,99,162,165,118,67,224
213,8,113,158,104,12,218,82,209,236
213,9,116,38,56,118,219,33,195,7
213,10,213,140,13,33,83,210,48,239
213,11,38,35,172,127,200,233,240,23
213,12,87,112,232,93,123,195,122,201
213,13,104,153,241,128,11,233,186,253
213,14,119,80,152,133,70,24,240,168
213,15,113,152,56,91,190,22,224,161
213,16,218,245,16,132,27,89,240,213
213,17,33,134,82,70,171,123,111,227
213,18,235,168,114,249,41,98,27,206
213,19,158,13,220,163,16,6,65,7
213,20,18,245,139,19,97,158,150,30
213,21,116,135,212,209,37,157,34,4
213,22,69,129,29,36,153,212,104,204
213,23,129,110,246,155,46,76,240,205
213,24,184,174,192,36,200,27,37,57
213,25,34,153,247,163,122,186,254,253
213,26,9,249,70,170,142,168,250,188
213,27,190,136,127,161,137,243,255,29
213,28,115,191,132,6,42,240,143,108
213,29,210,108,123,181,109,34,3,138
213,30,58,51,77,224,42,88,235,38
213,31,163,127,133,236,19,220,148,115
213,32,108,226,209,229,45,63,43,114
213,33,79,85,64,38,137,29,10,197
213,34,74,27,108,53,122,211,25,111
213,35,239,27,65,245,33,234,134,222
213,36,222,20,199,132,81,163,233,237
213,37,218,142,223,254,160,105,98,175
213,38,105,131,182,64,83,55,116,3
213,39,186,167,22,94,222,137,164,216
214,0,193,38,20,162,167,54,161,245
214,1,122,117,201,105,58,238,249,84
214,2,208,209,220,128,54,46,68,250
214,3,91,35,220,234,34,120,128,122
214,4,41,179,237,177,159,25,218,80
214,5,159,226,5,221,239,204,101,196
214,6,198,118,134,124,88,214,197,170
214,7,210,67,219,157,109,224,146,162
214,8,113,158,12,69,248,156,166,250
214,9,145,33,116,190,7,91,105,4
214,10,213,6,33,29,231,210,211,212
214,11,224,90,155,28,112,240,249,35
214,12,113,104,79,24,216,152,174,182
214,13,255,161,119,216,71,242,139,221
214,14,150,142,230,112,132,244,207,154
214,15,3,158,117,206,139,228,157,83
214,16,74,191,45,195,24,100,94,224
214,17,8,69,99,30,1,231,72,143
214,18,77,91,64,117,154,73,29,214
214,19,115,59,54,3,95,212,135,94
214,20,148,133,53,22,23,135,36,255
214,21,99,207,233,143,37,1,117,24
214,22,251,53,160,250,108,183,207,116
214,23,80,102,170,10,54,230,97,224
214,24,31,116,10,2,180,59,16,12
214,25,208,131,50,254,183,86,83,222
214,26,132,248,55,73,115,222,101,134
214,27,206,146,139,145,90,3,39,30
214,28,191,74,195,4,12,15,178,186
214,29,69,150,204,177,1,151,8,231
214,30,77,64,73,91,11,97,45,71
214,31,240,95,59,54,88,3,115,91
214,32,33,247,7,236,246,49,186,96
214,33,192,75,72,5,182,28,206,238
214,34,16,252,246,10,206,196,205,68
214,35,235,129,202,218,245,153,116,180
214,36,110,188,119,233,220,163,211,78
214,37,8,163,95,165,103,252,150,86
214,38,103,204,192,191,233,237,50,158
214,39,120,180,222,18,118,223,191,132
215,0,148,0,195,57,248,56,207,12
215,1,72,103,55,129,202,125,161,115
215,2,222,238,68,135,240,67,166,206
215,3,184,207,156,96,181,165,40,223
215,4,207,41,178,32,204,158,226,169
215,5,36,5,105,203,196,211,48,226
215,6,205,5,221,222,146,198,85,223
215,7,18,149,139,251,67,130,224,34
215,8,202,12,97,158,82,245,51,156
215,9,37,33,159,175,25,223,111,110
215,10,38,33,231,42,48,175,2,213
215,11,184,180,166,28,172,91,240,26
215,12,184,10,112,252,69,36,82,187
215,13,34,144,27,17,171,3,225,153
215,14,85,244,55,119,152,80,206,178
215,15,193,168,141,56,32,197,66,113
215,16,115,6,1,103,200,248,34,52
215,17,210,50,59,183,181,10,123,73
215,18,172,217,58,8,239,32,168,222
215,19,65,254,232,136,90,21,220,106
215,20,18,245,154,243,177,253,75,67
215,21,121,210,127,53,246,139,52,184
215,22,167,48,49,44,231,104,43,50
215,23,129,22,90,163,76,155,148,74
215,24,184,41,113,117,192,187,88,152
215,25,34,135,171,177,159,254,63,141
215,26,244,9,31,254,185,24,249,36
215,27,190,136,141,117,108,66,29,184
215,28,191,227,248,6,236,132,44,208
215,29,210,59,183,34,161,69,181,55
215,30,51,40,146,58,32,38,8,239
215,31,90,236,133,222,177,185,238,8
215,32,218,16,41,64,93,45,108,160
215,33,225,147,98,197,137,252,19,66
215,34,108,226,135,99,137,243,171,122
215,35,208,115,133,234,65,168,140,33
215,36,216,233,113,60,150,230,84,75
215,37,24,171,156,120,254,252,54,198
215,38,83,171,125,11,138,29,157,50
215,39,193,37,222,168,57,208,205,216
216,0,230,111,63,186,176,121,46,170
216,1,65,210,102,12,160,142,104,111
216,2,240,195,48,15,69,96,26,18
216,3,121,137,139,71,96,5,141,63
216,4,22,126,111,32,217,56,199,218
216,5,128,203,17,211,226,168,154,83
216,6,0,218,121,85,205,187,134,67
216,7,142,175,157,251,11,65,34,217
216,8,122,148,22,158,154,12,231,200
216,9,25,190,145,75,37,109,159,236
216,10,33,48,167,188,52,210,94,83
216,11,139,35,26,76,240,131,110,180
216,12,169,36,204,82,184,66,246,152
216,13,34,65,85,186,144,133,198,143
216,14,152,206,246,249,168,80,188,153
216,15,91,230,190,197,113,161,231,199
216,16,121,218,27,241,89,100,103,52
216,17,123,70,134,30,239,181,182,163
216,18,51,153,249,216,217,150,12,172
216,19,232,181,136,8,254,13,220,159
216,20,18,11,245,177,101,255,5,154
216,21,121,109,223,37,145,75,4,52
216,22,8,48,115,69,238,129,212,43
216,23,129,224,228,1,76,110,163,246
216,24,184,117,204,192,152,111,27,201
216,25,34,135,152,121,128,254,159,80
216,26,9,70,249,170,168,142,135,87
216,27,136,141,117,190,29,179,247,175
216,28,91,115,108,39,132,6,66,218
216,29,210,34,113,138,69,228,154,163
216,30,58,0,40,224,235,93,193,60
216,31,163,93,177,148,220,90,115,13
216,32,108,130,170,45,135,103,13,41
216,33,43,79,17,115,197,24,25,19
216,34,74,27,32,20,38,6,159,98
216,35,239,168,245,0,27,48,222,140
216,36,222,199,103,85,149,216,163,171
216,37,5,198,72,232,68,74,185,59
216,38,43,37,252,126,222,32,182,248
216,39,21,22,208,223,33,97,191,104
217,0,255,131,15,246,168,34,181,206
217,1,148,136,36,99,229,159,110,218
217,2,231,1,171,138,151,144,73,28
217,3,161,86,68,222,60,127,253,124
217,4,97,50,69,99,176,21,64,48
217,5,234,25,20,244,180,57,200,121
217,6,139,225,78,127,111,231,211,163
217,7,141,241,98,63,213,186,247,200
217,8,81,127,11,139,78,8,235,223
217,9,209,246,248,155,136,213,235,112
217,10,243,185,176,79,150,247,23,127
217,11,128,204,12,135,160,206,108,9
217,12,128,1,251,79,116,68,15,221
217,13,130,118,154,64,108,134,45,182
217,14,167,54,148,51,137,32,214,225
217,15,162,147,58,148,165,242,206,87
217,16,32,205,170,133,250,229,47,28
217,17,87,8,20,89,1,15,76,69
217,18,77,43,204,127,91,89,192,16
217,19,122,26,20,109,75,195,88,183
217,20,23,191,195,116,105,72,186,180
217,21,207,85,88,35,117,209,197,1
217,22,196,160,234,39,116,247,168,43
217,23,47,80,57,111,224,128,45,152
217,24,39,68,81,116,3,164,238,193
217,25,216,130,219,209,153,6,45,86
217,26,137,52,231,167,54,204,131,155
217,27,147,181,3,165,150,206,228,169
217,28,74,170,0,80,205,14,150,210
217,29,150,1,69,36,20,124,186,39
217,30,192,91,77,13,52,119,226,155
217,31,138,122,59,137,207,20,75,88
217,32,33,178,47,255,49,154,252,105
217,33,192,95,81,75,16,62,77,46
217,34,16,141,21,201,160,189,184,122
217,35,167,14,202,36,95,3,38,130
217,36,110,188,149,217,171,17,85,220
217,37,165,8,200,180,212,61,185,12
217,38,103,166,37,206,64,8,252,184
217,39,42,22,10,106,223,104,118,20
218,0,5,205,42,67,198,194,252,131
218,1,31,180,12,96,209,157,37,227
218,2,240,112,125,115,156,192,53,197
218,3,164,194,121,120,21,111,57,185
218,4,22,199,187,62,217,218,84,190
218,5,128,83,17,4,112,196,189,66
218,6,0,218,198,240,121,174,85,187
218,7,157,142,88,224,11,216,45,251
218,8,158,113,22,12,156,96,190,82
218,9,77,222,25,38,43,170,195,37
218,10,210,23,113,33,69,48,83,213
218,11,161,26,178,172,72,123,38,215
218,12,44,87,10,21,27,229,112,246
218,13,34,144,97,11,83,147,4,237
218,14,184,50,20,92,173,248,55,87
218,15,139,189,90,111,158,97,190,128
218,16,91,115,191,204,103,1,168,49
218,17,69,161,210,194,109,56,73,39
218,18,0,58,77,239,104,180,51,125
218,19,163,23,186,254,208,177,158,250
218,20,18,26,245,230,39,113,150,19
218,21,246,126,38,170,121,222,210,117
218,22,69,23,238,36,70,104,239,127
218,23,161,35,28,178,129,240,26,193
218,24,87,27,242,44,200,201,37,184
218,25,104,4,254,34,128,213,27,152
218,26,55,184,50,92,207,9,87,95
218,27,190,141,160,97,137,154,139,247
218,28,115,151,91,255,132,191,174,204
218,29,69,109,210,34,113,138,249,136
218,30,58,0,239,224,51,40,235,27
218,31,163,115,176,192,177,227,81,93
218,32,108,226,130,63,29,135,184,41
218,33,43,79,85,17,153,225,115,67
218,34,74,27,132,241,6,25,38,65
218,35,239,27,0,245,19,168,64,48
218,36,222,20,192,51,163,76,93,149
218,37,5,72,232,86,96,74,24,65
218,38,64,7,143,8,158,196,77,134
218,39,154,186,57,11,17,190,128,60
219,0,132,158,190,125,176,130,253,155
219,1,184,58,122,201,188,117,213,42
219,2,29,27,74,98,85,96,48,53
219,3,91,34,128,35,103,234,115,64
219,4,128,130,183,255,235,205,177,159
219,5,78,47,41,154,152,51,176,189
219,6,60,206,0,121,218,7,199,83
219,7,88,117,118,142,74,216,231,29
219,8,104,113,175,234,56,115,105,164
219,9,239,38,164,170,56,195,191,8
219,10,36,27,113,210,238,23,33,48
219,11,161,23,140,4,178,26,133,233
219,12,93,44,87,242,195,112,74,27
219,13,11,147,4,45,61,97,105,153
219,14,50,184,20,173,51,148,92,124
219,15,147,200,81,189,228,3,86,190
219,16,91,115,133,88,117,108,18,224
219,17,69,76,119,109,172,73,1,30
219,18,77,0,179,113,224,239,57,17
219,19,163,115,116,195,23,186,207,154
219,20,17,113,104,148,19,56,236,73
219,21,38,239,209,126,246,222,117,108
219,22,36,199,23,113,211,238,27,71
219,23,161,172,233,82,19,178,228,56
219,24,93,44,27,87,77,112,255,15
219,25,254,152,118,153,17,4,11,237
219,26,184,9,26,155,95,50,170,142
219,27,154,137,220,68,147,222,128,254
219,28,115,151,204,88,100,236,218,140
219,29,109,34,69,36,57,165,10,113
219,30,58,40,0,224,163,27,75,111
219,31,116,163,177,227,160,242,238,192
219,32,108,226,41,181,63,203,45,67
219,33,93,79,85,43,115,17,137,171
219,34,27,74,186,132,68,108,65,199
219,35,239,27,140,72,134,221,81,245
219,36,20,222,76,192,233,51,232,113
219,37,39,5,252,175,195,232,51,54
219,38,252,222,64,197,98,156,248,149
219,39,186,255,190,226,22,198,88,97
220,0,5,220,53,38,198,44,54,193
220,1,58,122,201,181,188,238,117,152
220,2,49,20,67,85,186,233,245,117
220,3,91,103,34,128,35,41,177,61
220,4,130,213,159,224,81,58,183,41
220,5,78,159,15,239,255,28,47,134
220,6,206,145,7,60,214,97,191,208
220,7,221,145,159,142,88,232,47,180
220,8,113,104,175,80,156,12,250,231
220,9,53,33,91,133,7,159,244,123
220,10,115,227,21,240,104,93,166,96
220,11,253,28,249,168,87,4,51,196
220,12,117,88,212,213,37,104,53,246
220,13,34,15,84,141,5,11,189,4
220,14,55,248,173,219,230,35,247,41
220,15,139,228,93,90,56,117,132,254
220,16,115,191,16,151,48,204,103,39
220,17,69,72,210,249,34,113,161,10
220,18,77,58,60,217,193,233,172,235
220,19,12,115,186,208,90,209,221,95
220,20,11,245,154,148,18,104,150,44
220,21,246,99,184,209,248,213,83,52
220,22,199,213,49,60,80,153,33,37
220,23,129,28,126,215,253,219,110,224
220,24,127,104,122,37,61,230,170,66
220,25,247,153,227,34,221,68,209,139
220,26,207,80,209,35,245,98,170,120
220,27,136,97,29,38,113,127,43,150
220,28,39,16,120,226,218,206,236,132
220,29,246,74,34,169,33,181,106,113
220,30,172,3,40,60,193,47,42,150
220,31,186,242,155,159,129,93,221,185
220,32,52,111,16,63,203,29,82,152
220,33,137,85,17,115,67,3,79,243
220,34,186,223,108,137,25,199,130,14
220,35,236,221,48,152,168,245,213,203
220,36,15,163,170,186,113,220,149,232
220,37,133,102,54,163,141,195,13,160
220,38,138,252,109,159,49,155,236,237
220,39,235,134,198,45,56,81,123,91
221,0,169,173,143,193,7,200,41,182
221,1,189,129,224,172,147,250,112,211
221,2,200,140,20,49,72,67,119,11
221,3,26,230,233,117,73,103,121,119
221,4,187,193,45,205,199,235,144,163
221,5,188,255,78,90,112,230,43,110
221,6,7,208,60,68,65,206,122,103
221,7,117,78,145,142,250,231,176,118
221,8,239,116,113,180,104,148,175,23
221,9,38,53,170,99,191,30,7,126
221,10,238,27,100,157,215,195,93,115
221,11,253,133,39,23,41,149,112,28
221,12,62,53,212,85,102,87,243,44
221,13,11,15,6,105,138,121,34,153
221,14,173,41,70,147,200,91,86,55
221,15,46,228,139,190,168,37,2,136
221,16,35,115,191,151,168,156,24,16
221,17,69,5,210,99,57,131,34,110
221,18,83,58,77,60,170,40,217,74
221,19,12,221,167,115,90,208,120,243
221,20,216,245,18,239,104,113,150,105
221,21,246,38,136,213,83,126,209,7
221,22,118,27,238,199,36,195,22,37
221,23,253,133,249,129,127,90,224,213
221,24,127,200,112,156,242,62,246,85
221,25,104,11,34,17,68,153,247,121
221,26,207,162,9,42,173,70,216,170
221,27,150,97,190,223,38,59,219,43
221,28,35,120,191,226,100,164,206,52
221,29,69,34,74,5,249,165,134,58
221,30,83,60,38,172,47,42,51,40
221,31,221,167,254,129,123,238,1,240
221,32,245,133,68,54,45,52,203,94
221,33,137,136,98,28,115,113,32,248
221,34,116,108,14,132,209,216,25,223
221,35,215,81,164,48,168,209,245,152
221,36,163,94,232,133,15,233,252,113
221,37,133,160,163,165,38,51,172,232
221,38,166,237,138,173,159,252,180,245
221,39,2,45,189,248,127,22,235,223
222,0,211,144,236,62,4,232,111,92
222,1,193,182,198,124,128,215,252,12
222,2,92,60,150,11,86,118,188,141
222,3,155,201,30,22,215,56,172,218
222,4,94,98,216,134,78,73,111,28
222,5,60,58,29,164,175,230,23,255
222,6,43,92,125,213,2,252,183,7
222,7,181,142,243,78,145,175,54,4
222,8,148,22,216,85,158,149,16,82
222,9,99,53,1,254,246,179,15,66
222,10,207,245,195,149,238,7,108,250
222,11,153,253,164,133,28,186,130,10
222,12,212,21,10,228,37,229,62,88
222,13,216,63,15,255,251,183,221,34
222,14,55,173,21,215,35,248,132,107
222,15,248,255,139,136,125,153,90,126
222,16,101,35,191,230,183,166,39,248
222,17,69,210,25,236,161,99,53,74
222,18,83,14,217,74,58,199,100,69
222,19,221,50,233,254,129,1,158,90
222,20,216,18,245,230,82,219,190,236
222,21,246,53,209,210,213,136,156,83
222,22,238,183,29,195,199,95,129,82
222,23,253,249,90,152,153,148,129,219
222,24,62,127,212,142,88,8,174,68
222,25,63,121,17,161,153,216,2,135
222,26,215,216,110,9,162,157,170,29
222,27,136,150,190,160,184,223,59,43
222,28,166,120,248,101,132,230,131,174
222,29,134,34,249,113,25,195,205,51
222,30,60,40,164,235,172,38,83,206
222,31,221,254,10,1,238,13,242,208
222,32,195,146,16,35,245,54,145,66
222,33,97,54,137,37,115,136,38,99
222,34,108,77,137,14,255,212,216,25
222,35,33,241,231,64,48,225,127,0
222,36,75,169,138,234,219,163,113,230
222,37,247,165,245,38,240,125,232,160
222,38,173,222,233,254,245,192,137,53
222,39,45,206,6,80,223,192,128,93
223,0,212,218,40,65,157,136,232,33
223,1,193,40,209,183,96,98,252,166
223,2,9,248,56,35,125,66,118,24
223,3,161,172,30,201,134,218,121,95
223,4,216,123,98,152,4,182,133,156
223,5,213,31,19,18,58,23,148,221
223,6,43,125,53,135,41,59,77,241
223,7,61,169,4,232,243,187,228,250
223,8,157,148,85,216,142,214,22,158
223,9,99,53,120,133,91,231,37,67
223,10,220,153,245,226,206,251,53,250
223,11,247,64,156,133,4,253,101,207
223,12,212,10,228,142,37,252,127,99
223,13,63,34,121,254,42,207,183,216
223,14,107,244,173,81,55,42,200,91
223,15,136,116,139,16,38,0,132,168
223,16,101,166,248,158,186,35,191,162
223,17,69,249,161,23,99,56,34,51
223,18,75,83,63,72,42,60,156,74
223,19,1,34,221,98,207,148,242,50
223,20,18,216,157,245,230,11,42,67
223,21,53,213,194,246,210,136,33,231
223,22,220,49,44,206,43,21,82,118
223,23,4,152,148,253,224,129,90,31
223,24,91,127,167,82,104,216,77,68
223,25,63,17,68,254,161,121,153,207
223,26,244,9,157,186,152,207,154,177
223,27,136,160,150,186,32,219,127,216
223,28,166,6,174,147,90,201,101,248
223,29,216,134,34,136,23,190,12,36
223,30,75,164,166,67,72,40,41,60
223,31,10,238,1,250,235,242,254,208
223,32,116,180,16,245,43,66,196,35
223,33,59,206,182,137,136,98,18,123
223,34,108,137,205,99,14,152,216,2
223,35,65,225,81,64,33,146,15,133
223,36,75,251,224,169,199,186,230,163
223,37,165,247,130,36,144,232,242,17
223,38,173,124,254,222,73,233,137,140
223,39,45,93,235,114,53,223,128,22
224,0,29,134,41,136,36,62,232,163
224,1,101,157,37,193,251,3,83,255
224,2,248,24,139,201,150,77,192,183
224,3,15,164,177,161,113,218,30,14
224,4,216,149,132,152,134,4,23,180
224,5,213,19,29,18,95,31,80,115
224,6,43,53,125,147,135,2,39,241
224,7,4,61,169,187,228,240,78,84
224,8,148,157,85,246,22,149,216,152
224,9,99,231,53,133,240,143,91,233
224,10,250,220,108,245,251,226,7,153
224,11,186,164,4,249,158,241,137,215
224,12,212,10,228,166,142,99,37,246
224,13,63,34,139,177,207,185,83,5
224,14,211,55,173,248,140,107,190,216
224,15,116,127,0,139,228,117,90,38
224,16,101,186,166,213,191,158,183,162
224,17,49,69,249,99,210,51,56,161
224,18,75,99,83,47,58,172,73,146
224,19,254,98,186,238,1,236,207,158
224,20,18,216,245,157,50,230,158,148
224,21,53,246,99,136,143,83,37,194
224,22,95,183,118,245,153,167,211,31
224,23,249,82,73,4,224,148,180,40
224,24,91,88,102,229,37,142,104,113
224,25,216,63,254,5,23,207,251,133
224,26,162,55,216,166,211,207,186,154
224,27,82,117,139,38,190,141,183,79
224,28,186,63,213,138,101,201,162,191
224,29,157,69,30,111,99,244,249,36
224,30,172,216,60,14,24,99,206,164
224,31,238,32,186,235,250,208,155,195
224,32,162,245,35,7,152,217,133,45
224,33,59,103,136,27,5,137,115,62
224,34,108,99,227,166,105,199,234,140
224,35,81,106,225,65,96,102,152,64
224,36,75,48,112,218,31,149,224,140
224,37,165,245,36,144,61,38,102,195
224,38,173,254,222,176,23,248,233,117
224,39,22,167,93,223,17,128,152,109
225,0,211,134,62,151,39,131,161,162
225,1,17,157,206,101,193,37,253,44
225,2,112,136,205,183,192,24,71,94
225,3,14,194,15,138,32,216,229,111
225,4,44,188,234,180,134,73,216,19
225,5,29,19,56,255,42,145,80,240
225,6,53,39,57,43,2,125,9,252
225,7,223,4,206,13,136,169,250,142
225,8,148,22,50,158,12,255,156,216
225,9,246,99,58,53,91,133,37,231
225,10,82,231,19,220,192,37,195,213
225,11,215,249,31,28,4,155,163,186
225,12,212,175,99,228,142,88,91,77
225,13,63,216,242,139,236,255,234,67
225,14,216,81,211,59,230,177,91,133
225,15,82,225,183,136,108,56,33,141
225,16,166,101,63,248,158,48,103,175
225,17,25,164,249,150,161,72,134,227
225,18,99,172,217,100,75,83,14,199
225,19,41,238,186,254,1,114,242,246
225,20,216,139,18,197,127,17,245,11
225,21,246,210,53,201,213,112,136,122
225,22,231,95,22,82,206,195,189,115
225,23,249,4,31,215,148,163,152,90
225,24,91,77,88,62,68,83,167,195
225,25,63,234,216,236,146,243,17,121
225,26,216,154,211,193,71,230,31,207
225,27,82,150,225,136,33,108,247,183
225,28,166,101,186,120,208,44,63,216
225,29,25,164,134,72,74,136,34,157
225,30,83,166,164,3,155,42,60,216
225,31,10,238,235,1,186,177,32,242
225,32,135,180,35,111,203,208,94,118
225,33,234,95,137,98,252,123,239,133
225,34,108,99,216,162,137,228,76,65
225,35,81,33,115,127,64,140,65,155
225,36,127,112,75,229,178,218,84,32
225,37,166,130,120,247,102,179,244,38
225,38,173,159,131,88,117,254,83,3
225,39,22,165,218,216,204,235,171,80
226,0,117,171,146,185,18,187,80,226
226,1,133,169,13,81,104,193,2,66
226,2,249,22,254,136,112,71,183,189
226,3,221,170,216,14,15,134,122,150
226,4,182,8,55,180,139,119,2,60
226,5,29,61,92,19,225,221,240,156
226,6,16,3,43,2,41,9,17,125
226,7,228,206,4,131,54,194,157,250
226,8,112,149,166,250,158,219,12,67
226,9,206,19,66,46,37,91,133,99
226,10,163,82,108,229,220,7,254,153
226,11,18,163,133,186,176,40,116,142
226,12,106,212,112,67,252,228,203,66
226,13,21,254,200,216,121,68,233,67
226,14,80,152,168,81,186,206,170,250
226,15,224,241,61,152,59,140,187,113
226,16,16,218,179,208,48,6,175,149
226,17,237,168,203,40,82,97,25,194
226,18,41,136,9,60,97,6,153,184
226,19,242,255,78,232,158,13,65,113
226,20,216,97,82,25,30,34,177,136
226,21,246,206,19,159,223,196,52,46
226,22,195,92,42,58,181,212,254,82
226,23,129,18,110,227,82,127,215,228
226,24,230,243,121,88,182,69,36,156
226,25,63,153,133,161,69,36,201,236
226,26,186,216,81,178,240,127,217,9
226,27,247,97,29,179,82,220,156,89
226,28,89,179,16,120,208,166,218,248
226,29,168,25,246,228,232,237,74,82
226,30,60,3,235,166,41,67,216,42
226,31,10,235,238,177,105,158,242,32
226,32,89,232,217,180,17,152,82,242
226,33,23,117,214,123,137,124,19,227
226,34,108,110,58,199,223,140,159,216
226,35,81,65,102,200,33,215,64,115
226,36,106,127,253,178,112,229,186,218
226,37,164,218,17,137,165,120,247,144
226,38,136,117,159,63,254,176,181,112
226,39,22,206,45,222,216,235,146,84
227,0,211,151,60,223,50,70,160,245
227,1,153,190,48,119,193,28,163,243
227,2,13,5,185,78,189,30,3,99
227,3,124,253,114,121,204,68,167,127
227,4,48,50,21,31,99,115,64,23
227,5,180,121,234,247,20,57,200,215
227,6,248,24,211,78,225,214,231,111
227,7,209,241,141,98,63,186,247,194
227,8,217,11,127,81,18,223,235,139
227,9,246,112,213,209,210,12,63,135
227,10,160,44,127,43,144,179,203,78
227,11,135,226,58,46,219,96,104,24
227,12,153,68,124,167,79,78,100,120
227,13,132,221,64,57,139,234,78,71
227,14,132,204,54,248,150,191,207,26
227,15,3,206,139,158,38,228,191,117
227,16,74,195,122,191,88,45,94,160
227,17,69,8,1,83,161,151,2,91
227,18,77,91,64,233,171,73,16,200
227,19,54,59,3,135,95,34,152,83
227,20,148,22,53,135,133,247,161,130
227,21,99,245,207,134,231,70,24,214
227,22,160,251,45,53,108,226,34,183
227,23,80,0,54,252,97,160,224,230
227,24,28,148,31,100,2,185,171,6
227,25,131,208,254,83,37,130,138,189
227,26,134,248,151,55,132,115,65,59
227,27,139,206,111,117,177,251,90,134
227,28,176,15,191,37,74,7,205,25
227,29,69,150,63,217,221,39,34,251
227,30,77,97,242,146,181,37,3,224
227,31,133,54,95,3,180,90,63,17
227,32,33,241,215,49,67,68,219,208
227,33,192,72,30,50,208,119,64,213
227,34,16,179,118,254,138,23,134,164
227,35,139,53,202,14,129,130,116,194
227,36,188,154,72,110,22,220,243,101
227,37,29,199,219,8,198,25,165,19
227,38,103,87,159,42,50,138,149,37
227,39,42,166,136,251,80,235,8,222
228,0,128,25,164,247,79,17,100,87
228,1,30,23,162,222,10,253,133,174
228,2,200,232,204,168,136,51,176,46
228,3,45,200,57,185,184,107,252,52
228,4,89,250,35,137,9,204,67,146
228,5,172,36,252,192,3,99,216,112
228,6,28,23,252,141,240,4,2,11
228,7,149,38,18,133,168,190,228,253
228,8,148,32,108,36,158,73,231,219
228,9,31,99,160,107,66,37,177,141
228,10,82,154,226,225,213,245,6,195
228,11,201,184,158,28,70,163,41,10
228,12,10,131,242,230,37,122,203,229
228,13,216,34,243,84,185,139,21,148
228,14,55,92,247,219,173,162,71,152
228,15,97,139,38,197,111,56,53,90
228,16,186,161,201,115,6,120,191,255
228,17,113,134,69,161,53,210,194,203
228,18,172,217,74,58,42,40,83,41
228,19,254,90,186,236,204,238,98,144
228,20,18,17,245,11,231,211,230,200
228,21,246,213,210,184,136,75,83,121
228,22,82,189,115,29,22,213,95,195
228,23,253,31,38,196,28,177,152,131
228,24,91,242,230,6,88,227,200,87
228,25,216,243,34,17,239,221,153,27
228,26,71,92,207,216,152,55,95,170
228,27,97,190,136,154,17,223,247,62
228,28,120,174,35,166,44,100,66,204
228,29,249,134,228,113,186,62,136,10
228,30,60,172,83,41,42,229,184,67
228,31,238,236,220,80,105,8,254,13
228,32,170,54,161,140,180,212,118,244
228,33,132,90,137,0,123,225,28,187
228,34,234,103,108,216,211,20,223,99
228,35,96,203,21,9,225,97,133,115
228,36,93,75,186,105,103,115,94,76
228,37,65,101,179,86,232,42,96,74
228,38,159,166,184,176,207,65,21,117
228,39,117,193,80,10,235,206,155,218
229,0,237,253,208,221,235,61,141,190
229,1,151,75,46,155,62,68,47,184
229,2,210,59,109,155,70,14,164,17
229,3,12,91,130,35,77,34,128,37
229,4,214,95,15,128,102,142,222,96
229,5,176,239,112,51,204,37,175,113
229,6,43,206,93,123,9,44,2,41
229,7,112,231,54,216,232,205,228,157
229,8,113,149,156,158,69,73,253,105
229,9,203,38,116,37,195,219,35,191
229,10,82,50,13,100,28,191,210,198
229,11,133,233,186,163,131,25,159,57
229,12,87,112,93,37,27,242,69,252
229,13,21,216,207,11,254,196,152,225
229,14,81,91,70,200,152,99,104,186
229,15,168,27,56,59,190,89,113,34
229,16,218,120,255,16,168,132,204,174
229,17,34,138,111,113,194,232,203,237
229,18,75,60,40,37,42,74,38,3
229,19,250,72,232,255,254,158,236,242
229,20,216,18,245,113,150,106,211,36
229,21,246,116,52,33,34,124,91,53
229,22,29,11,215,115,36,208,69,210
229,23,129,249,226,90,172,38,240,110
229,24,127,201,200,242,112,117,27,170
229,25,17,146,153,152,193,247,68,69
229,26,9,170,95,216,55,152,79,168
229,27,247,184,190,137,97,127,117,224
229,28,115,120,132,174,66,44,220,236
229,29,109,210,196,34,113,55,69,108
229,30,58,224,77,172,74,51,235,38
229,31,116,192,127,105,220,238,115,165
229,32,108,67,226,63,30,163,137,229
229,33,79,93,85,243,67,137,60,39
229,34,27,53,108,211,122,105,160,74
229,35,239,118,234,38,134,81,168,222
229,36,222,76,63,233,20,103,224,170
229,37,53,71,92,175,243,165,233,42
229,38,149,83,222,161,131,109,98,252
229,39,186,206,86,97,22,91,190,127
230,0,53,38,244,44,176,54,17,215
230,1,122,58,201,246,117,238,105,181
230,2,54,0,220,172,154,73,155,85
230,3,49,91,220,12,250,68,5,183
230,4,213,159,247,120,237,249,72,41
230,5,239,159,203,255,160,229,226,5
230,6,214,206,164,191,85,41,63,53
230,7,221,237,241,136,112,232,143,219
230,8,113,30,156,158,250,82,248,200
230,9,171,113,201,33,223,91,159,80
230,10,22,29,166,211,227,189,231,145
230,11,57,196,249,253,90,129,163,28
230,12,127,79,216,77,142,113,24,235
230,13,52,78,216,57,146,119,35,167
230,14,132,248,244,150,12,54,112,9
230,15,206,3,117,139,122,90,13,29
230,16,74,37,191,94,195,205,7,31
230,17,69,8,208,120,99,63,177,34
230,18,77,91,171,208,233,64,73,232
230,19,54,3,59,152,115,19,171,117
230,20,148,53,135,133,22,171,30,161
230,21,99,207,245,134,49,143,85,70
230,22,53,251,160,250,178,235,168,45
230,23,80,170,0,97,54,50,217,202
230,24,31,2,116,37,180,100,189,198
230,25,208,50,250,131,40,2,130,4
230,26,248,132,222,101,55,115,35,22
230,27,206,146,3,90,39,145,197,122
230,28,74,195,15,191,4,178,7,12
230,29,150,177,204,69,151,120,8,231
230,30,77,64,73,91,146,11,57,22
230,31,3,240,59,115,135,54,243,178
230,32,33,7,247,186,236,96,230,148
230,33,192,5,182,206,28,75,238,72
230,34,16,211,205,246,196,6,206,108
230,35,235,202,236,116,180,167,221,153
230,36,188,110,78,245,252,119,172,233
230,37,163,165,92,119,212,86,54,185
230,38,109,159,117,192,103,252,173,207
230,39,120,206,25,151,41,91,20,22
231,0,173,169,40,143,58,22,7,6
231,1,129,172,224,147,189,112,142,250
231,2,102,174,181,154,197,141,125,200
231,3,245,5,137,193,19,158,21,73
231,4,199,187,41,57,86,122,140,0
231,5,248,29,166,15,5,17,211,226
231,6,208,96,198,0,85,13,103,205
231,7,142,88,145,219,232,136,221,157
231,8,122,148,149,22,158,255,166,12
231,9,121,159,145,99,91,43,182,52
231,10,96,48,182,27,168,33,29,231
231,11,23,133,149,109,139,26,140,1
231,12,207,112,229,87,36,111,69,182
231,13,128,34,80,9,225,110,69,85
231,14,35,55,236,107,173,120,87,139
231,15,48,190,117,184,168,158,56,239
231,16,101,27,48,191,218,186,115,103
231,17,53,134,182,212,161,99,231,30
231,18,160,193,104,249,107,5,38,52
231,19,254,186,158,148,242,236,232,13
231,20,216,245,150,19,122,39,30,18
231,21,53,121,246,30,37,210,4,52
231,22,76,127,8,44,70,182,129,11
231,23,129,249,228,73,92,76,219,159
231,24,214,200,117,122,36,112,201,156
231,25,254,34,69,153,4,68,152,135
231,26,9,170,168,215,200,35,216,87
231,27,117,190,127,231,247,141,184,223
231,28,101,248,191,89,132,175,6,103
231,29,74,69,34,232,45,180,210,134
231,30,74,172,58,235,8,146,199,38
231,31,165,10,236,127,242,214,133,8
231,32,137,67,52,233,63,163,44,180
231,33,79,30,87,137,204,218,17,243
231,34,108,138,25,68,66,65,122,243
231,35,69,133,81,234,65,146,107,154
231,36,75,63,94,113,186,47,170,133
231,37,218,165,252,137,171,148,42,51
231,38,110,252,159,166,107,229,83,161
231,39,226,235,132,76,222,64,97,4
232,0,148,195,0,120,224,254,217,207
232,1,135,55,79,115,108,248,170,241
232,2,173,132,32,174,239,19,237,101
232,3,184,194,109,107,22,93,96,147
232,4,56,250,107,199,86,132,26,9
232,5,36,189,112,5,246,209,196,87
232,6,199,145,13,23,117,252,223,146
232,7,18,149,142,136,145,219,190,251
232,8,148,231,108,12,154,22,202,82
232,9,31,99,159,111,37,145,8,177
232,10,38,76,10,195,231,213,250,33
232,11,184,166,77,28,117,180,118,155
232,12,131,10,109,198,137,112,249,37
232,13,144,34,152,21,185,254,240,27
232,14,55,85,247,42,162,92,186,120
232,15,97,193,38,197,43,139,90,245
232,16,6,1,115,191,103,226,186,118
232,17,53,134,113,10,210,138,247,123
232,18,74,58,8,217,172,41,235,25
232,19,254,186,232,175,16,21,149,106
232,20,18,245,154,230,177,5,236,211
232,21,121,246,201,213,190,136,210,139
232,22,22,50,69,92,238,82,203,215
232,23,129,155,38,28,58,149,73,21
232,24,142,246,200,112,87,69,141,100
232,25,34,135,44,177,2,17,254,133
232,26,209,9,142,215,219,200,55,56
232,27,190,247,97,136,17,141,29,150
232,28,120,200,6,158,48,27,175,207
232,29,86,10,134,74,184,246,143,167
232,30,74,42,41,67,235,58,172,165
232,31,10,8,220,236,168,21,156,185
232,32,137,233,52,135,163,93,49,45
232,33,30,147,225,137,87,255,13,34
232,34,108,226,25,65,125,2,162,6
232,35,65,130,200,140,80,162,206,246
232,36,130,75,127,81,85,86,149,240
232,37,171,252,120,254,156,148,69,253
232,38,73,83,241,228,131,171,157,164
232,39,222,80,216,90,76,193,196,161
233,0,243,230,133,114,170,103,213,182
233,1,111,169,12,235,65,6,247,104
233,2,69,171,48,240,44,132,19,50
233,3,219,42,190,252,90,143,162,192
233,4,22,246,56,202,199,218,204,145
233,5,240,189,173,93,128,196,167,214
233,6,85,134,0,216,146,115,197,48
233,7,219,17,157,232,153,136,128,215
233,8,122,242,68,248,37,149,250,158
233,9,109,190,145,238,245,236,111,46
233,10,30,174,112,94,181,58,16,153
233,11,21,182,77,165,1,240,113,190
233,12,68,24,216,79,152,127,45,90
233,13,161,209,139,35,64,71,57,167
233,14,150,71,209,97,229,254,216,207
233,15,72,117,82,132,29,93,191,158
233,16,224,74,18,0,213,48,165,175
233,17,8,99,30,175,138,69,161,159
233,18,77,24,73,64,232,65,17,216
233,19,54,59,115,3,135,159,207,209
233,20,148,53,247,22,133,182,30,168
233,21,99,207,134,22,143,37,214,230
233,22,160,116,250,53,207,251,178,183
233,23,80,54,97,56,2,61,102,50
233,24,116,37,31,2,10,87,201,122
233,25,208,216,23,254,4,86,222,37
233,26,248,132,55,252,73,134,96,200
233,27,139,206,100,146,3,190,122,177
233,28,191,74,24,195,228,47,186,12
233,29,69,150,8,204,177,151,251,60
233,30,77,64,73,91,97,5,11,17
233,31,95,240,135,137,59,54,115,248
233,32,33,236,247,156,47,35,246,198
233,33,192,72,23,81,63,113,168,22
233,34,16,247,25,246,252,14,203,65
233,35,202,167,254,235,130,236,220,232
233,36,188,119,110,220,149,80,233,176
233,37,219,165,199,103,8,185,54,86
233,38,103,173,37,159,149,192,117,150
233,39,120,25,41,151,222,132,153,230
234,0,60,169,228,207,170,137,248,104
234,1,119,21,31,82,28,163,243,161
234,2,237,45,160,69,177,231,13,203
234,3,132,107,252,114,204,143,68,246
234,4,185,246,22,46,145,176,86,57
234,5,189,76,106,234,128,112,227,243
234,6,191,85,176,199,119,217,13,221
234,7,247,241,25,114,206,194,232,45
234,8,68,166,37,158,248,30,138,242
234,9,155,122,248,246,194,238,209,136
234,10,60,44,203,236,160,79,249,136
234,11,22,126,193,34,96,226,219,152
234,12,153,127,78,68,247,124,251,235
234,13,130,161,167,64,52,209,57,108
234,14,136,181,9,252,138,142,160,54
234,15,206,4,29,243,3,122,72,190
234,16,205,74,37,7,51,26,170,191
234,17,115,69,20,120,8,208,60,118
234,18,77,204,208,200,192,91,29,127
234,19,54,3,152,4,94,195,171,83
234,20,148,53,133,22,198,161,135,130
234,21,99,245,207,85,134,88,248,154
234,22,196,160,229,39,34,45,178,168
234,23,80,0,111,83,97,108,160,172
234,24,100,189,3,87,31,111,2,185
234,25,130,2,131,250,254,237,67,121
234,26,105,59,65,252,195,170,197,200
234,27,206,122,45,180,160,139,3,163
234,28,37,173,210,164,204,15,205,67
234,29,18,34,150,121,69,134,79,36
234,30,38,77,180,3,42,75,193,172
234,31,10,154,168,177,1,242,8,102
234,32,217,222,163,176,210,81,203,100
234,33,227,198,236,13,137,173,150,208
234,34,108,234,214,122,117,199,42,32
234,35,215,33,225,105,38,140,23,134
234,36,121,127,113,86,229,218,150,32
234,37,170,120,148,165,42,69,17,128
234,38,149,159,83,229,241,157,183,243
234,39,193,39,22,249,27,175,136,64
235,0,27,245,161,170,149,36,176,52
235,1,163,28,119,78,243,215,21,130
235,2,204,104,131,69,192,78,81,214
235,3,68,124,49,127,162,237,204,240
235,4,48,141,64,50,99,31,21,176
235,5,180,57,121,20,247,234,201,25
235,6,24,231,248,211,225,127,163,139
235,7,141,209,63,98,186,247,213,148
235,8,217,8,127,81,235,78,11,223
235,9,246,209,248,155,112,72,213,136
235,10,79,243,150,185,127,160,176,236
235,11,128,204,12,108,160,206,9,135
235,12,1,192,39,251,209,145,221,128
235,13,182,118,134,154,108,130,202,95
235,14,160,32,137,52,51,148,159,155
235,15,204,148,58,87,165,242,162,72
235,16,205,170,252,80,28,130,32,40
235,17,20,64,15,87,211,35,115,0
235,18,43,134,89,127,131,155,13,169
235,19,150,215,20,26,75,229,30,122
235,20,191,186,23,72,195,115,159,116
235,21,47,197,88,207,161,35,85,73
235,22,196,234,160,91,150,39,14,168
235,23,57,3,111,106,47,128,80,160
235,24,161,220,81,39,38,192,18,177
235,25,13,130,58,93,6,134,45,182
235,26,52,59,137,231,10,106,167,159
235,27,165,181,147,87,162,242,58,217
235,28,80,170,150,35,111,28,252,106
235,29,150,20,124,36,153,158,0,11
235,30,61,192,226,13,111,180,134,133
235,31,154,138,20,160,26,177,86,167
235,32,252,205,178,105,163,170,184,183
235,33,149,198,77,39,140,60,71,251
235,34,164,32,108,122,160,201,234,192
235,35,119,200,33,209,38,140,215,64
235,36,22,60,127,137,75,31,235,165
235,37,165,24,198,133,120,25,130,69
235,38,87,193,159,140,23,222,6,138
235,39,193,80,22,97,251,235,227,42
236,0,25,243,128,204,247,17,13,164
236,1,23,222,30,162,163,243,69,114
236,2,200,204,168,232,208,51,130,104
236,3,185,57,45,184,207,200,107,53
236,4,89,250,35,204,178,207,137,238
236,5,36,252,192,75,160,226,40,196
236,6,48,253,146,141,28,109,252,222
236,7,149,18,253,150,251,219,168,145
236,8,231,68,108,205,138,5,158,80
236,9,31,160,99,190,37,231,177,111
236,10,38,251,154,82,225,195,153,58
236,11,77,166,117,184,240,26,129,40
236,12,109,198,131,10,82,248,246,182
236,13,254,17,9,34,127,237,153,149
236,14,85,55,81,92,168,236,120,45
236,15,43,97,143,247,117,245,105,151
236,16,218,121,108,215,44,103,131,6
236,17,161,184,119,138,74,247,69,163
236,18,97,8,51,196,14,246,60,193
236,19,54,186,168,160,90,8,77,255
236,20,245,18,80,247,30,88,17,2
236,21,121,99,71,160,213,37,177,204
236,22,251,221,168,226,121,38,45,33
236,23,58,244,224,230,0,91,77,123
236,24,109,148,242,87,27,248,31,243
236,25,64,254,153,55,172,117,8,69
236,26,92,3,9,85,168,170,240,135
236,27,154,70,141,143,220,128,228,62
236,28,175,132,245,15,208,30,215,114
236,29,74,121,255,3,71,34,246,36
236,30,42,229,38,216,172,60,40,235
236,31,56,214,156,242,105,220,251,65
236,32,170,205,114,79,217,244,177,190
236,33,79,25,123,99,227,137,115,13
236,34,108,126,201,234,245,189,228,111
236,35,33,219,119,203,234,246,200,88
236,36,186,81,63,130,178,12,170,30
236,37,5,24,137,247,17,189,133,4
236,38,160,171,187,85,155,0,83,11
236,39,193,40,22,235,4,180,208,128
237,0,9,91,101,227,118,119,35,196
237,1,210,227,199,247,184,151,12,39
237,2,168,19,44,204,171,214,114,152
237,3,183,77,45,76,88,53,89,78
237,4,150,19,241,151,191,83,190,17
237,5,190,29,214,240,189,196,226,89
237,6,0,218,20,240,28,121,227,85
237,7,142,34,54,13,224,250,111,145
237,8,148,22,163,156,175,158,152,44
237,9,77,99,121,103,37,111,91,52
237,10,96,149,250,251,54,213,215,170
237,11,77,249,178,230,221,26,25,123
237,12,198,109,10,149,48,229,32,248
237,13,34,144,177,216,185,83,139,128
237,14,55,173,81,71,133,59,42,184
237,15,117,168,139,90,111,197,43,97
237,16,115,186,191,48,213,112,103,132
237,17,247,161,210,113,134,69,165,112
237,18,193,58,172,47,41,206,217,156
237,19,254,186,118,208,158,232,236,195
237,20,245,18,11,217,26,216,82,39
237,21,246,75,213,170,53,121,52,212
237,22,43,50,104,167,69,215,203,48
237,23,129,219,155,38,73,215,91,126
237,24,142,127,184,214,117,104,122,172
237,25,34,5,63,128,9,186,17,177
237,26,9,215,55,35,133,8,170,107
237,27,117,247,190,127,243,141,160,137
237,28,245,208,16,220,213,175,115,50
237,29,74,247,210,123,31,232,138,136
237,30,172,58,174,38,193,51,60,75
237,31,236,186,242,98,254,182,232,8
237,32,108,82,52,184,190,66,114,16
237,33,79,243,227,137,123,3,169,248
237,34,108,135,53,111,140,201,137,160
237,35,203,33,12,230,201,60,246,240
237,36,123,196,177,84,116,81,127,216
237,37,137,5,13,53,17,139,252,243
237,38,171,227,114,167,160,3,66,40
237,39,228,167,196,79,61,199,114,104
238,0,190,253,221,235,141,64,177,158
238,1,179,113,203,7,145,73,217,100
238,2,127,98,109,239,220,104,123,183
238,3,115,82,63,194,190,234,78,120
238,4,17,177,127,91,85,245,183,30
238,5,29,37,176,212,101,196,28,238
238,6,0,121,198,221,117,85,199,244
238,7,142,34,54,231,157,45,224,103
238,8,113,104,175,166,12,158,156,149
238,9,170,116,38,219,56,182,145,91
238,10,29,48,33,13,210,239,83,188
238,11,23,38,28,35,123,76,73,127
238,12,87,112,182,123,122,111,172,152
238,13,128,153,186,106,85,254,216,88
238,14,80,152,168,236,206,246,250,153
238,15,247,224,216,161,113,91,210,152
238,16,16,218,227,245,29,240,66,27
238,17,134,227,111,182,30,247,34,194
238,18,193,172,168,184,217,249,235,41
238,19,236,158,186,254,242,255,250,98
238,20,11,18,97,223,177,245,216,87
238,21,113,33,184,190,167,52,175,91
238,22,58,69,75,76,112,183,29,33
238,23,129,46,38,67,73,110,100,6
238,24,243,192,182,45,172,156,117,152
238,25,63,17,54,150,186,85,59,247
238,26,9,191,240,206,80,81,79,36
238,27,127,184,247,160,137,161,222,151
238,28,248,249,226,132,253,218,143,240
238,29,123,195,31,210,202,169,55,181
238,30,58,38,42,224,37,178,113,184
238,31,242,108,131,238,186,159,236,182
238,32,108,52,226,66,114,82,43,49
238,33,79,85,243,169,137,3,210,17
238,34,108,27,74,140,201,126,53,199
238,35,239,118,33,225,134,203,222,195
238,36,222,54,94,81,177,37,165,163
238,37,160,137,139,159,225,175,128,140
238,38,156,149,222,3,157,131,171,185
238,39,186,167,22,94,39,183,206,93
239,0,193,20,38,162,54,244,76,161
239,1,122,117,179,201,105,84,158,152
239,2,239,127,46,173,43,64,154,220
239,3,220,120,234,90,61,122,74,178
239,4,218,237,41,145,25,177,80,204
239,5,68,226,239,35,141,168,62,5
239,6,199,164,214,85,134,193,28,198
239,7,109,219,153,239,155,114,206,45
239,8,113,30,166,197,158,154,248,12
239,9,155,190,175,146,171,33,136,145
239,10,44,22,43,189,96,145,211,29
239,11,196,249,22,126,28,90,224,4
239,12,79,235,127,52,142,91,77,113
239,13,52,119,216,146,78,5,236,34
239,14,248,132,21,54,222,112,134,72
239,15,206,90,139,3,38,122,117,158
239,16,191,74,195,37,94,24,122,178
239,17,69,8,244,177,151,83,72,208
239,18,77,233,64,208,91,200,29,26
239,19,54,3,135,59,95,34,19,190
239,20,148,22,135,53,247,122,133,161
239,21,245,99,22,71,37,49,214,143
239,22,251,160,226,45,108,199,250,182
239,23,80,0,54,230,40,102,58,224
239,24,31,185,148,171,198,28,10,6
239,25,131,83,91,1,254,153,208,218
239,26,248,134,55,115,132,35,151,208
239,27,139,111,90,145,92,190,228,117
239,28,176,191,74,15,37,12,1,7
239,29,69,150,63,177,217,196,151,251
239,30,77,224,97,242,57,58,146,111
239,31,95,133,3,54,180,127,206,191
239,32,33,215,67,241,7,108,208,175
239,33,192,50,72,119,51,5,208,66
239,34,16,254,179,118,123,23,236,76
239,35,53,139,202,116,194,14,130,232
239,36,110,188,154,135,220,119,149,101
239,37,199,8,165,219,29,207,129,109
239,38,103,207,109,191,138,117,159,222
239,39,120,25,172,230,136,235,41,132
240,0,163,195,211,58,236,170,73,152
240,1,76,164,61,55,118,125,3,83
240,2,139,91,118,126,150,64,77,104
240,3,22,156,155,215,175,195,18,66
240,4,239,169,93,158,207,4,252,204
240,5,168,93,203,45,36,96,221,133
240,6,252,205,85,28,222,216,193,253
240,7,18,152,149,114,130,239,219,153
240,8,82,231,97,228,109,215,201,34
240,9,5,242,108,111,167,75,123,175
240,10,153,239,119,174,15,112,204,67
240,11,8,100,67,6,217,182,68,190
240,12,238,129,182,170,90,231,130,66
240,13,130,95,23,69,150,79,133,143
240,14,54,134,248,252,115,237,33,204
240,15,139,227,243,90,3,85,206,129
240,16,102,59,191,230,51,74,165,95
240,17,69,8,233,161,91,238,204,80
240,18,77,176,52,233,64,232,117,154
240,19,95,135,129,240,90,177,35,60
240,20,148,247,53,161,150,195,10,22
240,21,99,71,22,230,174,177,150,141
240,22,207,160,116,246,149,251,93,227
240,23,80,54,61,97,184,165,134,55
240,24,148,185,87,38,12,238,2,116
240,25,216,13,130,64,221,208,23,95
240,26,35,55,54,142,134,125,96,95
240,27,139,117,206,150,125,228,154,126
240,28,74,12,230,191,248,220,176,37
240,29,150,36,69,106,112,121,59,138
240,30,172,180,61,38,60,46,104,39
240,31,154,10,90,56,158,242,181,155
240,32,52,160,30,145,35,66,244,211
240,33,204,137,39,243,27,227,38,169
240,34,108,99,66,245,109,184,105,46
240,35,215,133,248,65,225,130,199,134
240,36,233,31,161,75,190,229,186,150
240,37,165,133,102,148,120,252,240,42
240,38,190,159,157,117,5,237,83,23
240,39,140,216,22,127,235,185,6,175
241,0,230,71,104,49,77,18,225,247
241,1,210,12,65,102,142,230,127,172
241,2,245,78,220,181,155,12,85,250
241,3,254,192,162,217,9,143,153,193
241,4,46,111,140,204,3,223,145,252
241,5,227,211,196,203,221,226,156,37
241,6,252,247,85,191,103,146,109,189
241,7,67,162,153,94,114,250,163,224
241,8,240,22,158,37,97,149,231,82
241,9,123,175,159,33,111,237,162,37
241,10,140,153,75,254,52,204,85,112
241,11,139,240,215,100,84,159,182,21
241,12,123,209,187,136,92,156,112,232
241,13,59,128,85,237,24,186,133,9
241,14,36,168,240,199,210,80,246,55
241,15,56,201,105,113,126,167,152,224
241,16,207,218,27,6,240,108,109,226
241,17,33,134,80,24,203,227,53,165
241,18,104,41,249,222,184,25,114,231
241,19,158,8,242,156,160,105,21,131
241,20,97,150,216,30,177,2,136,34
241,21,246,175,75,109,53,87,223,51
241,22,94,238,153,6,121,58,85,188
241,23,129,126,187,100,46,196,165,21
241,24,104,118,88,92,133,117,192,243
241,25,63,9,55,59,150,122,88,233
241,26,9,215,36,33,35,185,157,236
241,27,141,127,220,183,29,117,223,184
241,28,83,108,44,220,109,248,93,165
241,29,59,146,31,123,138,195,247,55
241,30,8,38,74,51,60,178,37,104
241,31,10,165,238,177,105,58,160,186
241,32,52,233,16,43,200,135,212,35
241,33,106,204,137,145,27,255,99,239
241,34,108,117,184,211,122,76,77,137
241,35,166,33,133,215,200,38,217,123
241,36,81,31,127,113,182,150,25,138
241,37,170,245,187,120,17,165,54,148
241,38,117,159,181,17,157,72,194,254
241,39,193,39,115,90,22,76,19,153
242,0,27,245,169,161,21,131,82,211
242,1,163,243,28,119,78,130,115,212
242,2,112,178,9,56,78,231,1,32
242,3,9,161,50,124,246,162,114,93
242,4,48,115,31,204,50,86,226,47
242,5,180,20,121,57,234,54,17,247
242,6,231,211,111,24,248,225,214,190
242,7,141,63,209,98,186,143,247,241
242,8,18,127,78,81,217,8,197,223
242,9,209,246,248,155,136,72,12,112
242,10,79,127,160,236,203,44,243,179
242,11,135,204,12,219,96,46,126,22
242,12,153,68,251,247,124,78,91,24
242,13,130,64,132,108,161,71,167,95
242,14,54,161,142,207,204,160,155,252
242,15,206,72,3,139,4,122,129,100
242,16,74,205,170,7,32,37,51,88
242,17,115,8,69,60,15,93,91,1
242,18,77,192,91,204,205,246,226,60
242,19,59,3,54,115,117,4,137,171
242,20,148,53,133,22,233,161,168,152
242,21,207,99,85,70,245,67,134,233
242,22,160,251,53,250,29,79,41,178
242,23,80,170,50,171,111,47,194,97
242,24,116,31,176,237,18,65,3,4
242,25,208,45,37,86,131,130,254,50
242,26,132,59,115,248,22,35,68,156
242,27,206,146,177,3,145,147,169,122
242,28,191,74,12,88,37,195,7,0
242,29,1,150,69,204,177,216,93,36
242,30,77,91,97,146,60,64,73,61
242,31,59,88,115,138,240,3,225,238
242,32,33,247,47,105,236,154,163,230
242,33,192,72,81,95,227,60,202,198
242,34,16,246,164,105,108,6,196,160
242,35,202,14,254,100,38,235,16,20
242,36,188,146,110,78,165,80,22,151
242,37,165,8,103,120,184,85,69,180
242,38,190,193,88,159,173,138,117,103
242,39,42,10,8,175,172,76,41,142
243,0,25,128,247,243,13,164,17,204
243,1,23,222,30,163,243,69,215,114
243,2,200,232,168,51,204,208,176,122
243,3,184,200,207,45,215,67,185,66
243,4,89,207,137,250,204,166,178,35
243,5,36,40,168,75,48,240,116,37
243,6,252,48,253,28,4,13,101,162
243,7,149,18,121,255,114,168,130,150
243,8,34,5,158,155,200,97,215,228
243,9,111,160,5,108,167,212,74,80
243,10,153,58,67,112,254,119,239,232
243,11,100,67,56,65,6,227,166,228
243,12,235,238,68,24,129,90,170,130
243,13,161,71,95,64,132,209,69,213
243,14,138,155,142,54,150,82,16,45
243,15,100,206,3,139,143,38,121,164
243,16,74,95,250,73,167,233,122,110
243,17,8,229,69,161,30,238,124,220
243,18,77,176,16,155,64,91,182,117
243,19,137,135,59,95,148,34,83,54
243,20,148,72,22,53,133,98,161,245
243,21,99,207,134,7,88,34,65,37
243,22,116,160,26,119,250,178,123,227
243,23,80,17,51,97,170,61,45,54
243,24,68,2,222,116,178,238,37,148
243,25,208,189,222,13,23,166,216,250
243,26,96,235,78,252,138,248,26,54
243,27,139,206,3,244,89,100,131,26
243,28,191,63,41,50,175,167,66,100
243,29,161,74,150,10,69,216,79,36
243,30,180,39,38,216,60,61,104,113
243,31,10,154,195,220,155,250,207,90
243,32,233,8,133,35,30,52,217,205
243,33,204,27,125,241,197,137,99,128
243,34,66,108,138,179,184,105,137,99
243,35,215,133,225,162,65,81,33,38
243,36,186,170,237,215,97,31,94,199
243,37,120,38,149,133,171,165,170,137
243,38,243,159,42,73,207,83,236,72
243,39,193,208,22,123,204,229,180,57
244,0,217,139,103,224,0,162,28,207
244,1,237,168,220,90,161,41,115,116
244,2,168,51,196,152,137,204,200,195
244,3,57,184,185,96,181,234,72,248
244,4,35,137,204,117,225,207,218,40
244,5,36,240,196,128,173,149,93,63
244,6,216,13,85,48,222,17,9,244
244,7,18,149,53,146,215,107,150,84
244,8,158,146,215,109,12,34,97,228
244,9,31,111,231,162,33,175,159,51
244,10,210,239,112,75,204,38,140,58
244,11,166,240,100,77,224,227,123,6
244,12,131,109,36,136,48,227,121,49
244,13,106,9,128,186,237,85,59,239
244,14,85,236,81,152,206,168,120,192
244,15,199,210,91,231,143,216,167,161
244,16,218,226,208,6,27,44,121,83
244,17,33,182,134,227,165,203,31,40
244,18,120,249,168,51,14,26,41,178
244,19,158,242,232,156,32,177,160,8
244,20,18,11,30,87,88,34,165,241
244,21,121,167,51,157,196,223,108,173
244,22,73,92,2,112,67,153,204,254
244,23,100,6,67,129,110,46,198,227
244,24,66,172,117,45,170,184,36,104
244,25,9,133,25,85,69,106,17,150
244,26,188,9,15,234,69,170,98,206
244,27,247,136,62,190,127,223,161,212
244,28,200,249,208,42,36,206,44,226
244,29,210,113,123,146,138,255,181,32
244,30,42,38,104,51,37,98,60,216
244,31,105,242,176,90,93,163,232,238
244,32,108,218,212,72,205,103,91,114
244,33,0,79,27,137,60,25,123,140
244,34,53,126,242,108,122,245,100,137
244,35,119,234,215,33,203,208,133,246
244,36,75,93,81,216,94,30,237,61
244,37,5,24,247,120,100,137,136,17
244,38,73,57,171,40,126,227,187,44
244,39,193,40,22,104,196,206,79,66
245,0,91,145,118,2,130,213,229,227
245,1,184,148,247,168,227,151,104,39
245,2,69,171,73,146,179,1,19,220
245,3,165,140,204,83,65,254,142,59
245,4,151,128,241,85,230,30,130,117
245,5,176,240,30,112,156,184,75,203
245,6,0,218,146,189,199,202,121,9
245,7,112,118,121,162,157,83,224,239
245,8,12,158,149,215,97,82,248,37
245,9,37,237,91,33,146,190,219,175
245,10,140,210,85,69,143,254,158,204
245,11,243,84,172,159,240,26,123,38
245,12,112,87,232,117,104,246,133,123
245,13,133,186,193,85,24,237,233,173
245,14,168,80,240,206,39,13,199,36
245,15,161,152,91,190,247,199,230,210
245,16,227,16,218,245,27,166,29,240
245,17,171,182,247,134,203,181,113,82
245,18,38,174,235,26,104,196,252,249
245,19,186,238,158,6,255,94,254,90
245,20,11,216,18,165,245,30,139,34
245,21,117,53,33,37,219,190,34,146
245,22,69,29,153,36,8,212,239,53
245,23,129,249,110,196,1,31,182,246
245,24,243,184,152,37,181,27,95,111
245,25,34,247,246,153,254,236,163,59
245,26,9,35,170,234,188,249,13,215
245,27,247,190,137,175,117,127,34,93
245,28,191,93,115,200,6,42,204,206
245,29,210,195,217,247,108,133,181,138
245,30,58,51,77,74,224,42,38,239
245,31,163,133,242,127,115,214,238,236
245,32,108,232,43,226,217,163,114,30
245,33,79,0,64,137,43,227,38,27
245,34,74,108,53,214,211,6,193,25
245,35,239,245,234,65,33,134,81,27
245,36,222,75,61,163,81,229,216,149
245,37,5,218,252,65,142,232,63,185
245,38,105,236,55,241,43,44,116,24
245,39,228,226,104,137,237,167,86,94
246,0,253,190,221,141,158,235,31,64
246,1,245,145,180,246,213,110,212,69
246,2,68,220,244,171,73,55,229,54
246,3,190,234,63,74,206,198,97,145
246,4,179,135,91,234,96,0,39,85
246,5,176,99,145,239,34,134,37,30
246,6,199,221,214,41,252,13,189,111
246,7,165,241,112,155,247,141,157,136
246,8,139,18,197,81,113,127,217,158
246,9,209,136,248,155,72,246,194,213
246,10,127,144,79,44,176,23,160,78
246,11,135,58,45,12,42,24,204,226
246,12,116,10,152,171,251,122,42,70
246,13,208,83,130,34,238,174,119,118
246,14,132,248,44,204,54,252,21,222
246,15,3,206,122,139,111,90,38,158
246,16,191,37,74,178,100,24,94,15
246,17,69,8,208,161,63,177,120,251
246,18,77,64,91,144,194,73,75,233
246,19,54,3,59,115,135,19,187,95
246,20,148,135,53,22,133,247,84,30
246,21,99,207,245,134,49,70,231,233
246,22,251,160,53,108,250,183,144,235
246,23,80,54,0,102,170,97,224,50
246,24,31,116,100,28,2,137,94,37
246,25,208,131,50,10,26,250,222,128
246,26,248,55,132,222,101,35,115,134
246,27,206,139,39,92,111,90,146,86
246,28,191,195,15,74,7,4,12,37
246,29,150,69,231,204,169,177,251,197
246,30,216,174,180,14,61,146,60,28
246,31,154,181,175,10,159,214,220,106
246,32,111,66,49,230,163,217,114,43
246,33,227,79,60,38,210,64,137,223
246,34,108,6,74,53,171,25,138,211
246,35,203,134,248,133,234,33,140,65
246,36,222,113,97,237,216,61,94,163
246,37,218,98,165,150,253,200,128,227
246,38,83,159,105,152,107,3,171,160
246,39,186,222,235,22,151,205,255,146
247,0,193,38,20,162,167,54,245,244
247,1,122,117,105,201,58,249,238,115
247,2,208,220,54,209,46,128,15,122
247,3,220,91,234,122,120,74,61,35
247,4,41,237,179,177,25,204,218,80
247,5,226,159,239,221,204,194,34,5
247,6,214,134,55,198,164,197,124,111
247,7,155,165,241,141,219,157,109,153
247,8,197,18,81,139,78,11,217,223
247,9,136,209,248,155,246,12,213,72
247,10,127,79,44,160,144,176,203,179
247,11,135,58,96,46,9,204,226,56
247,12,24,122,116,52,230,37,70,68
247,13,208,132,130,83,118,71,255,95
247,14,132,204,248,54,44,252,150,219
247,15,206,3,139,147,227,100,1,158
247,16,74,191,59,73,45,95,122,72
247,17,69,8,1,229,161,211,98,102
247,18,77,91,176,64,233,16,200,214
247,19,59,95,115,54,135,137,129,14
247,20,148,53,133,22,72,161,233,98
247,21,99,207,1,134,251,37,117,65
247,22,116,160,207,178,108,53,224,132
247,23,80,10,141,162,60,134,51,97
247,24,203,2,116,176,71,222,122,31
247,25,208,192,83,76,238,195,181,219
247,26,248,132,204,55,96,146,78,59
247,27,206,139,3,100,74,157,38,145
247,28,74,191,45,129,73,72,228,173
247,29,150,69,1,165,161,8,36,228
247,30,77,91,64,214,122,215,141,57
247,31,95,137,59,135,88,43,240,129
247,32,33,47,236,255,117,49,231,162
247,33,192,81,75,5,4,106,108,113
247,34,16,247,246,252,10,25,239,211
247,35,14,235,167,202,171,130,17,125
247,36,110,188,10,153,78,158,220,149
247,37,163,8,199,103,165,129,224,128
247,38,103,191,252,159,98,149,166,117
247,39,120,230,25,222,235,95,191,132
248,0,148,195,0,178,217,8,120,224
248,1,55,129,103,115,170,125,161,118
248,2,222,166,125,206,250,238,220,248
248,3,184,207,96,181,156,165,254,57
248,4,204,41,207,137,169,218,32,158
248,5,36,5,105,196,211,203,168,35
248,6,205,221,5,134,148,216,223,85
248,7,18,149,128,219,139,224,107,65
248,8,12,158,97,82,51,154,202,231
248,9,37,159,175,111,223,145,123,4
248,10,38,33,2,210,42,188,58,0
248,11,180,184,166,91,240,28,82,224
248,12,184,111,82,36,182,170,133,152
248,13,85,133,34,39,109,110,186,106
248,14,85,80,206,36,99,153,168,240
248,15,161,152,89,197,56,105,211,32
248,16,6,103,132,218,206,52,200,44
248,17,183,254,138,80,194,123,10,134
248,18,8,51,104,249,206,217,150,222
248,19,181,8,232,106,158,175,21,242
248,20,18,216,245,34,177,39,165,5
248,21,121,53,212,52,87,75,235,25
248,22,167,215,212,73,69,90,92,48
248,23,129,22,155,246,219,110,90,82
248,24,184,113,192,117,152,112,201,100
248,25,34,254,171,110,152,69,128,63
248,26,9,127,219,55,22,170,215,188
248,27,247,136,190,29,208,132,245,141
248,28,191,115,158,132,200,6,248,218
248,29,210,59,69,183,34,231,10,232
248,30,58,51,47,40,8,39,38,107
248,31,10,93,159,220,13,236,242,156
248,32,170,108,135,233,16,93,66,82
248,33,43,225,79,137,115,140,243,38
248,34,6,108,226,192,137,171,120,122
248,35,208,245,168,65,250,234,115,133
248,36,233,216,185,199,80,230,15,86
248,37,171,5,24,252,198,54,254,133
248,38,73,138,125,83,184,54,171,29
248,39,193,57,222,211,208,205,123,133
249,0,230,111,63,121,170,46,186,248
249,1,65,210,12,102,160,142,207,111
249,2,69,195,171,15,48,240,206,18
249,3,71,139,162,63,96,219,141,0
249,4,126,22,246,111,217,32,40,166
249,5,168,1,226,211,203,167,93,28
249,6,0,85,148,187,134,48,109,244
249,7,219,224,157,128,114,45,65,217
249,8,158,245,97,154,22,12,231,82
249,9,37,145,159,222,190,236,107,111
249,10,210,33,188,31,52,48,94,112
249,11,76,180,240,182,26,155,214,103
249,12,44,112,182,122,123,99,242,90
249,13,97,61,147,207,106,85,237,233
249,14,184,173,50,92,20,248,3,132
249,15,139,90,97,111,158,34,38,43
249,16,91,115,191,168,112,204,1,24
249,17,69,119,161,72,34,109,138,73
249,18,77,0,239,58,51,38,125,40
249,19,163,115,254,177,195,220,94,23
249,20,26,245,113,18,148,158,30,10
249,21,38,99,213,222,164,34,8,52
249,22,23,113,36,153,183,29,44,6
249,23,161,178,172,31,163,74,110,82
249,24,27,44,242,200,87,73,37,252
249,25,152,34,11,27,4,254,153,61
249,26,55,184,173,9,20,3,170,207
249,27,139,141,247,190,174,175,43,158
249,28,115,91,1,191,168,205,204,36
249,29,109,210,69,34,119,55,58,138
249,30,0,58,224,93,210,40,239,77
249,31,163,115,212,159,13,72,127,227
249,32,108,170,103,162,226,128,63,203
249,33,43,79,85,24,60,145,131,115
249,34,27,74,6,117,177,20,132,137
249,35,239,27,222,166,178,14,130,168
249,36,222,20,192,171,80,199,232,137
249,37,5,72,198,171,68,61,185,232
249,38,21,59,126,131,37,252,245,187
249,39,21,22,118,223,18,33,41,193
250,0,255,131,15,246,34,168,149,206
250,1,148,136,36,99,229,110,218,159
250,2,231,1,171,73,144,138,151,28
250,3,161,86,68,222,60,127,253,124
250,4,50,48,99,141,97,64,176,21
250,5,234,180,57,244,20,121,25,200
250,6,127,225,231,139,78,111,248,211
250,7,141,63,241,247,213,98,209,186
250,8,81,78,127,139,11,8,18,235
250,9,246,209,155,136,248,213,112,72
250,10,79,127,176,160,44,144,179,243
250,11,135,204,9,12,58,219,56,152
250,12,116,10,70,167,251,18,96,176
250,13,83,208,130,118,34,45,78,132
250,14,132,44,204,248,54,21,161,115
250,15,3,206,139,90,147,145,235,129
250,16,191,74,195,45,112,24,72,94
250,17,69,8,1,102,30,152,169,89
250,18,77,91,176,233,71,175,117,24
250,19,115,212,95,59,135,88,54,240
250,20,148,240,247,133,22,53,23,130
250,21,99,1,207,229,7,128,75,252
250,22,116,160,149,207,132,178,156,225
250,23,80,141,230,60,98,45,134,252
250,24,203,116,176,2,37,122,250,227
250,25,83,192,45,212,208,145,76,195
250,26,204,59,248,132,182,44,96,146
250,27,3,139,206,157,100,38,32,224
250,28,74,191,45,72,228,55,95,39
250,29,1,69,150,89,98,8,202,205
250,30,77,91,122,52,181,206,41,215
250,31,212,95,59,132,88,148,135,102
250,32,33,47,255,156,215,208,105,61
250,33,192,81,142,106,89,72,39,12
250,34,16,247,246,135,130,155,239,170
250,35,14,202,167,16,194,36,142,180
250,36,110,188,4,10,171,244,80,47
250,37,8,163,54,199,33,74,5,61
250,38,103,138,64,73,37,191,233,166
250,39,42,17,200,235,104,191,134,208
251,0,5,205,42,67,198,194,252,131
251,1,31,180,12,96,209,157,37,227
251,2,69,112,171,53,192,209,56,197
251,3,120,194,164,57,185,65,143,21
251,4,128,22,217,199,246,190,218,84
251,5,189,128,112,196,168,66,38,231
251,6,0,218,198,187,85,239,67,117
251,7,88,157,216,224,55,150,11,118
251,8,113,158,96,149,115,156,22,82
251,9,164,77,222,38,37,195,25,43
251,10,210,23,113,48,69,28,83,33
251,11,161,26,140,178,172,38,72,133
251,12,44,242,10,87,27,21,112,229
251,13,34,11,144,83,147,4,97,198
251,14,184,50,173,20,248,132,55,92
251,15,139,227,34,90,111,200,158,141
251,16,91,115,191,1,133,24,204,213
251,17,69,109,161,210,220,34,119,138
251,18,77,239,0,38,58,224,125,167
251,19,163,95,195,90,115,254,125,127
251,20,113,148,240,26,104,10,245,30
251,21,99,38,1,121,164,36,112,34
251,22,23,227,238,183,100,113,41,153
251,23,161,178,31,16,180,38,123,172
251,24,142,27,252,255,44,73,52,184
251,25,11,83,34,152,144,4,177,15
251,26,55,184,70,173,132,207,9,170
251,27,139,227,190,193,200,141,254,228
251,28,115,91,205,1,191,133,247,143
251,29,69,109,210,58,34,232,55,76
251,30,58,0,224,239,51,77,235,40
251,31,163,212,115,192,127,242,227,72
251,32,108,226,128,103,63,204,203,67
251,33,43,79,85,17,237,115,101,77
251,34,27,74,132,6,40,20,193,137
251,35,239,27,14,82,222,19,168,65
251,36,20,222,192,51,171,163,232,85
251,37,5,72,232,61,86,185,16,74
251,38,64,7,143,158,202,196,16,77
251,39,154,57,186,190,17,74,222,22
252,0,132,158,190,125,176,130,155,253
252,1,58,184,122,201,188,117,213,42
252,2,29,27,74,85,98,96,53,104
252,3,91,34,128,103,35,234,115,140
252,4,128,130,255,183,177,214,235,85
252,5,78,47,41,51,154,124,101,28
252,6,60,206,7,0,121,221,117,191
252,7,117,88,118,142,74,49,207,78
252,8,104,113,175,234,56,115,164,156
252,9,239,38,164,170,8,56,195,59
252,10,27,36,48,210,188,191,100,65
252,11,161,23,140,4,38,163,168,26
252,12,44,93,87,27,112,74,195,54
252,13,11,147,105,153,134,3,226,4
252,14,184,50,41,148,51,173,128,45
252,15,200,147,29,173,2,255,168,243
252,16,115,91,133,88,18,108,205,172
252,17,69,109,76,183,243,10,172,73
252,18,224,77,58,0,113,43,93,179
252,19,163,212,115,116,195,192,1,154
252,20,113,148,104,195,72,23,26,36
252,21,38,239,1,209,116,112,99,171
252,22,36,44,27,238,49,60,166,212
252,23,41,16,178,172,31,193,34,196
252,24,87,93,27,112,79,44,77,89
252,25,11,34,52,254,152,153,161,242
252,26,142,70,185,9,184,41,173,170
252,27,53,154,128,82,68,86,173,29
252,28,115,91,88,205,36,143,100,204
252,29,69,109,58,210,34,121,36,118
252,30,224,58,40,77,235,252,89,104
252,31,212,163,192,127,242,115,177,46
252,32,108,226,63,232,204,82,203,135
252,33,85,43,79,93,17,140,115,197
252,34,27,74,132,186,92,61,6,25
252,35,239,27,140,123,208,82,80,134
252,36,20,222,171,232,163,218,220,149
252,37,39,160,138,175,243,53,5,128
252,38,252,105,222,98,65,197,149,156
252,39,186,22,190,255,132,141,86,136
253,0,5,220,53,38,198,44,54,193
253,1,58,122,201,181,238,117,212,20
253,2,49,20,67,85,186,233,245,204
253,3,103,91,34,128,35,220,61,41
253,4,213,130,224,81,159,41,58,237
253,5,78,159,15,239,255,28,101,203
253,6,206,145,191,7,97,55,60,208
253,7,221,145,232,159,47,180,142,250
253,8,113,104,175,80,156,12,250,73
253,9,53,91,123,33,133,159,7,105
253,10,115,227,240,21,96,93,231,11
253,11,253,51,168,28,196,249,4,41
253,12,117,88,213,0,53,102,37,142
253,13,15,34,6,11,5,84,189,177
253,14,55,41,173,132,230,248,35,21
253,15,227,29,139,117,228,141,90,254
253,16,115,48,191,39,204,63,93,88
253,17,69,210,249,34,72,10,161,165
253,18,77,233,224,58,176,133,38,217
253,19,95,115,254,195,221,90,127,77
253,20,148,240,104,113,11,158,23,36
253,21,1,99,122,128,36,37,146,229
253,22,96,149,224,231,37,238,153,179
253,23,31,224,215,40,155,253,126,239
253,24,21,113,127,71,58,170,207,10
253,25,177,83,15,146,45,135,18,139
253,26,55,132,204,232,177,173,9,237
253,27,227,108,139,74,82,255,29,105
253,28,115,191,205,67,118,48,226,1
253,29,69,210,169,202,109,34,36,231
253,30,240,40,224,58,38,3,189,222
253,31,197,222,159,46,181,216,177,142
253,32,108,82,72,153,45,171,130,232
253,33,79,85,43,32,67,140,212,124
253,34,27,186,199,40,53,25,108,137
253,35,203,213,134,168,48,225,80,248
253,36,213,97,232,133,137,163,94,101
253,37,24,160,70,51,33,133,252,212
253,38,109,91,252,138,236,192,82,228
253,39,222,166,235,10,198,210,201,134
254,0,200,169,95,112,225,43,71,236
254,1,172,129,224,189,112,147,19,127
254,2,85,181,27,49,134,74,220,29
254,3,75,4,73,121,200,138,217,254
254,4,187,193,49,18,140,68,247,5
254,5,166,248,78,130,124,73,159,227
254,6,208,60,68,160,145,117,0,67
254,7,142,175,145,54,159,232,250,103
254,8,240,195,148,149,175,26,146,106
254,9,25,193,52,118,45,34,139,204
254,10,27,188,152,126,213,4,168,133
254,11,23,5,205,81,155,179,253,180
254,12,169,195,164,200,95,123,73,16
254,13,243,11,34,153,227,193,117,184
254,14,41,55,119,35,128,26,184,107
254,15,29,137,117,243,56,227,154,102
254,16,93,89,34,115,163,39,220,48
254,17,69,107,183,111,233,109,161,121
254,18,8,3,224,113,51,77,193,230
254,19,195,174,154,16,153,197,1,220
254,20,240,195,26,148,245,11,175,18
254,21,246,171,193,71,1,122,121,99
254,22,82,215,189,80,227,49,249,121
254,23,129,81,155,205,31,139,219,25
254,24,79,184,169,16,193,87,48,200
254,25,34,146,177,185,161,52,254,64
254,26,9,112,41,250,119,26,70,185
254,27,70,62,47,141,127,154,217,225
254,28,89,108,216,36,158,134,30,146
254,29,69,36,118,111,220,121,131,124
254,30,89,8,193,58,37,30,140,238
254,31,177,197,16,212,158,108,242,26
254,32,233,232,171,43,30,108,135,66
254,33,43,106,204,87,137,39,10,32
254,34,92,66,108,154,74,160,100,117
254,35,215,239,64,81,168,193,205,48
254,36,20,61,94,232,213,167,163,199
254,37,5,72,171,133,61,243,218,51
254,38,68,77,191,98,23,245,65,16
254,39,222,22,25,86,198,172,17,202
255,0,163,195,211,170,248,73,87,29
255,1,76,164,61,55,125,170,153,248
255,2,139,112,136,91,193,245,126,181
255,3,107,184,194,18,175,155,168,63
255,4,239,169,252,204,212,218,115,93
255,5,36,168,195,196,221,96,48,93
255,6,252,53,253,221,45,158,4,67
255,7,18,149,59,130,190,168,110,224
255,8,22,148,195,231,26,82,118,108
255,9,99,118,66,159,75,42,158,34
255,10,23,38,168,191,149,210,206,41
255,11,117,26,166,38,230,102,161,123
255,12,44,87,10,185,73,21,239,246
255,13,83,45,147,130,58,170,208,97
255,14,184,54,20,204,248,44,55,115
255,15,147,200,227,139,206,3,145,90
255,16,91,172,250,133,191,117,24,114
255,17,69,76,233,1,109,220,44,119
255,18,0,77,239,182,179,43,176,51
255,19,163,122,26,195,177,254,90,191
255,20,195,148,72,113,133,245,23,44
255,21,164,38,99,77,1,2,35,7
255,22,113,23,149,196,198,207,116,65
255,23,161,178,32,160,204,174,180,206
255,24,44,74,87,27,161,73,112,34
255,25,45,58,134,152,254,11,130,6
255,26,148,20,184,204,54,137,51,55
255,27,147,200,98,139,154,58,165,14
255,28,91,172,133,43,151,205,238,117
255,29,44,109,76,233,36,69,87,152
255,30,0,239,89,138,77,224,43,104
255,31,163,122,212,75,164,192,26,205
255,32,181,226,255,112,90,241,178,227
255,33,43,85,110,79,140,44,22,83
255,34,27,74,92,132,20,218,13,108
255,35,239,14,27,84,64,160,221,135
255,36,20,222,192,93,232,171,221,133
255,37,72,5,171,39,65,74,61,96
255,38,64,175,8,16,202,143,180,49
255,39,228,154,140,57,11,163,60,22
