-39,0,188,112,92,238,66,106,144,43
-38,0,136,14,241,56,78,228,15,95
-37,0,134,36,81,175,191,254,136,177
-36,0,62,211,231,134,174,124,36,151
-35,0,247,11,226,96,93,187,80,171
-34,0,136,78,241,56,68,18,33,89
-33,0,191,75,120,148,254,36,37,78
-32,0,159,8,167,94,220,26,164,52
-31,0,62,211,48,174,70,231,75,217
-30,0,11,117,171,226,187,185,128,96
-29,0,75,191,120,254,148,37,232,78
-28,0,27,94,48,213,23,79,44,35
-27,0,252,25,205,42,180,161,12,39
-26,0,197,209,51,213,91,154,145,179
-25,0,124,62,211,58,36,174,23,236
-24,0,142,166,97,113,123,205,150,210
-23,0,106,66,6,22,212,46,218,121
-22,0,144,92,188,172,186,234,147,111
-21,0,181,107,82,251,39,68,246,83
-20,0,124,62,24,109,211,231,151,199
-19,0,199,124,161,62,13,174,204,147
-18,0,117,226,146,185,11,68,187,171
-17,0,122,50,151,250,124,62,223,199
-16,0,123,249,196,229,105,216,7,104
-15,0,106,40,66,172,185,32,4,147
-14,0,198,250,10,194,233,165,102,85
-13,0,97,210,166,10,205,113,142,123
-12,0,66,144,188,62,92,106,6,234
-11,0,82,181,107,251,39,68,255,246
-10,0,212,136,24,41,65,109,86,29
-9,0,151,134,50,250,136,199,207,124
-8,0,226,117,185,68,80,96,171,128
-7,0,191,254,75,122,222,120,208,211
-6,0,51,49,153,22,128,11,85,247
-5,0,144,62,188,234,186,242,111,92
-4,0,181,107,82,251,39,246,80,255
-3,0,109,24,136,212,1,218,65,3
-2,0,62,134,211,231,124,138,207,36
-1,0,123,249,196,229,216,105,7,101
-39,1,214,112,19,86,167,224,128,198
-38,1,234,40,96,209,134,16,94,171
-37,1,254,193,149,101,51,9,48,33
-36,1,235,193,254,120,195,33,141,123
-35,1,195,193,120,2,254,107,57,169
-34,1,166,131,252,35,165,193,190,89
-33,1,254,163,21,193,1,51,167,243
-32,1,56,243,163,21,215,255,49,71
-31,1,80,123,141,254,193,235,51,14
-30,1,66,223,13,169,193,123,43,133
-29,1,60,193,1,48,51,240,167,108
-28,1,60,139,193,240,130,146,30,51
-27,1,60,28,217,240,190,160,95,154
-26,1,139,41,60,116,6,193,160,64
-25,1,80,30,193,60,4,116,141,49
-24,1,34,11,26,132,59,75,155,193
-23,1,112,223,250,205,191,193,189,86
-22,1,189,195,182,193,128,255,198,134
-21,1,234,16,40,183,96,92,222,209
-20,1,236,22,226,193,245,32,33,234
-19,1,174,23,162,49,236,245,14,107
-18,1,81,169,133,236,66,13,16,43
-17,1,153,154,28,98,190,33,253,32
-16,1,11,231,225,155,27,244,93,150
-15,1,112,124,33,205,224,193,19,128
-14,1,154,88,134,205,112,190,135,203
-13,1,158,34,199,85,59,11,26,62
-12,1,198,189,193,128,112,170,33,211
-11,1,40,96,209,234,222,92,134,171
-10,1,234,40,96,22,166,63,33,183
-9,1,230,157,88,22,101,193,44,85
-8,1,13,81,43,169,202,158,133,232
-7,1,153,71,100,51,167,193,3,251
-6,1,223,169,235,87,13,33,5,123
-5,1,189,195,83,98,198,193,95,33
-4,1,40,222,209,183,96,234,206,9
-3,1,236,226,22,85,234,190,42,33
-2,1,101,193,22,195,120,41,85,202
-1,1,11,225,231,244,27,155,93,150
-39,2,11,60,92,217,49,58,187,255
-38,2,39,106,36,158,80,20,197,226
-37,2,39,158,223,182,106,184,153,95
-36,2,80,158,111,184,3,39,66,238
-35,2,158,253,149,208,191,95,254,20
-34,2,253,158,211,20,191,149,125,196
-33,2,223,187,216,175,182,221,158,170
-32,2,175,37,204,216,42,170,88,158
-31,2,204,111,51,161,168,243,240,202
-30,2,164,158,90,169,62,22,107,40
-29,2,201,115,158,223,56,187,228,170
-28,2,108,113,24,45,2,131,50,158
-27,2,108,113,24,2,203,30,182,131
-26,2,113,108,24,182,45,111,96,180
-25,2,113,111,180,108,71,24,207,183
-24,2,158,249,210,103,164,38,59,90
-23,2,22,87,158,198,121,76,217,10
-22,2,64,239,158,92,76,150,72,16
-21,2,253,158,120,179,106,39,108,28
-20,2,158,253,120,221,3,193,84,5
-19,2,90,252,71,130,253,158,149,20
-18,2,71,158,149,208,249,252,2,247
-17,2,158,47,107,93,185,249,252,247
-16,2,158,109,210,179,100,145,4,103
-15,2,158,219,60,10,58,179,255,80
-14,2,94,158,101,217,167,60,80,179
-13,2,94,64,117,158,239,72,234,179
-12,2,64,92,158,86,150,239,230,117
-11,2,39,158,106,238,36,20,54,229
-10,2,39,158,139,120,125,178,20,106
-9,2,39,95,3,246,117,247,158,105
-8,2,247,117,39,246,105,192,118,196
-7,2,223,47,216,187,158,184,42,185
-6,2,16,158,164,111,40,130,243,70
-5,2,16,76,92,158,150,86,118,108
-4,2,2,120,158,118,246,244,247,209
-3,2,2,120,158,221,96,247,77,246
-2,2,96,3,48,71,158,247,120,246
-1,2,158,103,210,109,249,4,163,162
-39,3,25,225,162,214,191,199,197,159
-38,3,25,173,225,199,159,75,166,4
-37,3,199,36,225,163,167,25,113,228
-36,3,199,109,25,225,163,166,87,36
-35,3,221,188,170,199,228,25,225,54
-34,3,17,188,199,228,25,173,50,255
-33,3,154,108,199,196,224,159,69,163
-32,3,147,163,45,154,224,196,159,86
-31,3,147,123,163,86,199,232,89,45
-30,3,199,221,166,92,225,25,251,113
-29,3,154,15,108,196,199,113,0,225
-28,3,106,199,242,189,65,139,2,0
-27,3,112,154,2,163,151,22,165,0
-26,3,59,189,154,199,211,0,27,147
-25,3,15,189,242,53,22,76,139,147
-24,3,199,37,31,211,146,84,25,46
-23,3,25,199,118,146,214,31,202,76
-22,3,25,199,159,214,225,6,11,30
-21,3,199,25,216,188,228,150,173,85
-20,3,199,197,251,188,243,25,11,39
-19,3,43,199,25,218,6,255,15,30
-18,3,221,188,148,170,228,199,195,216
-17,3,25,199,188,159,228,154,218,2
-16,3,133,199,37,187,25,31,225,152
-15,3,25,199,159,214,225,95,177,30
-14,3,25,199,214,118,95,42,225,194
-13,3,199,25,42,211,216,194,31,225
-12,3,25,199,159,225,177,113,194,30
-11,3,25,166,134,173,150,199,17,190
-10,3,25,166,199,159,225,6,75,118
-9,3,25,213,95,199,247,189,188,166
-8,3,170,188,25,221,228,95,189,166
-7,3,196,163,69,56,25,224,243,154
-6,3,98,97,27,160,31,238,146,135
-5,3,25,159,199,6,155,95,225,118
-4,3,9,216,50,72,217,173,134,194
-3,3,216,95,194,9,199,218,96,181
-2,3,72,167,251,199,216,132,11,218
-1,3,133,199,25,187,152,37,31,231
-39,4,88,98,195,154,94,233,172,87
-38,4,98,192,253,195,89,154,88,156
-37,4,195,154,253,175,192,233,134,28
-36,4,195,154,253,44,28,148,159,134
-35,4,119,253,154,152,192,195,159,20
-34,4,253,133,154,152,134,123,121,192
-33,4,134,253,233,175,121,186,90,28
-32,4,175,233,206,134,253,28,121,75
-31,4,175,134,253,221,28,206,121,44
-30,4,8,152,228,65,139,253,134,154
-29,4,134,160,152,121,132,233,28,129
-28,4,134,184,24,129,242,240,233,97
-27,4,132,189,206,89,149,175,160,152
-26,4,241,240,131,10,170,129,230,191
-25,4,44,10,152,134,221,148,38,175
-24,4,161,65,167,154,13,14,170,15
-23,4,118,65,154,98,242,67,122,14
-22,4,98,154,94,192,152,54,17,121
-21,4,154,195,172,20,98,254,152,156
-20,4,243,154,152,121,134,195,175,38
-19,4,154,243,44,221,148,152,121,159
-18,4,105,8,139,55,154,123,60,228
-17,4,164,180,154,192,123,247,43,239
-16,4,154,142,13,222,102,108,236,15
-15,4,118,139,98,192,54,154,8,242
-14,4,118,105,67,154,138,54,98,242
-13,4,17,161,154,20,105,195,184,58
-12,4,98,192,94,154,17,112,152,43
-11,4,98,156,195,159,192,154,152,89
-10,4,216,192,149,152,98,43,123,133
-9,4,180,44,116,192,43,159,104,231
-8,4,8,55,139,123,182,192,152,104
-7,4,233,178,175,121,195,160,90,206
-6,4,167,65,14,170,154,67,109,240
-5,4,98,94,192,154,152,112,43,104
-4,4,123,20,156,216,98,242,154,60
-3,4,123,243,133,104,154,43,138,216
-2,4,44,152,243,121,154,175,216,195
-1,4,13,142,222,154,102,167,108,15
-39,5,110,64,60,166,15,56,159,165
-38,5,159,165,174,110,166,158,153,251
-37,5,153,159,251,110,60,151,120,77
-36,5,153,251,159,115,19,151,60,58
-35,5,153,61,251,151,19,202,218,165
-34,5,153,174,61,251,210,151,250,58
-33,5,153,0,210,251,58,60,208,163
-32,5,64,77,251,60,0,58,103,39
-31,5,77,56,251,164,64,230,58,60
-30,5,153,251,61,210,0,58,170,50
-29,5,251,153,58,60,213,0,210,80
-28,5,95,251,58,9,145,143,0,128
-27,5,95,77,58,251,153,136,50,222
-26,5,213,251,153,103,182,59,218,235
-25,5,81,251,153,95,0,58,164,230
-24,5,186,104,153,251,161,151,235,218
-23,5,67,254,14,100,161,251,153,10
-22,5,153,158,251,194,165,62,218,136
-21,5,174,250,151,153,251,158,183,159
-20,5,153,250,151,251,115,120,170,0
-19,5,2,250,115,236,153,151,27,170
-18,5,61,223,250,236,151,153,2,27
-17,5,250,67,115,223,151,2,236,254
-16,5,104,193,151,158,236,186,251,153
-15,5,147,158,14,251,11,151,161,224
-14,5,14,254,67,100,147,178,158,31
-13,5,251,14,158,10,161,151,254,153
-12,5,153,158,165,218,202,251,62,194
-11,5,174,159,153,19,202,251,250,165
-10,5,31,213,19,165,23,202,153,178
-9,5,31,19,236,165,178,202,218,250
-8,5,153,223,236,202,178,165,251,183
-7,5,153,77,251,60,223,218,58,62
-6,5,153,67,223,94,218,3,161,120
-5,5,23,153,158,2,115,165,62,218
-4,5,174,250,23,19,151,153,32,251
-3,5,23,31,213,250,19,151,178,170
-2,5,153,170,62,251,178,250,151,50
-1,5,104,193,218,151,186,204,153,158
-39,6,110,138,40,46,91,24,254,173
-38,6,138,196,79,77,232,133,65,22
-37,6,196,138,79,15,210,168,52,43
-36,6,196,40,12,79,76,161,82,98
-35,6,196,79,16,90,138,12,76,126
-34,6,196,102,129,79,16,15,209,26
-33,6,102,26,159,255,196,212,151,209
-32,6,195,12,102,168,212,173,36,99
-31,6,12,195,102,233,30,125,26,212
-30,6,12,16,196,102,79,3,90,26
-29,6,102,186,12,255,74,212,173,33
-28,6,12,102,212,233,196,254,255,21
-27,6,12,102,237,186,51,33,173,74
-26,6,186,196,102,255,33,12,156,207
-25,6,57,102,39,186,33,125,74,12
-24,6,196,167,79,186,102,138,245,12
-23,6,79,196,167,2,43,178,126,138
-22,6,79,19,2,196,52,92,59,145
-21,6,79,49,196,157,149,15,209,56
-20,6,49,82,79,161,196,149,168,209
-19,6,49,157,79,57,196,161,200,149
-18,6,3,49,157,196,79,57,149,114
-17,6,79,114,196,157,52,245,59,200
-16,6,79,196,157,153,167,61,2,138
-15,6,183,196,2,79,138,52,43,153
-14,6,196,2,79,183,178,138,143,43
-13,6,196,230,79,145,12,102,2,212
-12,6,2,79,196,52,92,43,126,213
-11,6,149,79,43,196,92,2,126,77
-10,6,79,43,2,213,196,56,92,149
-9,6,79,42,43,149,2,126,142,196
-8,6,3,114,79,2,92,43,196,126
-7,6,171,102,26,237,79,243,210,209
-6,6,196,79,167,43,2,126,243,209
-5,6,79,19,92,196,43,84,209,59
-4,6,84,49,79,149,196,43,209,157
-3,6,149,84,79,39,157,129,49,43
-2,6,39,161,102,79,84,149,209,56
-1,6,79,196,153,167,84,61,43,54
-39,7,221,191,112,200,142,39,241,165
-38,7,147,36,35,221,229,184,191,116
-37,7,147,185,175,78,36,229,81,35
-36,7,49,185,36,147,229,175,78,245
-35,7,147,185,78,36,81,229,184,116
-34,7,147,78,185,81,248,175,132,179
-33,7,24,132,96,78,81,185,151,26
-32,7,166,252,175,245,187,75,132,185
-31,7,175,245,142,166,246,185,38,227
-30,7,185,147,44,78,131,36,142,175
-29,7,187,185,240,78,225,61,24,174
-28,7,187,225,185,132,175,174,245,140
-27,7,187,185,252,203,78,240,132,24
-26,7,187,185,240,36,78,147,61,132
-25,7,187,223,240,185,225,132,174,78
-24,7,185,147,36,78,91,29,187,184
-23,7,44,147,91,185,76,36,37,35
-22,7,147,76,36,185,171,35,181,78
-21,7,185,147,199,36,195,78,76,35
-20,7,185,158,199,171,78,147,76,35
-19,7,158,223,169,167,185,147,7,171
-18,7,131,147,76,158,171,167,169,185
-17,7,76,171,108,36,147,35,185,19
-16,7,185,147,36,76,171,29,184,199
-15,7,147,76,36,101,35,171,37,185
-14,7,76,147,101,35,36,37,171,44
-13,7,185,147,140,175,36,116,91,245
-12,7,76,147,171,181,35,36,185,37
-11,7,185,147,76,35,36,116,171,195
-10,7,253,36,35,76,185,61,158,108
-9,7,253,169,185,35,36,76,108,243
-8,7,253,76,185,36,243,108,147,66
-7,7,184,3,185,38,175,78,245,81
-6,7,44,36,185,147,76,184,108,253
-5,7,181,76,185,7,171,147,36,35
-4,7,7,253,185,195,192,36,234,204
-3,7,61,7,108,253,192,185,101,158
-2,7,185,253,184,223,78,3,7,158
-1,7,147,36,185,29,7,184,76,253
-39,8,123,175,217,127,17,139,223,157
-38,8,123,157,191,107,180,110,220,52
-37,8,123,23,72,180,107,52,191,16
-36,8,23,123,133,107,72,180,52,191
-35,8,180,23,123,112,191,224,151,72
-34,8,123,157,72,151,23,148,191,133
-33,8,123,72,224,1,41,161,151,53
-32,8,72,133,53,172,123,148,121,23
-31,8,133,72,148,50,172,53,16,23
-30,8,72,133,23,53,148,180,52,191
-29,8,133,53,148,145,72,16,252,224
-28,8,53,148,133,121,72,85,166,241
-27,8,53,148,133,145,85,50,72,166
-26,8,133,53,148,107,72,191,145,10
-25,8,50,53,148,133,72,241,145,85
-24,8,23,133,72,180,164,148,52,53
-23,8,33,212,23,180,191,52,4,107
-22,8,159,52,180,23,107,164,224,212
-21,8,107,133,148,53,23,72,159,191
-20,8,133,53,107,148,72,220,171,224
-19,8,220,164,107,224,207,133,53,171
-18,8,107,164,112,180,212,52,220,4
-17,8,220,159,242,107,224,191,52,164
-16,8,234,107,133,164,180,224,52,191
-15,8,234,191,52,4,224,212,23,180
-14,8,212,52,180,4,164,191,107,61
-13,8,133,23,72,53,148,85,107,123
-12,8,224,212,220,52,133,191,107,23
-11,8,23,107,53,72,191,133,148,80
-10,8,157,220,4,107,180,65,247,61
-9,8,86,224,220,152,61,191,107,65
-8,8,107,224,61,212,133,148,220,152
-7,8,148,133,23,53,72,16,181,233
-6,8,33,23,212,133,107,89,52,148
-5,8,247,220,107,164,159,148,212,207
-4,8,247,107,148,53,220,133,207,159
-3,8,247,157,107,42,207,86,203,220
-2,8,148,220,133,53,107,233,247,23
-1,8,247,107,234,52,164,180,220,23
-39,9,72,95,122,210,246,12,194,45
-38,9,95,45,156,120,47,161,198,73
-37,9,95,1,44,161,45,99,207,229
-36,9,95,1,99,207,161,221,58,9
-35,9,95,161,206,120,207,99,1,255
-34,9,99,95,1,120,166,143,161,206
-33,9,166,95,99,143,15,1,134,243
-32,9,99,32,1,95,166,243,44,134
-31,9,99,32,1,95,221,44,243,58
-30,9,239,95,99,178,1,9,207,44
-29,9,245,207,99,95,1,243,166,61
-28,9,99,1,95,241,28,166,186,243
-27,9,99,207,58,204,243,1,245,166
-26,9,95,69,99,207,44,61,204,245
-25,9,99,207,1,58,95,221,243,204
-24,9,95,99,39,29,94,207,161,44
-23,9,95,240,207,132,217,156,161,99
-22,9,95,197,120,47,255,9,161,198
-21,9,95,207,99,120,9,161,44,41
-20,9,99,207,95,61,41,85,9,161
-19,9,95,61,207,227,98,197,85,99
-18,9,206,19,95,207,120,5,198,73
-17,9,95,47,197,161,207,9,198,41
-16,9,95,29,94,197,207,9,164,47
-15,9,95,197,178,156,240,9,198,217
-14,9,95,240,156,197,217,9,198,255
-13,9,99,1,95,39,207,243,166,9
-12,9,95,207,9,120,198,73,156,47
-11,9,207,95,120,9,99,73,229,198
-10,9,207,240,95,22,73,161,197,47
-9,9,95,47,161,240,207,197,198,14
-8,9,207,19,206,95,161,73,198,41
-7,9,207,99,68,95,229,161,251,45
-6,9,207,95,132,94,161,9,229,99
-5,9,95,207,22,120,197,9,198,61
-4,9,207,95,61,229,22,120,68,108
-3,9,22,95,160,207,67,197,148,161
-2,9,207,95,68,61,161,229,108,99
-1,9,95,29,94,164,22,207,9,197
-39,10,175,120,14,100,249,179,183,203
-38,10,247,187,234,68,12,243,124,91
-37,10,247,59,12,132,146,124,20,116
-36,10,133,234,12,59,247,182,132,40
-35,10,12,59,234,132,124,163,207,247
-34,10,12,68,247,124,116,40,217,29
-33,10,12,77,109,116,86,202,205,148
-32,10,77,250,146,233,217,176,116,82
-31,10,146,217,195,116,179,199,137,176
-30,10,163,12,124,116,137,132,247,234
-29,10,108,32,77,124,253,132,53,250
-28,10,250,116,108,233,146,77,217,176
-27,10,108,32,250,244,233,217,162,229
-26,10,124,116,247,178,77,132,250,108
-25,10,250,19,199,50,132,242,216,98
-24,10,130,247,12,124,216,40,198,65
-23,10,207,234,161,124,247,40,62,132
-22,10,234,247,91,161,167,9,40,253
-21,10,234,68,63,40,132,178,247,116
-20,10,8,234,165,99,232,132,247,40
-19,10,9,19,234,8,222,63,165,247
-18,10,163,234,63,222,19,247,8,9
-17,10,234,17,247,165,40,117,171,252
-16,10,234,169,198,247,130,40,63,165
-15,10,161,142,124,247,91,234,198,72
-14,10,161,142,247,234,124,62,40,31
-13,10,217,176,116,108,132,156,26,182
-12,10,207,234,247,124,111,40,165,252
-11,10,234,68,111,132,124,40,207,165
-10,10,234,207,124,187,132,111,40,17
-9,10,234,111,187,46,81,207,114,165
-8,10,163,234,59,207,124,187,132,165
-7,10,59,146,217,132,20,156,116,124
-6,10,59,130,234,248,124,247,40,132
-5,10,234,9,161,40,207,91,253,124
-4,10,68,59,132,124,63,234,116,40
-3,10,234,46,59,124,40,191,220,247
-2,10,234,242,116,19,132,178,165,207
-1,10,198,130,234,169,247,40,124,63
-39,11,180,41,246,96,152,149,143,46
-38,11,27,64,107,213,3,153,130,88
-37,11,37,107,60,204,12,141,71,150
-36,11,173,85,60,220,107,222,101,3
-35,11,18,107,60,3,173,130,142,85
-34,11,64,130,107,204,60,32,187,201
-33,11,134,97,60,204,32,201,225,83
-32,11,237,230,97,215,141,213,187,32
-31,11,215,230,237,61,220,32,141,97
-30,11,142,107,130,174,20,18,101,60
-29,11,11,170,97,50,150,14,101,0
-28,11,42,97,230,71,141,44,32,134
-27,11,72,97,170,48,230,141,169,50
-26,11,170,97,72,174,107,169,101,134
-25,11,173,170,220,97,85,72,222,169
-24,11,20,107,170,128,97,60,204,12
-23,11,20,49,107,195,109,36,17,98
-22,11,3,238,153,98,145,95,111,101
-21,11,64,111,3,42,145,27,12,98
-20,11,111,59,85,93,231,101,204,137
-19,11,85,111,220,59,202,101,3,93
-18,11,18,3,111,142,116,85,101,145
-17,11,3,151,209,116,111,238,101,98
-16,11,189,3,145,111,238,128,42,98
-15,11,27,195,107,109,69,98,49,189
-14,11,133,49,109,195,95,98,3,203
-13,11,204,42,230,12,32,97,56,143
-12,11,153,130,133,3,98,164,95,27
-11,11,64,130,3,98,153,111,27,15
-10,11,93,186,202,49,98,54,137,3
-9,11,93,85,3,186,49,255,98,116
-8,11,18,116,130,186,3,93,133,142
-7,11,37,60,141,71,201,150,204,44
-6,11,20,174,36,133,60,186,3,98
-5,11,238,3,153,145,111,54,186,137
-4,11,42,64,170,60,93,111,202,56
-3,11,93,158,54,111,238,202,201,3
-2,11,85,93,158,60,164,111,3,54
-1,11,189,145,3,111,128,238,186,42
-39,12,4,124,68,77,24,52,216,167
-38,12,221,60,169,39,68,16,199,1
-37,12,221,1,145,167,68,15,39,166
-36,12,1,15,157,68,221,128,116,39
-35,12,1,106,39,221,15,60,157,116
-34,12,221,1,106,15,146,39,88,116
-33,12,221,9,47,60,1,163,42,251
-32,12,137,50,251,23,91,51,38,13
-31,12,137,251,50,91,124,10,23,208
-30,12,1,67,137,39,157,15,116,128
-29,12,137,3,116,166,1,244,2,176
-28,12,137,10,50,196,38,21,116,250
-27,12,137,10,176,149,244,166,13,116
-26,12,137,116,1,10,166,15,32,176
-25,12,116,137,251,176,2,178,55,40
-24,12,15,1,63,116,26,39,3,221
-23,12,39,1,15,128,116,63,26,221
-22,12,39,15,128,191,1,194,134,223
-21,12,39,1,116,3,15,191,128,138
-20,12,210,137,39,208,116,3,128,15
-19,12,210,39,208,128,59,116,15,35
-18,12,39,67,128,1,15,106,210,134
-17,12,39,128,134,239,15,189,55,1
-16,12,39,74,128,26,15,63,1,65
-15,12,39,1,128,74,191,15,12,63
-14,12,39,191,12,128,15,44,1,134
-13,12,137,10,39,116,251,50,91,163
-12,12,39,191,1,15,212,128,219,134
-11,12,116,39,15,1,106,191,250,206
-10,12,39,128,191,138,15,116,206,166
-9,12,39,138,191,206,1,11,128,219
-8,12,39,67,1,219,15,238,116,128
-7,12,176,163,208,39,116,161,50,145
-6,12,39,160,63,15,26,128,242,238
-5,12,39,208,128,115,15,225,189,185
-4,12,176,39,116,163,143,56,238,203
-3,12,39,242,138,238,203,208,106,185
-2,12,39,208,176,116,238,203,81,157
-1,12,39,74,63,26,15,128,65,238
-39,13,231,119,132,221,167,177,161,216
-38,13,42,47,202,154,243,141,219,180
-37,13,47,42,212,202,93,219,180,78
-36,13,47,219,212,78,45,93,42,66
-35,13,47,219,200,212,93,99,202,66
-34,13,42,47,212,180,219,208,145,45
-33,13,47,42,212,155,202,7,208,174
-32,13,0,212,180,194,47,208,83,26
-31,13,180,26,47,212,194,0,145,248
-30,13,47,212,219,200,180,93,145,45
-29,13,100,47,208,180,145,212,165,174
-28,13,180,83,170,0,34,201,248,212
-27,13,180,208,34,0,165,83,201,212
-26,13,47,100,208,130,180,83,145,212
-25,13,199,208,212,165,145,238,174,47
-24,13,47,219,43,212,130,208,154,93
-23,13,219,47,142,33,93,15,130,154
-22,13,47,15,154,142,66,6,93,32
-21,13,164,47,219,93,154,212,145,208
-20,13,219,145,154,230,47,28,137,212
-19,13,47,219,137,230,154,113,212,28
-18,13,200,47,154,219,137,230,113,199
-17,13,47,154,219,113,15,74,130,66
-16,13,47,154,43,219,15,147,32,93
-15,13,154,47,66,142,15,6,93,147
-14,13,15,47,154,6,142,33,219,61
-13,13,212,47,130,208,180,145,83,6
-12,13,219,6,93,47,15,142,130,212
-11,13,164,230,93,219,47,15,212,6
-10,13,164,219,47,15,113,142,21,154
-9,13,219,47,93,113,66,15,192,74
-8,13,93,219,47,200,212,21,15,239
-7,13,47,93,21,145,219,126,0,45
-6,13,47,93,219,15,43,33,21,66
-5,13,47,15,93,154,113,142,66,219
-4,13,145,164,219,47,93,98,72,239
-3,13,37,47,192,219,137,113,164,15
-2,13,219,47,93,145,37,192,137,78
-1,13,47,43,93,154,15,147,219,61
-39,14,217,57,244,211,136,123,191,181
-38,14,166,88,137,189,51,244,57,71
-37,14,166,54,52,167,160,51,64,189
-36,14,166,51,54,64,224,52,204,214
-35,14,51,224,137,189,64,54,52,160
-34,14,54,204,189,64,51,248,160,224
-33,14,166,66,189,58,54,67,64,214
-32,14,17,132,73,44,248,189,54,166
-31,14,17,132,73,54,204,248,44,57
-30,14,51,137,54,160,224,64,38,204
-29,14,132,54,248,44,189,64,73,204
-28,14,132,73,248,44,17,204,115,253
-27,14,132,73,44,248,204,143,54,22
-26,14,132,44,54,248,51,204,224,73
-25,14,132,73,54,248,204,230,44,65
-24,14,137,51,224,54,52,64,160,44
-23,14,51,137,224,54,52,160,64,147
-22,14,224,51,167,52,137,106,159,189
-21,14,52,132,54,44,167,224,64,137
-20,14,52,167,132,54,248,44,214,51
-19,14,52,167,18,51,224,214,54,231
-18,14,51,38,52,224,137,106,167,231
-17,14,52,167,51,106,224,231,137,159
-16,14,51,137,52,224,167,124,64,231
-15,14,51,137,224,189,52,159,160,147
-14,14,51,224,137,52,147,106,160,50
-13,14,132,54,204,248,44,73,225,160
-12,14,51,224,189,137,167,52,54,160
-11,14,54,231,167,52,204,224,64,67
-10,14,146,224,83,167,54,52,51,67
-9,14,83,167,52,146,231,51,106,64
-8,14,38,231,54,146,52,224,167,64
-7,14,96,44,204,171,132,64,214,49
-6,14,224,52,51,137,167,147,64,160
-5,14,52,146,224,60,167,51,67,106
-4,14,132,146,96,44,204,18,52,194
-3,14,146,83,52,96,44,167,138,67
-2,14,146,52,167,96,231,64,204,83
-1,14,137,224,52,51,50,124,146,64
-39,15,225,247,218,191,117,82,48,83
-38,15,228,150,229,248,165,61,148,225
-37,15,147,18,225,204,150,12,242,148
-36,15,147,18,242,204,139,124,6,92
-35,15,147,242,241,204,248,18,154,217
-34,15,139,147,18,98,242,27,238,183
-33,15,18,147,206,188,242,139,27,228
-32,15,6,139,12,238,18,190,206,145
-31,15,139,6,12,147,18,235,206,191
-30,15,139,240,147,204,148,238,103,242
-29,15,139,3,206,240,52,242,190,147
-28,15,139,74,90,145,235,190,227,12
-27,15,139,3,238,190,206,74,145,178
-26,15,139,206,3,147,242,190,129,148
-25,15,139,206,3,33,124,177,141,74
-24,15,139,147,204,242,206,3,238,229
-23,15,147,242,148,204,139,206,181,217
-22,15,242,248,204,148,147,250,233,162
-21,15,139,206,147,3,238,169,233,181
-20,15,139,233,238,206,3,147,169,242
-19,15,233,33,3,206,71,195,88,169
-18,15,103,241,148,233,195,217,33,250
-17,15,108,148,162,242,71,238,204,54
-16,15,148,162,238,242,147,165,81,87
-15,15,148,250,242,204,58,147,121,217
-14,15,148,242,162,204,58,217,250,181
-13,15,139,147,190,235,238,74,3,206
-12,15,248,147,37,204,148,242,181,206
-11,15,204,147,206,139,248,110,242,85
-10,15,37,116,147,206,54,248,3,204
-9,15,147,54,233,204,242,206,177,142
-8,15,37,54,103,147,206,3,71,204
-7,15,12,95,147,18,3,169,242,206
-6,15,37,54,147,242,71,181,81,204
-5,15,248,71,54,41,233,121,206,123
-4,15,3,206,169,195,238,177,12,80
-3,15,177,71,116,3,54,80,233,41
-2,15,177,147,3,71,206,54,195,169
-1,15,71,242,81,162,147,200,165,181
-39,16,89,245,88,166,203,16,107,141
-38,16,130,252,75,247,28,60,229,166
-37,16,130,252,247,53,59,51,166,28
-36,16,130,190,252,28,170,152,230,51
-35,16,130,149,252,28,152,170,229,190
-34,16,130,172,229,252,152,51,149,28
-33,16,130,10,172,247,56,183,72,59
-32,16,234,130,59,60,172,112,247,191
-31,16,130,172,88,234,59,247,60,112
-30,16,130,252,28,147,170,51,72,152
-29,16,130,154,147,28,152,189,191,248
-28,16,191,234,172,130,74,112,24,183
-27,16,191,228,154,166,16,234,112,37
-26,16,130,152,170,28,154,252,0,16
-25,16,190,183,191,130,228,193,172,230
-24,16,130,170,252,28,51,210,5,152
-23,16,130,252,51,170,152,28,233,156
-22,16,130,252,51,170,80,152,205,28
-21,16,170,191,130,32,252,112,72,47
-20,16,170,190,152,130,0,205,252,188
-19,16,170,0,205,152,188,190,130,136
-18,16,232,130,170,252,152,149,80,51
-17,16,170,80,152,130,252,51,205,46
-16,16,130,170,5,152,252,51,80,205
-15,16,130,252,28,46,233,170,51,152
-14,16,130,51,252,156,170,152,205,28
-13,16,74,172,130,252,234,60,88,170
-12,16,252,130,51,170,28,152,80,120
-11,16,170,130,252,51,152,185,233,250
-10,16,170,152,130,252,180,185,26,149
-9,16,190,130,170,185,252,152,101,180
-8,16,232,130,170,120,252,51,152,189
-7,16,53,59,72,130,189,120,51,82
-6,16,252,130,120,170,5,152,80,51
-5,16,170,71,152,51,252,230,46,130
-4,16,72,71,122,130,195,51,47,67
-3,16,71,26,185,170,219,167,45,73
-2,16,170,190,71,185,26,80,193,102
-1,16,130,5,170,252,51,152,80,46
-39,17,96,106,26,171,150,25,125,86
-38,17,248,35,185,64,125,241,20,226
-37,17,185,35,89,64,248,152,241,20
-36,17,35,89,64,20,185,115,69,241
-35,17,35,89,64,241,20,248,155,115
-34,17,69,35,185,64,248,89,93,152
-33,17,185,54,69,35,64,126,89,248
-32,17,69,54,185,144,64,152,4,9
-31,17,69,125,21,185,144,9,64,35
-30,17,69,64,35,89,155,20,115,226
-29,17,69,64,35,8,54,115,238,18
-28,17,69,44,210,152,192,196,217,209
-27,17,69,8,238,208,18,46,54,144
-26,17,115,69,35,8,64,20,89,238
-25,17,69,164,8,115,238,1,79,72
-24,17,69,35,89,64,115,20,8,87
-23,17,35,20,110,89,64,115,87,48
-22,17,35,20,64,17,115,89,15,87
-21,17,69,89,26,1,115,8,20,64
-20,17,69,15,115,20,8,89,35,78
-19,17,115,89,15,164,35,20,142,8
-18,17,155,35,20,64,201,15,17,115
-17,17,35,20,64,15,115,78,142,124
-16,17,35,250,87,64,115,20,15,248
-15,17,35,64,20,142,87,17,226,115
-14,17,35,20,64,110,87,17,115,57
-13,17,69,1,233,44,8,89,115,79
-12,17,20,35,89,64,115,15,142,230
-11,17,26,89,20,115,35,15,1,69
-10,17,157,115,89,35,8,104,141,20
-9,17,104,157,89,35,20,115,216,64
-8,17,155,89,115,102,8,64,35,69
-7,17,89,62,35,1,170,115,214,220
-6,17,35,20,115,89,64,172,110,61
-5,17,115,20,35,142,89,197,15,17
-4,17,89,1,8,26,115,238,209,69
-3,17,89,115,104,35,137,8,124,202
-2,17,89,115,21,164,104,20,35,1
-1,17,35,64,115,250,20,87,89,61
-39,18,100,201,174,94,141,44,75,172
-38,18,126,13,199,217,161,134,69,155
-37,18,126,43,34,199,13,176,219,99
-36,18,126,99,77,43,13,176,204,195
-35,18,126,6,69,34,161,13,43,199
-34,18,176,126,108,77,138,161,199,37
-33,18,117,13,77,176,138,118,143,199
-32,18,32,116,176,195,66,77,146,209
-31,18,116,209,176,77,195,99,44,138
-30,18,126,77,6,176,43,192,91,13
-29,18,77,32,171,91,13,176,237,126
-28,18,77,209,64,138,91,176,225,102
-27,18,77,66,91,32,176,19,94,171
-26,18,77,126,13,66,91,161,171,192
-25,18,77,176,250,171,91,108,72,123
-24,18,126,77,57,43,13,148,161,91
-23,18,126,13,192,112,77,43,30,177
-22,18,126,192,13,43,177,112,161,226
-21,18,77,91,192,138,204,43,126,226
-20,18,192,77,250,126,91,130,226,13
-19,18,192,250,16,126,13,77,205,226
-18,18,13,43,6,126,192,203,177,161
-17,18,13,192,126,161,43,177,226,130
-16,18,13,43,192,126,57,134,161,197
-15,18,13,126,177,192,158,43,159,161
-14,18,126,13,192,177,43,226,161,112
-13,18,176,77,182,91,138,123,94,175
-12,18,69,192,126,13,251,177,135,71
-11,18,55,192,69,77,30,176,204,13
-10,18,69,71,13,192,91,22,126,30
-9,18,126,13,192,177,135,72,112,203
-8,18,13,91,77,6,30,71,126,139
-7,18,144,116,91,13,229,139,66,43
-6,18,57,112,192,126,13,43,187,139
-5,18,192,69,177,13,126,16,139,135
-4,18,144,91,77,232,16,192,190,55
-3,18,16,91,192,97,139,244,43,126
-2,18,192,91,250,16,97,204,139,144
-1,18,192,13,57,43,126,179,197,134
-39,19,41,204,221,44,142,207,238,173
-38,19,173,221,35,26,207,36,41,75
-37,19,75,41,173,36,26,212,35,47
-36,19,114,75,35,41,30,26,36,226
-35,19,35,75,26,36,41,30,122,137
-34,19,35,26,75,122,212,173,36,143
-33,19,35,15,219,137,83,114,36,122
-32,19,48,35,219,239,99,212,75,37
-31,19,239,35,99,212,114,48,122,75
-30,19,122,36,35,75,59,212,30,26
-29,19,15,54,35,59,125,75,99,212
-28,19,212,115,95,59,125,88,219,1
-27,19,59,212,54,125,248,114,239,115
-26,19,75,59,35,26,137,30,36,124
-25,19,59,114,125,85,212,75,35,122
-24,19,36,26,35,75,130,122,59,212
-23,19,30,36,35,226,75,26,162,59
-22,19,36,26,30,75,228,226,35,173
-21,19,212,59,115,237,75,88,195,30
-20,19,75,59,30,26,226,247,137,39
-19,19,75,30,226,26,70,39,59,36
-18,19,36,226,35,75,26,30,224,162
-17,19,26,36,30,228,75,226,173,35
-16,19,36,26,20,30,35,75,109,130
-15,19,30,36,26,75,162,228,226,35
-14,19,36,30,26,225,120,12,226,75
-13,19,122,115,212,95,59,88,219,99
-12,19,30,226,36,75,35,26,177,162
-11,19,237,30,226,212,75,59,35,171
-10,19,75,225,30,226,28,237,59,35
-9,19,30,225,226,28,35,75,124,137
-8,19,30,132,35,59,226,36,75,162
-7,19,47,35,75,48,143,59,122,11
-6,19,36,26,75,226,30,35,10,72
-5,19,28,51,226,39,30,228,36,243
-4,19,115,59,211,108,28,237,88,4
-3,19,132,226,225,28,237,59,249,30
-2,19,28,85,59,226,39,26,30,137
-1,19,36,20,26,39,30,130,109,75
-39,20,17,127,175,217,18,223,11,8
-38,20,116,197,191,173,23,127,217,224
-37,20,72,23,133,191,172,148,224,71
-36,20,133,72,172,23,224,191,148,171
-35,20,72,133,23,112,191,151,224,148
-34,20,133,72,148,23,195,41,246,157
-33,20,41,72,151,53,224,148,116,171
-32,20,53,172,72,133,148,50,224,151
-31,20,172,133,72,53,195,148,23,50
-30,20,133,72,53,148,23,191,195,33
-29,20,53,133,148,72,172,50,152,191
-28,20,53,148,133,72,195,23,161,240
-27,20,53,148,133,172,50,23,195,72
-26,20,133,53,23,148,191,72,107,195
-25,20,53,148,133,195,72,23,161,85
-24,20,133,23,72,33,191,148,195,52
-23,20,133,33,72,224,191,23,220,52
-22,20,191,159,224,52,23,107,220,133
-21,20,148,133,53,107,23,195,161,72
-20,20,133,220,107,171,53,148,207,52
-19,20,220,107,207,133,148,52,23,42
-18,20,23,224,220,72,191,133,112,56
-17,20,220,191,52,23,107,56,159,242
-16,20,234,191,23,220,52,107,133,224
-15,20,224,191,220,23,234,52,72,112
-14,20,191,220,224,52,23,33,80,185
-13,20,195,148,72,53,133,85,214,246
-12,20,133,224,23,191,72,216,220,65
-11,20,133,148,23,53,224,65,72,107
-10,20,157,65,220,133,148,52,224,72
-9,20,224,133,72,220,103,65,42,53
-8,20,133,148,224,53,171,107,23,72
-7,20,133,148,53,220,72,233,56,172
-6,20,33,191,52,247,89,220,224,133
-5,20,247,159,107,220,207,191,4,224
-4,20,148,53,233,133,220,107,242,195
-3,20,157,133,207,148,23,224,107,247
-2,20,133,220,107,121,207,148,247,233
-1,20,247,234,220,56,191,107,83,23
-39,21,72,246,184,232,210,113,127,122
-38,21,95,184,72,232,18,156,209,45
-37,21,95,1,251,207,255,45,221,194
-36,21,95,207,221,99,251,255,44,229
-35,21,95,206,207,99,255,1,221,251
-34,21,95,99,45,1,206,207,86,243
-33,21,95,166,99,251,1,243,143,45
-32,21,95,32,99,58,1,221,214,81
-31,21,95,99,32,1,63,214,58,207
-30,21,239,95,99,207,178,44,214,67
-29,21,207,99,95,245,204,44,58,214
-28,21,99,95,1,214,84,207,117,204
-27,21,99,207,95,32,58,204,214,119
-26,21,95,207,44,69,99,161,131,67
-25,21,95,99,207,119,221,44,1,134
-24,21,95,39,207,29,99,44,94,1
-23,21,207,95,240,132,99,255,44,94
-22,21,95,207,47,44,197,255,156,73
-21,21,99,1,207,95,251,67,161,43
-20,21,207,95,5,99,44,61,67,151
-19,21,95,207,227,44,5,197,131,9
-18,21,95,206,255,19,207,47,197,73
-17,21,95,44,207,47,197,198,255,113
-16,21,95,29,44,164,197,207,94,47
-15,21,95,178,240,197,47,156,44,19
-14,21,95,240,47,156,44,126,197,73
-13,21,99,95,1,207,254,39,243,204
-12,21,95,207,255,156,67,246,209,197
-11,21,207,99,209,95,229,137,7,67
-10,21,207,240,95,229,22,99,73,156
-9,21,95,207,44,73,240,198,14,209
-8,21,251,207,95,206,229,19,246,61
-7,21,95,207,251,229,32,68,222,61
-6,21,95,207,132,94,22,29,44,131
-5,21,22,207,95,47,197,44,120,131
-4,21,229,207,95,68,179,222,157,231
-3,21,207,95,22,148,251,160,240,229
-2,21,207,95,22,131,44,229,251,222
-1,21,95,44,29,164,197,22,94,207
-39,22,120,175,100,50,192,82,231,90
-38,22,243,182,176,65,133,124,145,50
-37,22,12,59,189,40,124,11,65,95
-36,22,124,133,12,40,116,234,9,242
-35,22,124,136,163,133,229,116,152,199
-34,22,12,68,124,217,176,116,40,11
-33,22,77,109,123,12,20,116,148,40
-32,22,77,108,116,233,124,109,40,217
-31,22,137,12,40,116,124,146,102,242
-30,22,124,163,116,253,217,40,205,65
-29,22,124,253,40,77,229,108,53,247
-28,22,116,160,108,205,148,77,132,147
-27,22,229,244,108,124,98,40,233,167
-26,22,124,116,40,253,122,167,178,233
-25,22,19,124,216,40,242,122,132,53
-24,22,124,198,116,130,65,234,12,167
-23,22,161,124,234,253,167,65,165,207
-22,22,124,234,167,9,161,91,0,40
-21,22,116,68,122,160,205,132,156,148
-20,22,122,234,40,8,116,165,63,9
-19,22,19,122,63,234,40,9,242,124
-18,22,163,124,234,187,40,91,165,210
-17,22,17,234,124,40,122,117,216,253
-16,22,198,124,169,234,65,130,167,122
-15,22,161,142,124,91,163,185,234,187
-14,22,161,124,142,91,234,185,210,248
-13,22,160,147,217,149,126,132,148,168
-12,22,124,161,234,0,9,165,207,187
-11,22,124,234,68,116,161,165,182,187
-10,22,124,59,17,234,40,187,116,207
-9,22,124,234,242,220,187,207,46,114
-8,22,59,163,124,225,116,26,170,234
-7,22,59,20,124,40,116,156,146,225
-6,22,124,59,234,130,113,198,207,40
-5,22,124,9,234,0,63,59,122,40
-4,22,68,116,122,160,132,53,26,59
-3,22,59,116,122,234,225,124,220,68
-2,22,242,234,122,19,124,40,116,165
-1,22,198,124,169,130,234,122,65,185
-39,23,180,41,87,152,96,213,132,92
-38,23,204,88,112,138,221,150,213,89
-37,23,204,148,213,71,107,60,141,5
-36,23,173,85,204,60,220,107,222,213
-35,23,204,18,60,173,142,130,108,153
-34,23,204,64,213,61,60,51,173,104
-33,23,135,204,213,141,60,134,118,32
-32,23,204,213,61,141,32,37,230,134
-31,23,220,222,204,201,32,218,60,174
-30,23,142,130,20,107,204,18,61,60
-29,23,11,50,61,170,230,82,19,118
-28,23,80,32,230,141,146,98,213,44
-27,23,72,169,170,213,61,50,199,141
-26,23,170,107,141,50,201,252,204,174
-25,23,220,85,218,170,59,201,222,173
-24,23,20,128,107,206,204,108,60,56
-23,23,36,20,49,3,109,204,128,107
-22,23,3,238,153,66,145,111,204,107
-21,23,80,64,111,141,60,78,56,107
-20,23,111,85,231,59,93,194,3,145
-19,23,85,111,220,59,3,202,231,194
-18,23,142,3,18,143,238,107,111,98
-17,23,209,3,111,151,116,107,156,238
-16,23,189,128,206,111,107,3,136,108
-15,23,27,69,109,3,95,195,49,225
-14,23,49,95,27,3,109,203,36,133
-13,23,80,230,32,111,204,63,78,61
-12,23,15,153,3,130,225,133,238,95
-11,23,64,204,238,93,15,153,3,60
-10,23,93,156,186,202,209,49,15,133
-9,23,93,85,116,156,186,49,225,3
-8,23,18,141,133,60,130,142,225,186
-7,23,71,37,141,60,133,201,186,174
-6,23,20,186,133,95,36,62,225,238
-5,23,153,3,238,145,111,54,95,202
-4,23,80,170,141,60,64,186,236,223
-3,23,93,158,54,64,141,202,136,210
-2,23,93,85,218,201,158,220,59,164
-1,23,189,62,128,206,136,95,186,145
-39,24,53,216,124,167,4,24,58,62
-38,24,221,60,199,16,126,216,68,167
-37,24,221,1,167,157,68,166,145,39
-36,24,1,221,157,39,68,116,15,55
-35,24,1,221,39,106,125,146,144,116
-34,24,221,1,163,125,113,104,88,254
-33,24,1,221,9,101,163,47,251,55
-32,24,251,137,50,1,221,166,91,163
-31,24,1,137,50,251,221,158,157,55
-30,24,137,1,39,67,251,221,113,116
-29,24,137,1,78,157,244,201,55,113
-28,24,137,50,10,91,244,196,239,254
-27,24,137,157,244,166,50,33,216,239
-26,24,1,157,15,39,55,115,238,178
-25,24,157,1,11,55,178,116,3,128
-24,24,1,74,63,221,15,39,26,160
-23,24,1,39,43,221,63,116,44,15
-22,24,39,1,79,221,15,127,115,239
-21,24,116,1,24,39,137,176,68,237
-20,24,1,210,39,166,65,11,237,55
-19,24,1,39,210,128,65,11,221,15
-18,24,1,39,67,79,194,81,15,219
-17,24,1,39,15,128,81,221,115,55
-16,24,1,74,63,26,39,15,221,242
-15,24,1,39,191,12,138,221,186,43
-14,24,39,1,191,44,43,221,15,194
-13,24,137,116,201,167,21,51,1,239
-12,24,39,212,1,191,127,221,219,101
-11,24,39,1,116,212,127,138,221,101
-10,24,39,1,106,116,203,178,166,206
-9,24,39,1,11,206,81,116,138,203
-8,24,39,203,212,125,1,238,67,143
-7,24,50,39,176,1,203,238,11,163
-6,24,63,39,160,26,1,242,74,15
-5,24,39,1,127,225,79,106,185,65
-4,24,176,116,178,56,1,5,39,210
-3,24,242,39,238,1,58,166,106,68
-2,24,39,11,1,238,185,210,65,81
-1,24,74,242,1,63,160,26,39,44
-39,25,167,52,236,132,221,231,242,119
-38,25,180,44,251,233,167,89,132,182
-37,25,42,78,212,47,93,202,66,20
-36,25,47,42,93,130,78,219,208,155
-35,25,78,47,212,145,93,130,200,208
-34,25,42,78,47,180,145,212,132,208
-33,25,42,47,208,174,155,20,64,7
-32,25,47,0,42,194,203,165,180,26
-31,25,47,26,101,42,0,212,145,130
-30,25,47,145,100,130,165,208,167,203
-29,25,47,180,208,26,100,112,5,35
-28,25,34,47,5,208,145,183,45,121
-27,25,47,0,194,34,208,165,212,174
-26,25,47,130,100,0,2,222,101,145
-25,25,47,37,101,130,84,165,100,208
-24,25,47,134,43,147,130,93,182,219
-23,25,93,47,33,219,142,130,6,66
-22,25,47,130,93,154,66,155,175,108
-21,25,164,47,137,145,130,93,219,208
-20,25,47,230,137,219,155,130,145,28
-19,25,47,137,101,230,154,130,219,113
-18,25,47,93,127,130,175,113,66,45
-17,25,47,130,154,66,93,224,97,113
-16,25,47,147,134,43,182,130,93,154
-15,25,47,168,6,142,22,219,130,113
-14,25,47,130,61,142,33,6,168,219
-13,25,145,47,26,212,45,34,254,130
-12,25,93,47,219,168,142,155,15,74
-11,25,164,47,93,168,219,130,15,142
-10,25,47,219,164,21,93,168,200,130
-9,25,47,219,168,21,113,130,93,192
-8,25,47,21,93,219,130,145,200,168
-7,25,47,93,21,0,145,87,219,192
-6,25,47,43,15,21,147,130,33,219
-5,25,47,239,130,175,154,93,15,98
-4,25,145,47,164,98,93,76,35,137
-3,25,47,164,192,37,137,93,219,230
-2,25,47,78,137,93,230,192,77,219
-1,25,47,61,147,130,43,134,182,78
-39,26,217,57,81,136,181,244,211,150
-38,26,166,88,12,137,189,71,159,244
-37,26,166,137,54,12,204,193,160,214
-36,26,166,137,54,160,64,214,231,67
-35,26,54,166,204,214,160,137,38,67
-34,26,166,54,204,71,78,214,228,248
-33,26,144,166,78,54,58,66,189,204
-32,26,17,166,132,54,71,125,244,78
-31,26,54,166,204,17,132,137,248,160
-30,26,132,204,54,160,248,38,137,166
-29,26,132,248,143,189,160,31,71,0
-28,26,132,78,17,44,204,248,189,71
-27,26,132,143,17,189,248,54,232,216
-26,26,160,137,54,96,224,64,161,200
-25,26,160,132,6,137,224,54,96,204
-24,26,137,160,51,20,124,54,214,166
-23,26,54,137,160,147,167,231,51,214
-22,26,137,160,52,167,54,106,231,171
-21,26,52,167,204,132,54,214,160,96
-20,26,137,52,167,160,54,224,106,12
-19,26,137,160,52,224,167,231,203,47
-18,26,160,106,137,38,231,159,52,61
-17,26,137,160,52,106,167,231,224,171
-16,26,137,148,20,160,171,51,124,52
-15,26,160,137,83,106,51,38,54,22
-14,26,160,147,137,54,106,51,167,37
-13,26,204,132,73,54,248,214,245,200
-12,26,160,190,54,106,67,231,137,167
-11,26,54,160,67,231,106,146,167,12
-10,26,67,83,54,146,160,96,64,167
-9,26,64,160,54,67,190,146,218,231
-8,26,160,38,64,54,67,146,218,194
-7,26,171,160,64,214,137,203,218,146
-6,26,160,20,137,124,92,64,147,50
-5,26,160,83,137,52,64,179,167,146
-4,26,96,179,132,146,18,194,214,67
-3,26,83,146,67,160,235,137,96,64
-2,26,160,137,52,146,203,224,229,179
-1,26,137,20,160,148,50,171,92,124
-39,27,247,191,225,218,83,82,108,117
-38,27,85,150,228,225,204,61,255,185
-37,27,12,85,150,147,204,225,242,139
-36,27,85,147,206,139,242,204,218,182
-35,27,85,139,147,206,182,100,98,241
-34,27,139,85,98,82,182,147,228,206
-33,27,18,85,139,206,12,182,98,100
-32,27,139,12,18,206,85,6,147,92
-31,27,139,147,85,28,98,12,206,6
-30,27,139,240,85,147,206,235,134,169
-29,27,139,240,206,228,124,190,51,85
-28,27,139,190,206,147,98,45,191,235
-27,27,139,206,51,79,240,228,190,187
-26,27,240,85,206,139,23,3,79,154
-25,27,139,206,177,85,33,28,3,240
-24,27,65,147,85,139,58,242,181,81
-23,27,147,204,54,242,85,139,250,206
-22,27,233,248,85,54,206,242,250,139
-21,27,139,206,233,147,3,85,110,177
-20,27,233,139,206,242,85,121,3,18
-19,27,33,233,85,71,54,177,3,148
-18,27,103,250,85,54,204,133,147,241
-17,27,85,250,242,54,204,254,71,108
-16,27,200,165,58,181,81,242,85,147
-15,27,103,250,171,54,204,71,242,181
-14,27,250,181,37,54,147,204,71,242
-13,27,139,74,147,170,98,177,235,206
-12,27,248,54,250,37,147,85,204,206
-11,27,206,139,37,147,85,54,233,225
-10,27,116,37,206,54,241,169,249,139
-9,27,37,54,242,71,249,85,204,250
-8,27,166,103,139,37,85,71,206,97
-7,27,12,95,97,3,147,37,79,169
-6,27,24,54,37,71,97,81,218,250
-5,27,248,71,233,54,177,3,206,80
-4,27,3,169,233,206,80,116,16,197
-3,27,177,116,233,80,3,71,241,85
-2,27,177,3,71,54,233,28,242,13
-1,27,242,200,58,181,85,81,165,218
-39,28,158,107,88,166,93,218,18,89
-38,28,152,252,229,130,247,166,60,63
-37,28,130,247,152,166,53,252,72,112
-36,28,130,152,190,72,252,247,170,28
-35,28,130,152,149,54,252,72,183,185
-34,28,130,152,247,72,16,158,172,149
-33,28,10,130,72,59,247,105,56,152
-32,28,130,234,59,247,63,56,152,191
-31,28,130,59,72,152,234,247,183,172
-30,28,130,152,72,173,183,178,172,158
-29,28,130,191,152,173,158,15,16,10
-28,28,74,191,130,228,72,197,47,172
-27,28,130,191,152,158,16,138,56,37
-26,28,130,152,138,201,210,28,179,173
-25,28,130,193,152,190,219,178,113,165
-24,28,130,152,5,170,96,72,80,28
-23,28,130,152,156,170,250,252,168,80
-22,28,130,152,170,230,54,51,252,46
-21,28,130,170,72,152,0,20,149,51
-20,28,130,170,56,152,190,51,0,82
-19,28,130,170,190,51,152,82,193,0
-18,28,130,152,232,170,252,149,80,47
-17,28,130,152,170,193,252,80,51,46
-16,28,130,152,133,5,170,43,252,80
-15,28,130,78,152,170,168,119,46,24
-14,28,130,152,170,168,156,250,252,24
-13,28,74,130,172,191,117,72,112,210
-12,28,130,152,170,252,250,168,230,51
-11,28,130,152,252,250,170,24,185,168
-10,28,130,201,250,185,72,152,170,149
-9,28,130,170,152,250,24,113,72,46
-8,28,152,232,130,72,250,73,149,228
-7,28,130,193,152,219,250,120,72,53
-6,28,130,156,168,170,152,120,250,252
-5,28,130,230,170,54,26,152,78,51
-4,28,130,20,74,26,72,71,188,45
-3,28,130,201,26,72,170,185,250,138
-2,28,130,193,170,26,116,152,250,71
-1,28,130,133,43,152,5,252,229,168
-39,29,106,96,171,25,86,125,112,42
-38,29,248,64,20,201,100,185,79,241
-37,29,185,152,64,89,248,1,62,35
-36,29,64,89,185,20,115,1,21,248
-35,29,236,89,64,248,69,1,20,65
-34,29,185,69,25,248,1,89,79,35
-33,29,126,54,185,69,170,4,89,1
-32,29,69,54,185,9,4,170,125,60
-31,29,69,185,1,125,21,19,9,88
-30,29,69,1,155,20,64,236,91,222
-29,29,69,54,18,184,126,99,30,208
-28,29,69,150,9,1,204,149,36,165
-27,29,69,162,30,99,54,79,1,14
-26,29,162,69,64,185,78,89,115,91
-25,29,164,69,88,64,21,1,115,8
-24,29,64,20,172,89,1,115,69,87
-23,29,110,20,213,64,89,230,1,17
-22,29,20,236,64,142,89,200,115,230
-21,29,26,1,89,115,20,69,8,101
-20,29,19,20,142,115,89,96,64,69
-19,29,164,115,88,20,21,64,142,166
-18,29,155,201,230,64,20,142,200,236
-17,29,78,20,88,64,49,142,21,115
-16,29,250,76,87,20,64,172,0,248
-15,29,188,230,155,17,142,213,20,200
-14,29,213,110,142,17,20,230,200,5
-13,29,69,150,1,36,44,233,204,152
-12,29,89,142,20,236,230,1,218,201
-11,29,26,89,20,101,1,230,142,102
-10,29,157,89,104,141,1,230,115,8
-9,29,157,141,104,89,49,230,64,102
-8,29,89,155,102,1,64,115,137,200
-7,29,88,89,62,115,20,9,54,170
-6,29,110,172,20,141,230,17,89,142
-5,29,236,89,20,142,141,115,200,230
-4,29,26,89,115,150,141,1,122,101
-3,29,89,162,104,115,99,216,26,202
-2,29,88,164,21,115,20,89,142,141
-1,29,64,76,250,87,248,20,172,0
-39,30,31,174,75,94,32,160,141,217
-38,30,13,134,126,72,161,176,199,177
-37,30,176,13,44,72,192,199,66,34
-36,30,250,176,13,44,192,99,77,72
-35,30,6,176,44,13,77,199,117,69
-34,30,176,44,72,77,199,13,108,122
-33,30,18,209,117,143,13,176,72,183
-32,30,116,176,66,143,77,32,209,183
-31,30,44,116,77,91,192,151,99,176
-30,30,77,44,6,91,204,176,225,175
-29,30,77,123,208,32,66,108,62,44
-28,30,77,122,138,176,127,181,97,92
-27,30,77,19,123,66,44,91,97,99
-26,30,77,66,151,19,91,97,156,73
-25,30,77,162,250,99,91,19,50,151
-24,30,148,44,192,91,43,187,13,77
-23,30,192,112,177,71,203,135,128,13
-22,30,192,69,13,77,91,112,251,177
-21,30,77,192,55,91,221,13,139,69
-20,30,192,250,219,151,77,63,91,130
-19,30,250,192,63,151,162,50,232,13
-18,30,6,203,177,13,135,251,91,192
-17,30,192,162,50,237,13,151,135,232
-16,30,43,179,187,192,135,203,177,197
-15,30,158,159,177,135,203,71,251,6
-14,30,177,192,135,71,159,203,251,91
-13,30,176,175,77,44,91,47,123,60
-12,30,69,192,177,91,13,139,203,251
-11,30,55,69,192,77,91,139,13,176
-10,30,69,91,77,139,176,45,237,13
-9,30,91,139,177,13,63,251,50,162
-8,30,6,122,91,13,77,139,97,44
-7,30,144,162,192,50,116,232,139,91
-6,30,112,192,135,177,71,128,91,187
-5,30,69,192,112,91,97,139,177,16
-4,30,144,55,91,192,221,139,190,73
-3,30,97,192,91,139,55,130,151,13
-2,30,162,192,63,250,50,232,91,151
-1,30,43,179,192,187,134,203,163,177
-39,31,35,75,30,20,162,96,36,60
-38,31,75,162,221,35,41,20,36,207
-37,31,75,207,35,212,247,41,162,122
-36,31,35,75,162,114,59,30,137,243
-35,31,35,162,75,207,233,122,137,143
-34,31,35,75,122,207,137,143,67,212
-33,31,15,219,83,35,67,55,143,157
-32,31,83,99,157,219,37,35,47,67
-31,31,35,59,85,88,99,157,114,122
-30,31,59,233,122,35,88,54,162,28
-29,31,15,54,35,1,99,83,133,212
-28,31,212,67,125,95,195,248,180,59
-27,31,83,35,114,59,49,2,3,137
-26,31,35,137,83,59,162,157,27,3
-25,31,35,34,162,85,59,157,88,137
-24,31,35,130,162,75,59,88,122,30
-23,31,30,35,12,228,162,75,199,226
-22,31,35,51,30,75,162,226,59,137
-21,31,237,35,30,137,59,195,75,88
-20,31,35,30,157,226,247,137,59,108
-19,31,35,30,151,146,162,228,70,226
-18,31,35,162,30,96,226,233,42,28
-17,31,35,30,183,162,150,228,75,70
-16,31,20,109,205,30,75,162,35,4
-15,31,30,226,228,162,201,42,96,35
-14,31,30,225,228,162,226,35,12,42
-13,31,122,212,59,95,88,115,245,231
-12,31,30,35,226,162,122,59,233,51
-11,31,237,30,35,132,59,226,162,122
-10,31,225,30,59,237,137,35,226,132
-9,31,132,30,225,35,28,59,162,33
-8,31,132,50,35,233,195,162,30,33
-7,31,183,47,247,35,219,162,34,99
-6,31,30,12,226,228,162,135,199,35
-5,31,51,135,226,35,30,233,162,108
-4,31,237,135,59,35,108,226,33,137
-3,31,135,226,132,35,14,137,33,225
-2,31,135,35,228,162,34,30,226,28
-1,31,20,162,205,109,75,35,4,30
-39,32,195,68,112,27,146,185,178,252
-38,32,224,252,68,27,112,197,178,71
-37,32,144,47,27,14,68,151,128,19
-36,32,146,47,76,123,12,255,27,68
-35,32,89,47,194,255,17,27,199,101
-34,32,224,255,47,197,71,68,151,27
-33,32,202,58,235,151,121,248,47,59
-32,32,235,120,14,78,202,151,143,26
-31,32,47,179,109,255,140,144,104,123
-30,32,17,255,194,47,46,34,178,236
-29,32,202,121,235,138,174,25,58,128
-28,32,33,255,47,241,219,104,236,117
-27,32,14,197,235,47,143,31,128,27
-26,32,14,197,34,206,235,156,47,27
-25,32,123,140,76,179,47,125,85,12
-24,32,113,99,47,254,238,185,178,255
-23,32,238,116,185,178,47,192,113,158
-22,32,178,146,195,86,47,194,199,185
-21,32,224,178,206,197,47,199,42,255
-20,32,12,85,76,146,123,179,86,14
-19,32,76,179,18,146,86,123,125,85
-18,32,175,37,17,178,199,50,194,247
-17,32,179,125,75,76,159,185,86,85
-16,32,98,99,192,178,134,90,185,181
-15,32,116,17,42,185,159,157,75,201
-14,32,192,185,116,148,159,178,157,47
-13,32,33,255,178,148,47,113,236,117
-12,32,195,146,178,47,245,185,247,86
-11,32,224,178,47,199,197,206,245,42
-10,32,75,116,47,197,86,206,199,245
-9,32,86,116,47,18,76,75,245,201
-8,32,175,17,37,151,47,247,245,194
-7,32,26,92,120,179,245,125,47,151
-6,32,113,238,245,159,178,185,47,192
-5,32,146,195,86,47,178,199,194,162
-4,32,224,206,47,197,178,199,42,156
-3,32,116,47,197,206,50,75,86,179
-2,32,123,179,86,146,125,76,140,12
-1,32,98,112,134,178,99,192,181,90
-39,33,127,189,37,97,217,181,72,36
-38,33,127,63,72,217,156,71,18,16
-37,33,127,47,84,72,82,67,71,81
-36,33,127,75,56,139,11,95,81,143
-35,33,127,214,81,94,23,72,217,16
-34,33,127,63,156,81,71,18,72,217
-33,33,147,127,176,198,81,47,203,63
-32,33,203,47,198,127,81,67,250,167
-31,33,127,139,102,250,189,203,81,181
-30,33,214,23,217,94,127,81,72,82
-29,33,147,72,30,127,47,78,165,108
-28,33,192,203,72,110,33,81,146,7
-27,33,72,247,240,127,81,103,167,47
-26,33,81,103,127,72,126,203,247,47
-25,33,127,234,95,56,132,104,75,11
-24,33,127,190,41,143,232,104,72,166
-23,33,127,232,72,182,41,107,244,58
-22,33,75,127,97,49,37,81,6,94
-21,33,179,201,156,127,81,40,16,72
-20,33,56,139,127,81,11,104,162,181
-19,33,11,234,56,127,189,75,95,104
-18,33,214,117,23,127,16,94,72,81
-17,33,5,127,132,161,104,49,208,95
-16,33,127,183,86,126,129,238,43,72
-15,33,23,28,214,127,117,11,58,94
-14,33,127,18,182,132,86,72,107,253
-13,33,192,127,190,72,49,220,81,219
-12,33,189,217,97,37,127,81,94,16
-11,33,179,201,217,156,127,81,16,72
-10,33,18,81,182,206,59,127,103,217
-9,33,95,36,127,11,59,139,81,6
-8,33,214,23,94,81,117,72,127,82
-7,33,47,132,104,127,250,162,146,84
-6,33,73,41,127,107,232,244,49,116
-5,33,189,75,37,97,49,94,81,127
-4,33,179,201,156,81,40,206,127,146
-3,33,206,18,81,59,104,127,179,40
-2,33,75,234,127,104,56,95,49,36
-1,33,127,183,86,43,126,92,72,129
-39,34,63,51,255,204,212,186,236,90
-38,34,51,152,63,105,204,54,234,188
-37,34,152,18,11,103,181,204,51,128
-36,34,72,195,51,240,44,67,10,251
-35,34,247,187,182,54,51,19,211,181
-34,34,152,247,54,10,246,181,204,213
-33,34,164,226,247,152,181,185,37,204
-32,34,164,185,128,18,121,152,247,11
-31,34,44,195,238,109,240,67,128,121
-30,34,54,58,187,188,10,246,19,12
-29,34,179,226,182,138,158,134,118,183
-28,34,16,246,244,37,10,247,123,211
-27,34,183,241,143,11,18,246,235,152
-26,34,183,11,143,18,227,10,246,213
-25,34,72,44,240,238,51,195,73,183
-24,34,88,51,161,97,252,67,62,10
-23,34,51,9,252,161,205,97,56,21
-22,34,212,255,51,187,21,19,43,141
-21,34,217,49,213,141,51,21,251,188
-20,34,195,94,44,72,238,18,141,189
-19,34,72,44,240,238,51,94,195,101
-18,34,58,182,187,51,12,54,206,33
-17,34,44,238,51,227,20,143,162,6
-16,34,84,51,96,26,207,1,252,21
-15,34,12,45,252,56,58,21,187,51
-14,34,9,45,51,252,205,56,21,202
-13,34,16,88,51,252,10,246,130,251
-12,34,212,255,51,90,251,187,54,181
-11,34,49,217,247,51,251,181,90,33
-10,34,11,90,217,227,49,141,213,246
-9,34,90,238,240,44,181,51,205,28
-8,34,58,187,181,54,182,114,51,12
-7,34,44,103,238,181,143,128,51,166
-6,34,97,161,252,56,34,51,21,62
-5,34,212,255,187,51,141,90,19,181
-4,34,49,217,141,213,181,196,188,87
-3,34,11,241,44,181,141,238,152,205
-2,34,44,238,240,5,51,72,195,94
-1,34,84,51,96,26,62,207,252,113
-39,35,43,44,97,129,22,203,49,135
-38,35,112,129,135,203,84,22,225,28
-37,35,14,129,36,84,97,210,112,142
-36,35,185,202,129,36,191,167,235,187
-35,35,202,194,36,11,167,34,84,253
-34,35,202,167,194,36,253,14,156,11
-33,35,202,101,34,253,194,254,14,36
-32,35,101,202,103,254,89,167,194,11
-31,35,36,74,167,148,187,202,14,190
-30,35,196,167,14,202,36,194,116,103
-29,35,194,202,101,252,170,116,11,14
-28,35,14,202,36,194,58,171,167,79
-27,35,167,202,116,194,196,101,36,14
-26,35,167,202,116,196,244,36,194,170
-25,35,148,74,202,190,187,191,97,196
-24,35,235,74,167,36,218,129,0,202
-23,35,22,218,167,132,235,36,202,10
-22,35,49,167,202,22,36,10,136,84
-21,35,224,202,167,214,244,36,10,84
-20,35,167,185,148,190,214,136,202,191
-19,35,148,190,185,191,74,167,187,2
-18,35,7,84,10,167,212,36,3,14
-17,35,148,190,74,191,7,8,136,0
-16,35,57,42,84,160,218,145,22,135
-15,35,218,22,132,10,145,167,235,66
-14,35,218,132,22,167,235,145,153,61
-13,35,235,14,167,202,194,93,36,53
-12,35,36,167,49,202,44,10,22,197
-11,35,202,36,224,167,84,14,11,214
-10,35,167,202,36,214,224,244,11,89
-9,35,191,36,71,148,167,49,104,190
-8,35,7,36,202,142,14,253,71,167
-7,35,36,190,148,74,167,171,9,7
-6,35,22,218,167,36,71,61,122,235
-5,35,167,49,36,214,202,89,244,77
-4,35,36,224,214,167,244,202,89,171
-3,35,36,148,167,190,214,202,89,244
-2,35,148,190,167,36,74,203,49,61
-1,35,57,84,42,203,22,36,102,218
-39,36,73,234,45,212,0,159,186,153
-38,36,73,212,239,24,214,186,251,255
-37,36,73,188,153,44,10,74,50,158
-36,36,26,188,73,125,153,142,158,10
-35,36,188,158,73,253,153,235,10,82
-34,36,153,158,188,73,10,239,28,82
-33,36,158,188,10,118,73,82,153,254
-32,36,78,103,10,188,153,158,118,73
-31,36,153,26,142,188,227,115,78,79
-30,36,188,78,0,153,253,10,8,239
-29,36,188,72,1,96,78,228,165,231
-28,36,188,78,154,153,110,10,245,119
-27,36,188,78,251,153,1,165,48,10
-26,36,188,78,48,251,2,153,10,82
-25,36,188,142,115,227,39,78,26,153
-24,36,207,188,248,49,153,246,152,120
-23,36,188,181,246,152,211,74,120,248
-22,36,234,188,0,8,74,171,129,153
-21,36,188,255,24,129,239,153,10,74
-20,36,125,26,227,129,115,44,188,142
-19,36,227,142,115,39,248,125,188,26
-18,36,245,0,203,188,74,187,214,8
-17,36,227,39,115,19,245,171,248,3
-16,36,70,248,120,181,14,20,188,74
-15,36,253,211,0,74,8,248,214,203
-14,36,248,120,211,152,246,181,188,74
-13,36,188,78,110,207,74,50,181,248
-12,36,0,234,188,74,10,153,214,158
-11,36,255,24,188,153,10,239,157,82
-10,36,188,153,251,24,255,10,74,129
-9,36,39,227,188,10,153,74,147,251
-8,36,245,188,10,0,50,153,74,253
-7,36,39,227,115,74,188,153,10,50
-6,36,181,246,152,74,188,248,211,10
-5,36,234,188,74,92,119,129,8,153
-4,36,255,24,188,129,74,119,153,239
-3,36,251,188,74,227,39,153,115,129
-2,36,227,115,142,39,188,74,26,147
-1,36,120,70,181,20,14,248,165,102
-39,37,72,219,209,145,165,220,48,28
-38,37,219,50,209,48,28,90,14,72
-37,37,124,162,89,219,22,134,163,55
-36,37,219,124,55,22,64,20,109,103
-35,37,219,64,164,103,35,22,55,204
-34,37,219,50,64,103,22,124,21,35
-33,37,156,64,103,219,89,109,199,35
-32,37,103,219,181,89,199,64,22,32
-31,37,103,27,78,219,22,124,238,199
-30,37,103,219,22,164,199,95,238,124
-29,37,156,170,198,29,219,103,199,181
-28,37,199,219,103,238,124,89,1,121
-27,37,103,219,100,22,248,163,199,55
-26,37,103,219,22,162,163,199,55,124
-25,37,103,78,27,169,219,22,199,16
-24,37,67,135,124,22,219,143,27,161
-23,37,143,67,124,48,161,219,135,55
-22,37,145,103,220,124,105,22,219,55
-21,37,50,147,124,219,14,103,57,22
-20,37,126,147,162,14,27,57,78,21
-19,37,27,78,126,145,55,16,48,233
-18,37,164,84,124,95,220,105,21,90
-17,37,27,78,169,233,145,175,61,16
-16,37,182,190,143,58,31,72,65,145
-15,37,143,48,67,220,161,124,164,84
-14,37,143,67,48,161,190,174,135,56
-13,37,48,161,143,67,135,124,174,31
-12,37,124,220,219,90,22,64,21,209
-11,37,124,50,219,35,22,103,64,14
-10,37,124,50,103,22,14,147,162,219
-9,37,124,27,78,22,186,15,24,89
-8,37,164,124,89,219,220,84,95,22
-7,37,124,27,78,89,55,233,101,22
-6,37,124,161,67,143,48,135,174,55
-5,37,124,145,103,147,57,220,22,21
-4,37,124,147,50,14,57,103,22,55
-3,37,124,14,27,78,22,103,21,57
-2,37,27,78,124,48,145,113,16,169
-1,37,182,190,143,145,65,58,31,124
-39,38,120,209,87,125,22,132,0,97
-38,38,209,146,86,79,97,84,44,33
-37,38,209,175,212,118,127,120,242,52
-36,38,209,118,80,173,127,212,119,215
-35,38,209,22,189,128,127,136,118,239
-34,38,209,127,146,118,212,189,63,94
-33,38,204,55,50,209,52,197,102,175
-32,38,209,242,127,205,118,52,212,204
-31,38,209,127,118,215,80,119,212,175
-30,38,209,127,118,22,136,212,12,175
-29,38,209,204,50,243,55,43,89,46
-28,38,103,209,144,175,37,206,204,46
-27,38,209,127,7,118,12,204,159,79
-26,38,209,127,118,12,79,124,212,230
-25,38,209,215,80,118,251,127,169,119
-24,38,209,71,80,30,118,127,9,234
-23,38,209,101,30,9,234,127,118,97
-22,38,209,127,212,118,22,86,139,84
-21,38,209,146,79,86,127,212,118,94
-20,38,209,87,79,215,84,119,127,118
-19,38,209,215,80,119,169,251,88,84
-18,38,209,136,86,212,22,79,97,84
-17,38,209,169,215,251,145,119,17,143
-16,38,209,148,92,71,30,159,212,151
-15,38,209,30,136,9,101,234,212,222
-14,38,209,101,30,9,234,97,195,0
-13,38,209,30,101,9,234,71,97,84
-12,38,209,86,79,212,127,22,118,97
-11,38,146,79,209,212,127,118,86,175
-10,38,127,79,212,118,124,209,86,94
-9,38,209,215,212,118,127,251,80,213
-8,38,136,209,212,22,118,127,223,213
-7,38,209,198,215,212,118,251,173,127
-6,38,30,9,209,234,101,212,213,127
-5,38,212,79,209,127,94,118,22,84
-4,38,146,79,127,212,118,86,209,94
-3,38,124,209,79,215,127,212,118,94
-2,38,209,215,251,169,84,119,80,94
-1,38,209,148,92,71,173,212,64,213
-39,39,224,108,23,78,241,16,68,52
-38,39,78,13,85,62,52,177,181,34
-37,39,219,34,77,70,30,116,108,177
-36,39,158,44,244,239,70,99,108,165
-35,39,16,34,145,70,23,146,108,213
-34,39,34,85,70,177,108,30,13,116
-33,39,112,226,136,108,101,83,157,58
-32,39,219,70,77,141,108,99,189,197
-31,39,158,239,70,244,44,231,99,183
-30,39,16,34,70,145,30,116,23,36
-29,39,164,201,157,21,35,112,32,57
-28,39,42,55,164,96,148,159,200,227
-27,39,40,70,74,77,35,163,219,95
-26,39,30,70,116,77,34,130,13,62
-25,39,158,231,239,70,244,117,122,183
-24,39,69,250,183,92,72,244,70,248
-23,39,250,246,1,248,92,9,70,203
-22,39,241,23,70,16,145,68,78,34
-21,39,34,13,85,177,30,62,116,70
-20,39,44,77,231,239,62,242,78,251
-19,39,158,244,231,183,9,239,72,122
-18,39,16,78,23,145,34,62,36,182
-17,39,158,231,239,179,117,253,90,109
-16,39,2,248,189,38,69,154,78,213
-15,39,23,241,92,250,16,9,78,68
-14,39,75,248,92,250,246,1,9,188
-13,39,250,1,246,248,92,9,69,188
-12,39,34,23,16,145,30,70,78,62
-11,39,34,30,85,13,177,116,70,78
-10,39,34,30,70,116,13,177,62,130
-9,39,158,239,72,70,244,183,182,188
-8,39,16,145,23,34,70,63,213,146
-7,39,158,239,231,219,197,70,244,251
-6,39,250,246,1,92,248,9,70,182
-5,39,241,62,145,70,34,23,16,30
-4,39,62,34,13,242,70,85,30,116
-3,39,30,116,70,62,231,34,77,239
-2,39,158,231,239,72,197,244,44,70
-1,39,2,248,189,38,69,154,213,78
0,0,177,47,235,192,187,115,132,158
0,1,250,112,224,11,172,244,155,129
0,2,100,10,158,93,145,29,109,123
0,3,25,6,225,199,117,37,118,214
0,4,222,142,15,154,102,108,128,195
0,5,158,193,218,153,65,151,127,251
0,6,79,138,196,153,60,54,167,177
0,7,36,147,184,117,185,76,29,64
0,8,164,52,220,133,224,23,180,191
0,9,95,255,164,2,161,197,239,198
0,10,198,169,247,185,65,125,234,124
0,11,189,128,206,107,108,160,86,3
0,12,74,39,93,1,63,26,128,65
0,13,47,93,147,43,154,134,66,202
0,14,137,51,224,52,159,50,124,64
0,15,242,148,147,165,71,162,81,200
0,16,130,252,51,28,5,233,152,170
0,17,35,64,115,250,87,20,89,248
0,18,13,43,57,126,179,177,192,197
0,19,20,36,75,30,116,226,109,35
0,20,234,220,224,23,4,239,56,191
0,21,95,164,2,197,29,207,191,44
0,22,198,169,124,65,125,91,234,130
0,23,206,128,189,108,107,111,62,172
0,24,93,74,1,221,242,63,39,26
0,25,182,47,134,93,147,78,202,212
0,26,137,148,103,51,32,124,160,20
0,27,165,87,58,242,162,229,183,181
0,28,130,229,80,43,205,46,252,133
0,29,248,87,0,20,64,250,76,89
0,30,43,134,163,197,179,226,192,13
0,31,116,20,109,4,36,75,205,39
0,32,112,119,90,134,181,192,178,2
0,33,127,93,43,92,86,83,183,16
0,34,26,1,85,82,96,51,113,86
0,35,42,84,57,72,174,203,160,135
0,36,20,70,120,83,221,192,74,181
0,37,39,190,182,104,124,31,58,72
0,38,209,151,148,27,249,71,92,212
0,39,154,110,38,243,69,248,78,12
1,0,75,37,138,77,173,232,238,184
1,1,112,214,172,250,224,147,129,97
1,2,49,219,217,11,29,158,153,60
1,3,6,196,69,224,25,87,159,225
1,4,90,163,200,233,195,129,121,140
1,5,65,71,188,158,251,127,153,110
1,6,169,143,138,203,22,133,60,254
1,7,184,125,35,229,185,78,117,39
1,8,224,133,72,191,98,23,99,141
1,9,255,2,243,95,36,170,198,68
1,10,65,157,243,185,247,125,134,198
1,11,150,204,89,128,206,160,143,108
1,12,145,60,221,192,189,209,220,13
1,13,89,202,93,182,66,243,212,134
1,14,103,189,137,28,125,51,88,214
1,15,229,165,185,244,242,58,46,195
1,16,60,163,35,28,252,238,130,38
1,17,248,208,89,5,167,87,64,35
1,18,43,213,134,203,2,197,124,177
1,19,36,195,121,201,167,20,173,56
1,20,224,23,99,173,191,175,237,239
1,21,18,255,2,95,170,221,200,243
1,22,65,243,185,125,35,176,150,247
1,23,150,239,16,160,128,206,143,89
1,24,60,145,221,199,127,0,93,235
1,25,243,182,89,202,134,185,93,20
1,26,88,103,137,12,28,229,214,189
1,27,229,242,165,185,46,58,183,147
1,28,163,229,238,75,28,205,35,92
1,29,22,248,87,241,15,46,208,211
1,30,43,134,126,201,15,197,124,34
1,31,36,121,201,26,20,167,204,154
1,32,112,250,53,150,160,2,95,90
1,33,127,52,92,164,43,9,83,184
1,34,63,186,26,85,1,105,92,113
1,35,43,42,72,84,57,86,174,160
1,36,45,14,20,201,75,120,83,221
1,37,72,39,23,138,182,206,190,65
1,38,209,103,120,249,151,104,248,18
1,39,238,162,222,21,159,10,148,190
2,0,81,115,140,206,95,192,235,86
2,1,112,94,224,172,250,19,147,33
2,2,153,106,41,217,129,29,11,49
2,3,230,26,117,199,25,233,6,196
2,4,195,58,154,108,90,165,235,89
2,5,158,65,127,43,153,188,135,205
2,6,138,79,143,60,196,65,22,153
2,7,36,117,70,184,185,35,123,147
2,8,104,239,107,224,99,180,116,220
2,9,2,203,36,116,95,191,255,161
2,10,65,247,198,185,125,243,234,157
2,11,128,108,206,160,62,204,189,111
2,12,74,93,221,39,220,60,208,65
2,13,134,47,138,93,182,147,202,154
2,14,137,52,148,64,32,51,160,50
2,15,162,165,148,58,242,87,229,147
2,16,229,43,130,252,28,170,51,205
2,17,64,115,248,87,0,89,20,35
2,18,43,197,192,134,126,203,226,204
2,19,36,20,116,109,75,30,167,26
2,20,175,239,23,99,116,224,220,191
2,21,2,203,95,191,44,116,207,255
2,22,65,198,36,243,125,234,150,231
2,23,108,206,128,160,162,239,204,51
2,24,102,68,221,93,254,199,145,220
2,25,78,182,234,93,134,212,189,202
2,26,137,103,229,88,12,32,41,214
2,27,183,165,242,229,153,87,58,147
2,28,229,35,205,130,28,163,75,80
2,29,248,241,87,22,64,69,124,89
2,30,197,134,43,163,126,203,111,226
2,31,75,36,116,20,121,26,167,109
2,32,112,119,252,90,2,53,192,184
2,33,127,92,93,43,52,83,39,72
2,34,105,26,85,1,132,231,86,63
2,35,42,72,84,57,203,135,86,18
2,36,75,20,221,83,70,222,45,174
2,37,39,138,72,23,182,104,40,190
2,38,249,209,151,27,148,176,104,18
2,39,38,110,69,154,205,217,222,162
3,0,106,66,218,212,238,43,157,236
3,1,112,19,224,124,86,33,147,250
3,2,11,217,49,133,188,106,60,153
3,3,214,19,6,199,25,159,225,30
3,4,195,154,74,88,54,98,192,152
3,5,158,110,218,147,153,251,127,178
3,6,143,138,65,79,196,68,22,183
3,7,36,229,184,14,185,78,35,147
3,8,99,77,180,4,173,23,191,224
3,9,255,2,161,59,243,197,200,170
3,10,65,247,196,185,243,157,198,125
3,11,160,206,128,27,107,108,239,204
3,12,60,145,193,221,199,223,220,1
3,13,89,182,134,154,202,93,66,47
3,14,137,103,32,64,189,51,88,148
3,15,165,58,185,242,229,148,87,162
3,16,28,163,252,60,229,134,205,130
3,17,248,64,35,89,87,0,22,5
3,18,155,203,43,197,126,134,177,93
3,19,225,20,30,121,109,207,167,201
3,20,224,116,99,239,237,56,220,98
3,21,156,2,255,197,95,239,243,55
3,22,243,247,176,65,185,125,196,35
3,23,206,27,128,9,160,107,150,239
3,24,60,145,221,192,23,254,199,164
3,25,89,182,78,134,202,66,20,243
3,26,88,103,137,189,12,28,71,32
3,27,165,229,242,204,58,87,185,183
3,28,163,229,205,152,252,75,28,60
3,29,22,241,248,20,87,15,16,0
3,30,126,155,43,161,163,134,195,203
3,31,207,20,75,36,121,225,201,39
3,32,192,112,252,150,185,53,106,237
3,33,127,43,72,9,92,16,164,39
3,34,9,63,86,85,105,133,92,26
3,35,22,84,43,72,135,42,112,174
3,36,45,221,14,75,73,83,201,66
3,37,72,56,88,219,165,23,138,121
3,38,120,209,195,193,190,173,104,125
3,39,162,107,45,98,211,103,222,114
4,0,210,93,228,14,84,57,88,102
4,1,195,33,251,29,182,3,193,63
4,2,217,49,11,133,60,153,64,106
4,3,214,19,70,246,225,20,116,202
4,4,195,74,79,154,88,54,58,98
4,5,158,147,11,110,88,178,15,218
4,6,143,65,138,97,226,137,196,79
4,7,78,35,229,203,184,155,14,147
4,8,173,180,4,61,23,99,224,116
4,9,255,156,59,161,171,197,200,2
4,10,196,65,185,247,243,133,177,157
4,11,27,160,239,89,107,78,192,150
4,12,193,60,16,99,199,145,221,0
4,13,89,44,182,171,146,243,3,202
4,14,71,230,103,191,177,41,29,140
4,15,153,183,229,191,117,196,83,53
4,16,163,88,126,144,166,205,75,175
4,17,248,167,15,208,86,35,64,150
4,18,155,217,126,201,43,124,134,213
4,19,201,173,221,207,121,195,186,36
4,20,223,237,17,11,235,173,217,224
4,21,156,194,18,127,246,210,55,243
4,22,203,48,243,249,95,185,65,192
4,23,89,160,150,239,226,88,162,193
4,24,0,60,167,76,99,16,145,102
4,25,89,44,243,146,78,57,171,205
4,26,71,230,12,229,88,189,140,236
4,27,183,137,225,53,82,153,204,29
4,28,205,166,163,126,245,75,152,88
4,29,241,248,15,33,167,247,22,25
4,30,155,126,174,43,31,201,134,161
4,31,207,201,41,36,194,75,19,195
4,32,150,38,68,112,160,221,192,180
4,33,9,72,71,127,43,0,27,241
4,34,63,105,9,15,92,81,204,199
4,35,43,22,119,174,72,135,102,124
4,36,221,75,110,45,201,14,73,23
4,37,72,23,245,55,165,219,8,138
4,38,120,173,209,193,88,238,249,176
4,39,162,106,107,222,10,45,22,205
5,0,136,180,14,78,241,238,56,68
5,1,234,94,127,107,172,147,16,33
5,2,217,153,1,172,41,233,179,237
5,3,216,246,255,12,196,244,225,48
5,4,195,253,90,79,154,28,58,152
5,5,153,22,50,174,251,163,198,58
5,6,26,212,102,12,249,30,210,159
5,7,184,3,225,174,175,154,140,185
5,8,53,148,133,72,121,143,23,85
5,9,99,68,207,186,1,44,28,229
5,10,146,116,156,148,77,134,233,250
5,11,32,97,33,60,44,230,141,204
5,12,137,50,163,250,10,176,196,116
5,13,145,47,0,13,19,93,208,14
5,14,132,204,73,194,96,44,54,225
5,15,147,235,139,12,206,238,98,195
5,16,59,72,130,172,234,229,73,233
5,17,69,89,1,170,185,8,209,220
5,18,77,144,138,91,209,116,176,13
5,19,137,35,122,59,115,48,143,75
5,20,53,133,148,72,195,233,145,171
5,21,99,68,95,207,251,136,72,252
5,22,160,116,156,148,77,119,205,194
5,23,80,60,204,157,32,107,14,56
5,24,163,50,39,238,176,137,125,1
5,25,145,13,219,78,93,202,130,42
5,26,214,132,71,204,96,54,138,78
5,27,139,98,206,147,195,26,85,100
5,28,74,72,130,247,250,228,165,59
5,29,69,89,150,60,1,185,248,36
5,30,144,77,91,52,192,176,240,13
5,31,137,67,59,14,122,207,239,30
5,32,33,47,104,255,151,178,117,219
5,33,192,81,203,75,189,198,146,63
5,34,16,246,169,164,152,141,247,37
5,35,167,79,202,36,171,103,235,254
5,36,188,153,10,110,78,74,154,134
5,37,103,124,199,219,89,8,238,32
5,38,103,120,209,176,235,233,236,182
5,39,120,37,148,159,255,67,109,204
6,0,134,36,124,151,175,231,188,62
6,1,113,245,33,254,101,118,7,200
6,2,64,237,150,153,182,117,106,94
6,3,25,159,199,87,202,246,219,214
6,4,154,24,89,253,192,79,127,250
6,5,158,251,155,178,110,81,218,127
6,6,143,138,226,65,98,82,79,112
6,7,35,155,184,229,208,191,159,221
6,8,224,61,98,173,92,220,133,20
6,9,255,243,59,198,200,197,183,161
6,10,185,133,196,243,80,65,247,95
6,11,78,160,239,213,89,75,150,73
6,12,99,193,76,16,232,145,189,221
6,13,44,89,149,243,171,141,182,132
6,14,189,166,71,103,12,0,140,125
6,15,229,225,42,69,149,244,70,150
6,16,245,163,205,247,14,144,75,126
6,17,248,15,86,208,96,241,125,33
6,18,126,201,94,43,199,124,155,174
6,19,207,173,201,41,221,44,194,204
6,20,50,17,217,18,224,220,92,175
6,21,232,155,58,127,209,45,255,136
6,22,133,185,95,247,203,43,80,243
6,23,78,226,213,73,150,89,126,138
6,24,167,76,99,208,127,145,193,104
6,25,89,44,78,243,171,114,149,138
6,26,12,71,166,97,88,137,189,211
6,27,225,137,183,229,70,242,132,228
6,28,205,152,247,14,163,166,144,252
6,29,241,15,248,125,20,247,22,93
6,30,94,126,155,43,174,161,201,134
6,31,75,207,201,173,41,36,195,24
6,32,150,38,112,128,160,15,68,162
6,33,72,9,164,127,52,184,189,68
6,34,63,105,231,186,219,113,204,133
6,35,43,102,135,185,84,119,174,22
6,36,221,75,45,125,212,186,37,73
6,37,55,219,72,126,23,206,254,237
6,38,120,173,209,0,184,198,91,132
6,39,10,235,106,114,98,44,120,185
7,0,199,13,204,175,151,231,124,174
7,1,16,253,49,234,254,162,209,10
7,2,108,123,173,252,106,120,19,153
7,3,236,188,25,199,166,79,159,65
7,4,195,213,253,154,89,165,229,92
7,5,158,81,110,251,88,2,86,71
7,6,138,143,65,79,226,112,84,196
7,7,35,184,229,78,147,191,36,254
7,8,224,173,133,98,50,61,207,20
7,9,255,243,200,221,59,183,104,189
7,10,196,133,185,247,199,162,211,65
7,11,78,239,160,192,89,150,107,143
7,12,193,16,99,76,145,189,60,153
7,13,89,44,149,171,182,3,212,194
7,14,12,0,189,166,103,97,140,88
7,15,229,244,150,42,6,225,165,153
7,16,60,205,14,163,57,28,88,134
7,17,248,86,15,208,167,144,96,125
7,18,126,155,124,199,201,43,94,174
7,19,201,207,19,173,121,194,30,11
7,20,50,235,224,217,173,172,17,116
7,21,58,127,232,55,221,209,243,235
7,22,185,247,133,182,95,65,176,199
7,23,160,239,150,78,148,173,92,89
7,24,167,145,254,76,68,100,153,193
7,25,78,89,149,44,243,255,242,26
7,26,12,71,97,137,193,166,103,88
7,27,229,165,242,70,149,150,217,58
7,28,205,57,152,252,163,229,14,203
7,29,125,15,248,20,247,144,96,241
7,30,94,126,155,43,134,161,201,44
7,31,75,201,207,41,26,194,20,173
7,32,150,15,52,112,68,192,38,237
7,33,72,9,127,164,95,184,56,39
7,34,63,231,26,85,204,105,9,1
7,35,43,84,135,42,86,191,72,57
7,36,73,221,201,110,45,186,75,83
7,37,72,219,55,184,205,144,126,109
7,38,120,0,209,151,193,249,173,108
7,39,106,107,206,179,129,10,185,222
8,0,101,35,197,242,108,11,79,135
8,1,146,27,155,97,16,231,11,62
8,2,117,20,90,75,109,253,43,106
8,3,236,225,119,37,199,117,25,53
8,4,154,195,142,102,222,108,251,89
8,5,158,205,110,43,236,127,188,251
8,6,65,79,143,138,196,133,36,157
8,7,35,36,76,147,185,229,158,14
8,8,116,107,239,4,173,77,99,224
8,9,197,203,207,161,255,44,29,2
8,10,234,247,196,185,65,198,243,169
8,11,239,42,160,111,107,128,204,3
8,12,39,208,220,193,145,3,221,128
8,13,219,93,138,47,66,154,182,134
8,14,52,167,137,64,51,231,54,106
8,15,162,165,147,148,242,181,54,213
8,16,170,252,51,130,250,229,80,32
8,17,89,115,20,225,64,87,15,230
8,18,204,43,197,192,226,177,139,97
8,19,30,226,75,26,109,20,229,36
8,20,133,191,116,107,72,224,180,220
8,21,207,203,2,44,95,161,197,73
8,22,234,160,196,116,122,165,207,187
8,23,80,107,111,108,3,60,145,147
8,24,39,220,193,24,1,68,145,81
8,25,219,93,211,13,66,130,138,221
8,26,137,167,52,106,88,159,67,214
8,27,177,165,147,162,242,181,206,58
8,28,130,74,80,170,252,229,205,250
8,29,248,150,89,20,64,87,250,35
8,30,155,197,134,44,126,43,226,170
8,31,75,20,207,36,26,173,109,201
8,32,112,150,53,98,90,15,52,95
8,33,127,231,9,164,72,126,184,39
8,34,85,26,116,1,105,231,63,16
8,35,84,42,112,72,174,57,86,135
8,36,221,73,45,20,83,75,201,22
8,37,72,138,182,219,65,39,205,206
8,38,209,103,120,151,249,91,255,232
8,39,238,162,38,159,148,21,222,229
9,0,132,81,158,115,177,235,47,208
9,1,217,155,233,11,182,146,250,118
9,2,121,167,43,123,153,20,217,255
9,3,119,117,41,236,190,37,225,118
9,4,154,54,195,58,222,142,236,89
9,5,158,110,43,135,188,65,218,127
9,6,65,138,196,143,79,36,254,153
9,7,117,185,35,229,23,158,184,14
9,8,116,239,99,4,180,224,23,133
9,9,255,2,239,161,197,36,95,191
9,10,65,247,185,243,125,196,198,157
9,11,160,206,128,108,107,12,150,111
9,12,145,93,193,221,60,220,74,223
9,13,154,182,134,93,66,138,202,47
9,14,137,64,52,167,51,32,148,189
9,15,58,242,162,148,165,87,185,229
9,16,229,51,252,134,28,43,170,40
9,17,89,64,87,0,211,35,198,115
9,18,43,197,134,163,127,13,192,226
9,19,116,20,36,109,121,191,173,75
9,20,116,175,23,220,239,4,133,180
9,21,2,197,255,239,63,95,117,169
9,22,65,125,176,243,247,150,185,36
9,23,206,128,9,160,143,254,204,108
9,24,235,221,145,93,164,192,254,68
9,25,93,182,134,78,154,89,95,118
9,26,88,214,137,103,32,229,51,41
9,27,242,87,165,58,181,195,217,185
9,28,238,229,150,75,93,35,43,106
9,29,0,87,124,16,64,153,248,250
9,30,43,195,163,134,226,161,13,197
9,31,20,75,116,154,109,26,121,167
9,32,252,112,119,90,53,150,134,223
9,33,184,127,93,92,210,129,16,39
9,34,85,26,1,82,231,132,133,92
9,35,42,72,84,57,86,174,135,204
9,36,83,221,75,20,45,73,70,174
9,37,138,182,39,104,72,40,88,219
9,38,209,151,249,27,120,224,148,236
9,39,162,38,205,222,127,154,42,217
10,0,238,43,252,25,205,95,147,112
10,1,250,217,224,140,182,112,146,147
10,2,49,11,217,20,167,106,121,153
10,3,117,236,119,38,130,225,41,199
10,4,54,195,58,154,235,89,213,163
10,5,158,110,43,188,205,79,90,65
10,6,65,138,143,79,97,196,36,157
10,7,229,117,35,142,184,203,23,78
10,8,116,104,239,173,99,61,207,224
10,9,171,2,255,59,197,104,200,191
10,10,65,196,247,185,157,125,243,173
10,11,160,72,78,107,128,39,206,108
10,12,193,199,220,145,60,249,221,254
10,13,182,44,154,89,134,149,32,138
10,14,125,137,103,51,189,52,167,0
10,15,165,58,162,148,238,229,232,204
10,16,245,28,252,134,35,205,60,0
10,17,5,87,15,20,0,16,89,64
10,18,155,43,226,124,134,197,203,13
10,19,30,109,20,201,167,226,19,36
10,20,239,237,224,116,99,127,180,207
10,21,127,191,2,255,197,156,55,243
10,22,65,157,247,125,243,185,35,196
10,23,128,160,206,111,39,72,239,107
10,24,145,1,93,220,199,60,193,192
10,25,182,134,89,44,154,149,138,32
10,26,88,137,229,86,51,103,52,28
10,27,165,242,58,162,181,87,172,204
10,28,43,252,152,170,229,93,205,163
10,29,241,5,20,87,15,0,142,248
10,30,43,226,155,163,203,134,197,170
10,31,20,167,75,30,36,201,173,109
10,32,223,112,150,192,178,90,119,252
10,33,231,72,9,83,16,32,127,74
10,34,241,186,1,21,85,26,63,251
10,35,84,135,42,72,160,22,174,218
10,36,221,248,45,83,98,70,129,56
10,37,72,62,58,48,229,143,88,182
10,38,120,209,166,147,173,176,8,117
10,39,238,162,127,95,50,175,222,98
11,0,209,43,206,30,95,104,105,147
11,1,155,11,146,217,62,118,47,33
11,2,49,20,52,217,167,43,106,153
11,3,117,119,199,236,226,225,233,25
11,4,154,195,58,54,87,20,144,90
11,5,153,158,251,198,218,50,110,188
11,6,26,102,212,65,79,254,21,209
11,7,185,3,184,199,104,225,187,140
11,8,148,53,133,233,23,107,143,72
11,9,68,99,207,229,233,1,203,222
11,10,116,148,132,156,108,134,176,23
11,11,32,60,42,44,141,239,223,97
11,12,176,10,163,137,250,116,161,50
11,13,145,208,83,248,45,165,58,183
11,14,132,44,204,73,96,253,248,194
11,15,235,139,145,206,227,147,12,74
11,16,191,72,104,74,172,228,117,45
11,17,209,1,89,69,8,44,102,149
11,18,77,144,91,138,209,64,175,152
11,19,115,59,95,25,212,122,99,204
11,20,53,148,133,195,85,240,23,145
11,21,99,68,207,222,254,1,211,251
11,22,116,160,148,108,156,132,134,122
11,23,80,230,32,141,60,213,146,78
11,24,137,176,10,116,244,250,1,91
11,25,145,208,34,211,45,83,5,183
11,26,132,204,248,96,44,78,71,64
11,27,139,206,235,177,145,98,3,147
11,28,74,191,72,228,47,197,172,129
11,29,150,69,1,158,89,36,125,60
11,30,77,144,122,97,91,138,64,17
11,31,95,115,59,135,122,212,195,67
11,32,33,255,47,236,219,126,178,104
11,33,192,146,81,12,220,72,177,110
11,34,16,246,244,10,37,108,247,218
11,35,171,14,36,202,167,220,53,194
11,36,188,153,154,78,10,110,244,119
11,37,199,103,219,124,238,89,52,121
11,38,103,191,159,206,62,198,179,166
11,39,238,225,223,120,109,159,174,148
12,0,32,206,238,95,168,30,181,255
12,1,140,182,33,201,192,146,193,86
12,2,49,52,20,11,153,218,253,167
12,3,199,118,225,6,113,129,214,25
12,4,154,54,129,195,88,233,163,90
12,5,158,110,65,218,188,43,153,251
12,6,143,138,254,65,196,79,22,226
12,7,185,184,78,36,117,14,147,76
12,8,148,133,53,23,72,224,220,123
12,9,99,68,207,255,161,61,1,95
12,10,247,176,243,65,156,59,25,134
12,11,204,9,60,12,128,141,206,108
12,12,163,189,176,39,145,116,208,125
12,13,93,145,219,47,118,212,66,98
12,14,167,64,106,96,146,54,159,137
12,15,206,3,26,165,204,71,147,110
12,16,74,59,130,229,170,40,32,51
12,17,211,89,229,115,69,8,242,238
12,18,77,16,91,144,127,232,192,17
12,19,59,137,14,124,28,132,30,4
12,20,53,133,148,171,220,224,233,72
12,21,207,99,61,68,117,251,95,229
12,22,160,116,108,42,165,176,59,53
12,23,80,60,141,56,157,170,204,9
12,24,176,163,62,125,116,39,87,222
12,25,93,145,219,78,118,212,130,208
12,26,167,214,132,96,146,67,106,159
12,27,206,139,195,3,100,110,26,80
12,28,74,72,20,170,167,80,0,45
12,29,89,150,242,69,1,200,211,191
12,30,77,177,91,219,191,203,165,16
12,31,137,30,14,11,204,195,132,59
12,32,33,47,101,219,178,30,65,104
12,33,192,81,178,241,40,75,39,72
12,34,16,107,141,251,105,98,46,181
12,35,167,202,36,10,104,89,198,223
12,36,188,198,153,110,74,10,214,196
12,37,105,124,103,21,219,121,6,35
12,38,103,120,37,177,233,98,209,159
12,39,238,42,175,164,229,22,227,120
13,0,238,88,112,200,95,43,173,140
13,1,33,155,181,128,233,140,152,118
13,2,49,52,20,218,11,72,253,217
13,3,119,113,106,117,236,199,233,214
13,4,165,195,54,193,235,5,154,171
13,5,158,110,188,160,43,215,230,198
13,6,143,65,97,138,193,7,98,133
13,7,142,185,76,35,117,78,155,184
13,8,116,173,239,104,220,133,237,224
13,9,197,255,207,161,200,2,84,68
13,10,196,247,243,215,157,122,65,10
13,11,239,160,42,78,181,111,107,128
13,12,193,39,62,199,145,254,220,134
13,13,219,138,154,93,182,44,113,149
13,14,167,52,64,54,137,106,214,51
13,15,162,165,147,71,242,3,148,110
13,16,170,32,229,252,250,26,80,130
13,17,89,115,8,229,16,64,211,124
13,18,16,77,91,192,22,203,177,204
13,19,59,4,30,137,183,124,75,28
13,20,53,133,220,148,207,180,107,116
13,21,207,131,99,117,104,88,127,251
13,22,116,160,234,78,196,192,165,178
13,23,80,107,111,56,108,104,147,51
13,24,39,24,65,68,35,199,193,238
13,25,219,93,130,78,13,2,95,28
13,26,167,52,138,131,146,60,137,214
13,27,206,3,110,100,177,80,139,26
13,28,74,170,72,167,130,0,136,20
13,29,150,89,248,158,36,241,8,200
13,30,155,226,192,77,24,180,134,31
13,31,204,195,154,166,36,75,207,236
13,32,150,223,178,127,227,60,95,184
13,33,9,74,32,231,72,81,40,16
13,34,116,82,105,85,1,21,251,63
13,35,183,174,86,135,167,10,84,224
13,36,75,70,198,68,74,214,129,73
13,37,104,58,124,21,48,219,105,182
13,38,27,148,92,151,212,84,209,101
13,39,110,38,243,12,248,78,242,69
14,0,40,186,236,185,172,144,120,191
14,1,245,124,33,252,167,128,19,86
14,2,49,60,188,11,92,217,139,106
14,3,159,199,155,25,6,189,190,60
14,4,98,88,154,195,192,146,176,89
14,5,158,214,71,110,198,215,2,32
14,6,254,143,65,226,199,21,14,230
14,7,241,188,142,213,132,194,165,211
14,8,53,148,72,133,91,47,85,59
14,9,99,207,28,68,233,229,201,186
14,10,109,217,148,250,176,134,108,147
14,11,42,44,239,135,225,32,60,223
14,12,250,176,137,196,116,10,161,143
14,13,145,83,208,170,165,45,14,139
14,14,73,132,204,225,248,54,163,101
14,15,139,235,14,74,170,206,227,145
14,16,74,104,160,172,191,40,209,183
14,17,69,233,209,1,192,44,58,235
14,18,144,152,175,241,123,176,77,138
14,19,115,95,122,212,25,59,180,219
14,20,53,148,195,72,85,133,225,145
14,21,254,68,81,99,95,1,231,78
14,22,160,172,148,149,147,207,108,126
14,23,80,230,32,215,223,117,44,188
14,24,137,196,176,21,10,89,38,250
14,25,145,165,34,83,248,166,139,45
14,26,132,204,73,163,90,248,110,113
14,27,139,235,1,86,98,147,14,74
14,28,74,160,172,104,209,158,191,130
14,29,69,150,209,44,1,192,36,233
14,30,176,175,77,144,152,44,174,111
14,31,122,115,180,212,95,248,59,246
14,32,33,255,31,236,58,117,139,235
14,33,192,189,146,110,131,4,176,161
14,34,16,246,249,254,43,89,223,123
14,35,53,44,8,36,171,95,14,180
14,36,78,188,154,21,148,228,92,110
14,37,92,244,156,103,238,68,52,214
14,38,43,132,136,120,88,37,177,124
14,39,175,127,5,37,27,189,78,209
15,0,210,14,93,228,240,50,239,241
15,1,128,118,16,195,58,252,124,233
15,2,217,49,188,60,11,92,150,133
15,3,219,159,25,11,225,189,119,214
15,4,98,94,154,192,112,54,88,165
15,5,2,158,194,110,188,251,136,155
15,6,14,65,138,79,143,52,156,230
15,7,35,229,171,76,142,181,111,101
15,8,116,184,159,173,61,207,224,180
15,9,104,198,156,197,98,120,9,59
15,10,196,122,157,247,185,9,199,215
15,11,3,145,153,27,111,239,78,107
15,12,193,60,39,16,169,199,191,220
15,13,154,243,138,3,149,20,182,44
15,14,125,229,52,51,167,189,47,137
15,15,162,148,165,248,58,45,243,204
15,16,205,252,134,170,245,28,93,231
15,17,15,241,158,236,108,89,248,142
15,18,155,226,192,203,124,100,177,69
15,19,75,226,30,201,51,19,228,221
15,20,159,237,116,224,184,220,180,4
15,21,156,155,151,207,120,127,47,197
15,22,215,157,247,185,9,122,82,211
15,23,145,153,107,239,111,66,27,3
15,24,145,208,254,199,1,164,39,16
15,25,138,243,78,154,20,149,32,66
15,26,137,28,88,52,229,167,217,54
15,27,242,162,58,204,248,153,233,54
15,28,205,152,51,252,170,93,163,150
15,29,241,15,158,20,248,142,166,89
15,30,203,226,155,192,177,43,126,161
15,31,75,226,173,51,30,201,36,195
15,32,150,178,19,146,195,206,68,199
15,33,74,72,75,37,97,81,127,40
15,34,63,105,255,212,251,21,141,187
15,35,43,22,104,197,84,136,10,135
15,36,234,214,221,194,74,129,69,198
15,37,58,28,21,124,205,48,145,219
15,38,120,92,87,209,47,22,212,148
15,39,189,2,23,16,68,175,224,241
16,0,139,192,211,72,223,28,191,13
16,1,98,245,48,153,171,33,234,16
16,2,120,108,193,3,253,106,129,123
16,3,188,199,159,197,232,25,11,19
16,4,154,192,195,58,250,213,2,123
16,5,24,250,63,218,153,251,165,158
16,6,128,226,14,172,250,56,59,84
16,7,32,35,14,229,38,76,184,120
16,8,224,220,61,4,222,23,164,16
16,9,54,161,189,198,197,255,243,47
16,10,73,92,211,122,165,196,91,187
16,11,154,106,3,47,160,85,218,19
16,12,193,84,134,208,60,147,194,39
16,13,66,44,154,74,89,99,151,202
16,14,189,61,6,28,137,103,125,51
16,15,148,250,203,242,165,45,88,58
16,16,252,161,28,46,134,150,205,51
16,17,15,17,158,108,241,64,198,226
16,18,203,155,177,13,93,126,130,115
16,19,75,144,226,201,30,199,173,114
16,20,237,224,220,191,56,61,98,185
16,21,155,47,54,197,73,156,26,227
16,22,91,122,92,44,211,247,73,157
16,23,181,154,107,106,93,228,111,3
16,24,1,84,145,216,254,167,210,208
16,25,127,20,151,137,32,66,149,221
16,26,28,137,52,109,189,211,61,54
16,27,242,54,250,71,233,204,217,162
16,28,152,161,205,170,150,252,130,51
16,29,241,214,158,20,17,230,62,201
16,30,203,226,130,192,155,115,177,197
16,31,144,226,75,247,30,201,121,91
16,32,123,19,14,85,206,235,162,150
16,33,84,72,74,139,225,40,177,151
16,34,105,11,48,63,18,251,191,21
16,35,114,43,244,214,10,86,104,135
16,36,125,129,44,214,26,48,198,106
16,37,58,28,48,21,57,14,162,219
16,38,120,92,47,79,209,132,84,87
16,39,189,44,2,242,78,77,197,99
17,0,13,188,124,199,204,155,62,174
17,1,251,111,3,239,245,232,33,16
17,2,200,120,31,15,212,106,3,108
17,3,197,199,25,159,137,19,28,166
17,4,192,154,148,146,44,221,121,250
17,5,250,218,165,27,236,144,251,86
17,6,59,56,128,172,84,49,107,250
17,7,32,35,14,108,229,171,120,36
17,8,224,220,61,237,98,222,207,23
17,9,54,227,198,161,197,189,47,41
17,10,211,122,81,165,91,196,234,242
17,11,3,106,85,160,93,89,59,47
17,12,193,175,39,208,104,60,199,134
17,13,66,44,99,151,243,154,74,219
17,14,28,61,52,189,125,64,32,106
17,15,250,148,165,242,88,243,162,233
17,16,252,150,46,28,190,185,166,205
17,17,17,15,108,64,241,104,226,248
17,18,155,203,177,126,93,250,13,115
17,19,75,226,30,201,114,225,173,195
17,20,237,224,185,191,61,11,56,18
17,21,155,209,198,26,47,73,248,171
17,22,122,91,44,247,211,242,29,187
17,23,85,181,107,106,220,111,228,93
17,24,216,175,1,224,145,199,254,39
17,25,20,32,204,209,206,243,127,255
17,26,137,52,28,86,189,211,106,112
17,27,162,242,217,165,204,54,177,153
17,28,152,252,150,205,213,170,130,51
17,29,241,158,20,21,166,201,15,226
17,30,155,197,250,226,203,192,204,161
17,31,75,201,195,20,30,36,191,173
17,32,19,123,146,192,128,76,12,162
17,33,189,72,74,56,139,75,95,27
17,34,105,1,191,195,63,240,72,251
17,35,43,185,136,174,97,86,191,183
17,36,106,75,125,19,221,186,73,165
17,37,205,229,61,16,175,66,194,108
17,38,0,193,62,120,209,173,87,35
17,39,106,107,179,197,235,225,105,10
18,0,35,79,34,101,179,197,48,30
18,1,155,62,97,16,146,47,75,107
18,2,120,84,200,90,109,210,43,31
18,3,230,37,236,199,26,166,118,148
18,4,15,154,200,102,54,222,241,142
18,5,158,250,236,218,188,43,165,205
18,6,14,79,157,84,133,196,172,138
18,7,14,23,171,229,35,36,184,108
18,8,237,116,184,35,61,4,239,180
18,9,203,197,161,59,29,2,47,198
18,10,196,211,157,247,122,185,198,65
18,11,107,128,160,111,19,42,106,206
18,12,60,193,220,128,254,199,39,134
18,13,154,134,182,32,74,89,44,202
18,14,125,137,189,32,47,103,64,28
18,15,243,148,165,242,58,204,162,185
18,16,134,28,60,252,35,202,51,150
18,17,198,87,250,0,241,89,15,248
18,18,197,155,43,134,203,226,170,163
18,19,20,109,36,56,116,121,226,167
18,20,237,239,99,224,116,23,133,180
18,21,2,203,47,155,255,197,161,171
18,22,176,125,247,198,243,65,185,157
18,23,107,128,206,111,160,106,9,86
18,24,145,235,193,254,199,220,85,151
18,25,134,32,182,154,78,20,105,171
18,26,88,137,86,103,47,229,52,28
18,27,165,181,87,172,242,162,58,4
18,28,150,152,75,43,163,229,238,252
18,29,0,87,250,15,241,20,124,5
18,30,155,197,43,163,170,195,161,226
18,31,20,36,75,109,205,121,4,154
18,32,252,192,90,53,150,98,134,112
18,33,126,92,184,164,72,127,210,83
18,34,1,26,116,85,96,91,113,105
18,35,84,72,42,57,174,135,86,160
18,36,75,221,83,45,2,103,222,225
18,37,72,65,182,88,200,229,138,205
18,38,193,91,209,140,73,159,182,177
18,39,228,222,173,10,162,237,167,106
19,0,141,81,115,235,208,192,253,221
19,1,62,155,217,182,146,152,11,70
19,2,95,106,109,217,153,10,128,167
19,3,117,119,219,37,199,158,236,237
19,4,54,102,165,222,142,58,95,154
19,5,43,135,158,188,90,65,205,110
19,6,138,14,133,65,79,143,196,157
19,7,229,117,23,78,14,184,35,123
19,8,116,99,239,237,224,104,173,57
19,9,116,255,191,2,161,171,59,197
19,10,65,125,247,185,157,196,243,88
19,11,160,128,206,108,107,150,57,19
19,12,254,145,93,199,220,193,60,134
19,13,154,182,66,74,89,44,134,93
19,14,189,137,125,47,103,32,64,88
19,15,243,148,242,58,165,185,204,162
19,16,134,60,28,51,202,252,35,238
19,17,198,0,87,89,211,16,250,37
19,18,43,134,163,155,127,197,33,13
19,19,116,20,121,36,109,56,167,19
19,20,237,116,99,239,173,224,133,4
19,21,255,161,191,116,2,170,117,169
19,22,176,125,65,243,247,185,150,36
19,23,206,9,193,128,160,86,254,16
19,24,145,235,85,93,193,151,254,134
19,25,182,154,89,134,32,93,78,185
19,26,88,17,47,137,103,149,214,86
19,27,181,242,165,4,87,58,31,147
19,28,150,75,43,93,238,152,182,133
19,29,0,87,16,250,76,124,5,144
19,30,195,43,163,161,134,13,226,197
19,31,20,116,36,154,75,121,109,167
19,32,252,112,119,33,90,53,218,160
19,33,184,210,92,16,93,129,43,127
19,34,85,26,82,231,1,133,92,132
19,35,84,42,72,135,57,174,204,108
19,36,83,221,222,75,192,22,20,70
19,37,182,138,39,88,72,229,104,166
19,38,151,64,120,27,209,193,168,125
19,39,186,154,190,162,19,205,222,38
20,0,38,238,167,54,193,112,30,94
20,1,62,140,217,182,122,152,33,117
20,2,217,106,121,11,153,167,127,158
20,3,91,128,26,199,34,35,230,117
20,4,205,54,90,163,129,58,6,24
20,5,65,152,218,205,182,71,188,154
20,6,31,65,138,14,22,169,69,196
20,7,49,229,117,14,32,185,123,184
20,8,99,180,133,224,4,239,116,164
20,9,255,161,116,239,191,2,59,197
20,10,65,125,157,247,196,243,185,88
20,11,39,206,160,19,128,150,108,107
20,12,134,145,151,221,93,220,193,208
20,13,74,182,66,154,103,32,78,134
20,14,189,137,28,103,64,47,125,32
20,15,242,148,165,243,87,58,238,185
20,16,60,134,252,28,61,51,43,35
20,17,198,0,87,89,5,241,64,37
20,18,43,134,163,197,155,170,203,13
20,19,116,20,166,121,36,109,56,195
20,20,237,99,239,224,133,116,173,41
20,21,239,116,191,2,255,161,197,170
20,22,125,157,247,65,243,176,198,120
20,23,128,19,86,206,107,111,39,9
20,24,145,93,85,151,220,193,254,235
20,25,103,134,182,32,105,78,138,154
20,26,86,137,88,149,103,52,57,51
20,27,165,162,172,58,242,87,181,31
20,28,43,152,150,252,205,229,170,111
20,29,5,87,0,250,20,171,241,248
20,30,155,197,163,43,170,226,203,201
20,31,116,20,167,109,166,75,205,30
20,32,119,223,90,178,252,53,134,192
20,33,32,83,93,129,72,92,86,220
20,34,186,1,113,26,85,82,105,132
20,35,84,57,42,72,235,218,160,167
20,36,70,83,75,74,196,120,248,245
20,37,229,58,124,24,34,219,105,175
20,38,151,92,148,252,254,159,168,202
20,39,189,2,217,248,106,22,127,38
21,0,238,112,140,43,200,95,173,30
21,1,62,217,140,146,155,70,182,33
21,2,217,11,121,106,72,167,49,43
21,3,236,117,26,230,199,233,226,194
21,4,54,58,165,24,61,245,45,205
21,5,43,90,188,135,205,65,158,182
21,6,65,14,138,157,182,122,143,15
21,7,70,229,117,49,23,78,15,22
21,8,173,239,35,116,99,179,237,180
21,9,171,191,113,255,197,180,116,2
21,10,125,157,88,211,196,247,39,65
21,11,19,39,181,111,42,47,224,107
21,12,193,220,151,16,104,93,154,134
21,13,149,44,103,138,112,134,182,29
21,14,52,86,125,47,51,189,229,137
21,15,172,162,165,46,36,148,213,166
21,16,181,252,231,170,243,134,152,205
21,17,5,20,241,226,64,87,198,15
21,18,197,170,126,155,203,192,226,177
21,19,75,109,226,229,51,30,167,204
21,20,239,237,191,35,224,52,133,179
21,21,116,191,203,198,210,209,207,169
21,22,247,236,157,88,65,91,125,215
21,23,181,39,107,111,106,42,239,188
21,24,220,154,193,145,93,39,43,254
21,25,138,32,134,206,112,219,6,66
21,26,86,118,54,137,52,88,51,106
21,27,162,172,165,206,139,120,217,181
21,28,43,152,170,150,252,51,24,80
21,29,5,20,89,87,248,17,250,230
21,30,170,197,155,226,203,71,192,139
21,31,167,226,30,109,137,229,132,33
21,32,223,178,119,90,47,158,247,98
21,33,83,81,32,190,16,74,232,72
21,34,116,1,252,186,56,21,33,251
21,35,167,218,36,10,235,202,89,224
21,36,70,74,181,129,153,188,120,119
21,37,58,124,67,143,229,48,21,64
21,38,92,148,212,71,118,127,101,94
21,39,2,248,189,38,69,92,70,78
22,0,200,88,67,238,140,95,112,43
22,1,140,192,33,181,47,70,146,152
22,2,153,49,11,8,72,43,20,188
22,3,106,236,117,226,233,150,199,41
22,4,193,54,235,165,58,199,146,24
22,5,135,43,110,47,188,230,90,158
22,6,65,14,143,122,193,137,237,173
22,7,176,47,229,117,180,78,123,143
22,8,237,239,116,179,104,52,93,185
22,9,69,122,180,171,169,113,84,152
22,10,76,157,247,88,196,177,211,125
22,11,239,181,39,111,143,19,160,99
22,12,169,220,16,62,0,104,134,193
22,13,44,103,3,251,112,149,171,138
22,14,52,118,64,106,159,31,9,160
22,15,72,165,87,206,162,213,62,4
22,16,170,243,252,250,26,80,229,189
22,17,115,64,20,242,225,142,35,200
22,18,192,169,226,177,115,13,131,2
22,19,229,150,30,228,26,226,75,72
22,20,191,80,185,220,224,72,61,186
22,21,47,207,69,73,198,161,44,131
22,22,91,234,187,165,124,160,81,59
22,23,80,3,17,57,111,106,225,107
22,24,39,220,12,238,161,21,186,145
22,25,211,13,130,219,37,206,239,192
22,26,106,159,52,118,59,54,211,64
22,27,217,203,62,177,157,183,250,131
22,28,252,248,130,80,236,152,39,210
22,29,5,158,89,248,26,101,242,39
22,30,226,170,192,77,139,91,155,97
22,31,166,132,226,167,137,173,33,59
22,32,223,60,178,206,47,158,50,119
22,33,74,81,83,40,229,32,16,190
22,34,82,116,1,34,213,141,181,49
22,35,224,244,167,214,36,10,202,89
22,36,129,70,74,239,188,153,10,24
22,37,104,58,124,147,57,21,105,14
22,38,92,27,148,212,79,94,118,127
22,39,110,243,38,78,12,242,70,69
23,0,124,199,236,31,70,175,191,151
23,1,124,33,245,211,118,224,233,86
23,2,3,49,188,193,60,11,77,84
23,3,25,159,199,177,36,56,30,197
23,4,154,200,192,70,88,121,195,250
23,5,81,236,251,27,158,165,136,115
23,6,14,157,148,209,65,172,137,79
23,7,32,120,35,229,36,76,171,47
23,8,224,220,61,133,98,72,173,207
23,9,198,161,197,243,189,54,212,255
23,10,165,157,9,91,122,242,234,196
23,11,85,111,59,239,106,3,225,47
23,12,16,39,193,104,145,3,208,220
23,13,199,219,149,20,66,127,44,154
23,14,52,53,189,28,106,54,167,109
23,15,162,233,204,250,203,206,148,172
23,16,190,252,170,46,152,28,205,0
23,17,20,241,158,15,108,142,17,248
23,18,250,201,203,155,126,197,226,93
23,19,75,226,30,167,201,26,199,243
23,20,224,235,35,239,191,185,237,220
23,21,156,198,151,243,212,73,169,207
23,22,157,247,91,9,242,165,187,48
23,23,85,111,107,106,181,99,47,239
23,24,220,3,145,39,16,192,15,43
23,25,32,20,127,202,219,204,112,66
23,26,86,52,53,54,137,118,106,189
23,27,172,162,217,242,204,177,121,165
23,28,152,111,252,150,163,170,205,190
23,29,20,241,142,17,248,18,242,89
23,30,197,250,155,201,226,203,71,192
23,31,167,63,30,226,228,229,151,184
23,32,123,19,240,85,159,76,247,235
23,33,95,139,72,74,56,181,16,205
23,34,191,1,72,252,195,63,240,251
23,35,43,191,185,59,218,10,235,167
23,36,22,26,125,248,142,74,211,106
23,37,229,126,58,48,143,175,124,67
23,38,0,92,87,101,93,242,148,191
23,39,189,197,129,248,122,44,179,219
24,0,79,168,30,255,206,246,181,149
24,1,107,162,16,133,174,193,222,33
24,2,200,20,218,36,1,253,167,75
24,3,190,25,162,75,199,28,225,224
24,4,154,195,192,200,160,250,89,90
24,5,251,153,155,158,236,218,165,81
24,6,14,79,157,209,77,177,196,148
24,7,76,36,171,229,116,245,35,185
24,8,220,133,224,72,61,185,239,53
24,9,198,161,180,255,207,197,47,183
24,10,173,157,234,122,165,187,246,111
24,11,85,111,225,204,150,167,239,158
24,12,131,16,39,55,193,220,249,134
24,13,199,149,211,20,112,37,219,44
24,14,52,106,54,107,97,244,128,189
24,15,162,204,177,178,62,42,45,92
24,16,26,252,170,190,126,213,107,210
24,17,20,15,158,243,18,5,142,153
24,18,226,201,93,155,97,203,111,137
24,19,63,75,30,166,226,243,26,17
24,20,185,235,237,47,191,239,61,110
24,21,198,243,171,26,169,232,180,184
24,22,173,157,247,212,211,48,43,187
24,23,181,72,111,99,85,228,24,51
24,24,220,145,192,39,224,73,100,24
24,25,211,20,37,176,204,206,80,112
24,26,10,86,52,197,181,45,8,9
24,27,217,191,243,68,119,178,172,27
24,28,106,111,252,163,210,152,134,39
24,29,18,153,20,158,124,186,5,175
24,30,226,201,155,84,134,33,44,197
24,31,63,167,36,241,201,89,74,221
24,32,240,223,19,252,95,244,235,123
24,33,231,32,152,74,16,9,98,72
24,34,191,63,219,112,105,15,1,162
24,35,43,59,174,191,97,9,225,8
24,36,22,221,165,75,73,205,186,226
24,37,239,229,205,160,248,71,233,88
24,38,0,20,8,147,166,220,191,159
24,39,42,227,55,80,240,166,235,76
25,0,25,252,42,205,147,5,131,45
25,1,162,16,107,133,174,224,30,193
25,2,218,20,200,253,167,36,52,97
25,3,190,25,199,159,148,225,53,179
25,4,154,192,250,200,160,195,89,92
25,5,236,251,188,165,81,218,155,43
25,6,14,157,2,79,196,148,209,172
25,7,76,229,171,35,32,36,204,47
25,8,239,220,61,224,110,185,116,52
25,9,198,197,161,73,169,255,98,47
25,10,173,157,234,122,139,196,187,165
25,11,111,72,85,120,17,99,109,158
25,12,131,39,249,193,220,191,134,192
25,13,211,112,219,20,37,44,199,66
25,14,52,86,106,167,54,125,47,28
25,15,162,213,119,204,172,165,41,166
25,16,170,252,243,26,152,181,250,231
25,17,5,225,20,153,158,142,242,243
25,18,226,197,97,192,155,126,93,203
25,19,75,30,63,229,167,226,109,243
25,20,239,185,191,35,80,52,237,235
25,21,203,169,198,243,73,207,240,156
25,22,173,157,247,88,187,165,207,91
25,23,72,111,181,106,39,17,49,107
25,24,220,43,39,15,249,145,131,253
25,25,211,37,206,112,219,13,138,80
25,26,86,118,10,52,54,106,137,128
25,27,172,162,217,119,54,165,72,204
25,28,152,43,24,170,111,106,47,252
25,29,5,17,20,230,242,89,142,213
25,30,197,71,135,139,155,177,192,251
25,31,167,229,30,226,228,132,139,184
25,32,223,47,159,178,235,90,6,50
25,33,83,231,74,229,72,16,220,32
25,34,241,1,252,191,56,185,169,197
25,35,218,10,167,235,97,128,173,137
25,36,70,248,124,74,211,196,99,83
25,37,229,58,143,124,175,16,48,123
25,38,92,0,101,148,35,212,7,191
25,39,189,197,248,169,182,190,74,163
26,0,197,35,34,101,179,30,79,209
26,1,155,107,47,97,62,70,16,146
26,2,218,253,97,20,52,43,152,90
26,3,211,236,26,230,233,129,118,37
26,4,15,241,54,200,102,105,129,250
26,5,188,220,90,43,236,158,218,215
26,6,14,157,182,79,2,133,65,196
26,7,36,76,229,23,176,204,171,47
26,8,239,35,61,194,179,116,110,57
26,9,203,197,198,180,169,47,161,73
26,10,157,88,173,196,247,182,39,91
26,11,107,42,111,72,239,39,106,255
26,12,220,193,39,134,16,249,43,5
26,13,211,112,138,219,149,29,44,3
26,14,52,86,54,118,71,161,106,167
26,15,172,162,213,165,36,148,147,4
26,16,243,252,170,181,174,92,134,250
26,17,5,225,20,242,64,115,89,35
26,18,170,197,192,226,126,177,131,60
26,19,229,30,75,167,226,51,153,199
26,20,239,191,237,133,224,23,80,185
26,21,203,207,180,198,69,156,73,169
26,22,247,157,236,207,215,240,124,234
26,23,39,181,107,172,188,106,204,249
26,24,43,39,154,220,145,106,22,193
26,25,13,211,219,206,210,93,112,66
26,26,118,86,54,64,167,159,106,137
26,27,172,213,206,72,217,68,139,54
26,28,152,24,243,54,92,72,252,170
26,29,5,89,17,230,242,248,1,102
26,30,170,71,139,91,177,197,176,135
26,31,229,30,199,167,226,59,132,33
26,32,98,223,47,158,178,50,247,185
26,33,126,190,244,107,81,232,72,136
26,34,116,252,56,1,51,181,169,21
26,35,167,218,36,235,202,10,22,71
26,36,70,74,188,152,153,181,248,246
26,37,124,58,67,143,22,64,163,48
26,38,148,92,101,212,127,30,118,71
26,39,2,248,189,92,38,69,70,182
27,0,144,188,92,186,147,62,236,172
27,1,198,124,33,193,128,211,170,118
27,2,92,188,86,150,11,253,230,255
27,3,25,159,11,225,199,177,155,251
27,4,94,98,192,152,154,112,88,195
27,5,153,251,165,158,62,202,218,194
27,6,126,79,92,14,52,43,59,36
27,7,181,76,185,36,37,171,35,32
27,8,220,133,107,224,72,148,207,194
27,9,207,198,161,120,229,73,156,44
27,10,207,234,165,132,187,81,91,40
27,11,153,3,130,255,98,147,225,107
27,12,39,219,116,208,16,145,189,65
27,13,219,93,13,66,210,47,113,138
27,14,52,167,106,67,159,231,64,54
27,15,248,147,213,54,71,162,242,250
27,16,252,243,170,46,80,152,51,250
27,17,20,89,115,230,236,225,64,197
27,18,69,192,177,135,126,204,226,203
27,19,229,226,75,30,233,173,221,42
27,20,133,224,65,191,23,233,107,72
27,21,207,73,156,255,120,229,44,215
27,22,0,234,9,187,207,165,247,124
27,23,153,130,15,3,99,107,145,225
27,24,39,106,94,189,192,136,193,219
27,25,13,211,219,210,93,66,200,130
27,26,64,67,118,159,106,167,54,197
27,27,248,213,206,20,54,80,241,72
27,28,243,54,230,152,72,250,24,147
27,29,89,236,230,102,65,1,242,20
27,30,69,91,139,176,45,13,77,177
27,31,229,132,233,59,30,122,51,226
27,32,195,146,47,6,194,178,50,151
27,33,189,97,217,37,94,136,81,36
27,34,212,255,54,187,19,181,90,188
27,35,167,36,49,202,71,44,212,89
27,36,8,234,0,153,188,10,74,7
27,37,124,89,22,220,103,250,240,185
27,38,22,212,127,118,93,94,35,31
27,39,16,23,68,70,145,241,224,182
28,0,136,241,14,78,15,56,228,131
28,1,234,40,96,209,57,134,6,228
28,2,39,36,197,209,106,226,19,33
28,3,166,173,75,162,255,150,246,50
28,4,253,195,89,98,159,156,192,229
28,5,153,174,159,251,202,68,32,158
28,6,102,26,36,177,209,79,126,230
28,7,185,3,245,184,36,225,49,204
28,8,148,53,157,133,72,107,233,143
28,9,99,207,68,1,211,229,86,251
28,10,116,68,12,234,132,156,148,205
28,11,64,204,60,130,111,32,12,56
28,12,116,176,157,39,163,250,161,137
28,13,219,145,42,45,13,93,47,83
28,14,204,54,132,52,225,146,44,64
28,15,147,235,98,139,206,195,165,12
28,16,172,117,72,104,73,45,250,170
28,17,69,1,89,185,44,8,243,20
28,18,77,138,144,204,91,176,192,43
28,19,122,212,115,59,143,75,88,35
28,20,133,195,148,53,72,23,161,157
28,21,1,99,207,251,68,229,95,222
28,22,116,156,234,68,148,12,132,59
28,23,60,64,80,204,141,32,107,56
28,24,163,39,116,176,254,104,125,137
28,25,93,145,42,219,13,45,130,212
28,26,204,214,166,96,146,44,54,67
28,27,139,147,98,206,85,177,116,169
28,28,72,243,247,130,147,149,152,250
28,29,185,89,1,26,69,36,152,101
28,30,72,176,77,44,91,131,13,240
28,31,229,122,207,132,212,59,67,137
28,32,224,47,197,255,6,151,178,206
28,33,63,156,136,81,217,18,40,72
28,34,152,54,213,181,188,169,141,246
28,35,167,36,202,14,212,71,11,39
28,36,239,188,10,153,24,251,158,74
28,37,50,124,103,22,219,90,165,62
28,38,146,212,127,118,94,86,79,175
28,39,85,177,13,70,34,134,182,30
29,0,134,81,36,254,208,191,139,222
29,1,254,51,149,9,193,101,89,48
29,2,223,182,39,184,216,158,157,77
29,3,154,196,56,36,243,167,149,109
29,4,195,175,90,233,253,189,160,134
29,5,153,251,50,77,58,122,0,218
29,6,12,102,168,26,210,171,79,177
29,7,175,185,184,38,89,24,5,225
29,8,148,133,53,23,72,16,59,195
29,9,207,99,1,229,44,161,251,186
29,10,59,132,146,156,20,116,225,119
29,11,37,141,60,71,201,70,204,32
29,12,116,163,176,161,208,166,39,143
29,13,13,211,212,93,145,47,219,45
29,14,44,204,146,96,132,54,64,67
29,15,12,79,147,95,3,206,169,139
29,16,53,219,72,250,59,45,189,252
29,17,89,225,62,1,214,152,69,115
29,18,77,91,66,229,138,116,139,204
29,19,47,212,59,48,30,35,122,75
29,20,133,148,23,53,72,224,195,220
29,21,1,251,207,229,44,99,95,32
29,22,59,116,156,20,234,124,146,12
29,23,141,37,71,60,70,204,107,14
29,24,50,166,157,238,39,55,163,131
29,25,0,13,211,93,42,219,212,130
29,26,196,166,204,214,64,167,54,67
29,27,12,79,35,130,95,206,139,147
29,28,243,53,72,56,102,130,59,152
29,29,89,185,62,225,1,54,19,152
29,30,66,72,116,139,13,143,91,151
29,31,247,229,212,47,59,72,35,83
29,32,144,14,47,151,173,6,28,26
29,33,47,136,84,81,203,103,185,250
29,34,128,103,152,166,18,11,181,169
29,35,36,14,167,202,58,79,89,11
29,36,153,188,44,74,10,12,136,7
29,37,124,162,22,89,3,109,103,21
29,38,212,127,118,175,79,94,242,254
29,39,219,77,34,70,22,116,177,67
30,0,62,231,211,174,124,134,36,175
30,1,235,193,254,120,195,141,202,33
30,2,80,111,3,184,207,158,253,66
30,3,109,166,251,196,159,11,227,25
30,4,44,253,148,195,152,221,121,134
30,5,153,251,19,50,170,58,159,22
30,6,12,79,161,102,126,26,82,100
30,7,185,184,3,175,245,36,49,225
30,8,133,148,23,53,72,233,107,220
30,9,207,99,1,161,229,68,61,44
30,10,234,59,132,242,12,116,207,178
30,11,220,60,222,85,3,204,111,59
30,12,157,39,116,208,238,176,163,210
30,13,219,13,93,47,211,145,45,210
30,14,167,54,204,52,96,64,146,231
30,15,147,213,206,139,71,98,233,235
30,16,190,243,170,252,51,102,152,73
30,17,89,115,20,21,225,35,1,185
30,18,204,250,192,77,108,139,91,130
30,19,229,85,30,122,75,212,88,35
30,20,133,72,148,107,195,23,220,191
30,21,207,44,251,229,131,161,1,198
30,22,234,242,116,12,165,124,199,207
30,23,220,85,222,60,204,59,107,218
30,24,39,157,50,20,238,11,15,193
30,25,13,219,210,42,211,93,101,130
30,26,64,166,167,54,137,67,96,196
30,27,130,28,147,20,206,3,248,139
30,28,243,190,152,102,72,230,250,147
30,29,89,21,185,1,242,225,115,88
30,30,250,151,63,91,139,232,77,192
30,31,229,59,137,33,30,139,72,85
30,32,146,123,76,47,6,179,86,46
30,33,75,56,136,139,11,95,81,104
30,34,72,240,67,195,44,169,181,166
30,35,167,79,58,36,202,11,185,107
30,36,26,188,142,153,12,165,10,124
30,37,36,219,80,114,54,16,207,232
30,38,252,35,159,98,191,205,21,96
30,39,165,100,253,139,67,58,223,109
31,0,96,226,247,93,11,171,80,107
31,1,195,2,120,169,254,193,107,171
31,2,253,149,208,191,254,20,63,169
31,3,221,188,170,17,216,228,122,255
31,4,119,152,253,8,105,104,214,216
31,5,153,61,19,170,202,251,151,159
31,6,16,79,126,90,12,196,102,76
31,7,185,181,108,36,131,76,21,75
31,8,112,107,148,207,72,194,233,53
31,9,207,206,161,229,99,19,85,44
31,10,163,229,12,234,199,207,59,132
31,11,18,107,130,3,142,255,173,111
31,12,106,39,157,160,134,238,65,67
31,13,200,211,219,210,13,47,239,130
31,14,146,52,38,54,118,161,160,9
31,15,213,241,233,100,206,248,131,99
31,16,243,149,54,185,174,170,73,252
31,17,242,115,89,35,236,226,243,64
31,18,6,131,77,69,176,192,13,52
31,19,229,137,233,35,75,14,67,124
31,20,112,133,53,237,148,72,159,171
31,21,206,207,61,251,99,136,72,209
31,22,229,163,116,124,215,41,199,78
31,23,18,204,130,142,141,107,25,60
31,24,106,251,125,39,254,238,163,34
31,25,13,210,200,219,78,63,130,2
31,26,64,166,78,54,200,38,118,29
31,27,139,206,241,100,80,195,182,34
31,28,243,149,165,72,54,173,152,130
31,29,236,89,65,69,242,117,1,165
31,30,6,176,77,13,91,44,131,240
31,31,67,229,233,137,59,122,33,207
31,32,89,17,47,151,194,199,6,255
31,33,214,94,81,23,136,217,91,135
31,34,54,187,19,182,247,246,181,169
31,35,167,202,36,79,103,194,11,14
31,36,8,188,10,153,253,78,0,158
31,37,219,103,89,164,124,199,22,200
31,38,22,212,127,205,136,118,159,93
31,39,16,23,68,70,173,58,241,145
32,0,136,241,78,56,68,89,33,18
32,1,166,131,252,35,6,175,89,253
32,2,253,211,191,196,20,125,158,246
32,3,17,173,50,191,188,255,4,228
32,4,253,133,152,121,66,123,38,35
32,5,174,153,170,22,58,122,68,70
32,6,102,26,212,129,159,71,209,30
32,7,185,175,132,225,245,187,227,104
32,8,53,157,148,133,72,85,241,59
32,9,99,1,207,186,28,229,166,81
32,10,116,148,12,156,217,68,132,176
32,11,64,32,60,44,97,230,204,197
32,12,137,50,250,10,163,176,196,13
32,13,42,212,145,248,83,180,165,170
32,14,132,204,73,248,44,253,54,113
32,15,139,235,147,190,227,74,12,145
32,16,112,172,234,74,191,104,247,117
32,17,69,185,233,1,44,152,125,79
32,18,77,176,138,91,225,241,182,175
32,19,212,122,115,95,59,88,1,133
32,20,148,195,133,53,240,72,23,85
32,21,1,99,251,207,193,252,43,243
32,22,148,160,116,156,147,217,176,108
32,23,80,32,141,230,60,56,64,213
32,24,137,163,176,195,62,116,251,203
32,25,145,42,192,45,98,212,165,254
32,26,204,214,146,44,182,132,17,78
32,27,139,98,206,100,169,147,80,235
32,28,74,72,73,129,228,117,247,191
32,29,150,185,89,1,69,60,152,220
32,30,77,72,91,122,139,138,240,44
32,31,212,59,207,67,229,196,143,122
32,32,224,47,255,151,33,197,104,127
32,33,63,156,81,18,136,192,188,168
32,34,152,169,54,246,247,37,164,181
32,35,14,167,202,36,194,79,103,39
32,36,188,10,153,78,239,82,60,255
32,37,219,103,89,50,218,199,22,124
32,38,146,127,63,212,175,205,118,211
32,39,85,70,177,13,45,120,34,169
33,0,75,148,191,254,120,37,36,78
33,1,254,163,1,21,51,167,193,243
33,2,223,182,187,216,175,170,221,228
33,3,154,249,196,108,161,112,69,251
33,4,152,134,253,121,38,28,70,225
33,5,0,70,122,84,56,163,58,208
33,6,102,212,159,255,26,12,99,173
33,7,187,174,225,132,137,175,96,62
33,8,53,148,16,171,72,225,63,59
33,9,99,1,28,207,15,81,134,229
33,10,109,77,233,116,146,250,148,20
33,11,97,141,70,230,71,32,37,33
33,12,50,137,47,196,251,166,38,119
33,13,13,0,19,47,165,203,166,145
33,14,44,54,132,252,96,138,194,144
33,15,147,206,12,139,35,178,155,238
33,16,59,102,56,53,72,154,189,130
33,17,54,69,60,185,4,8,89,115
33,18,66,77,143,13,116,171,176,138
33,19,48,67,137,219,83,35,59,47
33,20,53,47,133,148,72,171,145,161
33,21,99,207,44,32,95,68,252,251
33,22,77,116,109,146,233,12,20,205
33,23,70,204,37,141,213,146,56,32
33,24,50,251,166,163,137,55,20,238
33,25,13,0,42,210,203,208,20,130
33,26,196,78,132,64,144,166,54,214
33,27,12,35,139,206,178,100,112,154
33,28,59,243,53,234,56,105,130,63
33,29,54,185,4,126,170,69,37,60
33,30,66,143,116,209,77,176,18,151
33,31,219,15,83,157,67,47,55,229
33,32,235,202,58,173,14,151,78,92
33,33,203,47,147,198,176,136,81,67
33,34,164,166,226,185,18,152,121,40
33,35,101,203,202,103,194,14,9,36
33,36,228,103,134,188,10,78,153,36
33,37,156,219,103,109,170,244,181,89
33,38,204,50,55,197,141,52,102,115
33,39,141,112,226,136,83,101,58,174
34,0,159,8,167,220,94,26,19,52
34,1,56,163,243,215,21,49,255,71
34,2,175,37,204,216,42,170,157,88
34,3,147,163,45,154,196,224,167,69
34,4,175,233,206,134,253,28,121,75
34,5,77,64,251,60,0,22,58,70
34,6,195,12,102,212,249,26,168,173
34,7,175,166,245,39,145,252,187,132
34,8,133,148,72,53,121,63,23,16
34,9,1,32,99,44,243,68,28,207
34,10,77,250,233,146,217,176,116,148
34,11,230,97,237,141,33,32,37,215
34,12,137,50,251,38,196,10,51,23
34,13,0,212,194,180,185,13,83,248
34,14,17,132,44,73,248,113,54,164
34,15,139,12,6,238,190,206,145,147
34,16,234,112,191,59,56,183,82,172
34,17,69,54,152,9,4,144,60,235
34,18,32,176,116,77,66,195,209,171
34,19,48,212,219,99,239,37,67,115
34,20,53,133,148,72,172,145,23,24
34,21,32,99,1,95,58,68,233,251
34,22,77,108,116,233,82,148,20,146
34,23,230,141,61,32,37,146,92,213
34,24,137,50,251,163,166,158,196,195
34,25,0,13,203,42,165,194,5,212
34,26,17,132,196,248,166,54,16,214
34,27,139,12,35,206,18,6,182,98
34,28,234,59,56,247,63,72,243,191
34,29,69,54,9,125,185,170,4,60
34,30,116,66,176,77,143,151,32,44
34,31,99,83,229,157,47,219,37,67
34,32,235,120,173,14,143,202,78,255
34,33,203,47,198,67,81,250,167,136
34,34,164,128,185,18,247,166,121,152
34,35,101,202,58,103,167,11,254,14
34,36,78,10,188,103,153,118,158,82
34,37,103,219,89,199,181,156,22,162
34,38,127,242,205,118,212,204,175,93
34,39,219,77,70,141,30,116,99,44
35,0,27,35,48,101,166,79,108,135
35,1,11,26,139,123,132,216,75,174
35,2,111,175,164,40,25,155,204,210
35,3,211,106,37,226,146,29,46,232
35,4,240,14,65,129,253,242,15,160
35,5,103,161,120,235,231,56,122,142
35,6,255,102,12,246,173,98,129,209
35,7,199,2,185,75,168,216,187,89
35,8,53,179,148,72,59,115,133,180
35,9,241,180,99,6,169,119,44,1
35,10,77,137,70,116,88,12,201,156
35,11,174,39,20,97,107,7,188,14
35,12,251,50,160,134,3,15,163,253
35,13,178,29,112,47,107,130,74,78
35,14,88,105,196,54,200,252,229,16
35,15,36,155,206,213,12,139,147,228
35,16,96,61,164,243,154,7,152,228
35,17,94,60,54,198,185,220,226,69
35,18,170,148,32,220,94,122,77,209
35,19,67,75,37,219,99,48,83,229
35,20,53,171,18,237,133,72,127,148
35,21,241,180,99,122,43,252,127,155
35,22,77,137,208,127,123,88,71,116
35,23,39,19,174,20,51,200,204,99
35,24,251,102,67,244,87,254,2,137
35,25,178,78,138,167,112,91,227,193
35,26,78,217,149,66,242,216,229,166
35,27,139,155,191,206,190,188,183,59
35,28,164,144,96,87,63,165,61,173
35,29,94,220,69,165,60,35,79,241
35,30,170,176,85,77,122,212,47,127
35,31,67,61,236,177,125,143,153,75
35,32,60,158,151,101,235,184,99,219
35,33,33,203,81,190,220,41,72,67
35,34,82,247,211,97,169,161,120,181
35,35,58,24,167,103,202,11,254,194
35,36,78,10,188,158,207,118,153,82
35,37,219,103,104,89,32,199,200,21
35,38,205,27,128,127,223,212,118,83
35,39,45,110,243,63,12,46,10,146
36,0,233,191,65,29,86,218,16,163
36,1,21,167,163,243,63,28,215,191
36,2,188,139,223,111,83,170,204,187
36,3,154,147,56,251,2,51,201,196
36,4,152,134,132,36,38,121,155,189
36,5,122,0,71,70,56,153,123,222
36,6,102,12,159,195,212,113,70,246
36,7,187,225,61,183,132,174,11,166
36,8,53,148,242,59,38,171,213,74
36,9,99,30,28,81,134,233,207,15
36,10,233,250,109,202,251,226,245,235
36,11,151,97,216,217,7,17,170,214
36,12,137,50,196,91,32,10,185,119
36,13,20,185,165,0,238,201,166,178
36,14,132,73,72,101,248,21,44,136
36,15,0,74,145,139,90,104,190,170
36,16,4,169,191,183,234,201,37,56
36,17,101,244,69,60,235,210,4,151
36,18,237,233,176,66,153,77,206,236
36,19,67,248,190,48,186,255,206,92
36,20,53,38,148,72,242,59,214,145
36,21,99,32,233,81,214,95,15,231
36,22,109,233,108,245,194,197,82,77
36,23,99,217,61,151,92,216,237,253
36,24,137,196,251,50,195,91,13,244
36,25,203,0,165,216,20,178,208,194
36,26,132,196,248,73,216,136,194,66
36,27,139,79,206,18,190,229,35,12
36,28,234,191,10,59,164,56,63,60
36,29,126,69,4,170,79,117,165,245
36,30,176,237,209,143,141,77,66,171
36,31,67,83,157,236,248,55,186,125
36,32,19,101,75,92,173,162,15,157
36,33,198,203,161,182,59,81,185,202
36,34,164,205,211,166,227,247,40,69
36,35,58,103,254,167,24,106,68,202
36,36,55,78,148,10,251,252,92,188
36,37,103,219,55,126,69,89,196,226
36,38,242,173,92,52,217,124,115,205
36,39,27,166,189,45,167,120,10,173
37,0,2,29,41,136,65,212,250,191
37,1,157,88,241,44,206,230,15,227
37,2,83,131,192,45,168,204,139,147
37,3,53,45,14,189,2,239,213,211
37,4,155,206,152,134,221,239,175,122
37,5,122,67,0,77,64,14,251,254
37,6,102,18,195,175,212,159,129,2
37,7,145,187,166,132,174,225,161,141
37,8,53,148,38,242,7,72,171,22
37,9,99,231,81,233,28,32,207,225
37,10,250,233,31,226,159,117,251,190
37,11,151,17,79,216,194,215,109,237
37,12,137,50,91,196,10,23,185,114
37,13,0,185,195,165,159,148,201,208
37,14,132,73,101,17,248,235,72,44
37,15,139,74,44,90,146,127,170,141
37,16,169,4,191,234,183,235,82,56
37,17,235,69,49,210,244,101,213,173
37,18,237,153,77,225,233,67,176,64
37,19,190,248,67,48,240,91,38,43
37,20,53,148,242,72,145,133,47,85
37,21,99,81,32,233,71,214,204,207
37,22,245,108,109,250,102,233,82,159
37,23,28,109,151,230,194,209,217,40
37,24,137,196,50,91,10,158,185,124
37,25,216,165,0,208,183,194,149,203
37,26,73,132,17,248,252,101,90,84
37,27,139,44,82,127,170,79,141,238
37,28,191,169,234,38,63,153,183,74
37,29,69,213,150,144,204,244,235,99
37,30,123,176,66,77,99,237,116,212
37,31,67,248,92,236,83,114,49,157
37,32,19,157,75,101,64,220,115,31
37,33,203,5,182,161,114,202,59,253
37,34,205,211,227,110,108,31,160,223
37,35,58,102,254,103,37,13,11,89
37,36,92,78,148,199,251,55,230,140
37,37,103,55,144,12,219,186,61,200
37,38,173,92,205,242,164,67,143,5
37,39,189,166,167,45,27,10,120,2
38,0,50,188,191,155,144,111,234,172
38,1,157,44,88,251,198,241,227,14
38,2,94,192,205,83,218,183,131,127
38,3,53,194,76,45,111,14,189,89
38,4,152,155,221,239,149,188,134,215
38,5,77,122,9,0,70,95,164,56
38,6,102,249,212,2,18,159,51,129
38,7,145,161,187,174,183,132,227,225
38,8,53,148,72,59,242,16,121,63
38,9,99,32,28,81,44,231,58,1
38,10,250,233,82,26,108,217,146,77
38,11,97,28,17,151,216,141,230,215
38,12,137,50,91,196,32,185,10,199
38,13,185,0,20,165,13,166,201,212
38,14,132,73,17,44,101,35,252,136
38,15,141,206,139,145,44,6,238,53
38,16,169,228,234,63,82,4,183,154
38,17,49,69,60,21,9,94,101,4
38,18,66,176,116,233,146,151,199,77
38,19,67,48,248,190,186,59,245,25
38,20,53,148,72,145,171,133,29,74
38,21,99,32,81,58,95,28,231,233
38,22,108,82,233,116,137,77,102,146
38,23,28,92,134,61,90,146,37,215
38,24,251,50,137,196,119,166,91,239
38,25,0,165,101,216,203,178,20,181
38,26,132,17,73,216,31,252,194,196
38,27,139,206,12,82,6,134,145,28
38,28,234,59,228,56,57,63,191,165
38,29,94,4,69,60,9,117,170,35
38,30,116,66,176,143,77,51,212,83
38,31,157,67,83,229,49,137,234,236
38,32,19,146,14,151,101,235,143,219
38,33,203,81,235,103,67,47,72,90
38,34,120,105,11,185,18,227,40,98
38,35,24,58,167,103,9,89,254,68
38,36,78,165,48,10,226,188,153,9
38,37,100,103,219,12,226,54,242,80
38,38,242,205,159,247,70,61,254,245
38,39,219,40,41,224,169,45,253,10
39,0,51,91,145,179,249,79,101,242
39,1,139,64,87,59,216,123,11,75
39,2,175,235,83,227,88,38,205,54
39,3,59,211,146,142,124,12,80,37
39,4,240,241,131,129,230,170,151,15
39,5,186,56,153,103,120,163,46,235
39,6,102,255,26,51,212,246,129,249
39,7,185,132,187,199,225,68,183,175
39,8,53,148,133,72,59,23,121,21
39,9,99,1,69,44,68,186,207,28
39,10,116,146,77,137,233,148,26,156
39,11,174,97,204,60,225,32,134,33
39,12,137,50,38,116,250,251,160,10
39,13,13,83,0,47,19,212,145,208
39,14,132,44,54,204,73,248,96,161
39,15,147,139,235,12,238,206,3,98
39,16,172,234,59,72,191,102,130,112
39,17,69,8,1,89,152,9,95,54
39,18,77,138,32,116,176,91,66,83
39,19,59,212,115,48,137,122,191,95
39,20,133,148,53,72,195,145,161,23
39,21,99,207,1,32,251,69,7,67
39,22,116,77,137,148,205,156,176,146
39,23,80,141,204,213,107,61,71,56
39,24,50,116,254,163,238,166,229,87
39,25,130,13,0,5,145,208,219,42
39,26,54,96,138,44,166,64,204,214
39,27,139,206,23,12,35,3,100,147
39,28,243,59,72,53,210,102,130,234
39,29,185,4,69,89,35,54,170,60
39,30,66,77,151,116,143,44,176,131
39,31,83,229,157,85,249,47,137,59
39,32,235,46,173,47,14,140,151,101
39,33,203,126,47,81,136,67,198,137
39,34,164,185,18,152,67,128,105,11
39,35,101,167,202,74,187,11,9,203
39,36,153,103,188,78,10,47,48,9
39,37,103,219,226,162,156,12,80,22
39,38,127,242,118,205,212,254,204,247
39,39,219,77,70,99,141,34,253,44
40,0,62,211,231,174,70,75,58,217
40,1,80,123,254,193,14,141,109,239
40,2,111,204,131,45,112,83,207,161
40,3,111,147,53,14,45,89,56,194
40,4,175,44,134,221,152,253,148,121
40,5,77,164,56,251,58,22,60,122
40,6,12,102,26,30,195,201,212,125
40,7,175,245,246,185,38,227,142,132
40,8,148,133,72,53,16,121,145,85
40,9,99,1,32,44,186,81,207,28
40,10,146,217,116,108,137,233,242,148
40,11,230,222,141,32,97,44,237,215
40,12,137,50,91,10,250,208,38,251
40,13,13,180,212,19,0,145,185,248
40,14,73,132,204,17,44,54,248,223
40,15,139,147,235,206,18,238,145,12
40,16,234,88,172,59,102,112,56,191
40,17,69,21,125,1,19,185,9,60
40,18,116,77,176,209,138,91,123,111
40,19,99,212,48,59,247,85,35,122
40,20,53,133,148,72,195,171,85,172
40,21,32,99,1,63,81,95,72,68
40,22,137,146,116,148,242,156,205,12
40,23,222,32,218,60,220,70,157,37
40,24,50,137,11,157,163,119,158,20
40,25,101,0,13,145,42,165,203,71
40,26,132,196,204,54,73,194,252,17
40,27,28,139,206,35,12,98,86,85
40,28,243,59,72,102,130,193,234,183
40,29,21,185,88,69,89,1,9,62
40,30,116,77,91,151,63,162,99,44
40,31,229,59,99,85,137,88,114,157
40,32,109,179,47,144,6,140,46,123
40,33,139,250,189,102,181,104,136,11
40,34,240,44,67,238,109,166,195,10
40,35,167,148,74,202,190,187,235,129
40,36,188,142,153,227,115,78,26,39
40,37,103,78,27,95,22,16,169,238
40,38,119,127,118,215,46,251,169,80
40,39,158,244,122,165,70,117,58,44
41,0,171,117,226,11,185,128,187,96
41,1,13,66,223,169,81,43,123,133
41,2,164,22,62,107,90,169,158,208
41,3,221,166,92,170,75,200,255,188
41,4,8,65,228,152,139,2,55,123
41,5,153,61,170,0,251,210,151,159
41,6,16,3,102,12,209,26,90,114
41,7,44,185,131,108,187,36,132,129
41,8,148,53,212,107,72,59,112,152
41,9,239,207,178,99,44,85,229,19
41,10,163,137,12,116,234,132,40,124
41,11,142,130,18,174,20,107,173,116
41,12,67,39,116,157,134,238,180,253
41,13,219,200,13,210,47,35,29,73
41,14,38,54,204,118,180,200,44,161
41,15,240,213,3,103,206,139,147,131
41,16,243,147,170,152,252,174,72,189
41,17,115,155,89,69,20,8,242,243
41,18,6,131,171,77,192,91,181,176
41,19,229,59,137,72,30,233,108,75
41,20,112,65,133,33,148,191,53,107
41,21,239,207,178,245,44,177,132,206
41,22,163,253,124,240,168,41,178,136
41,23,142,130,18,170,20,172,91,106
41,24,39,22,67,189,2,251,144,27
41,25,13,210,100,98,130,185,206,226
41,26,64,54,118,149,179,132,95,96
41,27,240,206,139,154,3,103,2,80
41,28,243,152,173,147,13,178,113,47
41,29,69,155,236,120,1,102,117,89
41,30,77,6,91,97,156,73,212,225
41,31,59,229,233,137,28,122,88,27
41,32,17,194,46,47,156,89,6,247
41,33,23,214,81,217,94,136,135,72
41,34,54,58,188,187,19,12,206,98
41,35,196,202,167,36,228,14,11,254
41,36,188,153,253,78,0,165,8,10
41,37,103,219,164,199,115,95,175,12
41,38,46,93,136,105,159,22,127,58
41,39,16,23,68,108,178,45,159,230
42,0,75,254,191,148,120,37,78,232
42,1,60,51,193,1,240,48,167,108
42,2,115,201,223,56,187,228,170,158
42,3,154,0,15,112,196,242,113,22
42,4,121,132,134,152,233,160,129,28
42,5,153,60,251,0,213,58,50,70
42,6,102,186,255,74,12,33,212,70
42,7,187,225,185,240,61,135,132,24
42,8,53,148,133,59,108,224,85,72
42,9,207,245,99,243,61,1,204,15
42,10,32,77,108,132,250,70,109,53
42,11,170,97,11,50,19,14,150,188
42,12,137,176,116,2,166,244,87,3
42,13,13,208,100,145,47,210,98,212
42,14,132,44,204,54,96,143,252,72
42,15,206,3,139,35,190,238,122,27
42,16,154,243,189,186,191,173,183,37
42,17,69,8,115,54,208,120,18,238
42,18,77,91,32,66,171,144,118,13
42,19,54,59,15,229,99,48,83,137
42,20,133,53,148,47,41,59,74,171
42,21,207,245,99,44,204,252,119,154
42,22,77,70,233,1,124,109,53,40
42,23,170,70,141,97,11,118,72,14
42,24,50,157,55,87,2,20,244,116
42,25,13,0,208,222,98,100,210,212
42,26,132,143,64,196,248,19,96,160
42,27,206,139,51,35,177,79,12,228
42,28,243,173,164,15,178,138,56,92
42,29,18,54,69,126,162,37,161,184
42,30,77,66,19,32,208,108,171,143
42,31,15,99,54,83,1,229,49,43
42,32,121,202,235,25,173,70,138,205
42,33,147,47,81,72,136,30,165,78
42,34,226,179,166,182,185,183,143,235
42,35,101,202,170,252,11,116,194,64
42,36,1,231,219,165,228,148,22,240
42,37,156,170,198,219,3,181,29,38
42,38,204,50,55,43,46,78,243,17
42,39,164,21,201,90,19,141,148,95
43,0,94,27,213,44,48,23,35,170
43,1,60,139,240,51,130,160,192,137
43,2,108,113,24,129,25,41,190,2
43,3,106,124,244,139,189,65,162,60
43,4,97,69,64,184,87,21,50,185
43,5,143,25,200,215,20,57,145,21
43,6,102,26,212,12,254,30,237,21
43,7,175,187,225,185,245,174,227,132
43,8,53,148,133,85,23,72,241,195
43,9,99,1,166,241,207,28,186,243
43,10,116,176,217,108,156,148,250,172
43,11,42,32,230,97,141,44,33,60
43,12,137,10,176,250,50,163,116,196
43,13,34,180,248,83,170,208,212,183
43,14,132,44,248,73,17,204,253,115
43,15,139,190,12,238,235,74,227,145
43,16,191,234,74,112,172,72,24,228
43,17,69,8,170,1,152,89,9,220
43,18,77,138,91,209,32,116,195,127
43,19,212,115,59,95,125,122,88,83
43,20,148,133,53,23,195,240,72,172
43,21,99,1,207,251,214,32,95,204
43,22,116,160,108,205,132,148,156,77
43,23,80,141,60,146,56,32,230,213
43,24,137,116,50,244,163,176,13,91
43,25,34,145,208,212,165,45,183,222
43,26,132,204,78,44,248,96,54,214
43,27,139,206,190,98,3,134,147,145
43,28,191,74,72,228,47,173,234,197
43,29,69,150,1,60,185,204,8,220
43,30,77,122,97,91,176,138,225,123
43,31,95,212,125,67,195,59,122,133
43,32,33,47,255,236,241,219,31,104
43,33,192,72,81,146,220,7,67,12
43,34,16,246,247,10,244,37,123,108
43,35,14,202,167,36,194,171,220,142
43,36,188,153,154,78,110,10,119,244
43,37,219,199,103,124,238,22,1,89
43,38,103,46,191,159,205,37,206,43
43,39,42,148,159,27,95,17,227,50
44,0,252,25,42,205,165,180,39,12
44,1,60,28,240,160,217,154,190,95
44,2,108,113,24,2,47,30,203,81
44,3,112,154,2,0,151,163,196,149
44,4,132,189,89,206,75,233,173,149
44,5,77,153,95,50,136,177,58,122
44,6,12,102,237,74,18,33,26,173
44,7,187,225,132,185,174,227,203,245
44,8,148,53,133,85,145,72,59,121
44,9,99,207,243,1,204,245,15,166
44,10,32,250,108,244,233,217,229,98
44,11,97,170,72,230,141,0,169,48
44,12,137,10,176,149,110,32,250,116
44,13,180,208,13,0,165,83,34,170
44,14,132,44,73,248,143,204,55,65
44,15,139,3,190,238,206,74,145,79
44,16,191,228,154,234,183,112,138,186
44,17,69,8,238,208,54,244,1,162
44,18,77,66,91,176,171,19,151,32
44,19,59,212,54,115,49,83,88,161
44,20,53,148,133,195,23,145,38,85
44,21,99,207,32,119,1,204,58,214
44,22,244,108,233,229,77,116,122,98
44,23,170,169,72,141,70,10,37,230
44,24,157,50,166,244,137,116,178,176
44,25,0,13,208,165,145,222,174,212
44,26,132,143,204,96,248,17,54,194
44,27,139,206,79,51,177,3,240,116
44,28,138,243,191,173,56,178,130,102
44,29,69,162,54,1,78,37,14,99
44,30,77,19,66,91,116,97,151,123
44,31,59,229,3,83,49,88,95,2
44,32,14,47,235,255,31,197,84,3
44,33,247,81,72,47,103,167,240,67
44,34,183,241,246,11,143,18,10,235
44,35,167,202,116,14,36,244,196,11
44,36,78,188,153,251,10,154,129,1
44,37,103,100,163,22,219,199,248,13
44,38,127,118,7,159,12,79,117,189
44,39,40,70,74,95,238,141,163,165
45,0,209,197,154,213,145,91,51,23
45,1,139,41,239,64,160,6,87,0
45,2,113,108,24,203,111,45,99,96
45,3,59,189,0,142,8,65,78,27
45,4,241,131,240,10,4,191,170,230
45,5,213,103,255,153,230,59,131,197
45,6,186,33,102,18,255,245,74,129
45,7,187,225,240,185,61,132,135,174
45,8,148,53,133,85,107,59,93,72
45,9,207,99,69,61,250,143,204,1
45,10,1,26,116,23,132,250,108,124
45,11,170,97,174,42,134,56,204,72
45,12,137,10,176,116,250,32,244,178
45,13,208,183,170,13,83,212,238,34
45,14,132,73,44,248,204,54,96,113
45,15,139,206,190,74,3,223,145,90
45,16,191,74,172,234,112,195,16,228
45,17,8,69,238,1,89,115,44,244
45,18,77,91,32,138,75,232,83,17
45,19,59,212,115,95,125,48,99,88
45,20,53,148,133,195,161,23,85,171
45,21,99,207,1,254,22,67,238,68
45,22,116,160,132,205,108,122,168,26
45,23,80,170,141,60,111,230,10,54
45,24,116,178,10,176,137,244,56,250
45,25,208,145,183,50,165,5,166,130
45,26,132,96,204,52,248,138,18,44
45,27,206,139,177,3,169,249,145,171
45,28,74,72,45,47,191,228,195,130
45,29,150,1,69,89,8,185,162,161
45,30,77,19,151,97,66,131,127,156
45,31,59,229,166,83,35,137,17,43
45,32,197,206,14,235,47,34,133,43
45,33,103,81,136,72,59,126,67,47
45,34,183,11,246,10,18,143,227,213
45,35,167,202,116,244,196,14,36,129
45,36,78,188,153,48,251,10,129,154
45,37,103,163,22,219,199,162,147,124
45,38,127,118,12,124,79,212,46,175
45,39,116,70,77,30,34,13,62,130
46,0,124,62,211,58,174,36,231,76
46,1,80,30,60,49,193,116,4,141
46,2,113,111,180,108,71,207,115,24
46,3,189,15,22,147,112,165,45,53
46,4,152,44,10,134,38,221,148,121
46,5,81,153,251,0,122,58,50,164
46,6,57,102,39,186,33,125,18,74
46,7,187,223,225,240,185,132,174,183
46,8,148,53,133,72,85,21,252,59
46,9,207,99,1,61,243,103,81,28
46,10,19,250,216,242,132,50,26,199
46,11,220,170,97,85,173,59,50,222
46,12,116,176,2,178,33,157,3,32
46,13,13,47,199,208,130,210,238,145
46,14,132,222,54,161,44,96,138,160
46,15,3,139,206,177,79,13,33,147
46,16,189,193,224,0,102,51,152,170
46,17,8,115,69,89,164,216,21,35
46,18,77,250,13,91,16,151,171,57
46,19,59,137,85,124,183,30,35,249
46,20,121,133,148,53,107,207,23,220
46,21,207,44,131,99,161,61,108,22
46,22,216,116,1,137,19,242,122,178
46,23,201,220,170,85,59,174,218,70
46,24,32,50,157,11,115,238,3,20
46,25,13,101,130,97,210,19,0,222
46,26,64,137,171,54,167,160,138,96
46,27,130,28,171,33,139,240,206,3
46,28,243,193,102,219,236,213,174,152
46,29,88,164,21,94,89,20,186,162
46,30,162,250,63,19,91,99,77,232
46,31,34,183,229,30,72,59,85,88
46,32,123,125,179,170,140,6,85,254
46,33,234,95,56,132,133,75,162,136
46,34,44,238,240,72,20,183,62,195
46,35,190,148,74,196,191,187,107,167
46,36,115,227,142,39,26,188,165,19
46,37,78,101,16,169,27,137,163,226
46,38,169,88,159,215,119,251,117,252
46,39,117,231,158,122,235,163,100,22
47,0,123,249,196,229,105,216,7,64
47,1,231,225,27,150,155,11,246,93
47,2,103,158,210,249,162,17,164,4
47,3,187,133,37,31,235,152,231,84
47,4,13,214,102,142,236,108,167,15
47,5,186,104,153,151,193,6,204,251
47,6,167,79,196,153,126,209,93,245
47,7,185,36,29,108,116,199,76,23
47,8,89,234,107,72,148,133,52,57
47,9,29,94,207,161,99,44,131,85
47,10,130,234,198,169,137,124,12,132
47,11,189,107,174,111,17,161,170,255
47,12,39,63,26,116,74,160,15,65
47,13,219,43,13,47,211,147,130,93
47,14,52,64,137,124,51,224,167,146
47,15,162,147,81,3,213,242,165,206
47,16,170,5,243,252,152,32,196,51
47,17,115,89,20,250,64,61,35,225
47,18,57,197,192,13,77,50,179,16
47,19,130,30,183,109,75,229,20,124
47,20,234,107,191,207,133,56,220,180
47,21,29,164,94,207,44,131,197,161
47,22,198,169,234,130,116,113,199,207
47,23,189,161,172,174,17,72,108,107
47,24,39,63,74,26,160,15,193,205
47,25,13,210,43,211,130,147,206,152
47,26,20,118,137,86,167,64,124,160
47,27,72,200,81,217,250,23,162,54
47,28,133,243,168,43,152,170,151,5
47,29,250,76,172,17,20,230,29,168
47,30,135,179,187,105,192,177,131,0
47,31,30,109,205,229,130,12,226,184
47,32,98,159,99,178,131,6,3,49
47,33,126,86,215,28,241,17,88,77
47,34,84,62,252,96,21,108,68,137
47,35,203,194,231,174,128,140,218,96
47,36,102,3,143,165,171,140,85,224
47,37,65,61,137,51,96,74,80,123
47,38,18,117,159,166,254,237,193,70
47,39,228,235,168,173,88,22,167,148
48,0,141,235,115,190,253,47,221,192
48,1,155,93,244,182,11,46,197,152
48,2,145,10,103,100,57,34,93,123
48,3,187,37,235,118,119,230,190,117
48,4,236,142,214,222,95,102,15,108
48,5,90,193,43,188,47,186,158,88
48,6,153,79,196,167,138,60,215,246
48,7,36,29,23,185,76,117,64,229
48,8,57,116,234,52,239,99,180,107
48,9,116,161,191,164,94,197,126,9
48,10,198,130,169,234,196,247,124,36
48,11,189,107,161,160,128,255,174,108
48,12,39,74,63,93,65,134,160,26
48,13,43,93,219,147,210,66,134,211
48,14,137,64,51,52,124,167,159,160
48,15,162,148,242,165,81,147,4,213
48,16,252,5,243,170,80,174,152,134
48,17,115,20,64,250,225,35,89,87
48,18,57,179,226,43,13,192,197,126
48,19,75,109,116,229,30,195,20,36
48,20,237,234,239,191,235,99,56,179
48,21,126,29,164,116,94,191,197,161
48,22,198,169,130,247,167,199,136,234
48,23,189,161,107,128,72,206,17,162
48,24,63,74,26,93,15,39,160,193
48,25,147,43,134,211,206,130,210,152
48,26,86,20,137,51,148,118,124,88
48,27,200,72,162,81,217,181,31,232
48,28,43,151,133,5,134,243,168,152
48,29,87,57,76,172,250,0,20,168
48,30,163,179,187,43,155,226,44,133
48,31,116,109,205,12,20,4,191,89
48,32,223,119,181,178,90,131,6,161
48,33,93,83,231,129,239,39,210,16
48,34,82,132,199,96,113,130,1,74
48,35,27,72,174,160,203,245,96,33
48,36,222,22,192,165,128,83,75,12
48,37,24,229,54,234,163,232,51,98
48,38,184,193,64,140,241,99,159,207
48,39,186,162,190,235,127,22,91,148
49,0,38,167,54,193,238,112,94,44
49,1,46,47,122,188,137,58,105,140
49,2,128,158,179,121,145,10,217,100
49,3,26,230,233,117,119,118,91,210
49,4,81,67,144,145,245,163,0,91
49,5,188,43,90,158,109,135,248,47
49,6,60,215,173,153,143,138,131,98
49,7,117,176,54,229,70,22,52,23
49,8,116,239,104,237,52,10,185,179
49,9,126,191,171,116,113,200,248,30
49,10,167,151,157,36,183,199,198,211
49,11,133,233,224,36,181,39,47,74
49,12,93,44,74,85,54,242,134,247
49,13,33,134,44,3,233,141,149,147
49,14,147,86,51,52,57,125,47,128
49,15,162,191,213,45,243,148,127,2
49,16,243,151,156,174,134,252,182,152
49,17,5,20,110,226,57,243,242,168
49,18,131,128,179,226,93,126,155,105
49,19,75,12,229,120,72,109,30,56
49,20,239,185,191,237,80,234,116,179
49,21,126,116,191,248,198,47,155,171
49,22,247,161,167,136,157,91,211,248
49,23,181,36,140,34,111,189,228,106
49,24,93,113,44,39,253,145,142,85
49,25,6,206,33,104,204,152,138,127
49,26,86,118,10,147,52,106,28,128
49,27,217,162,72,46,250,200,191,204
49,28,43,151,168,156,152,255,106,120
49,29,5,57,153,20,158,17,142,87
49,30,226,192,135,2,137,5,155,251
49,31,63,12,226,167,30,173,191,89
49,32,223,119,178,181,240,245,159,235
49,33,83,32,93,74,231,16,129,239
49,34,186,112,116,1,113,21,251,82
49,35,174,214,59,133,76,175,10,108
49,36,70,102,99,232,165,22,83,61
49,37,229,24,62,61,58,70,6,123
49,38,159,166,140,252,233,117,6,207
49,39,238,235,237,97,80,223,22,67
50,0,238,140,112,43,173,200,95,58
50,1,46,47,137,188,249,181,213,155
50,2,140,20,217,121,186,172,72,165
50,3,117,233,103,119,26,230,183,118
50,4,245,193,144,145,174,120,58,246
50,5,145,220,158,106,255,239,43,162
50,6,230,124,254,176,26,12,211,21
50,7,225,142,148,230,175,185,132,214
50,8,148,53,133,23,72,85,241,59
50,9,1,99,203,207,166,186,28,63
50,10,116,176,108,156,148,78,23,205
50,11,239,42,97,32,230,44,60,10
50,12,137,10,176,250,116,161,168,163
50,13,83,34,208,170,212,58,238,180
50,14,132,44,248,204,73,115,253,54
50,15,139,227,145,74,190,235,90,238
50,16,191,74,112,172,24,45,234,117
50,17,69,1,8,152,44,226,4,192
50,18,77,91,138,152,64,225,224,102
50,19,212,95,115,59,204,125,88,67
50,20,148,53,240,133,195,23,85,72
50,21,1,99,193,254,207,154,236,43
50,22,108,148,160,116,132,156,147,149
50,23,80,141,230,60,32,117,44,98
50,24,137,10,176,116,143,13,91,196
50,25,34,45,145,211,212,83,208,183
50,26,132,204,44,248,66,253,115,216
50,27,139,235,166,98,145,147,134,190
50,28,191,74,72,228,197,112,172,73
50,29,69,150,1,152,89,98,192,220
50,30,77,122,138,91,175,152,225,97
50,31,212,95,115,67,122,133,248,59
50,32,255,33,47,151,241,236,219,43
50,33,192,110,72,5,106,50,64,89
50,34,16,244,246,37,218,10,128,123
50,35,14,171,36,53,79,194,8,167
50,36,188,153,110,78,10,87,154,60
50,37,219,199,238,89,124,103,129,11
50,38,103,175,191,159,166,206,233,117
50,39,238,235,208,225,80,2,185,159
51,0,88,67,200,140,238,95,206,173
51,1,47,181,46,192,152,140,33,249
51,2,197,21,20,82,165,62,160,153
51,3,106,233,117,150,103,119,76,174
51,4,193,120,62,235,58,9,171,199
51,5,230,145,85,220,239,160,43,215
51,6,118,199,98,193,124,110,96,81
51,7,195,145,241,155,72,186,136,143
51,8,148,53,92,239,133,106,217,72
51,9,210,99,53,63,135,122,1,207
51,10,23,176,78,127,134,136,43,145
51,11,239,42,204,135,254,60,56,181
51,12,116,137,176,250,10,161,88,70
51,13,83,208,145,238,45,212,170,183
51,14,132,204,73,248,54,44,165,214
51,15,139,74,190,3,147,206,14,223
51,16,74,172,160,191,112,126,183,16
51,17,69,233,1,44,58,8,79,235
51,18,176,77,123,91,58,225,32,171
51,19,122,212,115,59,88,231,99,219
51,20,195,133,148,85,53,72,145,240
51,21,99,1,207,243,214,68,95,154
51,22,160,147,132,217,149,176,126,195
51,23,80,61,230,32,63,56,143,111
51,24,137,116,201,62,21,87,51,167
51,25,145,45,254,211,212,130,183,37
51,26,204,132,200,248,31,54,73,253
51,27,139,147,98,170,177,74,235,154
51,28,74,172,117,160,191,100,158,60
51,29,69,150,1,44,233,36,204,144
51,30,176,77,175,123,122,44,47,60
51,31,122,212,115,95,180,143,59,25
51,32,33,255,74,80,117,54,60,236
51,33,192,110,220,189,67,75,50,74
51,34,16,218,123,254,108,246,130,235
51,35,194,53,93,14,235,236,161,64
51,36,110,78,188,154,80,245,139,87
51,37,163,104,219,52,103,199,165,115
51,38,27,252,159,148,233,254,1,92
51,39,110,243,78,38,46,12,235,162
52,0,124,236,199,191,31,70,217,75
52,1,124,245,33,14,204,193,211,167
52,2,3,60,193,49,77,223,115,143
52,3,25,159,11,118,30,197,177,150
52,4,192,244,250,154,121,200,32,11
52,5,251,81,27,155,236,165,166,136
52,6,14,157,209,183,77,192,28,213
52,7,32,76,47,171,229,35,36,120
52,8,216,224,220,133,61,185,98,108
52,9,198,212,243,73,197,227,188,161
52,10,173,165,242,157,234,246,199,227
52,11,85,133,225,111,3,228,164,82
52,12,39,131,192,212,247,225,134,145
52,13,199,219,93,66,127,37,153,95
52,14,189,106,52,159,54,156,28,67
52,15,250,177,45,62,54,154,49,184
52,16,252,26,170,46,253,101,190,0
52,17,20,108,15,17,142,242,198,91
52,18,226,93,203,2,97,181,33,155
52,19,63,75,30,226,173,191,158,17
52,20,235,185,216,237,224,110,80,105
52,21,198,155,243,209,26,222,117,171
52,22,173,182,157,91,247,21,242,136
52,23,181,85,228,133,34,111,87,162
52,24,212,142,192,73,39,247,224,255
52,25,176,20,206,64,153,117,121,204
52,26,10,86,9,197,215,209,81,52
52,27,153,217,97,2,56,254,68,89
52,28,101,106,255,120,210,218,88,252
52,29,18,153,158,20,15,79,57,111
52,30,226,201,33,44,60,160,84,155
52,31,63,167,241,10,74,36,158,201
52,32,123,19,240,109,85,187,92,223
52,33,231,74,252,16,72,166,173,9
52,34,112,191,166,63,219,185,162,199
52,35,43,59,191,174,38,189,231,203
52,36,22,165,125,221,12,106,112,105
52,37,160,71,61,130,205,175,152,36
52,38,120,0,252,87,242,132,88,17
52,39,21,162,80,115,65,107,106,235
53,0,168,79,255,206,30,246,181,34
53,1,107,16,162,133,174,222,137,94
53,2,1,200,233,171,144,52,20,73
53,3,222,237,161,68,162,86,1,124
53,4,97,184,87,69,176,64,236,195
53,5,143,21,25,234,215,20,244,200
53,6,26,102,212,139,254,21,211,159
53,7,175,225,245,174,5,185,132,227
53,8,133,72,23,148,224,53,206,29
53,9,99,1,186,243,15,207,255,166
53,10,176,156,217,134,116,78,243,79
53,11,204,60,9,225,135,141,61,56
53,12,137,143,116,250,196,10,161,163
53,13,145,208,83,165,212,151,174,93
53,14,248,73,132,204,54,225,90,194
53,15,139,14,238,147,190,170,204,208
53,16,74,234,88,172,60,59,191,40
53,17,69,211,79,170,1,233,220,38
53,18,176,123,127,182,77,138,91,122
53,19,122,30,11,219,35,59,212,137
53,20,133,72,53,145,195,148,181,224
53,21,99,251,243,252,207,43,117,214
53,22,160,176,116,42,187,225,156,82
53,23,80,204,56,61,141,60,9,71
53,24,163,137,125,91,87,39,53,81
53,25,158,93,66,157,212,145,254,219
53,26,159,214,146,182,106,54,231,17
53,27,139,206,100,204,238,98,110,26
53,28,74,73,87,72,252,114,40,234
53,29,69,150,89,211,156,144,201,220
53,30,122,123,176,77,177,138,182,195
53,31,11,195,132,239,30,7,14,143
53,32,33,47,151,104,13,240,30,46
53,33,192,67,81,166,29,189,198,16
53,34,16,251,181,40,114,22,57,37
53,35,194,104,36,14,167,202,159,165
53,36,110,188,214,10,74,50,194,153
53,37,219,124,89,192,103,105,32,55
53,38,103,120,159,220,223,115,191,78
53,39,42,120,159,227,148,164,219,104
54,0,25,252,42,45,147,67,59,5
54,1,16,46,162,107,224,174,133,30
54,2,200,218,167,20,253,36,97,96
54,3,233,190,26,25,230,236,179,103
54,4,67,250,200,89,92,81,154,192
54,5,43,188,251,90,236,158,155,165
54,6,79,157,14,196,133,143,2,36
54,7,176,36,76,229,171,116,70,35
54,8,239,185,116,107,220,110,52,224
54,9,126,198,160,197,169,255,161,25
54,10,173,157,139,229,234,167,41,49
54,11,133,120,111,228,47,39,106,36
54,12,249,131,39,44,54,134,192,212
54,13,138,21,15,6,33,211,44,210
54,14,147,86,52,106,118,10,128,155
54,15,213,162,37,166,41,204,119,62
54,16,243,252,151,156,170,168,120,152
54,17,5,57,20,110,242,226,168,142
54,18,131,192,128,169,226,197,126,112
54,19,229,12,120,75,167,199,30,72
54,20,239,191,185,80,23,238,33,52
54,21,126,47,73,203,169,198,207,248
54,22,161,157,91,240,236,173,247,111
54,23,3,140,181,133,36,95,106,111
54,24,43,39,220,44,22,253,27,212
54,25,6,13,206,210,33,211,15,219
54,26,86,118,106,64,147,167,54,159
54,27,72,250,172,217,54,162,37,213
54,28,43,170,168,243,47,156,252,253
54,29,5,17,230,142,57,20,242,200
54,30,135,71,197,192,177,203,131,251
54,31,229,167,30,228,12,226,199,42
54,32,223,159,178,6,158,98,185,47
54,33,107,244,136,73,86,72,88,28
54,34,241,1,252,116,21,56,197,51
54,35,218,22,61,160,167,128,173,0
54,36,70,248,152,246,211,181,232,233
54,37,143,58,67,48,62,161,175,51
54,38,92,0,101,30,148,237,31,49
54,39,189,248,238,92,197,235,223,2
55,0,197,34,101,35,179,30,154,79
55,1,47,107,155,62,97,216,20,46
55,2,97,218,20,152,253,96,43,82
55,3,233,26,236,230,211,226,129,25
55,4,144,245,7,61,120,248,213,199
55,5,220,188,43,159,90,158,215,109
55,6,230,133,98,179,199,110,160,55
55,7,112,176,36,47,204,3,116,136
55,8,239,107,35,194,72,148,80,152
55,9,203,207,126,88,154,198,34,141
55,10,167,211,175,124,182,219,121,189
55,11,133,42,28,249,168,73,228,173
55,12,39,224,134,238,116,83,62,94
55,13,21,93,219,239,211,210,13,145
55,14,146,96,44,67,167,52,54,64
55,15,37,3,71,80,206,147,54,169
55,16,71,120,243,252,26,72,152,73
55,17,89,115,242,20,64,200,8,137
55,18,192,16,91,97,71,177,139,2
55,19,229,28,226,75,12,132,124,30
55,20,247,107,220,233,168,171,10,191
55,21,131,88,22,207,148,78,174,119
55,22,59,124,234,160,116,168,219,33
55,23,80,186,3,111,133,172,225,95
55,24,39,238,225,125,144,111,91,192
55,25,13,219,21,130,37,239,15,148
55,26,59,155,118,167,106,159,54,64
55,27,250,217,37,62,54,2,157,254
55,28,252,92,210,170,16,243,168,165
55,29,242,230,5,142,200,168,124,20
55,30,192,135,60,155,77,44,2,71
55,31,229,226,30,124,120,199,191,243
55,32,178,98,50,247,159,223,158,47
55,33,190,244,136,107,126,39,72,16
55,34,116,56,252,21,51,130,33,169
55,35,167,218,22,36,212,10,128,0
55,36,152,246,70,181,248,211,74,171
55,37,67,143,58,48,161,135,124,105
55,38,92,101,148,30,9,254,234,71
55,39,2,248,189,92,38,69,1,213
56,0,144,92,188,172,106,186,147,66
56,1,195,182,124,143,255,128,198,97
56,2,92,255,150,188,230,253,86,60
56,3,25,159,11,30,155,225,90,252
56,4,98,94,192,112,195,154,121,152
56,5,153,165,251,158,62,194,155,183
56,6,79,59,92,209,171,196,19,52
56,7,171,76,36,181,37,185,35,139
56,8,159,220,107,224,164,52,133,207
56,9,47,207,198,120,44,161,197,73
56,10,91,234,165,81,9,207,40,111
56,11,153,3,98,111,145,137,255,147
56,12,39,208,194,189,65,192,201,145
56,13,13,15,219,66,93,210,47,154
56,14,106,52,167,231,159,61,189,75
56,15,248,213,250,130,54,233,162,87
56,16,243,252,170,80,46,51,168,152
56,17,20,115,17,230,242,15,236,197
56,18,192,226,69,177,2,108,131,135
56,19,229,226,228,51,30,75,173,243
56,20,159,107,80,191,220,224,185,133
56,21,47,207,73,44,156,255,120,215
56,22,0,234,9,91,165,187,122,124
56,23,153,3,145,238,98,111,15,66
56,24,39,106,205,127,94,136,186,194
56,25,13,210,93,206,130,175,211,66
56,26,106,167,64,83,118,52,171,231
56,27,248,233,213,54,217,250,177,72
56,28,243,230,170,54,185,152,252,47
56,29,236,142,20,242,230,200,89,115
56,30,69,192,131,135,91,97,68,16
56,31,229,51,30,226,233,137,191,151
56,32,146,195,199,178,6,86,194,247
56,33,75,94,97,37,136,189,81,49
56,34,212,187,255,19,54,141,21,90
56,35,49,167,244,0,212,36,202,214
56,36,8,234,0,129,7,92,188,171
56,37,124,145,220,147,176,57,250,175
56,38,22,79,84,212,252,86,177,127
56,39,16,23,145,62,68,242,78,34
57,0,181,107,82,251,39,68,83,246
57,1,234,16,183,40,222,92,96,209
57,2,253,120,39,28,191,55,9,108
57,3,173,150,232,188,105,195,228,45
57,4,195,172,23,20,211,7,21,89
57,5,174,250,159,68,151,32,153,183
57,6,110,49,124,145,230,53,149,157
57,7,195,185,199,47,140,204,7,3
57,8,148,107,53,133,19,92,59,220
57,9,207,99,61,229,120,85,233,1
57,10,234,68,63,132,178,116,108,40
57,11,111,64,42,204,3,202,145,56
57,12,116,39,137,176,35,3,208,237
57,13,164,219,145,47,208,230,137,95
57,14,52,167,132,44,54,18,214,204
57,15,139,206,3,169,233,238,110,147
57,16,170,191,47,72,32,45,24,188
57,17,69,8,115,89,26,1,158,220
57,18,77,192,91,204,22,226,201,205
57,19,4,59,183,212,30,237,88,117
57,20,133,148,53,107,207,171,220,23
57,21,207,99,131,251,85,61,151,1
57,22,116,68,234,122,160,63,165,8
57,23,80,111,64,56,141,93,60,107
57,24,39,65,116,68,35,238,81,193
57,25,164,219,137,93,13,130,208,145
57,26,52,167,138,67,64,214,146,83
57,27,206,233,100,3,110,177,169,116
57,28,170,243,20,72,0,149,130,185
57,29,26,89,101,1,115,242,8,142
57,30,55,192,77,91,131,155,24,105
57,31,237,229,137,191,124,195,173,30
57,32,224,197,178,206,47,199,6,184
57,33,201,156,179,136,81,40,208,62
57,34,217,49,213,141,169,196,107,177
57,35,224,167,36,244,202,214,14,0
57,36,255,24,188,239,129,74,153,7
57,37,50,124,147,57,66,21,185,176
57,38,146,212,79,84,175,86,37,252
57,39,85,13,34,62,177,10,242,67
58,0,124,62,109,24,231,151,211,199
58,1,236,22,245,226,32,193,49,33
58,2,120,253,221,3,193,5,158,77
58,3,251,197,243,11,167,188,112,18
58,4,152,243,121,154,134,36,38,70
58,5,153,250,251,151,120,115,170,62
58,6,49,82,161,209,168,157,79,26
58,7,185,158,199,171,76,184,167,183
58,8,133,53,148,220,107,19,224,72
58,9,207,99,61,68,44,229,85,230
58,10,8,234,165,132,232,178,99,242
58,11,111,59,85,231,202,93,170,3
58,12,208,210,116,137,39,176,239,237
58,13,13,219,145,137,93,47,230,113
58,14,52,167,96,204,132,214,44,138
58,15,3,233,169,206,71,139,195,147
58,16,170,0,190,188,47,72,152,230
58,17,89,115,8,69,1,158,15,78
58,18,192,77,250,16,91,130,226,22
58,19,59,247,226,30,137,4,122,75
58,20,133,220,107,207,148,171,53,121
58,21,207,44,5,131,99,108,229,227
58,22,122,8,116,234,165,63,242,109
58,23,231,111,85,93,59,194,202,70
58,24,210,39,166,20,50,55,65,99
58,25,13,219,230,137,210,0,47,145
58,26,52,196,167,64,137,67,106,12
58,27,35,233,121,112,206,28,177,225
58,28,243,56,190,130,170,82,51,0
58,29,19,142,96,89,242,115,20,28
58,30,151,192,63,219,250,141,131,77
58,31,229,247,157,70,35,173,85,226
58,32,173,85,12,123,14,146,76,140
58,33,56,136,181,11,162,68,81,139
58,34,166,18,195,94,11,72,141,169
58,35,185,8,167,136,191,97,190,36
58,36,125,26,44,37,18,92,227,149
58,37,126,162,3,36,55,196,207,61
58,38,87,173,252,254,36,143,77,49
58,39,44,77,120,99,175,100,22,67
59,0,199,161,13,62,124,204,174,73
59,1,174,23,49,162,245,236,90,14
59,2,90,252,71,130,253,20,149,208
59,3,43,25,255,218,6,15,118,94
59,4,154,148,44,152,243,221,159,121
59,5,2,153,115,250,236,170,151,27
59,6,157,49,57,161,79,200,39,209
59,7,158,223,167,169,185,7,171,187
59,8,220,107,133,53,224,207,148,171
59,9,207,227,61,44,85,5,99,198
59,10,19,234,9,222,63,8,165,232
59,11,111,85,59,220,202,3,103,158
59,12,208,39,210,189,59,65,239,237
59,13,13,137,219,47,230,113,93,98
59,14,52,167,231,75,155,106,214,179
59,15,233,33,71,54,213,3,206,121
59,16,170,0,51,243,190,152,80,26
59,17,164,115,20,89,142,21,15,158
59,18,192,250,16,205,226,77,221,130
59,19,70,226,30,229,85,124,39,75
59,20,107,207,220,121,133,171,42,159
59,21,44,227,207,131,197,5,108,198
59,22,19,122,63,234,242,216,8,165
59,23,85,220,111,59,3,158,222,194
59,24,39,210,11,50,20,205,65,128
59,25,13,101,210,137,230,19,219,47
59,26,52,196,167,137,203,83,64,106
59,27,33,233,130,177,28,35,54,71
59,28,190,243,193,170,82,102,51,152
59,29,164,88,21,20,142,230,115,89
59,30,63,250,162,192,151,131,232,135
59,31,229,30,34,228,151,226,42,183
59,32,76,86,179,6,123,146,140,18
59,33,234,56,136,95,189,11,75,104
59,34,72,238,240,44,195,94,90,28
59,35,148,190,167,191,185,212,74,187
59,36,227,142,115,39,125,147,74,26
59,37,78,27,15,126,209,193,16,80
59,38,119,215,251,169,80,139,49,143
59,39,158,122,165,117,72,244,100,182
60,0,226,117,185,146,68,11,171,187
60,1,81,169,13,133,66,236,43,202
60,2,208,149,71,249,2,247,252,84
60,3,221,188,170,148,228,195,122,240
60,4,8,105,55,123,139,60,119,247
60,5,61,250,223,236,151,153,183,120
60,6,3,157,49,114,79,149,57,39
60,7,108,131,19,76,192,36,185,169
60,8,107,112,80,65,194,142,24,152
60,9,206,19,47,73,44,207,5,198
60,10,234,163,63,40,222,19,81,91
60,11,3,18,111,116,142,145,85,202
60,12,39,67,65,160,59,237,210,81
60,13,210,13,200,47,219,154,15,137
60,14,52,106,38,160,118,167,224,155
60,15,213,233,130,33,241,103,250,217
60,16,243,170,232,252,51,149,168,80
60,17,20,155,115,242,35,142,225,230
60,18,192,6,2,226,137,13,162,113
60,19,229,173,79,226,177,158,42,10
60,20,112,80,68,185,191,123,107,238
60,21,206,19,44,47,198,73,131,78
60,22,163,234,187,210,59,124,136,168
60,23,18,142,3,34,162,233,91,17
60,24,39,67,68,153,177,98,228,49
60,25,13,210,211,200,206,117,2,152
60,26,83,38,106,229,197,107,159,81
60,27,103,241,250,217,254,255,243,89
60,28,232,243,149,185,252,152,170,246
60,29,155,230,201,242,200,251,142,20
60,30,6,203,135,177,131,155,2,192
60,31,229,30,191,173,132,42,226,72
60,32,175,37,17,50,199,47,208,6
60,33,23,117,214,136,72,94,16,88
60,34,182,58,187,54,12,28,206,194
60,35,7,167,212,106,71,128,36,41
60,36,245,0,8,253,199,172,61,3
60,37,84,164,209,105,240,220,98,153
60,38,136,37,177,78,254,72,212,22
60,39,23,16,37,235,100,146,18,222
61,0,122,50,151,250,124,62,199,223
61,1,153,154,28,190,245,98,253,32
61,2,47,107,185,93,158,249,252,247
61,3,25,188,218,154,228,11,177,255
61,4,180,164,192,154,231,123,43,239
61,5,250,115,2,67,223,165,151,236
61,6,79,114,157,52,245,59,209,171
61,7,171,76,108,19,185,36,192,32
61,8,220,242,159,107,224,171,191,80
61,9,47,44,207,73,161,198,255,197
61,10,234,17,117,165,40,81,220,91
61,11,3,151,209,111,50,98,116,145
61,12,39,208,189,239,59,65,134,55
61,13,13,210,47,219,66,113,127,154
61,14,106,167,231,52,159,160,60,131
61,15,71,250,54,213,121,233,33,184
61,16,243,170,252,80,138,51,0,46
61,17,115,20,78,35,242,142,230,15
61,18,192,237,2,130,13,177,226,137
61,19,229,228,226,30,173,70,75,42
61,20,242,80,220,107,159,142,42,207
61,21,44,47,113,197,207,198,73,131
61,22,17,234,122,187,117,216,124,210
61,23,3,209,151,116,111,149,201,59
61,24,39,188,94,20,209,128,177,205
61,25,13,210,130,66,97,206,224,243
61,26,106,52,64,167,231,197,171,159
61,27,250,171,54,217,71,130,254,34
61,28,193,243,170,252,152,80,168,23
61,29,88,78,21,49,20,94,230,142
61,30,162,192,135,232,237,155,151,177
61,31,34,229,183,30,191,132,151,228
61,32,179,76,125,170,86,75,140,50
61,33,5,132,161,104,56,181,166,136
61,34,238,44,20,227,33,72,14,25
61,35,148,190,74,191,71,8,128,97
61,36,227,115,39,19,142,93,245,248
61,37,78,27,169,16,113,101,80,124
61,38,169,215,119,251,96,159,254,233
61,39,158,231,117,122,179,182,165,37
62,0,123,249,196,229,105,216,7,104
62,1,231,150,225,27,62,155,20,151
62,2,109,210,227,179,17,4,158,0
62,3,133,187,235,31,231,152,37,84
62,4,13,142,102,15,108,214,236,222
62,5,104,151,236,158,186,193,250,204
62,6,79,157,167,196,153,107,209,52
62,7,36,171,76,185,192,29,116,7
62,8,234,107,89,52,116,80,56,191
62,9,29,94,47,207,161,44,197,164
62,10,234,169,198,130,91,165,40,63
62,11,189,3,111,145,98,50,147,251
62,12,39,74,26,63,65,189,81,15
62,13,43,219,210,47,154,93,13,66
62,14,52,137,106,167,51,124,224,231
62,15,162,181,87,81,165,200,71,148
62,16,170,252,5,152,80,243,168,196
62,17,250,20,115,242,64,17,89,76
62,18,57,192,0,197,226,179,43,2
62,19,130,20,75,30,109,26,163,226
62,20,234,56,191,107,185,80,207,220
62,21,29,164,44,47,131,126,197,94
62,22,198,234,169,23,130,91,167,168
62,23,189,161,3,111,95,204,136,145
62,24,74,63,26,242,39,160,15,38
62,25,61,147,43,130,13,221,95,2
62,26,20,171,148,50,137,10,106,124
62,27,200,217,254,34,56,62,81,181
62,28,210,133,43,243,50,168,23,151
62,29,76,250,243,95,124,106,246,57
62,30,155,179,105,60,24,37,0,32
62,31,153,74,109,205,255,89,1,32
62,32,98,131,54,184,244,160,49,10
62,33,126,27,236,67,99,241,39,62
62,34,84,96,140,108,157,165,40,104
62,35,203,194,81,102,96,140,225,231
62,36,106,165,3,12,159,76,191,224
62,37,65,8,165,24,137,63,176,61
62,38,117,253,166,176,159,191,18,241
62,39,228,10,182,98,88,155,148,173
63,0,141,235,190,115,221,253,47,81
63,1,93,155,244,182,46,197,11,47
63,2,10,109,145,57,123,179,103,34
63,3,187,235,133,118,174,119,158,190
63,4,236,95,214,142,102,128,222,15
63,5,193,158,90,224,41,43,151,188
63,6,79,153,167,196,138,54,60,157
63,7,36,23,76,29,147,64,35,229
63,8,116,57,234,52,239,107,99,224
63,9,116,164,191,126,197,94,161,198
63,10,198,130,169,167,124,247,126,234
63,11,189,161,140,107,3,143,136,160
63,12,39,74,63,65,93,26,134,194
63,13,43,210,147,66,15,32,47,154
63,14,106,50,159,52,51,137,124,64
63,15,162,250,242,189,148,81,200,213
63,16,252,5,170,243,168,152,174,51
63,17,20,64,119,250,115,76,35,226
63,18,0,13,226,192,179,57,134,126
63,19,75,229,30,26,173,12,191,56
63,20,191,237,80,185,235,56,234,238
63,21,126,164,29,47,197,44,161,116
63,22,198,169,130,167,91,136,210,234
63,23,161,189,172,162,87,243,136,95
63,24,242,74,63,44,26,39,73,93
63,25,61,104,210,147,43,13,130,64
63,26,50,148,20,92,124,137,10,110
63,27,72,189,200,81,217,34,97,2
63,28,43,151,255,210,50,168,133,243
63,29,57,87,76,250,0,95,127,106
63,30,163,155,179,24,134,37,32,126
63,31,116,109,205,12,89,94,20,4
63,32,223,119,181,131,15,244,160,10
63,33,93,231,236,239,53,39,129,155
63,34,82,130,96,140,112,105,165,108
63,35,203,174,27,33,140,52,231,160
63,36,222,12,165,75,221,22,122,29
63,37,24,54,130,160,234,71,118,34
63,38,64,140,193,184,241,117,159,72
63,39,186,162,190,22,235,88,148,173
64,0,38,54,167,193,238,112,94,44
64,1,46,47,58,122,105,137,188,249
64,2,128,179,186,140,104,241,172,145
64,3,26,230,233,117,103,143,78,119
64,4,81,144,67,245,0,91,45,145
64,5,188,43,90,224,158,193,78,109
64,6,60,143,206,215,153,131,138,173
64,7,176,117,54,229,22,70,221,207
64,8,116,239,104,237,73,238,245,185
64,9,126,191,171,116,113,198,155,200
64,10,167,151,36,157,238,211,248,191
64,11,140,133,233,224,36,74,228,112
64,12,44,93,74,144,134,242,85,104
64,13,33,6,61,3,104,134,44,138
64,14,147,50,86,118,57,9,125,106
64,15,189,243,213,162,45,148,2,70
64,16,156,151,243,174,252,134,247,133
64,17,5,110,57,20,226,168,76,243
64,18,128,131,179,93,155,226,105,137
64,19,12,72,229,109,75,120,30,26
64,20,239,237,191,223,185,105,116,160
64,21,126,116,155,191,248,171,36,198
64,22,76,161,182,211,247,136,183,36
64,23,162,133,172,36,181,87,140,34
64,24,44,93,79,144,253,192,73,242
64,25,104,6,206,33,209,204,152,13
64,26,118,50,10,86,110,107,197,128
64,27,72,97,217,243,2,162,189,173
64,28,43,120,255,151,168,50,156,213
64,29,57,5,153,20,242,142,127,95
64,30,226,201,134,193,155,24,104,192
64,31,63,89,12,191,167,255,158,173
64,32,223,119,178,181,235,54,52,10
64,33,32,83,231,239,137,9,93,16
64,34,112,186,108,130,211,199,229,140
64,35,174,96,15,81,213,203,28,140
64,36,221,22,102,165,75,122,219,112
64,37,229,62,160,176,24,98,141,71
64,38,99,166,117,138,159,193,182,236
64,39,238,237,162,235,22,80,97,65
65,0,140,238,112,43,200,173,95,58
65,1,46,137,188,47,249,20,127,213
65,2,186,140,172,138,165,20,104,179
65,3,103,117,233,119,26,183,38,118
65,4,245,144,81,193,145,120,249,174
65,5,145,158,106,255,85,121,224,32
65,6,230,254,124,225,211,206,127,163
65,7,148,142,225,185,89,47,184,175
65,8,148,53,133,23,72,59,143,151
65,9,1,99,207,229,166,68,233,186
65,10,116,108,176,26,132,156,205,134
65,11,42,111,239,204,135,254,12,97
65,12,137,10,176,116,250,167,31,201
65,13,208,145,165,78,83,34,234,162
65,14,132,44,73,204,248,115,252,96
65,15,206,139,3,238,145,134,90,225
65,16,191,195,74,45,72,202,166,228
65,17,8,69,102,1,89,4,114,209
65,18,77,91,144,94,64,123,171,138
65,19,115,59,212,95,137,83,133,132
65,20,53,148,133,240,233,241,171,161
65,21,99,207,68,211,1,179,254,204
65,22,160,108,116,205,148,132,156,134
65,23,80,141,10,60,170,32,162,44
65,24,176,137,116,244,10,250,168,196
65,25,145,208,34,192,165,83,183,91
65,26,132,204,96,194,146,78,73,252
65,27,206,3,139,134,145,86,169,1
65,28,74,191,72,228,45,122,47,92
65,29,150,1,69,204,8,89,151,209
65,30,77,91,64,144,122,97,111,225
65,31,59,95,115,67,248,135,137,184
65,32,33,47,236,156,255,252,175,151
65,33,192,81,146,203,177,4,202,5
65,34,16,246,10,247,108,211,120,165
65,35,202,167,36,254,171,14,116,154
65,36,188,153,10,78,110,154,118,60
65,37,103,199,238,124,55,8,22,105
65,38,103,191,206,111,252,247,233,6
65,39,120,238,198,225,118,223,164,123
66,0,67,88,200,140,238,206,95,43
66,1,47,181,46,192,152,249,20,140
66,2,197,62,21,186,82,160,206,165
66,3,103,233,117,106,76,150,174,114
66,4,193,62,120,199,235,92,9,21
66,5,230,145,85,239,189,215,160,13
66,6,118,199,81,225,96,89,193,98
66,7,186,143,241,141,165,200,155,47
66,8,17,11,81,235,127,217,92,8
66,9,135,210,53,136,248,72,63,155
66,10,127,176,78,23,144,79,43,44
66,11,42,135,239,12,204,58,45,181
66,12,176,116,10,250,137,201,143,31
66,13,208,145,165,118,40,98,252,162
66,14,132,44,73,248,18,194,204,96
66,15,3,206,139,190,169,238,223,134
66,16,195,74,72,191,202,45,112,108
66,17,89,8,69,1,222,229,114,115
66,18,91,77,16,144,186,215,94,119
66,19,115,212,59,122,211,88,132,218
66,20,133,148,23,53,240,195,85,231
66,21,1,207,229,99,251,193,61,238
66,22,160,59,116,156,132,148,26,176
66,23,141,80,60,170,215,78,224,56
66,24,176,116,143,250,163,217,7,203
66,25,145,93,98,212,76,239,219,195
66,26,204,96,214,132,194,67,44,146
66,27,3,169,98,195,206,215,139,14
66,28,74,72,112,45,122,121,2,73
66,29,150,1,89,152,69,36,157,73
66,30,91,77,139,138,122,175,240,119
66,31,212,59,143,33,211,67,132,88
66,32,33,47,156,255,151,210,117,184
66,33,192,81,21,89,177,5,142,33
66,34,16,246,181,37,87,108,130,247
66,35,14,36,167,202,151,171,235,89
66,36,153,188,110,10,74,78,60,245
66,37,124,89,238,103,104,199,32,212
66,38,103,175,150,233,245,37,159,82
66,39,141,120,91,175,174,207,255,93
67,0,124,199,236,151,191,31,217,147
67,1,245,124,14,204,33,25,167,211
67,2,3,60,193,49,1,174,106,202
67,3,25,159,11,150,219,118,68,178
67,4,192,244,250,48,32,83,50,193
67,5,166,251,155,89,27,73,62,20
67,6,179,77,137,181,96,97,176,225
67,7,32,47,25,165,207,213,186,249
67,8,216,245,185,224,235,238,106,111
67,9,135,53,248,63,198,71,155,246
67,10,60,44,136,78,127,236,255,243
67,11,228,126,204,135,42,12,22,140
67,12,113,78,124,79,247,68,167,100
67,13,234,114,93,64,66,118,35,251
67,14,159,106,254,167,166,26,110,67
67,15,72,228,53,147,157,250,3,41
67,16,74,170,252,26,80,46,250,88
67,17,89,242,20,211,230,115,150,64
67,18,177,192,203,139,144,181,135,2
67,19,30,226,77,231,75,42,228,132
67,20,133,247,224,11,220,23,80,233
67,21,207,22,229,155,73,68,255,137
67,22,234,160,187,59,165,116,156,49
67,23,80,3,225,60,9,226,253,162
67,24,39,144,163,62,5,225,125,68
67,25,93,239,189,219,95,175,66,145
67,26,159,214,106,167,231,54,67,110
67,27,242,147,206,121,247,71,177,250
67,28,74,80,0,182,89,108,170,252
67,29,89,150,242,142,201,124,248,230
67,30,201,144,180,3,93,38,13,60
67,31,63,154,204,173,10,191,241,221
67,32,123,92,19,249,187,109,240,85
67,33,231,252,16,203,95,225,74,32
67,34,112,166,191,63,105,162,122,219
67,35,43,203,59,191,105,174,119,38
67,36,22,165,106,105,112,221,186,205
67,37,160,71,130,54,25,144,36,61
67,38,120,252,88,132,87,140,0,222
67,39,21,173,22,255,106,162,7,65
68,0,168,79,255,206,246,30,34,181
68,1,107,16,162,133,222,174,137,136
68,2,1,231,73,144,171,28,138,151
68,3,222,161,68,237,86,1,253,124
68,4,97,64,176,69,99,168,141,21
68,5,234,143,200,25,20,121,21,247
68,6,139,163,127,211,231,254,24,78
68,7,148,200,185,175,247,194,186,213
68,8,148,133,23,53,72,81,224,11
68,9,1,207,99,229,251,68,136,61
68,10,176,247,134,156,116,243,79,132
68,11,204,60,135,42,141,9,12,56
68,12,176,163,116,143,161,137,250,10
68,13,145,212,93,45,219,83,118,208
68,14,204,132,44,96,253,214,248,54
68,15,139,147,235,12,190,169,3,227
68,16,112,72,117,74,191,172,45,234
68,17,89,1,152,220,69,170,211,229
68,18,77,91,138,176,139,119,115,229
68,19,212,122,59,143,88,11,137,30
68,20,133,148,53,23,240,195,72,224
68,21,1,251,99,207,193,61,67,43
68,22,160,156,132,116,225,148,164,149
68,23,141,80,60,250,56,17,71,78
68,24,203,7,176,163,137,56,116,178
68,25,192,98,145,219,92,93,222,212
68,26,59,204,146,214,44,182,18,167
68,27,169,37,80,139,57,157,110,98
68,28,74,72,73,117,45,250,224,95
68,29,150,89,1,152,220,202,251,7
68,30,122,139,91,138,77,240,61,119
68,31,212,143,122,59,7,88,33,190
68,32,33,47,151,255,104,235,237,117
68,33,192,82,5,189,75,81,95,177
68,34,16,37,246,181,182,128,10,164
68,35,14,36,171,167,142,77,100,103
68,36,110,188,153,10,60,12,74,87
68,37,89,124,8,199,238,219,165,103
68,38,103,166,175,206,191,159,35,220
68,39,42,200,120,208,140,159,148,101
69,0,25,252,42,45,147,5,170,165
69,1,16,46,162,107,224,133,174,30
69,2,200,218,167,20,36,253,97,106
69,3,233,26,25,230,190,236,179,159
69,4,67,250,81,9,72,89,92,144
69,5,43,188,251,90,158,165,155,236
69,6,79,143,157,36,14,133,230,196
69,7,176,36,76,171,70,229,184,47
69,8,239,185,116,110,107,191,61,224
69,9,198,160,126,197,255,35,25,169
69,10,173,139,157,182,244,234,248,91
69,11,133,120,47,111,39,228,106,188
69,12,249,131,39,44,54,134,192,212
69,13,6,138,33,15,61,21,44,142
69,14,147,86,50,118,10,106,52,145
69,15,213,189,162,166,37,243,119,204
69,16,243,156,252,151,170,168,255,152
69,17,5,57,20,110,242,226,17,142
69,18,131,128,226,192,169,126,197,93
69,19,229,12,167,72,120,199,75,30
69,20,239,191,237,185,80,23,194,33
69,21,126,203,155,198,73,47,169,66
69,22,161,173,240,157,236,207,21,182
69,23,133,140,95,186,181,111,36,42
69,24,43,220,39,44,192,127,21,249
69,25,6,206,210,13,15,33,104,130
69,26,86,118,54,64,147,10,107,109
69,27,72,37,97,172,162,217,54,254
69,28,243,120,24,168,156,170,43,250
69,29,5,57,17,230,20,89,142,141
69,30,71,135,139,131,192,197,177,203
69,31,229,167,30,226,12,228,139,243
69,32,223,47,6,245,159,185,50,178
69,33,136,107,244,86,88,28,73,72
69,34,241,1,252,116,56,226,51,120
69,35,218,167,235,36,160,137,129,128
69,36,70,248,152,246,74,232,211,181
69,37,58,62,143,67,175,63,232,86
69,38,101,92,148,0,237,159,233,112
69,39,189,248,235,238,197,223,190,67
70,0,197,101,34,35,179,30,154,48
70,1,47,107,155,62,97,20,46,41
70,2,218,97,152,82,253,20,98,215
70,3,233,26,236,230,103,25,118,211
70,4,144,245,199,120,92,7,248,213
70,5,220,188,158,159,215,43,85,230
70,6,230,133,137,199,110,179,160,36
70,7,176,47,36,112,204,234,116,192
70,8,239,107,80,19,194,237,152,72
70,9,203,126,60,154,198,88,34,141
70,10,215,129,175,182,211,189,219,121
70,11,133,42,41,249,73,155,228,28
70,12,39,62,214,134,189,254,184,232
70,13,210,15,93,6,138,13,251,21
70,14,146,52,167,106,57,110,231,159
70,15,37,213,41,71,147,85,181,3
70,16,243,120,252,152,71,170,92,168
70,17,115,242,89,20,64,17,10,142
70,18,192,139,177,226,71,131,97,197
70,19,229,226,30,75,12,132,72,139
70,20,247,191,107,233,237,239,168,10
70,21,207,131,203,23,22,44,177,197
70,22,59,234,207,124,161,236,199,116
70,23,133,186,172,145,3,140,95,126
70,24,39,43,238,127,220,180,27,79
70,25,219,13,21,15,130,239,93,210
70,26,64,160,54,86,57,155,167,236
70,27,37,97,147,213,254,2,164,206
70,28,243,120,24,72,250,168,210,47
70,29,5,89,141,230,1,24,17,20
70,30,71,131,139,192,24,97,155,91
70,31,229,199,132,173,226,148,139,79
70,32,47,223,98,50,245,158,6,247
70,33,244,190,107,136,126,72,81,232
70,34,116,56,252,51,33,21,81,161
70,35,167,218,36,235,129,22,183,66
70,36,152,246,70,74,181,248,188,153
70,37,67,143,58,161,124,135,48,22
70,38,101,92,148,30,9,127,234,118
70,39,2,248,189,92,38,69,1,246
71,0,144,92,188,147,186,62,172,236
71,1,198,124,170,193,211,128,14,33
71,2,92,86,150,255,60,188,79,152
71,3,25,159,11,94,155,177,225,191
71,4,192,98,94,154,112,195,152,250
71,5,153,62,165,158,194,251,202,155
71,6,126,79,92,14,43,52,19,171
71,7,181,76,36,171,185,32,37,243
71,8,220,107,224,207,16,80,133,194
71,9,207,198,73,161,54,120,47,229
71,10,207,234,165,81,132,187,116,111
71,11,153,3,130,98,133,147,225,255
71,12,39,219,189,116,228,191,94,134
71,13,219,93,210,13,15,66,21,47
71,14,67,52,167,106,159,231,236,190
71,15,248,37,147,213,24,41,54,114
71,16,243,120,252,230,168,170,250,46
71,17,20,89,230,115,236,242,17,140
71,18,69,192,135,139,131,204,226,71
71,19,229,226,30,75,233,173,221,132
71,20,216,65,133,233,159,23,224,191
71,21,207,73,156,44,229,67,23,215
71,22,0,234,207,9,165,59,124,187
71,23,153,133,130,15,186,3,204,145
71,24,106,39,127,228,212,180,189,136
71,25,219,13,210,21,63,93,15,211
71,26,190,64,83,67,106,54,159,118
71,27,248,37,213,24,97,80,72,241
71,28,243,120,230,185,72,54,250,24
71,29,89,236,65,230,141,1,103,102
71,30,69,139,131,176,45,91,192,97
71,31,233,229,132,60,59,51,30,226
71,32,195,146,47,6,199,245,50,86
71,33,189,97,217,37,94,81,136,36
71,34,212,255,187,19,54,90,181,33
71,35,49,167,36,202,71,212,44,89
71,36,8,234,0,119,153,188,74,7
71,37,124,220,22,250,209,175,240,185
71,38,212,22,127,118,198,233,222,35
71,39,23,68,16,241,70,225,166,67
72,0,181,82,107,251,39,68,83,246
72,1,40,96,209,234,222,92,8,134
72,2,39,209,54,238,73,197,19,125
72,3,150,173,65,166,195,162,134,50
72,4,159,156,89,7,195,98,0,179
72,5,159,174,19,153,68,202,250,151
72,6,149,53,79,209,236,77,110,124
72,7,195,185,43,139,192,204,49,177
72,8,107,148,133,157,245,194,80,19
72,9,207,61,135,229,34,99,122,78
72,10,234,68,59,132,116,178,187,165
72,11,60,64,42,56,93,204,111,3
72,12,116,176,163,39,238,189,250,90
72,13,145,93,219,164,21,45,230,211
72,14,204,146,44,132,96,54,214,194
72,15,195,235,147,206,139,98,3,12
72,16,72,74,117,73,172,47,160,14
72,17,1,89,69,8,26,209,102,38
72,18,77,91,144,138,175,55,60,22
72,19,122,115,59,212,143,88,132,246
72,20,148,133,195,53,233,72,200,23
72,21,68,229,222,207,179,251,99,63
72,22,160,156,59,132,116,148,68,234
72,23,80,60,141,64,98,32,223,44
72,24,176,116,163,5,62,39,250,238
72,25,145,219,93,45,164,21,47,239
72,26,204,214,96,44,146,132,198,155
72,27,147,98,169,3,195,49,80,206
72,28,74,72,20,117,130,224,228,232
72,29,26,89,150,1,36,99,112,185
72,30,144,55,60,139,91,240,195,105
72,31,237,132,173,229,122,154,59,14
72,32,224,197,47,199,50,245,6,66
72,33,201,179,156,217,81,136,188,40
72,34,49,217,213,181,141,196,246,90
72,35,224,36,167,202,71,214,210,244
72,36,255,24,153,188,239,74,7,119
72,37,124,50,54,22,212,185,86,66
72,38,212,146,127,198,118,79,94,159
72,39,10,85,177,34,13,70,182,30
73,0,212,136,24,41,65,109,86,29
73,1,234,40,166,22,96,63,183,165
73,2,139,39,120,125,178,158,20,84
73,3,25,166,159,58,11,30,218,95
73,4,216,149,192,123,180,43,98,138
73,5,31,213,19,23,165,153,178,202
73,6,79,149,43,56,126,213,171,59
73,7,253,61,108,243,76,158,4,185
73,8,157,247,220,107,65,152,103,86
73,9,240,22,207,198,67,73,47,14
73,10,226,46,234,207,178,17,187,59
73,11,93,186,202,54,49,156,255,158
73,12,39,138,206,106,116,238,166,189
73,13,13,219,164,210,47,239,93,145
73,14,146,83,96,67,167,52,14,40
73,15,116,3,177,54,71,41,80,86
73,16,185,170,250,138,71,149,243,26
73,17,157,141,115,216,104,89,8,148
73,18,91,69,72,22,139,130,181,63
73,19,28,225,226,59,137,30,132,124
73,20,157,247,220,65,133,42,171,233
73,21,207,22,240,44,23,92,229,73
73,22,17,124,122,116,234,187,34,40
73,23,93,156,202,209,64,186,54,225
73,24,39,106,166,238,20,116,95,94
73,25,210,13,164,219,200,199,239,224
73,26,83,67,64,146,183,96,54,56
73,27,116,241,206,20,80,37,54,34
73,28,243,201,185,138,149,72,250,130
73,29,157,89,104,78,141,65,186,242
73,30,131,91,237,139,69,130,176,45
73,31,225,229,137,59,132,237,226,33
73,32,75,47,116,197,6,50,245,206
73,33,18,136,81,59,182,206,103,36
73,34,90,11,227,141,217,49,238,213
73,35,167,244,36,214,202,224,49,89
73,36,251,153,129,92,188,255,24,74
73,37,124,14,50,22,162,103,147,113
73,38,124,127,79,212,118,94,86,198
73,39,34,70,116,13,30,177,62,77
74,0,151,134,50,250,136,231,199,207
74,1,230,157,88,22,101,44,85,254
74,2,39,95,246,105,247,3,120,177
74,3,213,25,189,95,247,113,241,218
74,4,180,44,116,192,159,123,43,231
74,5,19,236,31,165,178,202,153,183
74,6,79,126,42,100,149,142,43,232
74,7,253,169,185,76,108,192,36,243
74,8,220,224,61,103,86,152,107,65
74,9,207,240,161,47,198,67,22,61
74,10,234,132,46,207,178,242,187,34
74,11,93,85,186,3,202,116,158,255
74,12,39,138,189,208,238,228,116,81
74,13,219,13,47,93,37,145,192,72
74,14,83,146,52,54,167,161,204,235
74,15,147,177,3,206,129,195,80,139
74,16,170,185,72,102,190,252,250,36
74,17,89,115,104,8,1,157,20,101
74,18,91,77,176,22,192,138,204,139
74,19,59,137,225,28,122,35,115,124
74,20,133,148,53,72,233,195,107,42
74,21,207,68,179,229,99,148,44,251
74,22,234,116,122,156,242,132,46,165
74,23,93,85,60,116,201,158,218,54
74,24,39,238,11,228,94,71,136,116
74,25,13,219,210,37,130,239,145,117
74,26,96,64,81,146,160,167,44,155
74,27,3,80,254,20,17,131,233,225
74,28,243,102,190,78,174,72,130,41
74,29,157,89,49,21,104,137,216,102
74,30,151,139,91,162,131,250,13,155
74,31,132,225,229,33,72,34,28,59
74,32,86,47,50,140,151,157,6,63
74,33,95,36,136,139,81,11,6,59
74,34,238,90,240,181,44,20,14,203
74,35,191,49,148,190,71,44,36,104
74,36,227,75,7,225,165,230,163,99
74,37,54,24,124,78,89,16,137,212
74,38,215,159,192,198,72,131,96,169
74,39,158,165,173,76,235,117,73,253
75,0,226,185,117,68,80,171,96,128
75,1,13,81,202,169,43,133,158,183
75,2,247,117,105,246,39,196,118,136
75,3,170,221,228,188,150,189,253,195
75,4,8,55,139,182,123,2,159,228
75,5,153,223,159,202,183,165,178,61
75,6,3,114,79,126,92,43,125,44
75,7,253,185,36,108,43,243,192,66
75,8,107,148,233,206,224,112,207,133
75,9,207,19,206,61,229,73,161,68
75,10,59,163,132,234,207,116,187,165
75,11,18,116,186,130,60,133,255,158
75,12,39,157,67,238,116,203,176,94
75,13,219,21,13,93,200,47,211,239
75,14,146,67,96,38,231,44,167,52
75,15,37,54,103,3,80,71,12,206
75,16,120,71,232,26,219,250,252,72
75,17,89,115,148,155,20,137,242,230
75,18,34,97,139,6,60,192,93,30
75,19,226,244,132,229,186,30,173,35
75,20,133,233,112,148,152,171,53,224
75,21,206,251,207,19,246,229,44,63
75,22,59,163,225,116,124,170,154,234
75,23,186,18,133,141,126,60,142,251
75,24,238,39,230,242,148,125,79,180
75,25,13,21,210,37,148,93,239,130
75,26,236,64,92,38,155,107,81,197
75,27,103,97,241,80,254,37,17,187
75,28,243,232,120,149,210,130,165,108
75,29,89,155,148,242,220,35,47,18
75,30,6,151,144,44,13,60,122,139
75,31,132,229,173,253,79,35,97,234
75,32,175,151,37,17,13,208,47,231
75,33,23,214,117,136,81,94,209,138
75,34,182,181,58,114,110,153,187,194
75,35,7,36,71,97,128,78,231,41
75,36,245,7,75,12,99,61,237,219
75,37,89,164,36,124,54,137,80,85
75,38,136,31,177,198,37,112,77,117
75,39,63,146,22,16,67,100,76,253
76,0,254,191,122,75,222,208,231,163
76,1,153,71,100,51,3,251,56,167
76,2,223,47,216,185,184,187,158,157
76,3,196,69,36,243,154,149,56,163
76,4,233,178,175,90,195,160,121,206
76,5,153,77,60,251,223,50,62,94
76,6,171,237,102,26,243,209,12,210
76,7,184,3,38,185,120,175,81,225
76,8,148,133,16,53,72,63,23,240
76,9,207,251,68,99,229,61,44,161
76,10,59,146,20,132,217,156,116,170
76,11,37,60,141,71,70,201,204,44
76,12,176,163,208,50,116,161,238,39
76,13,93,13,145,219,21,47,126,0
76,14,96,44,204,132,146,194,198,138
76,15,12,95,3,79,147,169,26,18
76,16,53,59,72,82,219,189,51,102
76,17,89,62,214,170,115,1,220,35
76,18,144,91,116,66,229,139,13,77
76,19,47,48,59,35,115,11,247,143
76,20,148,133,53,233,220,121,56,72
76,21,207,251,229,68,222,32,44,161
76,22,59,20,116,146,156,122,170,225
76,23,37,71,141,60,201,70,133,186
76,24,50,176,238,39,163,242,11,230
76,25,0,21,93,13,145,219,87,240
76,26,171,196,92,64,167,214,203,17
76,27,12,130,95,35,97,79,37,3
76,28,243,193,102,219,120,53,24,168
76,29,88,62,21,89,94,54,170,9
76,30,162,144,232,151,192,131,116,139
76,31,219,183,229,34,47,247,99,55
76,32,92,26,120,179,125,140,6,47
76,33,47,132,250,104,136,203,162,143
76,34,103,166,44,238,181,128,143,62
76,35,190,74,148,36,9,117,101,38
76,36,115,227,39,93,153,7,74,142
76,37,89,78,124,101,27,169,16,80
76,38,198,169,236,191,176,254,140,119
76,39,231,117,235,173,158,179,219,22
77,0,123,196,249,229,105,216,7,16
77,1,231,225,27,150,62,155,235,246
77,2,162,4,164,158,243,17,179,14
77,3,133,187,152,235,37,84,231,31
77,4,142,102,15,13,108,214,222,167
77,5,153,186,104,151,204,193,94,165
77,6,79,167,126,196,43,209,153,93
77,7,36,253,185,29,192,76,116,108
77,8,89,234,107,116,52,207,56,220
77,9,29,94,207,161,131,203,198,197
77,10,59,169,130,234,198,207,137,132
77,11,189,174,186,3,133,111,255,60
77,12,39,160,63,26,74,157,238,116
77,13,219,21,93,13,43,47,211,239
77,14,52,146,64,224,231,167,137,160
77,15,37,162,71,81,213,181,147,3
77,16,120,252,168,170,80,5,71,219
77,17,115,20,89,250,242,172,124,64
77,18,57,197,192,179,97,226,0,204
77,19,130,75,109,30,226,20,229,10
77,20,234,89,247,191,56,107,233,220
77,21,29,164,131,126,94,44,207,197
77,22,198,234,169,113,130,59,124,207
77,23,186,161,189,133,95,174,251,111
77,24,242,63,15,160,26,74,39,238
77,25,43,130,13,147,15,210,61,21
77,26,92,20,50,137,124,148,155,171
77,27,81,23,200,97,189,254,2,131
77,28,243,151,168,133,43,252,210,23
77,29,76,250,20,242,57,172,35,124
77,30,179,44,155,105,184,0,104,60
77,31,191,229,205,184,109,12,183,153
77,32,98,160,3,181,131,10,11,161
77,33,67,126,138,39,173,227,2,62
77,34,84,229,96,108,199,140,17,130
77,35,203,231,71,194,33,195,198,38
77,36,165,7,12,25,102,159,237,220
77,37,65,240,8,61,137,54,86,96
77,38,117,99,159,253,166,191,184,176
77,39,228,173,10,88,48,198,98,235
78,0,141,235,190,115,221,253,47,208
78,1,93,244,155,182,46,197,47,11
78,2,10,109,57,145,103,123,179,17
78,3,187,235,174,133,118,231,119,158
78,4,214,95,142,128,236,102,15,87
78,5,193,90,224,41,186,158,47,151
78,6,79,153,167,196,54,138,43,60
78,7,36,29,147,64,23,76,116,184
78,8,116,57,234,107,99,180,52,77
78,9,116,164,94,191,197,161,29,126
78,10,198,169,130,196,234,247,124,207
78,11,189,161,133,107,136,128,255,160
78,12,39,74,63,93,26,242,160,65
78,13,210,43,66,147,93,219,15,47
78,14,50,159,51,64,52,137,106,124
78,15,162,37,81,242,147,148,213,250
78,16,252,168,5,243,80,120,170,196
78,17,20,119,250,64,115,242,172,35
78,18,226,57,179,0,192,93,43,197
78,19,75,30,116,109,226,20,229,253
78,20,234,191,80,185,239,237,56,247
78,21,126,164,29,116,94,191,197,161
78,22,198,169,130,207,113,234,76,167
78,23,189,161,186,172,133,95,243,206
78,24,242,74,63,26,15,44,93,160
78,25,61,147,43,134,13,130,210,206
78,26,50,92,137,148,51,20,124,110
78,27,189,200,81,131,162,2,254,62
78,28,43,151,133,255,208,210,243,252
78,29,87,57,76,0,250,127,172,125
78,30,163,179,155,201,24,32,134,44
78,31,116,109,205,12,4,236,191,20
78,32,223,119,181,15,131,160,64,161
78,33,93,127,83,129,239,39,231,155
78,34,96,82,112,199,113,26,51,130
78,35,160,27,57,204,42,174,203,231
78,36,222,22,221,165,29,219,12,75
78,37,24,219,98,34,234,130,160,54
78,38,140,64,241,99,184,159,180,173
78,39,186,162,190,173,22,235,237,24
79,0,38,54,167,193,94,112,44,238
79,1,46,58,47,122,188,105,137,20
79,2,128,186,179,140,104,53,85,241
79,3,26,230,233,103,117,78,143,118
79,4,81,144,67,245,0,91,213,95
79,5,188,90,43,224,78,193,109,47
79,6,60,215,206,143,153,131,138,54
79,7,176,117,229,54,9,22,70,42
79,8,116,239,104,237,73,57,99,245
79,9,126,191,116,171,113,198,197,239
79,10,167,248,191,36,151,157,115,238
79,11,140,133,233,36,224,47,161,34
79,12,93,44,74,144,242,134,85,254
79,13,33,6,61,134,44,104,147,3
79,14,50,147,86,51,118,189,47,57
79,15,189,162,243,213,148,70,2,204
79,16,156,174,243,151,252,133,247,134
79,17,5,110,20,226,57,76,59,64
79,18,128,179,131,93,226,155,126,203
79,19,12,75,120,109,30,201,56,207
79,20,239,237,191,185,234,160,80,33
79,21,126,116,191,47,155,198,248,164
79,22,248,76,247,161,211,10,115,136
79,23,36,181,34,162,133,4,138,172
79,24,44,93,242,127,79,253,142,213
79,25,6,206,104,33,204,152,13,35
79,26,50,147,197,86,110,107,28,128
79,27,189,200,183,2,162,250,217,191
79,28,43,151,156,152,120,255,163,50
79,29,57,5,127,20,165,168,153,34
79,30,226,201,32,192,155,104,134,203
79,31,63,167,12,74,214,221,173,158
79,32,223,119,181,178,166,187,154,11
79,33,32,83,239,137,231,93,72,27
79,34,112,186,199,108,8,113,142,229
79,35,174,15,33,203,213,96,241,38
79,36,22,221,102,59,208,112,229,75
79,37,229,160,62,141,24,176,119,232
79,38,252,166,55,140,138,99,159,184
79,39,238,235,237,162,97,22,80,84
80,0,140,238,112,43,173,200,58,95
80,1,46,47,188,137,249,20,39,213
80,2,186,140,165,138,172,168,51,85
80,3,103,117,233,119,26,118,230,38
80,4,81,144,245,184,213,145,120,246
80,5,145,106,255,85,121,132,32,224
80,6,124,206,230,225,254,211,163,127
80,7,3,184,225,89,49,165,148,104
80,8,148,53,133,233,72,59,23,143
80,9,68,99,207,229,1,186,179,168
80,10,156,59,132,116,23,134,148,176
80,11,60,141,42,44,204,71,32,223
80,12,176,163,116,50,161,250,137,2
80,13,145,93,45,98,0,252,219,248
80,14,132,204,44,96,253,228,194,252
80,15,3,195,12,169,14,235,147,1
80,16,74,72,104,234,59,47,122,117
80,17,1,89,209,238,8,222,220,114
80,18,144,91,77,138,119,175,171,232
80,19,115,59,122,88,211,25,143,161
80,20,148,53,133,195,233,85,200,32
80,21,68,222,229,207,231,179,157,211
80,22,160,132,148,116,52,156,26,53
80,23,80,141,223,60,44,170,159,10
80,24,176,116,5,168,178,62,244,163
80,25,145,98,45,47,183,76,35,195
80,26,132,204,96,44,179,245,17,161
80,27,169,195,14,3,74,19,206,223
80,28,74,72,47,117,234,228,122,4
80,29,150,1,89,209,222,74,59,122
80,30,144,91,122,77,139,175,228,138
80,31,59,115,88,143,67,122,25,231
80,32,33,47,104,255,236,247,156,139
80,33,192,146,81,75,181,198,5,203
80,34,16,246,244,87,182,15,164,181
80,35,36,167,171,202,37,180,13,80
80,36,110,188,153,78,74,154,10,118
80,37,124,238,103,55,199,35,156,21
80,38,103,198,191,233,16,78,245,180
80,39,120,238,146,247,198,225,136,101
81,0,67,88,200,140,238,206,95,89
81,1,47,181,46,192,152,20,249,36
81,2,197,21,202,62,206,186,105,165
81,3,103,233,117,106,114,174,68,38
81,4,193,21,62,120,48,199,64,232
81,5,230,143,189,145,239,215,85,134
81,6,118,124,199,214,248,225,81,46
81,7,241,186,165,155,213,141,200,143
81,8,17,217,11,235,81,92,18,8
81,9,135,127,155,53,210,136,248,63
81,10,23,127,78,144,43,44,176,136
81,11,42,12,239,181,204,135,58,45
81,12,176,116,250,143,10,163,137,111
81,13,145,98,93,208,165,2,40,109
81,14,132,44,18,96,194,214,204,248
81,15,3,206,139,169,238,223,74,195
81,16,195,74,72,191,45,32,214,100
81,17,89,1,69,8,114,58,209,222
81,18,91,144,77,175,16,138,171,215
81,19,115,59,122,212,211,88,99,143
81,20,148,133,53,195,233,85,200,49
81,21,68,99,207,179,229,1,222,28
81,22,160,148,132,116,156,134,78,205
81,23,80,223,60,141,44,32,170,159
81,24,176,116,137,250,178,168,62,10
81,25,145,76,195,35,83,34,183,47
81,26,204,132,96,44,245,214,146,253
81,27,1,169,195,98,3,74,235,134
81,28,74,72,45,191,117,104,228,4
81,29,150,1,69,89,209,149,141,222
81,30,144,77,91,175,152,138,225,16
81,31,59,122,115,88,133,95,100,143
81,32,33,47,255,156,236,104,34,210
81,33,192,146,81,110,33,21,229,39
81,34,16,246,244,23,37,10,108,130
81,35,171,36,167,14,202,80,235,16
81,36,78,188,153,110,154,60,80,10
81,37,103,238,199,124,104,218,52,0
81,38,103,198,233,159,247,144,235,82
81,39,141,120,175,134,222,46,233,93
82,0,124,199,151,31,236,217,191,207
82,1,124,245,14,204,167,25,238,33
82,2,3,202,1,105,60,174,151,223
82,3,25,159,11,68,219,174,237,150
82,4,48,50,83,211,244,141,32,250
82,5,166,20,201,247,251,121,109,200
82,6,179,225,239,110,77,214,211,24
82,7,165,213,186,32,200,247,241,25
82,8,245,235,216,185,81,18,106,205
82,9,155,135,246,248,53,63,235,136
82,10,60,44,136,14,127,203,78,236
82,11,193,22,140,228,126,34,226,152
82,12,78,113,79,212,124,235,120,167
82,13,35,221,114,234,255,231,167,139
82,14,132,204,166,29,110,211,254,9
82,15,126,93,147,117,2,191,195,190
82,16,74,72,88,16,14,250,247,107
82,17,1,89,8,209,69,150,38,227
82,18,144,91,77,138,139,175,16,166
82,19,115,122,143,59,88,212,246,30
82,20,148,133,53,195,23,72,200,233
82,21,207,99,1,68,229,251,222,179
82,22,116,160,156,132,148,165,205,134
82,23,80,60,32,141,44,170,98,186
82,24,116,176,56,39,178,71,10,161
82,25,145,219,93,45,76,92,239,98
82,26,59,204,96,44,146,214,18,167
82,27,169,206,3,100,215,171,98,80
82,28,72,45,74,47,170,122,95,195
82,29,150,89,1,8,158,36,163,122
82,30,61,181,192,113,217,37,104,195
82,31,154,207,63,184,69,36,139,79
82,32,19,249,92,15,123,178,24,9
82,33,231,252,67,16,32,225,95,137
82,34,112,63,166,99,191,245,199,162
82,35,43,203,105,33,38,81,138,189
82,36,22,112,12,165,59,186,205,75
82,37,144,160,118,8,207,54,25,130
82,38,120,140,0,252,193,87,173,222
82,39,21,65,235,7,22,80,193,255
83,0,168,255,79,206,246,30,34,181
83,1,107,16,174,222,133,162,136,99
83,2,1,73,231,144,151,138,28,171
83,3,222,161,68,237,86,253,1,127
83,4,97,69,176,64,99,168,21,50
83,5,143,20,121,25,234,21,244,180
83,6,163,139,211,231,127,248,190,24
83,7,3,184,148,225,104,194,186,247
83,8,148,53,143,233,85,133,117,241
83,9,68,99,229,207,233,186,28,179
83,10,176,134,156,108,148,116,79,127
83,11,44,60,135,42,32,141,230,10
83,12,176,137,10,250,143,116,167,161
83,13,145,208,165,40,14,170,166,248
83,14,132,73,204,44,194,101,248,157
83,15,235,74,139,170,145,206,227,223
83,16,74,191,104,4,195,186,172,160
83,17,209,69,1,58,210,192,44,222
83,18,144,152,77,91,225,175,53,58
83,19,115,59,95,212,127,25,100,240
83,20,148,53,85,240,195,133,233,72
83,21,68,229,99,1,231,222,179,254
83,22,148,160,172,132,149,108,147,53
83,23,80,223,10,44,117,32,34,162
83,24,176,10,137,116,168,5,196,14
83,25,145,183,83,35,170,45,34,165
83,26,132,204,73,44,163,96,157,245
83,27,1,235,74,227,145,139,169,19
83,28,74,209,104,191,160,197,72,183
83,29,150,209,1,204,69,192,98,36
83,30,144,152,175,77,91,225,45,52
83,31,115,59,95,88,248,97,135,246
83,32,33,255,236,31,104,213,47,246
83,33,192,146,95,189,102,234,46,110
83,34,16,246,244,254,10,43,216,87
83,35,53,171,36,67,14,16,202,129
83,36,154,188,78,110,60,153,10,53
83,37,238,52,199,103,1,213,8,94
83,38,103,198,88,191,233,73,8,147
83,39,42,120,225,200,227,41,228,223
84,0,25,252,5,42,45,147,165,19
84,1,16,46,162,224,107,174,133,160
84,2,200,218,167,20,36,253,168,250
84,3,233,26,25,190,230,179,236,103
84,4,67,250,72,92,81,89,9,144
84,5,188,43,90,251,158,132,155,165
84,6,79,36,143,157,14,133,101,196
84,7,176,36,229,76,32,171,70,147
84,8,239,185,116,107,110,61,179,191
84,9,198,126,160,197,35,255,169,41
84,10,173,139,157,244,248,49,234,41
84,11,133,120,111,47,39,228,213,188
84,12,249,131,44,39,242,54,212,134
84,13,6,61,33,15,138,104,44,142
84,14,147,50,86,106,10,145,118,52
84,15,189,213,162,204,37,119,243,166
84,16,156,243,252,151,170,182,168,255
84,17,5,110,20,57,226,242,17,15
84,18,128,131,192,112,226,126,93,203
84,19,229,12,120,199,167,75,228,30
84,20,239,247,191,185,80,110,33,237
84,21,126,155,47,22,132,198,73,169
84,22,161,91,247,173,165,236,240,124
84,23,133,3,36,181,140,95,106,225
84,24,43,39,127,44,242,225,220,22
84,25,6,13,210,206,33,104,15,127
84,26,50,86,118,106,64,147,128,54
84,27,250,217,72,54,172,2,71,37
84,28,243,170,168,156,43,24,252,47
84,29,5,142,57,230,20,17,242,110
84,30,135,71,192,131,144,24,60,203
84,31,229,167,135,12,228,30,226,42
84,32,223,159,178,68,6,47,158,192
84,33,88,244,107,136,72,16,39,86
84,34,241,1,252,21,120,197,116,226
84,35,218,231,128,173,22,130,137,189
84,36,70,165,233,248,220,171,163,240
84,37,160,58,175,62,185,143,86,67
84,38,0,184,252,92,237,101,233,191
84,39,248,189,238,235,7,190,133,223
85,0,197,34,101,35,30,179,154,209
85,1,47,107,155,62,97,20,41,46
85,2,97,218,152,165,82,253,251,155
85,3,233,26,236,230,103,25,118,90
85,4,144,245,120,92,199,249,61,213
85,5,220,188,159,109,85,230,215,43
85,6,230,133,137,110,36,179,199,131
85,7,176,47,112,36,221,204,234,206
85,8,239,107,80,194,245,237,152,19
85,9,203,126,53,60,88,154,198,34
85,10,215,167,129,231,175,182,121,76
85,11,133,41,249,155,73,205,140,42
85,12,39,212,144,214,184,225,127,117
85,13,210,6,15,142,35,3,93,149
85,14,52,57,106,166,167,244,118,159
85,15,213,41,70,206,195,102,2,131
85,16,243,170,252,250,116,152,71,80
85,17,115,20,230,242,17,142,243,201
85,18,192,2,226,177,135,139,112,60
85,19,229,226,39,30,228,79,231,28
85,20,247,220,80,107,191,237,56,19
85,21,207,22,47,197,155,131,73,44
85,22,234,91,124,187,63,165,122,208
85,23,3,95,238,111,145,126,140,186
85,24,39,127,225,43,27,186,177,180
85,25,13,130,93,239,15,35,175,210
85,26,106,52,167,155,159,64,137,214
85,27,177,71,250,206,254,233,217,2
85,28,243,170,168,80,252,116,24,250
85,29,242,142,5,230,89,20,35,236
85,30,192,2,13,135,24,60,144,131
85,31,229,135,226,236,79,191,158,199
85,32,178,223,98,50,158,47,150,124
85,33,190,244,72,39,126,107,81,136
85,34,116,21,56,252,51,161,97,14
85,35,167,71,218,36,22,235,129,0
85,36,70,152,119,246,181,248,102,74
85,37,143,67,58,124,48,202,175,161
85,38,101,92,148,30,237,195,254,252
85,39,2,248,189,92,38,127,182,69
86,0,144,92,186,188,62,66,155,106
86,1,195,83,198,95,124,68,97,33
86,2,92,150,255,86,118,60,158,188
86,3,25,11,159,177,155,251,6,199
86,4,94,98,192,154,112,121,152,43
86,5,153,23,2,62,158,136,115,251
86,6,79,92,209,84,43,19,59,126
86,7,181,7,185,36,184,76,192,171
86,8,247,220,107,148,159,224,133,72
86,9,207,22,44,61,73,197,47,229
86,10,234,9,207,165,91,116,40,222
86,11,3,153,145,111,54,137,202,225
86,12,208,39,185,189,225,239,194,238
86,13,13,15,93,66,210,47,154,113
86,14,52,106,231,146,167,75,159,60
86,15,248,71,213,177,41,54,233,121
86,16,170,243,252,230,71,80,51,116
86,17,115,20,142,17,230,242,78,236
86,18,192,69,177,226,135,244,2,16
86,19,229,28,226,228,51,30,243,75
86,20,247,159,107,220,191,207,80,57
86,21,22,207,47,44,131,197,73,5
86,22,234,0,9,122,63,187,59,124
86,23,153,3,145,59,238,111,54,202
86,24,39,106,50,127,225,185,115,20
86,25,13,210,15,130,239,47,175,0
86,26,83,171,52,64,196,106,155,167
86,27,248,177,233,71,54,241,206,249
86,28,230,243,185,170,54,26,78,250
86,29,236,20,242,142,89,102,230,65
86,30,69,192,97,151,244,45,131,139
86,31,229,135,51,233,132,226,137,30
86,32,146,199,195,86,247,6,162,47
86,33,75,189,97,94,37,136,81,133
86,34,187,212,255,19,54,141,181,166
86,35,49,167,71,36,77,66,130,38
86,36,8,119,234,7,171,188,0,16
86,37,124,165,54,180,221,25,185,207
86,38,252,140,212,35,111,176,159,42
86,39,23,68,16,95,165,225,182,235
87,0,181,107,82,251,80,39,68,83
87,1,222,40,209,183,9,234,96,89
87,2,2,246,244,118,197,120,213,209
87,3,50,9,173,72,217,216,195,200
87,4,156,123,211,23,20,234,145,49
87,5,174,250,231,23,106,68,32,19
87,6,53,84,145,110,124,49,225,149
87,7,195,7,253,192,49,204,3,185
87,8,247,148,107,133,53,19,85,220
87,9,207,22,229,61,68,99,251,233
87,10,68,116,132,63,234,178,59,26
87,11,42,111,170,64,54,60,202,93
87,12,176,116,56,39,208,238,203,154
87,13,164,145,93,219,98,47,192,76
87,14,146,96,18,132,138,44,204,194
87,15,206,3,80,177,169,238,195,96
87,16,71,72,188,26,55,167,122,33
87,17,89,115,8,238,202,7,137,1
87,18,91,16,232,144,190,192,205,77
87,19,59,28,39,108,211,4,146,132
87,20,148,220,233,133,53,107,242,171
87,21,207,229,61,131,68,5,222,179
87,22,160,59,122,63,68,53,26,116
87,23,80,170,141,111,202,60,84,64
87,24,176,7,98,116,238,56,39,143
87,25,145,93,98,164,47,137,109,130
87,26,96,194,179,52,132,67,72,138
87,27,3,206,169,233,80,177,116,13
87,28,74,72,26,20,71,188,41,0
87,29,150,26,89,1,115,141,112,36
87,30,55,144,192,94,97,137,91,198
87,31,237,229,173,132,191,135,35,79
87,32,224,199,197,150,47,50,206,6
87,33,201,179,156,136,81,40,206,142
87,34,49,217,213,181,141,196,201,246
87,35,224,36,167,71,66,214,244,202
87,36,255,119,24,188,10,153,74,7
87,37,124,50,22,185,3,165,180,54
87,38,146,212,94,127,118,4,159,198
87,39,10,85,70,13,182,177,34,20
88,0,109,136,1,212,24,218,3,65
88,1,236,22,226,85,234,190,42,200
88,2,2,96,120,247,221,77,246,158
88,3,216,9,72,194,191,252,111,50
88,4,123,243,133,104,138,216,116,106
88,5,23,213,31,250,19,170,62,178
88,6,149,39,84,129,79,157,209,100
88,7,61,253,192,108,7,185,251,33
88,8,247,157,107,152,220,168,207,42
88,9,22,160,207,67,148,44,73,131
88,10,234,226,59,191,220,98,251,46
88,11,158,93,54,201,111,202,186,225
88,12,242,39,238,185,106,225,203,81
88,13,37,192,13,219,77,239,230,47
88,14,146,83,52,96,44,67,231,155
88,15,177,116,71,41,3,79,54,80
88,16,71,26,219,185,170,250,167,80
88,17,104,115,214,148,89,20,216,119
88,18,97,16,192,244,139,72,91,17
88,19,225,132,206,28,253,137,75,249
88,20,157,207,247,107,220,233,185,133
88,21,207,22,160,148,131,251,44,155
88,22,59,122,234,116,220,225,68,19
88,23,93,158,54,202,64,250,136,251
88,24,238,106,39,242,185,166,68,58
88,25,13,37,164,192,210,230,219,137
88,26,83,235,155,146,197,67,64,12
88,27,177,116,241,233,80,41,206,71
88,28,201,243,185,149,130,138,26,250
88,29,89,162,104,242,216,230,186,99
88,30,97,151,192,139,91,131,55,13
88,31,229,135,132,137,225,226,59,33
88,32,116,197,50,47,173,6,75,14
88,33,206,18,136,59,81,142,152,182
88,34,11,241,141,213,181,152,108,205
88,35,36,167,89,224,71,203,202,7
88,36,251,7,74,153,76,188,255,10
88,37,124,21,180,14,194,212,179,175
88,38,124,94,212,79,42,254,127,117
88,39,77,34,62,13,22,70,10,55
89,0,62,134,231,211,124,175,138,36
89,1,101,195,120,22,193,14,202,83
89,2,96,3,48,71,247,246,120,77
89,3,72,167,251,11,132,216,212,87
89,4,44,243,121,152,134,175,195,100
89,5,153,62,170,251,178,250,151,210
89,6,39,161,79,84,102,49,209,149
89,7,185,253,223,184,192,38,199,3
89,8,107,148,133,220,53,247,233,16
89,9,207,22,44,68,61,161,229,95
89,10,234,242,19,116,165,132,178,59
89,11,93,158,85,111,3,54,59,218
89,12,208,39,116,238,210,176,242,185
89,13,13,93,219,137,47,37,192,19
89,14,167,146,52,96,83,231,106,67
89,15,177,71,3,54,13,206,121,233
89,16,71,190,170,193,102,26,188,80
89,17,89,115,21,164,104,20,142,8
89,18,192,16,91,244,250,190,139,226
89,19,39,226,28,59,137,85,30,124
89,20,207,107,220,247,121,171,133,148
89,21,207,131,44,22,61,197,229,251
89,22,242,122,234,19,133,165,63,146
89,23,93,201,218,111,220,158,170,59
89,24,11,39,58,34,238,98,193,20
89,25,13,78,210,137,19,117,93,239
89,26,52,137,197,64,155,171,224,203
89,27,177,71,28,54,3,233,94,217
89,28,193,243,170,102,26,82,252,190
89,29,88,21,164,20,142,242,94,89
89,30,162,192,63,250,135,155,97,177
89,31,135,34,229,42,228,132,191,226
89,32,179,125,123,86,146,140,76,54
89,33,75,234,56,104,132,95,142,36
89,34,44,238,240,21,72,169,5,166
89,35,190,148,74,71,36,167,21,212
89,36,227,115,142,39,19,143,93,99
89,37,78,16,124,27,54,169,66,101
89,38,119,169,251,215,212,159,117,94
89,39,117,231,158,122,182,235,67,179
90,0,123,249,229,196,105,216,7,104
90,1,231,27,225,150,62,155,151,20
90,2,249,109,162,244,210,96,158,246
90,3,133,187,235,152,231,31,37,84
90,4,13,142,15,102,128,214,108,236
90,5,104,186,204,158,193,151,236,178
90,6,79,167,84,196,153,157,39,61
90,7,36,185,29,171,192,76,147,7
90,8,247,107,234,164,56,72,52,89
90,9,29,94,22,197,164,207,161,44
90,10,234,169,198,130,247,207,91,63
90,11,189,145,3,111,155,161,42,251
90,12,39,74,26,63,208,194,65,160
90,13,210,15,154,13,47,43,66,147
90,14,52,137,106,50,64,51,159,160
90,15,162,71,81,165,147,242,148,87
90,16,252,170,80,5,189,168,51,152
90,17,250,20,64,115,242,119,17,35
90,18,192,13,57,197,43,226,177,179
90,19,20,75,130,191,39,109,226,30
90,20,56,191,234,80,247,107,237,239
90,21,164,47,29,197,161,44,131,94
90,22,198,234,169,130,187,91,150,122
90,23,189,3,161,136,111,128,206,145
90,24,74,242,63,26,160,15,39,205
90,25,147,61,43,13,130,134,78,97
90,26,50,137,148,20,171,92,124,51
90,27,200,81,181,58,165,217,250,242
90,28,133,152,43,252,210,170,5,213
90,29,119,76,87,250,20,172,248,69
90,30,155,179,24,43,126,0,184,135
90,31,201,205,109,4,30,75,39,86
90,32,181,98,131,178,125,160,3,10
90,33,126,43,27,207,86,236,9,164
90,34,84,96,207,20,105,26,8,130
90,35,203,240,231,215,198,96,86,140
90,36,224,165,112,75,102,199,62,29
90,37,65,72,96,69,61,19,74,2
90,38,99,18,209,191,176,117,204,143
90,39,228,190,173,137,247,198,168,180
91,0,132,158,141,190,125,115,47,235
91,1,155,244,197,188,93,182,11,233
91,2,29,57,27,145,10,74,123,109
91,3,187,133,174,235,37,119,117,158
91,4,236,214,95,142,128,102,222,87
91,5,158,90,193,47,43,78,65,110
91,6,79,153,54,138,60,196,36,143
91,7,229,117,23,36,29,35,64,147
91,8,116,234,57,224,77,180,239,99
91,9,164,239,191,197,161,2,59,255
91,10,65,198,169,125,247,196,185,36
91,11,128,160,189,206,107,108,161,34
91,12,254,134,74,93,39,193,128,221
91,13,74,147,134,154,32,182,66,93
91,14,137,189,64,88,32,125,148,103
91,15,148,242,165,243,204,200,162,58
91,16,134,51,252,174,133,43,60,229
91,17,198,0,250,87,76,37,211,89
91,18,163,134,43,179,127,13,197,213
91,19,116,121,20,56,36,109,191,57
91,20,237,239,116,99,234,224,173,15
91,21,164,161,191,197,239,255,2,29
91,22,176,125,243,198,65,169,247,185
91,23,206,128,189,160,9,86,107,108
91,24,235,85,93,74,145,193,254,134
91,25,182,134,154,32,147,185,89,93
91,26,88,137,148,103,47,229,32,124
91,27,181,165,87,242,58,200,31,4
91,28,150,75,93,43,133,152,134,163
91,29,0,76,87,250,124,20,15,16
91,30,163,195,43,134,226,179,161,93
91,31,20,116,36,109,205,154,4,75
91,32,252,119,112,181,150,90,53,160
91,33,184,92,93,43,16,129,164,210
91,34,26,85,82,133,96,231,1,92
91,35,42,84,57,72,174,160,135,204
91,36,83,221,222,22,75,20,70,192
91,37,182,138,39,88,104,229,72,40
91,38,151,64,193,120,249,224,27,63
91,39,186,162,154,190,205,11,156,38
92,0,238,252,25,43,147,42,95,59
92,1,250,224,172,46,129,103,147,112
92,2,29,49,20,27,119,74,140,186
92,3,233,26,230,117,40,4,119,130
92,4,81,92,248,224,229,95,183,9
92,5,43,158,188,78,110,127,65,135
92,6,60,138,143,68,173,206,208,36
92,7,117,65,229,142,111,42,35,78
92,8,116,104,239,173,99,237,180,20
92,9,171,160,255,2,224,243,104,200
92,10,157,65,173,185,125,196,247,151
92,11,181,206,128,47,108,39,160,193
92,12,249,44,199,220,60,0,134,93
92,13,44,134,182,243,6,149,154,32
92,14,137,125,189,51,52,32,148,167
92,15,148,162,165,58,46,243,45,204
92,16,134,252,0,133,43,170,205,51
92,17,15,5,87,108,142,241,89,20
92,18,226,124,179,203,155,43,192,177
92,19,30,109,226,19,191,205,75,167
92,20,237,239,116,207,224,180,99,20
92,21,191,155,164,2,127,207,239,55
92,22,247,157,236,185,125,65,196,234
92,23,181,206,128,111,189,162,239,140
92,24,93,220,39,142,145,74,43,0
92,25,6,138,134,154,182,32,171,66
92,26,137,88,51,86,52,148,167,189
92,27,162,165,58,181,46,200,204,172
92,28,43,170,133,51,252,152,80,24
92,29,5,20,158,87,76,142,241,89
92,30,226,192,43,179,135,163,170,71
92,31,167,30,109,226,228,63,116,12
92,32,223,181,178,119,90,159,206,192
92,33,83,9,74,231,129,93,16,72
92,34,241,1,21,186,252,85,116,141
92,35,160,167,22,218,84,212,244,61
92,36,70,248,129,98,83,74,119,68
92,37,62,58,72,229,143,124,145,105
92,38,147,166,117,8,10,245,233,62
92,39,238,50,95,237,223,105,245,227
93,0,209,206,104,43,30,95,147,105
93,1,47,155,46,188,197,156,118,20
93,2,20,251,41,85,172,49,73,231
93,3,117,119,118,130,244,178,150,143
93,4,195,154,20,5,87,184,150,58
93,5,158,153,32,43,251,79,110,162
93,6,79,143,254,226,65,209,36,157
93,7,185,184,199,35,158,76,36,142
93,8,148,239,133,164,23,53,35,180
93,9,203,207,229,99,68,161,255,85
93,10,234,247,116,132,59,243,176,187
93,11,42,12,204,111,60,128,239,160
93,12,116,176,163,220,39,18,134,137
93,13,145,45,93,118,208,112,219,78
93,14,204,132,44,54,248,52,214,73
93,15,147,235,139,98,165,190,227,74
93,16,172,74,191,117,104,112,72,73
93,17,69,1,44,233,89,109,152,209
93,18,77,138,176,144,91,175,204,43
93,19,122,212,115,95,59,88,143,125
93,20,195,148,133,53,72,23,161,235
93,21,99,1,207,43,7,243,251,252
93,22,160,148,147,156,116,217,132,176
93,23,80,32,60,78,63,44,239,204
93,24,137,116,163,176,161,53,250,120
93,25,145,45,219,208,130,212,91,34
93,26,204,132,248,214,55,96,166,200
93,27,139,98,147,235,206,177,3,124
93,28,74,172,72,191,16,47,45,199
93,29,69,1,150,44,36,248,158,60
93,30,77,91,138,175,176,44,52,192
93,31,122,59,212,115,137,88,95,143
93,32,33,255,47,104,178,236,213,156
93,33,192,81,110,74,177,75,67,146
93,34,16,246,244,37,123,10,235,252
93,35,202,14,167,36,194,79,235,10
93,36,188,153,78,110,154,134,244,240
93,37,219,103,199,124,238,163,8,52
93,38,103,159,117,191,206,233,63,202
93,39,238,120,58,37,228,218,174,159
94,0,32,206,168,238,95,255,181,30
94,1,140,201,176,77,182,122,46,137
94,2,20,52,73,49,41,218,153,231
94,3,178,119,117,143,145,150,222,204
94,4,184,87,150,66,20,195,23,246
94,5,32,215,21,229,158,25,143,255
94,6,230,254,124,211,102,26,212,7
94,7,225,104,3,174,187,142,132,148
94,8,53,148,85,143,121,241,59,117
94,9,99,28,1,68,233,166,207,225
94,10,108,176,250,116,233,172,26,146
94,11,42,97,33,230,32,71,135,141
94,12,137,10,50,196,38,176,168,250
94,13,0,183,34,248,208,180,170,201
94,14,132,73,44,248,17,115,101,84
94,15,139,238,74,12,90,190,145,206
94,16,191,74,234,24,228,195,172,197
94,17,69,204,210,217,169,209,8,4
94,18,77,209,64,144,91,225,176,123
94,19,115,95,59,248,129,92,83,190
94,20,148,53,133,145,72,152,85,194
94,21,99,1,204,68,143,214,236,22
94,22,108,160,116,205,148,132,172,156
94,23,80,230,44,32,211,60,134,54
94,24,137,10,196,244,50,116,38,250
94,25,165,208,34,183,145,121,174,64
94,26,132,73,248,115,96,84,78,227
94,27,139,190,145,206,249,74,3,134
94,28,74,191,197,72,183,228,165,47
94,29,69,150,204,151,158,47,128,1
94,30,77,64,91,45,225,137,60,212
94,31,95,59,248,137,88,240,67,125
94,32,33,236,47,220,31,178,210,219
94,33,192,81,72,203,95,91,4,74
94,34,16,246,211,10,247,87,164,2
94,35,202,167,235,254,36,53,13,220
94,36,110,188,78,153,244,154,10,245
94,37,103,238,58,21,199,124,6,94
94,38,148,103,92,159,212,4,84,233
94,39,238,2,38,182,189,248,95,243
95,0,88,95,140,238,112,173,200,43
95,1,181,47,152,127,33,172,20,147
95,2,20,218,62,52,197,135,49,82
95,3,117,76,119,150,233,190,178,194
95,4,9,193,62,0,5,199,219,163
95,5,158,43,230,189,160,68,110,13
95,6,118,7,53,124,89,230,143,137
95,7,142,47,35,57,145,76,185,136
95,8,239,116,237,133,173,106,104,245
95,9,255,53,200,203,197,113,84,171
95,10,115,215,122,196,76,231,157,234
95,11,181,239,111,42,249,88,183,51
95,12,62,220,193,39,199,53,254,213
95,13,44,219,93,138,251,154,212,182
95,14,52,167,64,106,159,231,137,54
95,15,162,165,147,54,148,71,242,181
95,16,170,252,32,229,250,80,152,174
95,17,89,20,115,5,16,15,64,198
95,18,204,192,226,203,197,177,43,77
95,19,30,4,75,109,86,183,226,191
95,20,207,133,239,220,237,180,116,99
95,21,207,203,155,131,73,177,88,251
95,22,234,116,236,199,196,157,122,187
95,23,80,111,107,147,181,108,162,187
95,24,39,220,199,193,145,144,254,164
95,25,219,93,6,138,139,66,130,32
95,26,167,52,137,131,88,54,67,86
95,27,162,165,206,110,177,181,233,88
95,28,170,24,250,72,136,0,47,80
95,29,5,158,89,20,8,142,124,36
95,30,226,192,77,170,177,155,32,16
95,31,30,167,137,228,166,226,124,173
95,32,223,178,206,47,60,158,194,119
95,33,74,190,81,9,40,16,244,83
95,34,116,82,1,21,85,252,141,113
95,35,167,224,244,22,202,183,214,212
95,36,70,248,129,74,188,10,239,166
95,37,104,58,124,143,21,147,105,57
95,38,27,148,92,212,94,84,127,79
95,39,110,243,38,248,12,78,58,70
96,0,254,81,222,208,236,191,139,203
96,1,149,51,9,167,89,245,124,114
96,2,60,193,216,49,184,223,187,157
96,3,56,154,196,36,243,25,167,199
96,4,175,233,90,178,88,160,154,195
96,5,153,77,251,60,50,120,218,58
96,6,168,14,102,12,156,171,79,26
96,7,38,175,185,184,76,89,120,35
96,8,148,133,23,53,16,72,63,59
96,9,207,1,99,229,251,161,44,61
96,10,59,122,132,146,20,156,116,225
96,11,37,141,60,70,71,14,204,44
96,12,163,116,208,176,220,161,189,39
96,13,211,13,212,93,219,145,45,19
96,14,44,146,204,96,67,231,54,167
96,15,79,12,147,95,130,3,206,169
96,16,219,53,72,250,102,252,73,59
96,17,225,89,158,62,214,152,1,69
96,18,226,66,91,77,229,204,139,138
96,19,47,212,48,30,132,59,122,137
96,20,133,148,23,72,121,53,207,224
96,21,251,1,207,229,99,131,161,119
96,22,59,157,122,116,234,156,20,146
96,23,70,37,141,71,14,60,204,99
96,24,50,220,166,39,131,238,163,155
96,25,211,0,13,240,93,219,130,212
96,26,196,52,214,167,137,106,54,86
96,27,79,130,12,35,233,110,95,162
96,28,53,56,59,102,24,170,250,72
96,29,158,19,89,62,225,20,54,1
96,30,226,192,66,139,77,91,143,177
96,31,247,30,226,137,59,33,229,190
96,32,144,14,19,47,173,151,235,85
96,33,47,74,84,81,203,103,250,68
96,34,128,103,18,191,166,11,181,141
96,35,167,97,36,14,202,244,214,79
96,36,153,188,44,74,10,129,7,48
96,37,124,58,162,14,22,89,21,175
96,38,92,212,127,118,79,175,94,242
96,39,189,77,219,70,242,78,2,197
97,0,62,231,124,211,174,13,191,159
97,1,235,120,141,195,123,193,202,33
97,2,80,111,184,3,207,253,130,156
97,3,11,196,159,109,197,251,79,25
97,4,154,148,44,152,221,175,121,28
97,5,153,251,170,62,50,115,58,218
97,6,79,14,82,161,156,209,102,126
97,7,185,76,184,35,78,3,175,49
97,8,133,148,23,53,220,16,59,72
97,9,207,161,99,1,229,61,255,68
97,10,234,122,242,207,59,132,165,116
97,11,220,85,222,111,3,60,59,218
97,12,39,208,220,193,116,157,238,210
97,13,219,211,93,13,20,66,45,212
97,14,52,167,54,231,106,159,161,67
97,15,162,147,213,130,165,181,41,54
97,16,170,252,190,230,243,250,80,51
97,17,225,20,158,89,21,15,230,103
97,18,204,226,250,192,77,43,177,108
97,19,85,30,88,75,226,122,212,177
97,20,133,207,185,72,195,191,23,180
97,21,207,251,73,203,131,255,85,198
97,22,234,122,242,199,157,116,196,137
97,23,220,85,222,218,181,14,111,59
97,24,39,220,11,81,15,210,155,145
97,25,219,211,101,13,93,19,113,71
97,26,86,137,52,231,167,196,214,106
97,27,130,162,28,147,49,3,181,233
97,28,190,102,170,51,24,111,47,250
97,29,158,21,19,20,89,88,225,142
97,30,226,192,250,197,16,139,63,162
97,31,30,228,226,183,252,137,124,108
97,32,19,123,12,146,76,47,178,140
97,33,75,74,139,56,95,81,166,28
97,34,191,195,21,72,141,48,240,5
97,35,97,167,185,214,36,43,59,79
97,36,129,125,26,142,74,188,153,248
97,37,58,124,229,21,57,48,147,78
97,38,92,79,84,0,212,119,94,35
97,39,189,44,197,242,78,129,122,58
98,0,27,35,101,79,166,108,135,187
98,1,123,11,139,75,26,174,146,132
98,2,210,253,38,252,130,149,164,20
98,3,37,211,106,29,226,46,146,80
98,4,15,65,14,240,165,154,129,160
98,5,188,153,10,235,251,202,198,170
98,6,79,14,156,215,255,196,76,157
98,7,2,185,76,199,14,229,36,64
98,8,180,52,116,179,35,173,4,83
98,9,241,180,197,161,131,207,98,6
98,10,122,196,157,234,59,137,88,132
98,11,20,39,174,14,111,107,99,188
98,12,220,193,39,160,15,1,81,189
98,13,211,178,219,29,20,93,204,113
98,14,86,52,125,106,231,146,159,51
98,15,162,36,213,172,181,41,79,54
98,16,96,164,170,252,24,250,152,231
98,17,158,225,94,20,89,153,15,230
98,18,148,170,226,204,177,203,22,77
98,19,130,30,226,75,253,4,201,88
98,20,133,207,224,180,185,175,72,23
98,21,180,241,207,251,73,198,26,1
98,22,157,234,83,116,59,199,122,187
98,23,20,39,14,181,17,111,141,174
98,24,67,39,220,15,81,154,160,125
98,25,178,219,113,211,98,29,93,152
98,26,231,67,167,86,235,146,52,106
98,27,110,206,162,204,49,46,217,54
98,28,96,170,250,164,72,119,20,80
98,29,94,158,89,101,20,1,102,142
98,30,170,85,148,139,77,226,91,16
98,31,30,130,63,226,137,132,59,33
98,32,60,158,99,237,47,178,46,151
98,33,33,190,81,74,16,166,232,41
98,34,82,161,34,97,21,206,176,181
98,35,24,167,228,39,202,36,97,14
98,36,207,188,166,153,34,239,119,74
98,37,104,58,124,218,103,22,21,175
98,38,27,92,148,212,71,175,118,127
98,39,110,243,58,78,69,12,70,38
99,0,120,254,148,75,191,78,217,16
99,1,60,1,51,240,193,28,167,108
99,2,187,188,47,228,223,87,216,170
99,3,154,0,196,108,159,249,80,112
99,4,152,134,121,160,233,132,129,28
99,5,153,251,0,50,177,243,163,58
99,6,51,102,74,12,255,156,14,75
99,7,187,185,225,175,2,5,100,220
99,8,133,148,53,224,59,108,225,16
99,9,207,245,99,61,1,243,204,229
99,10,122,77,32,132,193,194,109,8
99,11,170,14,97,11,70,99,204,150
99,12,116,146,55,2,189,3,239,48
99,13,178,13,100,211,219,98,208,203
99,14,44,196,132,96,54,231,138,53
99,15,3,213,206,35,139,130,79,147
99,16,243,102,154,189,32,152,170,224
99,17,8,115,69,158,35,89,94,54
99,18,77,16,32,66,171,91,237,13
99,19,59,137,229,99,15,124,35,54
99,20,133,148,53,47,171,225,161,107
99,21,207,99,245,61,241,108,204,177
99,22,253,77,116,122,109,233,229,194
99,23,99,70,14,170,141,164,118,204
99,24,55,145,155,50,166,2,178,39
99,25,178,13,0,100,98,155,130,219
99,26,196,54,96,62,58,179,64,200
99,27,35,206,130,139,79,51,3,178
99,28,10,56,173,164,138,178,201,20
99,29,18,54,126,158,69,35,162,89
99,30,77,32,66,19,143,108,85,18
99,31,15,99,83,157,54,137,229,219
99,32,202,235,173,58,121,191,209,15
99,33,147,47,81,74,251,137,72,240
99,34,226,166,179,183,185,219,182,191
99,35,24,101,202,170,95,14,36,194
99,36,1,188,228,231,219,22,153,55
99,37,156,170,198,103,199,181,219,100
99,38,50,204,43,55,243,46,67,159
99,39,164,21,201,141,157,95,83,90
100,0,27,94,213,23,133,48,44,35
100,1,60,139,240,51,30,130,24,176
100,2,108,113,24,25,2,129,190,175
100,3,106,196,65,69,149,93,189,139
100,4,134,184,69,97,24,50,211,185
100,5,143,230,231,122,180,0,95,25
100,6,12,102,212,26,237,78,233,21
100,7,175,225,245,185,187,227,5,0
100,8,148,53,23,72,133,241,85,187
100,9,1,99,207,241,63,229,166,254
100,10,116,108,250,176,217,26,148,132
100,11,42,97,239,44,141,60,230,32
100,12,137,10,116,176,163,250,196,161
100,13,212,83,180,45,34,183,145,165
100,14,132,44,204,248,73,253,54,115
100,15,139,12,190,227,235,147,74,145
100,16,112,191,234,172,228,117,74,72
100,17,69,152,1,89,8,226,220,170
100,18,77,91,138,225,176,141,83,102
100,19,212,115,59,95,88,122,125,127
100,20,148,53,240,133,195,23,72,85
100,21,1,99,251,207,254,193,236,214
100,22,116,108,160,148,156,132,225,149
100,23,141,80,60,230,32,56,71,63
100,24,137,176,116,163,50,203,48,10
100,25,145,83,98,211,45,212,222,183
100,26,204,132,44,214,78,146,138,182
100,27,139,3,169,206,98,26,80,134
100,28,74,72,73,191,45,228,112,224
100,29,150,1,89,158,69,152,60,220
100,30,77,91,122,139,240,225,16,175
100,31,212,59,88,196,143,95,67,135
100,32,151,33,47,255,236,156,162,175
100,33,192,74,82,166,81,33,49,89
100,34,16,246,37,173,10,181,244,182
100,35,14,36,167,171,24,235,212,202
100,36,188,153,12,110,78,10,60,55
100,37,124,100,103,199,238,89,122,1
100,38,144,103,159,57,191,175,206,117
100,39,42,10,200,41,159,148,76,219
101,0,252,25,42,205,165,180,12,176
101,1,60,28,160,240,154,217,119,30
101,2,108,113,24,47,2,129,30,203
101,3,112,154,196,163,149,0,2,151
101,4,189,132,206,89,75,233,175,57
101,5,77,153,95,50,177,251,58,0
101,6,12,102,237,74,184,51,26,173
101,7,187,185,225,132,175,203,24,183
101,8,148,133,53,72,145,85,121,63
101,9,99,207,1,243,15,166,204,245
101,10,32,250,108,233,26,244,217,132
101,11,170,97,72,230,141,37,169,0
101,12,137,10,176,149,32,116,110,250
101,13,13,208,0,83,165,212,180,183
101,14,132,44,73,248,204,143,54,252
101,15,139,3,206,238,79,190,169,145
101,16,191,112,154,138,186,72,102,195
101,17,69,8,1,238,208,54,89,152
101,18,77,66,91,171,19,83,118,233
101,19,59,212,54,115,161,49,83,35
101,20,148,53,133,23,195,161,38,72
101,21,207,99,1,32,119,245,204,243
101,22,233,244,122,229,77,108,1,116
101,23,170,72,70,141,169,14,164,97
101,24,157,50,166,116,119,178,244,33
101,25,13,0,208,178,145,222,165,212
101,26,132,143,196,204,96,54,248,194
101,27,206,139,51,79,177,35,3,116
101,28,138,56,102,173,219,178,164,186
101,29,69,162,54,1,158,78,8,94
101,30,77,66,19,91,97,143,171,116
101,31,83,59,137,157,3,95,229,49
101,32,14,47,235,3,140,151,202,255
101,33,81,247,103,47,74,167,240,67
101,34,183,241,191,219,246,11,18,143
101,35,24,167,202,116,14,36,244,101
101,36,188,78,129,153,1,10,82,60
101,37,100,103,199,219,13,184,151,22
101,38,7,57,175,159,117,36,176,205
101,39,40,74,58,189,163,235,70,95
102,0,209,213,197,154,145,51,48,91
102,1,139,123,53,168,6,64,41,87
102,2,113,108,24,111,96,203,67,99
102,3,59,147,165,189,0,196,88,65
102,4,241,131,240,230,129,191,10,151
102,5,103,213,153,59,131,157,197,255
102,6,51,102,156,255,33,74,245,106
102,7,187,185,250,225,68,61,135,218
102,8,148,53,133,194,93,59,152,168
102,9,69,207,61,99,44,119,204,250
102,10,122,1,178,132,26,116,194,137
102,11,170,97,70,14,174,72,204,99
102,12,116,166,176,2,178,32,55,244
102,13,13,178,219,83,203,208,74,100
102,14,44,96,138,132,18,222,54,161
102,15,3,206,139,79,169,100,213,238
102,16,32,224,154,152,189,0,191,170
102,17,8,89,69,115,35,238,124,158
102,18,77,91,16,66,13,171,83,240
102,19,59,30,124,137,183,75,212,196
102,20,133,148,53,72,23,207,121,220
102,21,207,69,99,251,131,161,1,67
102,22,116,122,178,26,253,196,1,233
102,23,56,141,107,14,170,70,204,99
102,24,15,39,32,166,56,35,178,50
102,25,178,13,219,222,130,113,100,101
102,26,167,96,52,138,131,54,44,161
102,27,206,3,23,80,116,100,139,79
102,28,138,102,72,56,201,219,57,20
102,29,158,89,78,8,162,35,19,106
102,30,66,77,19,91,57,192,237,143
102,31,137,83,157,59,34,124,14,30
102,32,235,14,47,206,27,15,197,156
102,33,81,103,74,126,67,47,247,59
102,34,183,191,18,11,227,246,247,91
102,35,167,202,24,116,36,244,79,14
102,36,188,78,2,129,153,48,10,82
102,37,103,219,162,199,22,124,163,175
102,38,127,118,175,212,92,79,58,159
102,39,77,70,189,58,129,40,219,213
103,0,148,120,75,45,254,16,217,78
103,1,163,123,1,167,193,60,215,51
103,2,113,108,111,24,18,207,96,40
103,3,154,147,249,189,196,209,137,112
103,4,152,10,134,44,148,121,186,38
103,5,0,84,251,153,70,122,129,208
103,6,102,159,212,237,74,26,173,70
103,7,132,187,225,137,175,185,89,174
103,8,53,148,225,72,133,59,163,22
103,9,99,1,207,28,15,143,166,86
103,10,77,116,109,122,233,146,250,132
103,11,97,14,70,222,141,134,60,72
103,12,55,50,137,47,116,119,176,30
103,13,19,208,13,83,203,238,165,171
103,14,44,132,204,96,54,248,161,105
103,15,147,139,206,12,129,238,3,178
103,16,102,59,53,72,172,154,191,69
103,17,54,69,170,8,89,185,248,35
103,18,77,66,83,52,240,176,143,209
103,19,137,48,35,59,83,122,14,236
103,20,133,72,53,47,148,195,171,145
103,21,99,207,251,86,214,252,209,48
103,22,77,116,109,122,146,233,194,137
103,23,222,70,14,164,99,204,37,75
103,24,55,50,163,166,119,157,62,87
103,25,13,178,0,203,219,208,171,254
103,26,196,54,78,204,200,144,31,161
103,27,35,139,206,12,178,100,182,112
103,28,59,53,56,72,165,102,219,173
103,29,54,4,158,35,126,19,1,69
103,30,66,77,143,209,13,176,116,52
103,31,83,157,219,15,55,122,67,143
103,32,235,202,58,173,151,14,255,47
103,33,198,47,147,74,67,81,203,176
103,34,164,226,166,185,18,191,121,249
103,35,101,194,14,97,202,24,36,203
103,36,188,103,228,10,153,78,158,134
103,37,156,219,103,226,181,89,199,109
103,38,204,50,55,197,141,175,52,239
103,39,141,112,83,226,136,58,174,101
104,0,159,8,167,220,94,26,19,52
104,1,56,163,243,215,21,255,49,71
104,2,113,111,175,108,204,170,37,96
104,3,147,45,163,189,86,89,134,196
104,4,175,206,134,233,28,10,221,75
104,5,77,251,64,103,60,58,71,0
104,6,195,102,12,249,173,212,11,8
104,7,175,245,187,185,227,166,39,132
104,8,133,148,72,121,53,63,23,16
104,9,32,1,99,243,207,225,28,44
104,10,250,146,77,233,217,116,176,108
104,11,230,215,97,237,141,32,37,70
104,12,137,50,251,38,10,91,196,23
104,13,0,212,194,180,185,83,13,248
104,14,17,132,44,248,73,164,54,189
104,15,139,12,6,238,190,145,206,147
104,16,234,112,191,59,172,102,56,183
104,17,69,152,54,9,144,8,208,19
104,18,77,32,176,116,195,171,66,138
104,19,212,48,239,115,122,219,54,99
104,20,133,53,72,148,195,172,50,23
104,21,99,1,32,58,251,63,214,43
104,22,77,116,108,176,82,148,156,109
104,23,230,32,141,61,222,80,176,71
104,24,137,50,163,251,195,62,196,55
104,25,0,212,203,180,13,194,254,145
104,26,17,132,248,54,204,244,163,214
104,27,139,12,206,35,147,134,235,98
104,28,234,59,173,56,72,172,178,191
104,29,69,54,9,1,35,158,19,60
104,30,116,77,66,176,32,143,91,52
104,31,83,212,157,99,59,47,143,122
104,32,235,120,173,255,143,202,14,47
104,33,203,47,74,167,67,81,198,250
104,34,128,164,185,191,18,121,166,246
104,35,101,202,14,97,167,24,36,194
104,36,103,188,78,10,153,48,44,158
104,37,103,219,181,100,162,156,89,58
104,38,242,127,92,118,205,0,93,175
104,39,189,77,219,70,40,141,99,44
105,0,48,62,211,174,149,231,191,217
105,1,80,141,123,4,51,193,14,56
105,2,204,111,51,168,161,113,243,240
105,3,147,123,232,51,197,196,89,45
105,4,175,221,134,44,28,121,152,148
105,5,77,56,164,251,230,83,145,64
105,6,12,195,249,26,102,30,8,125
105,7,175,245,185,246,142,38,227,39
105,8,133,148,121,72,53,172,50,16
105,9,99,32,1,243,44,186,207,15
105,10,146,137,116,108,122,242,148,233
105,11,215,141,230,222,237,220,14,204
105,12,137,50,251,91,163,124,38,105
105,13,212,180,194,26,19,83,0,145
105,14,17,132,204,44,248,54,73,113
105,15,139,147,12,190,235,53,238,98
105,16,234,172,72,160,59,88,191,117
105,17,69,1,170,21,152,89,79,8
105,18,77,176,116,138,91,102,119,83
105,19,212,122,35,59,99,239,137,30
105,20,133,72,195,148,53,121,23,50
105,21,32,99,1,251,207,243,43,186
105,22,116,156,137,148,122,132,146,82
105,23,220,222,60,141,204,56,32,14
105,24,50,116,163,11,119,199,137,39
105,25,101,219,145,20,19,0,13,178
105,26,54,204,146,214,44,196,231,182
105,27,139,147,28,206,26,169,3,100
105,28,193,102,59,72,250,219,170,32
105,29,158,94,21,89,88,19,1,35
105,30,197,116,192,77,250,226,162,91
105,31,4,183,30,99,195,85,191,137
105,32,144,19,109,15,120,123,140,235
105,33,102,139,189,74,250,181,68,132
105,34,195,191,109,48,73,20,166,121
105,35,97,24,77,185,21,190,167,210
105,36,76,19,93,138,75,165,171,26
105,37,100,16,229,66,74,86,212,232
105,38,0,92,35,61,158,159,36,96
105,39,129,189,40,44,163,235,249,159
106,0,34,179,197,101,79,35,9,91
106,1,155,75,62,123,70,151,27,97
106,2,164,210,40,109,34,88,38,90
106,3,37,130,235,77,183,118,230,211
106,4,102,15,241,142,154,131,108,160
106,5,186,153,188,198,170,251,243,252
106,6,51,156,79,14,196,209,102,100
106,7,185,23,64,40,199,36,204,78
106,8,89,239,148,35,52,180,83,56
106,9,29,203,207,161,94,131,197,85
106,10,122,137,196,216,132,130,234,198
106,11,14,174,42,107,111,170,99,60
106,12,220,39,116,160,15,26,128,63
106,13,219,211,43,29,66,95,130,93
106,14,44,64,52,167,54,124,146,51
106,15,3,147,206,162,165,169,139,87
106,16,170,5,72,32,252,73,250,51
106,17,89,8,1,250,69,115,229,124
106,18,77,197,91,57,204,16,43,22
106,19,183,59,30,109,20,4,212,124
106,20,133,148,207,180,23,239,72,35
106,21,203,207,131,1,29,251,230,85
106,22,116,198,234,196,78,178,169,122
106,23,56,107,141,60,42,111,80,174
106,24,15,220,26,39,160,116,74,63
106,25,219,93,147,130,43,98,134,253
106,26,137,51,167,214,44,124,18,86
106,27,162,165,172,3,57,147,206,96
106,28,5,170,72,32,167,136,43,73
106,29,250,89,87,229,211,8,158,1
106,30,197,205,16,155,77,91,179,170
106,31,4,109,205,252,39,59,30,130
106,32,98,90,186,77,47,134,178,99
106,33,126,238,86,183,81,215,49,129
106,34,116,1,96,207,101,180,173,86
106,35,160,57,167,235,245,134,153,130
106,36,165,75,233,106,102,9,70,171
106,37,65,61,24,19,86,51,232,96
106,38,18,117,159,176,140,73,237,180
106,39,228,10,235,174,190,173,80,45
107,0,141,235,208,115,221,253,81,125
107,1,62,217,155,152,182,70,82,197
107,2,109,95,154,127,217,153,167,106
107,3,230,219,118,26,117,119,41,233
107,4,102,15,165,142,54,245,214,154
107,5,43,90,188,135,158,65,153,218
107,6,79,14,138,156,182,157,196,51
107,7,117,23,185,64,229,78,184,76
107,8,116,239,180,52,99,35,4,173
107,9,203,116,191,197,59,2,161,255
107,10,196,157,198,122,234,125,88,65
107,11,128,42,206,111,108,62,160,107
107,12,193,93,220,39,74,160,128,15
107,13,211,134,29,32,154,182,74,66
107,14,86,52,51,137,125,47,64,167
107,15,162,172,148,165,181,147,213,58
107,16,5,170,252,43,134,231,51,174
107,17,250,87,20,225,198,0,89,241
107,18,197,204,43,170,226,124,134,161
107,19,116,109,20,205,191,30,195,36
107,20,239,207,99,237,180,175,23,164
107,21,203,191,116,207,2,239,127,155
107,22,198,247,157,125,234,169,199,196
107,23,128,189,206,111,42,62,107,86
107,24,220,93,15,74,39,26,160,54
107,25,134,147,93,182,253,32,6,154
107,26,86,137,51,88,52,32,124,167
107,27,162,165,172,181,58,147,87,232
107,28,43,5,170,150,9,51,252,136
107,29,87,250,5,0,89,20,211,16
107,30,197,163,170,43,179,226,205,16
107,31,116,109,4,205,20,30,39,167
107,32,119,90,134,178,223,77,186,192
107,33,93,83,86,129,238,183,92,9
107,34,82,1,96,132,207,85,26,86
107,35,160,57,84,27,167,72,145,42
107,36,222,70,192,120,20,98,83,74
107,37,39,229,24,145,58,124,2,234
107,38,64,249,18,180,254,67,16,105
107,39,186,190,162,91,22,11,237,148
108,0,38,54,167,193,238,112,44,94
108,1,62,140,122,217,117,105,201,103
108,2,217,154,127,153,209,167,99,220
108,3,26,12,230,183,130,91,233,73
108,4,120,20,187,174,144,184,205,189
108,5,239,153,145,50,255,188,198,160
108,6,26,102,12,14,237,212,30,249
108,7,175,185,225,187,5,199,140,89
108,8,148,53,133,23,239,35,195,113
108,9,1,99,203,207,116,229,166,243
108,10,116,132,108,156,148,29,26,240
108,11,239,42,230,98,32,111,60,254
108,12,137,220,10,176,163,116,250,161
108,13,212,83,58,45,112,208,34,180
108,14,132,44,204,248,54,73,115,88
108,15,139,235,147,190,12,238,227,98
108,16,191,172,112,234,228,24,88,60
108,17,69,152,44,1,109,102,220,8
108,18,77,138,91,102,224,32,176,204
108,19,212,115,95,125,122,1,59,204
108,20,148,133,53,195,72,240,23,161
108,21,99,1,193,207,214,251,43,254
108,22,116,148,108,156,160,236,217,205
108,23,80,32,230,253,107,141,60,239
108,24,137,116,10,220,176,87,254,161
108,25,145,45,208,34,212,211,83,183
108,26,132,204,248,44,54,52,96,252
108,27,139,147,206,177,190,162,98,3
108,28,72,47,191,73,228,170,24,45
108,29,69,5,1,8,89,60,229,158
108,30,77,197,91,16,205,226,192,155
108,31,59,137,30,124,109,4,166,212
108,32,223,47,178,119,96,186,206,90
108,33,93,81,238,86,183,49,83,74
108,34,186,1,207,116,180,101,141,82
108,35,167,202,57,160,36,153,212,145
108,36,188,70,181,129,120,74,153,98
108,37,58,145,124,31,103,190,219,22
108,38,92,148,159,212,118,127,252,21
108,39,189,38,2,217,78,95,69,154
109,0,140,43,238,112,200,173,95,67
109,1,62,217,140,70,146,181,155,39
109,2,217,154,167,121,127,11,43,72
109,3,117,233,26,230,130,118,48,236
109,4,54,45,245,193,120,205,165,58
109,5,188,43,90,135,65,239,248,158
109,6,14,65,143,138,182,157,79,237
109,7,70,117,229,23,185,78,184,22
109,8,239,116,173,104,35,52,179,180
109,9,191,203,197,255,171,116,2,169
109,10,157,196,88,125,65,27,183,39
109,11,181,39,239,111,42,47,150,155
109,12,193,220,62,93,151,0,134,53
109,13,44,103,138,29,112,134,176,212
109,14,86,52,167,125,88,51,47,189
109,15,162,165,172,147,46,148,181,195
109,16,170,181,231,174,252,88,0,134
109,17,5,89,20,166,103,198,87,16
109,18,197,204,170,77,226,192,43,159
109,19,109,205,191,4,30,183,226,167
109,20,239,133,148,207,180,35,4,164
109,21,116,207,191,203,127,251,2,1
109,22,236,157,116,247,78,234,63,196
109,23,39,42,107,111,181,239,34,128
109,24,220,93,39,254,15,54,116,193
109,25,93,6,134,219,29,138,98,253
109,26,86,52,51,167,54,137,131,214
109,27,162,172,110,165,206,181,120,3
109,28,43,170,72,5,136,150,167,51
109,29,5,89,250,229,87,211,1,8
109,30,170,16,197,226,205,77,179,91
109,31,109,30,137,167,205,59,4,124
109,32,223,119,178,47,90,186,134,96
109,33,183,83,238,81,86,93,129,190
109,34,116,1,186,207,180,96,101,21
109,35,167,160,57,202,153,36,145,212
109,36,181,70,129,188,120,74,153,10
109,37,58,31,190,124,145,229,103,147
109,38,92,148,71,212,127,118,12,79
109,39,2,69,189,38,78,70,213,242
110,0,238,88,189,114,173,108,6,248
110,1,140,70,192,152,146,181,33,118
110,2,49,8,11,188,60,153,72,177
110,3,106,117,199,233,226,236,110,41
110,4,165,54,45,58,171,129,88,205
110,5,188,147,90,230,65,135,44,110
110,6,65,14,122,143,22,79,138,75
110,7,32,123,117,185,78,190,254,76
110,8,116,239,173,52,179,180,57,23
110,9,180,69,197,255,84,41,9,169
110,10,157,125,88,196,247,65,193,27
110,11,181,39,111,99,239,19,188,47
110,12,151,220,193,62,254,191,134,104
110,13,103,44,112,5,176,212,211,138
110,14,86,52,125,88,149,167,53,226
110,15,46,162,165,217,110,148,238,243
110,16,61,170,174,144,248,252,134,231
110,17,5,20,89,158,198,226,15,108
110,18,170,226,204,77,192,159,197,193
110,19,191,109,30,212,19,4,167,166
110,20,133,239,148,237,72,53,104,207
110,21,69,207,180,251,1,155,229,191
110,22,157,247,116,234,236,44,125,63
110,23,39,111,239,181,195,99,162,107
110,24,220,39,151,15,54,155,93,145
110,25,138,103,219,6,35,145,93,212
110,26,52,167,86,54,106,67,137,131
110,27,46,162,110,233,206,172,165,181
110,28,170,43,61,20,51,72,150,152
110,29,5,158,89,20,142,1,200,101
110,30,170,226,192,77,91,16,139,163
110,31,167,30,166,137,226,14,124,59
110,32,223,60,206,178,47,90,119,158
110,33,74,83,81,40,129,33,229,49
110,34,82,116,1,141,21,34,213,49
110,35,167,244,214,224,202,36,212,89
110,36,129,70,188,239,153,74,10,68
110,37,104,58,145,147,57,124,103,14
110,38,92,148,27,79,127,212,118,71
110,39,243,110,38,78,242,12,69,70
111,0,124,62,155,199,231,236,76,211
111,1,3,124,193,251,49,191,33,245
111,2,71,60,3,188,49,248,157,11
111,3,30,25,199,11,251,56,159,167
111,4,154,152,200,192,121,88,160,36
111,5,27,153,2,115,251,236,155,170
111,6,157,14,57,52,79,161,209,49
111,7,185,223,76,32,187,199,184,171
111,8,133,220,23,224,148,72,53,61
111,9,207,99,227,198,197,98,61,161
111,10,157,9,165,234,19,122,132,196
111,11,85,111,59,247,47,209,3,170
111,12,39,193,210,116,191,220,59,43
111,13,219,113,154,93,212,29,199,168
111,14,179,52,54,167,53,93,231,96
111,15,162,33,3,110,171,204,233,49
111,16,170,181,252,185,32,190,231,0
111,17,20,164,158,89,8,142,78,69
111,18,250,16,226,197,204,203,192,119
111,19,30,226,75,59,122,137,84,4
111,20,133,35,180,72,239,171,220,4
111,21,207,151,215,156,227,198,96,99
111,22,157,19,9,91,63,242,247,165
111,23,85,111,195,106,247,107,181,47
111,24,220,191,15,39,138,155,116,3
111,25,113,155,29,6,32,154,206,219
111,26,52,86,54,179,131,96,53,167
111,27,33,162,172,3,206,139,181,204
111,28,190,47,170,150,111,152,72,51
111,29,164,20,89,21,1,69,158,8
111,30,197,250,91,77,16,226,139,204
111,31,167,30,59,137,228,252,124,151
111,32,19,123,76,156,47,247,162,254
111,33,75,234,56,74,95,86,81,238
111,34,1,191,72,240,195,101,10,220
111,35,167,202,36,14,212,43,191,235
111,36,188,153,78,98,248,119,142,165
111,37,58,103,229,126,22,175,199,209
111,38,92,0,118,127,212,148,175,35
111,39,189,197,129,70,248,58,178,159
112,0,35,101,197,179,79,34,108,48
112,1,62,97,16,47,70,155,146,20
112,2,249,84,43,109,149,38,210,75
112,3,236,211,226,26,230,37,148,129
112,4,200,241,15,102,142,105,222,245
112,5,220,236,188,90,43,69,218,251
112,6,14,157,182,79,52,133,57,196
112,7,23,185,199,76,14,64,171,47
112,8,35,239,180,57,52,164,179,116
112,9,203,180,197,207,85,29,98,131
112,10,157,88,196,63,132,26,39,178
112,11,42,111,255,107,170,98,85,106
112,12,193,220,154,39,116,3,15,191
112,13,112,29,219,113,44,154,138,160
112,14,52,54,86,204,96,41,132,161
112,15,139,162,36,172,120,147,3,206
112,16,181,170,231,32,252,96,152,160
112,17,69,8,5,89,1,166,198,20
112,18,197,77,170,91,176,171,204,60
112,19,122,59,51,167,212,137,88,108
112,20,133,195,148,35,239,72,53,23
112,21,99,207,203,180,1,215,243,143
112,22,236,88,157,116,132,108,247,78
112,23,39,107,42,111,249,181,106,130
112,24,154,116,220,43,137,70,3,176
112,25,145,112,29,208,212,219,138,28
112,26,204,54,96,132,86,248,118,194
112,27,139,206,172,177,120,147,3,36
112,28,96,72,152,47,173,195,160,178
112,29,69,1,5,89,250,8,222,102
112,30,170,77,91,197,176,175,225,71
112,31,59,122,88,130,95,212,137,167
112,32,98,255,47,158,247,156,99,96
112,33,126,190,232,81,86,220,183,238
112,34,116,10,246,1,207,206,161,180
112,35,14,202,167,36,235,93,212,194
112,36,188,78,153,70,181,166,10,154
112,37,103,22,163,58,199,219,115,124
112,38,92,118,127,148,71,175,212,12
112,39,2,189,70,69,38,248,36,213
113,0,78,75,148,254,120,153,56,68
113,1,60,193,51,240,167,1,108,124
113,2,188,187,228,223,170,8,84,175
113,3,154,0,242,112,196,33,149,148
113,4,134,88,152,121,160,233,132,36
113,5,153,60,71,58,251,0,177,50
113,6,102,74,12,255,70,204,33,212
113,7,187,185,225,61,174,120,75,132
113,8,133,53,148,72,16,224,145,252
113,9,207,245,99,1,61,229,243,166
113,10,108,32,77,53,132,70,250,180
113,11,170,11,97,164,50,150,14,0
113,12,137,3,176,116,55,2,16,166
113,13,13,145,112,208,180,238,212,98
113,14,132,54,248,44,204,238,104,96
113,15,206,139,3,190,35,213,27,52
113,16,154,186,158,191,37,173,243,160
113,17,69,8,54,208,1,238,115,89
113,18,77,32,91,171,108,232,237,144
113,19,54,15,59,3,99,83,108,212
113,20,53,133,148,171,23,161,195,47
113,21,207,99,245,204,214,134,252,154
113,22,77,108,229,53,70,233,109,157
113,23,99,170,70,164,11,50,97,118
113,24,157,137,50,155,244,2,201,176
113,25,13,0,208,165,222,174,112,254
113,26,132,248,196,194,204,96,62,48
113,27,139,206,35,177,51,190,141,130
113,28,173,10,15,178,138,191,92,56
113,29,69,18,54,126,162,1,120,30
113,30,77,66,108,171,32,97,19,123
113,31,15,83,99,54,157,212,95,49
113,32,235,202,121,25,173,58,54,138
113,33,147,72,47,30,81,137,157,64
113,34,226,179,166,182,185,183,235,138
113,35,202,101,194,14,116,93,170,36
113,36,78,188,228,165,1,154,153,22
113,37,156,170,198,103,219,199,29,34
113,38,204,50,55,43,46,243,159,150
113,39,164,21,201,141,148,83,159,45
114,0,27,94,213,44,23,48,35,170
114,1,60,139,176,240,148,24,137,130
114,2,108,113,24,2,129,25,190,243
114,3,106,65,189,149,124,139,110,196
114,4,184,24,185,97,20,150,134,87
114,5,143,215,145,95,162,122,21,180
114,6,12,212,102,211,237,233,26,127
114,7,187,225,185,174,132,175,245,230
114,8,148,53,133,72,23,85,91,241
114,9,99,1,241,207,186,63,243,166
114,10,108,176,217,250,116,78,26,251
114,11,42,97,230,170,239,61,44,135
114,12,137,10,116,196,31,176,201,250
114,13,180,183,208,34,170,145,212,83
114,14,132,73,248,44,54,204,101,84
114,15,139,74,190,3,145,206,90,170
114,16,74,191,195,172,234,126,112,183
114,17,69,8,233,44,244,238,1,58
114,18,77,91,123,176,225,171,241,58
114,19,212,59,115,122,95,88,203,125
114,20,148,53,195,133,72,85,23,161
114,21,99,207,254,81,1,243,214,236
114,22,160,147,217,149,132,126,82,176
114,23,80,230,61,205,32,92,10,63
114,24,137,62,196,70,13,116,247,254
114,25,211,34,112,145,180,165,26,208
114,26,132,73,204,248,54,31,90,189
114,27,139,74,170,206,190,166,235,147
114,28,74,191,158,172,160,183,117,60
114,29,69,44,233,150,1,144,58,192
114,30,176,77,123,175,92,47,225,83
114,31,122,212,180,115,95,238,231,59
114,32,255,33,236,241,204,74,251,117
114,33,192,110,50,33,63,51,220,67
114,34,16,218,150,123,254,108,246,244
114,35,194,53,14,93,180,64,202,36
114,36,78,110,188,154,245,4,80,50
114,37,163,100,103,199,122,1,219,8
114,38,144,103,159,117,204,239,176,175
114,39,42,41,137,227,33,148,245,76
115,0,252,25,42,205,100,39,165,12
115,1,60,28,160,240,154,217,208,119
115,2,108,113,24,2,30,47,203,140
115,3,112,154,163,2,196,149,0,151
115,4,132,189,89,206,233,75,152,36
115,5,77,95,136,153,91,177,58,50
115,6,12,237,102,74,173,33,212,233
115,7,187,185,225,75,203,132,120,174
115,8,148,133,53,145,72,85,63,166
115,9,99,207,243,1,245,204,15,166
115,10,32,108,250,244,233,98,217,110
115,11,170,72,97,230,141,164,50,48
115,12,137,176,10,149,110,32,116,13
115,13,180,13,208,0,165,83,212,98
115,14,132,44,73,248,143,204,22,101
115,15,139,3,238,190,206,74,145,79
115,16,191,112,183,154,138,186,228,169
115,17,69,8,238,208,1,54,244,46
115,18,77,91,66,176,19,32,171,233
115,19,59,212,54,115,49,161,88,114
115,20,53,148,133,195,23,172,38,50
115,21,99,207,32,214,1,58,204,245
115,22,229,108,244,233,77,98,110,217
115,23,72,170,169,141,10,230,164,50
115,24,137,157,166,50,244,176,116,33
115,25,0,212,13,208,165,222,145,194
115,26,132,143,204,248,189,17,232,194
115,27,139,206,79,51,177,3,14,190
115,28,191,138,37,102,169,183,173,112
115,29,69,162,1,54,78,14,30,213
115,30,77,19,66,91,97,123,176,175
115,31,59,212,83,88,49,3,95,122
115,32,255,235,14,31,47,236,197,202
115,33,247,72,103,47,167,240,81,152
115,34,183,241,246,10,143,11,185,197
115,35,167,202,14,116,129,36,93,101
115,36,78,188,153,251,1,154,10,48
115,37,163,100,103,219,22,199,229,34
115,38,127,7,175,118,159,46,117,189
115,39,40,74,70,163,141,95,254,165
116,0,209,154,213,145,197,23,91,219
116,1,139,216,106,41,6,239,160,60
116,2,113,108,24,111,203,96,99,30
116,3,59,65,189,0,142,147,211,8
116,4,241,131,240,4,230,191,151,10
116,5,213,153,230,103,197,170,59,157
116,6,33,102,74,255,245,70,106,237
116,7,187,61,185,225,174,135,75,132
116,8,148,133,53,85,157,168,59,152
116,9,207,69,99,61,245,204,250,119
116,10,1,132,77,108,250,32,5,251
116,11,170,97,164,174,72,70,50,241
116,12,116,166,3,32,59,110,176,178
116,13,13,222,208,238,145,98,219,130
116,14,132,44,96,18,54,222,72,73
116,15,206,139,3,79,169,238,213,190
116,16,195,186,72,191,154,189,102,138
116,17,8,69,238,208,89,115,1,216
116,18,77,91,171,66,151,232,16,118
116,19,59,212,137,108,54,161,189,171
116,20,133,148,53,107,23,157,59,195
116,21,207,69,99,215,204,214,61,67
116,22,1,233,53,116,216,178,5,108
116,23,170,70,164,107,99,174,97,72
116,24,157,178,50,32,155,16,15,166
116,25,13,222,19,0,28,130,37,208
116,26,96,54,132,196,194,146,222,86
116,27,206,23,3,177,139,116,39,249
116,28,102,138,178,219,195,201,4,173
116,29,69,1,8,162,78,204,177,151
116,30,77,97,91,19,66,151,171,175
116,31,59,88,34,122,95,240,137,70
116,32,255,235,236,197,47,14,7,148
116,33,103,126,81,72,47,67,247,59
116,34,10,183,246,227,11,143,185,18
116,35,167,14,202,116,93,129,36,244
116,36,78,188,2,153,48,154,10,251
116,37,163,103,219,22,199,162,229,124
116,38,127,118,175,12,124,46,212,189
116,39,70,77,116,25,30,34,140,203
117,0,188,172,111,234,236,58,144,92
117,1,198,7,193,43,113,123,33,30
117,2,113,40,111,108,92,180,18,110
117,3,197,22,157,201,196,189,126,154
117,4,152,134,44,175,10,28,189,121
117,5,58,70,84,50,95,0,122,154
117,6,204,30,113,82,210,125,12,237
117,7,175,225,227,5,187,183,228,104
117,8,148,53,85,72,133,195,16,145
117,9,99,1,254,28,186,15,81,243
117,10,217,149,250,245,207,147,233,37
117,11,230,61,63,215,44,10,125,15
117,12,137,21,13,10,50,201,38,186
117,13,180,211,194,170,34,145,248,24
117,14,73,132,17,248,54,204,189,113
117,15,139,141,235,170,190,74,208,50
117,16,126,60,172,230,234,183,191,158
117,17,69,225,233,44,86,22,1,79
117,18,123,176,77,129,58,32,206,102
117,19,122,99,248,115,212,1,203,125
117,20,195,72,172,148,53,133,145,85
117,21,32,99,243,214,58,81,1,204
117,22,217,149,126,245,135,147,233,166
117,23,230,61,63,37,215,226,99,44
117,24,137,55,50,158,4,21,88,13
117,25,211,0,194,180,174,84,34,212
117,26,132,73,204,17,248,21,189,31
117,27,139,170,14,12,18,55,235,74
117,28,234,183,117,126,230,254,160,219
117,29,69,225,44,233,1,54,19,9
117,30,176,77,175,225,123,83,116,151
117,31,49,122,115,95,157,212,114,59
117,32,255,57,12,146,92,236,109,73
117,33,61,162,47,110,189,72,196,146
117,34,121,13,143,246,249,191,166,90
117,35,14,194,202,93,53,129,196,13
117,36,78,92,188,154,153,4,1,50
117,37,163,122,208,170,199,103,113,132
117,38,243,239,87,46,175,135,118,127
117,39,129,224,75,70,8,32,140,235
118,0,51,49,153,22,85,247,128,170
118,1,40,96,87,64,169,223,13,5
118,2,16,129,178,40,252,108,35,18
118,3,109,98,97,4,160,238,27,255
118,4,14,167,240,152,181,134,67,170
118,5,67,58,235,84,70,111,0,50
118,6,82,125,237,204,215,129,74,212
118,7,44,176,187,185,225,104,174,24
118,8,33,148,53,85,133,195,145,59
118,9,132,99,207,15,143,254,229,199
118,10,248,250,216,132,137,26,207,95
118,11,36,174,20,215,97,170,158,201
118,12,242,160,116,21,3,178,176,55
118,13,33,37,145,183,238,208,201,211
118,14,132,147,73,248,204,54,31,55
118,15,139,177,206,3,166,74,34,170
118,16,156,151,183,191,169,100,158,49
118,17,69,110,216,44,233,8,1,238
118,18,77,128,97,171,112,176,91,123
118,19,122,12,59,212,207,115,125,248
118,20,53,195,33,148,133,72,246,174
118,21,132,99,214,207,243,119,204,67
118,22,93,166,248,28,245,124,11,43
118,23,36,136,61,63,230,19,252,215
118,24,242,137,51,102,4,201,148,87
118,25,104,37,33,165,254,174,145,84
118,26,132,31,204,147,73,248,232,62
118,27,139,170,97,190,74,55,206,19
118,28,156,151,191,63,158,183,117,100
118,29,69,110,44,1,233,227,204,244
118,30,176,128,77,123,175,112,47,171
118,31,12,212,122,95,115,50,25,59
118,32,255,238,158,113,236,219,10,231
118,33,73,41,50,67,72,64,137,110
118,34,97,161,34,108,218,254,159,177
118,35,14,194,93,53,68,196,44,202
118,36,78,188,154,50,4,181,153,128
118,37,163,219,103,199,52,137,22,115
118,38,239,175,46,159,127,117,189,118
118,39,140,113,230,25,70,103,115,235
119,0,144,188,172,92,111,234,232,4
119,1,173,98,198,193,149,89,189,14
119,2,16,76,129,61,92,150,108,178
119,3,109,22,201,149,4,255,69,167
119,4,203,152,134,28,94,121,175,6
119,5,111,58,154,95,50,80,70,76
119,6,7,30,212,82,125,113,54,210
119,7,175,227,5,245,3,187,104,225
119,8,53,148,133,145,85,72,23,16
119,9,99,1,254,186,207,233,81,28
119,10,217,149,250,108,245,207,233,147
119,11,230,136,61,44,10,237,15,32
119,12,137,21,242,10,201,50,115,38
119,13,180,194,170,174,34,212,248,21
119,14,132,73,171,248,189,17,204,54
119,15,139,74,170,97,190,235,238,208
119,16,88,172,234,191,230,37,183,166
119,17,69,233,44,119,58,144,37,1
119,18,123,32,77,176,195,99,129,182
119,19,249,115,60,239,122,48,99,25
119,20,195,53,72,148,133,172,50,145
119,21,99,32,81,254,243,214,58,68
119,22,135,147,217,233,149,245,108,77
119,23,136,230,37,63,61,32,15,44
119,24,242,115,50,21,137,102,158,166
119,25,0,145,19,183,174,194,165,212
119,26,132,171,73,204,17,248,203,196
119,27,139,12,170,74,206,55,28,177
119,28,219,193,102,183,56,82,230,162
119,29,69,119,19,88,1,54,94,61
119,30,77,162,151,91,66,116,225,19
119,31,249,157,59,34,88,49,85,83
119,32,92,146,12,255,179,14,140,125
119,33,47,104,250,162,81,56,181,61
119,34,121,44,143,18,246,109,195,10
119,35,44,202,129,167,210,148,190,74
119,36,78,188,92,39,115,153,147,227
119,37,103,163,22,208,199,196,162,27
119,38,243,127,118,87,119,46,215,251
119,39,77,70,99,224,44,116,122,30
120,0,211,62,124,174,138,231,178,20
120,1,40,193,49,153,80,60,48,121
120,2,207,129,178,56,252,245,229,113
120,3,109,22,247,167,166,148,65,227
120,4,152,148,134,221,44,0,43,38
120,5,81,58,111,153,9,50,134,80
120,6,54,39,125,237,57,204,82,26
120,7,187,185,223,225,227,183,245,174
120,8,148,53,133,85,50,145,72,195
120,9,99,207,1,243,81,186,254,86
120,10,250,19,242,132,251,216,108,50
120,11,220,97,170,173,85,158,222,50
120,12,116,242,137,10,176,21,186,250
120,13,13,145,208,199,183,174,170,180
120,14,132,44,204,73,248,54,96,22
120,15,139,3,206,177,74,190,238,170
120,16,191,193,183,195,112,100,158,172
120,17,69,8,164,21,1,208,72,58
120,18,77,91,151,250,171,123,19,99
120,19,59,115,212,238,85,249,122,88
120,20,148,53,133,195,161,85,23,121
120,21,207,99,1,98,67,117,7,252
120,22,216,116,242,19,53,195,1,5
120,23,220,170,201,218,116,174,59,136
120,24,11,128,157,32,3,119,116,178
120,25,19,13,101,97,71,222,208,130
120,26,96,203,132,54,204,91,161,222
120,27,206,3,139,28,39,171,130,169
120,28,193,219,102,196,190,72,195,212
120,29,88,21,61,164,94,1,119,69
120,30,250,77,162,91,64,19,99,232
120,31,59,4,137,135,88,34,43,218
120,32,123,125,76,254,179,140,156,47
120,33,95,234,132,56,143,75,90,162
120,34,44,240,238,20,5,72,10,62
120,35,167,148,190,202,36,2,210,235
120,36,188,115,78,227,39,142,19,67
120,37,103,22,78,101,27,169,199,6
120,38,127,118,119,169,215,251,159,212
120,39,231,117,70,158,75,58,122,248
121,0,123,196,249,229,105,216,7,100
121,1,225,231,150,27,155,106,246,20
121,2,162,249,210,17,38,4,30,103
121,3,152,133,187,84,235,231,37,176
121,4,13,142,167,102,236,108,222,15
121,5,104,235,186,6,193,161,204,153
121,6,167,215,153,52,54,33,245,18
121,7,185,187,29,23,108,36,199,132
121,8,89,234,133,148,53,83,52,212
121,9,29,94,207,99,85,228,164,126
121,10,130,169,248,1,216,132,178,196
121,11,170,189,107,255,174,185,97,241
121,12,63,116,26,15,3,128,193,39
121,13,43,219,29,147,130,208,97,212
121,14,124,44,18,64,54,20,51,132
121,15,139,3,81,206,238,162,177,147
121,16,5,196,32,152,170,191,156,224
121,17,69,8,172,61,250,89,166,216
121,18,77,187,57,179,91,16,50,171
121,19,130,59,205,4,137,183,109,171
121,20,133,234,148,53,33,212,72,180
121,21,29,207,94,99,164,126,61,85
121,22,169,130,116,198,236,113,248,26
121,23,189,107,42,170,36,111,174,20
121,24,63,26,15,74,160,3,116,39
121,25,43,147,33,130,208,98,29,28
121,26,124,96,147,54,86,20,51,132
121,27,139,200,81,206,3,162,169,120
121,28,133,5,72,156,43,196,195,32
121,29,172,69,250,76,1,89,8,61
121,30,179,77,91,187,16,205,64,139
121,31,59,130,109,205,4,137,88,30
121,32,98,99,47,254,247,186,156,236
121,33,126,238,232,183,86,81,143,73
121,34,84,207,96,62,180,10,246,101
121,35,167,202,36,160,212,235,14,57
121,36,188,70,181,78,153,120,10,49
121,37,103,58,22,124,65,31,190,199
121,38,92,148,71,127,118,212,175,12
121,39,189,2,69,70,248,38,213,36
122,0,141,235,221,190,115,125,253,158
122,1,93,244,155,182,197,152,46,21
122,2,10,145,57,17,34,109,103,123
122,3,174,190,187,119,235,118,12,231
122,4,236,142,95,222,102,67,15,163
122,5,90,193,47,43,188,135,88,65
122,6,215,153,60,167,138,54,143,36
122,7,23,29,185,117,64,229,36,199
122,8,116,234,239,180,52,57,4,89
122,9,116,164,191,197,126,94,59,131
122,10,169,198,196,130,36,248,167,125
122,11,189,107,233,161,128,160,111,86
122,12,74,63,93,193,26,128,15,39
122,13,43,147,134,154,32,97,29,74
122,14,51,64,124,52,86,137,47,54
122,15,162,81,147,3,242,206,204,200
122,16,5,32,196,174,170,252,0,150
122,17,89,250,172,87,61,20,69,8
122,18,179,57,187,43,77,50,161,16
122,19,109,116,205,191,183,20,30,4
122,20,234,239,133,207,180,20,179,72
122,21,164,116,191,94,29,207,239,127
122,22,198,169,130,116,247,167,125,113
122,23,189,107,128,111,86,62,206,161
122,24,74,93,15,63,26,220,160,3
122,25,147,134,43,154,32,6,251,130
122,26,51,124,148,52,137,86,20,32
122,27,200,162,81,165,181,58,206,31
122,28,43,133,5,170,150,32,196,182
122,29,87,76,172,250,0,89,20,211
122,30,163,179,16,226,187,201,77,205
122,31,109,116,4,205,30,20,191,12
122,32,119,178,181,223,90,77,134,131
122,33,93,129,83,81,86,183,74,39
122,34,82,1,96,21,141,130,74,132
122,35,167,160,57,36,212,27,84,202
122,36,222,70,129,165,98,248,191,163
122,37,229,24,219,58,212,6,54,119
122,38,64,140,159,117,18,180,62,254
122,39,186,190,237,91,235,22,95,148
123,0,38,54,167,193,44,94,244,112
123,1,46,58,105,122,47,137,249,246
123,2,128,172,121,241,20,104,179,78
123,3,26,230,233,183,119,12,143,117
123,4,145,144,67,81,245,163,179,193
123,5,188,90,145,43,239,109,248,255
123,6,60,215,63,179,143,118,131,173
123,7,176,221,117,22,70,54,106,250
123,8,239,104,116,73,10,237,19,179
123,9,126,116,191,113,171,224,30,56
123,10,115,157,166,27,151,210,104,238
123,11,181,233,133,39,111,47,74,51
123,12,212,62,93,164,44,54,144,34
123,13,6,33,251,44,3,11,206,134
123,14,86,147,52,53,167,57,41,47
123,15,162,46,191,165,147,206,181,120
123,16,170,181,156,0,252,174,43,231
123,17,5,89,20,166,69,8,142,108
123,18,77,226,192,204,91,159,16,197
123,19,109,59,4,205,191,30,122,120
123,20,133,239,148,53,171,72,234,207
123,21,207,116,191,99,251,155,1,120
123,22,236,116,157,161,63,247,8,165
123,23,111,140,39,181,107,189,195,60
123,24,220,93,39,154,116,102,176,191
123,25,6,219,145,93,33,29,208,138
123,26,52,86,167,138,67,54,96,204
123,27,162,206,233,110,100,3,46,139
123,28,43,170,72,20,156,51,47,152
123,29,5,89,158,1,20,8,69,101
123,30,192,77,226,16,91,170,139,128
123,31,30,167,137,124,12,14,120,226
123,32,223,206,178,119,47,181,158,245
123,33,74,83,81,40,93,129,73,190
123,34,186,116,1,141,21,82,34,213
123,35,167,244,214,212,224,202,36,160
123,36,129,70,188,239,153,34,74,10
123,37,58,124,57,105,113,104,147,62
123,38,92,65,159,21,245,148,62,252
123,39,238,95,243,190,38,50,235,223
124,0,140,112,43,238,173,200,67,95
124,1,46,137,47,188,249,181,20,213
124,2,140,186,20,172,138,165,104,160
124,3,117,233,26,230,119,103,89,78
124,4,145,245,193,199,140,248,213,120
124,5,145,90,188,239,43,248,255,106
124,6,118,63,176,96,230,206,89,179
124,7,176,225,142,47,72,230,221,22
124,8,148,239,53,133,106,85,195,72
124,9,99,1,203,126,28,63,113,53
124,10,176,108,115,43,240,116,134,76
124,11,239,42,230,143,254,82,74,214
124,12,137,10,58,116,83,102,201,196
124,13,34,180,83,170,212,183,208,58
124,14,132,73,44,248,204,173,140,54
124,15,139,238,74,90,145,190,235,170
124,16,191,112,172,234,24,74,104,88
124,17,69,152,44,1,210,192,8,244
124,18,77,138,224,91,102,225,64,58
124,19,212,115,95,59,125,203,129,204
124,20,53,148,133,195,23,145,240,85
124,21,99,1,193,207,214,84,176,254
124,22,116,108,148,205,160,147,132,41
124,23,80,230,32,141,253,111,10,146
124,24,137,10,116,176,196,244,91,50
124,25,34,145,5,211,45,183,208,212
124,26,132,204,248,78,73,252,44,194
124,27,139,206,190,134,147,98,145,235
124,28,191,72,74,47,197,228,172,173
124,29,69,158,5,1,60,150,8,204
124,30,77,91,226,192,225,97,64,16
124,31,59,137,248,88,95,212,124,14
124,32,223,47,206,178,158,194,156,255
124,33,81,74,40,190,41,91,177,12
124,34,116,141,1,213,34,246,188,247
124,35,167,202,244,36,224,214,212,39
124,36,188,129,239,70,153,10,74,181
124,37,58,124,104,147,57,103,22,105
124,38,92,148,79,27,212,127,118,94
124,39,243,38,238,242,78,70,2,12
125,0,238,88,189,114,108,173,248,6
125,1,140,192,47,152,70,181,46,33
125,2,8,49,21,177,11,197,160,20
125,3,233,117,106,150,26,38,118,110
125,4,62,193,24,45,235,114,9,171
125,5,230,188,239,220,145,85,109,248
125,6,118,96,89,131,14,179,98,140
125,7,176,72,145,211,112,142,47,110
125,8,239,148,53,106,133,73,179,237
125,9,69,126,99,53,1,113,180,119
125,10,115,215,93,157,183,122,22,240
125,11,181,111,39,51,74,253,239,183
125,12,102,137,62,126,116,154,212,176
125,13,145,251,212,208,45,58,83,118
125,14,132,204,44,248,54,52,73,161
125,15,139,235,147,98,238,190,206,3
125,16,172,191,160,112,72,158,100,200
125,17,69,1,44,8,89,152,220,79
125,18,77,138,91,204,225,176,60,83
125,19,122,212,59,115,88,106,95,197
125,20,195,133,148,72,53,246,245,85
125,21,99,207,1,251,214,7,229,67
125,22,148,116,160,132,156,108,147,205
125,23,80,60,78,111,32,141,107,162
125,24,116,137,176,250,18,163,10,39
125,25,145,45,219,208,130,93,221,212
125,26,204,132,54,248,44,52,214,96
125,27,139,206,147,169,3,177,110,98
125,28,72,20,191,170,47,45,199,228
125,29,69,1,158,89,101,26,5,8
125,30,77,91,192,226,170,221,201,16
125,31,137,59,14,166,30,120,124,167
125,32,223,60,206,178,47,158,42,245
125,33,74,81,40,190,41,83,33,177
125,34,82,116,213,141,34,1,21,49
125,35,167,244,224,214,202,36,212,39
125,36,129,188,239,70,153,24,10,74
125,37,104,58,124,147,57,14,105,103
125,38,92,27,148,79,212,127,94,118
125,39,243,110,38,78,242,12,70,36
126,0,29,86,41,65,62,2,191,231
126,1,245,5,124,193,33,167,191,25
126,2,60,139,193,157,188,58,49,83
126,3,30,177,251,199,58,11,25,197
126,4,149,152,154,121,36,200,134,90
126,5,153,213,170,115,251,2,183,155
126,6,102,14,157,212,100,209,241,74
126,7,185,199,32,255,175,184,187,89
126,8,133,148,220,23,53,157,224,61
126,9,99,207,1,120,98,161,68,61
126,10,17,122,132,117,157,234,178,116
126,11,209,111,17,60,141,14,69,85
126,12,166,116,191,176,193,155,55,56
126,13,219,113,168,28,145,212,111,93
126,14,146,44,167,204,96,52,132,238
126,15,110,116,206,139,3,147,162,169
126,16,185,138,32,45,170,181,119,191
126,17,229,89,8,158,78,69,1,101
126,18,130,77,115,91,16,159,22,119
126,19,30,14,212,59,183,4,122,137
126,20,133,148,157,23,72,224,53,180
126,21,251,151,207,1,99,120,61,229
126,22,17,116,157,156,225,122,234,187
126,23,209,195,141,60,56,247,111,107
126,24,166,191,116,176,15,138,39,155
126,25,155,93,145,113,98,219,111,212
126,26,214,146,52,167,131,204,182,54
126,27,110,116,206,139,204,100,3,169
126,28,138,20,201,72,170,119,188,56
126,29,89,78,158,101,229,1,200,8
126,30,130,237,77,91,226,139,16,192
126,31,14,30,137,59,190,124,33,226
126,32,75,19,47,206,197,14,178,162
126,33,5,103,74,81,18,161,40,59
126,34,227,11,213,141,181,191,18,107
126,35,198,167,244,36,214,202,14,43
126,36,129,48,188,153,74,10,251,24
126,37,124,162,14,58,219,147,113,57
126,38,92,185,79,124,212,127,94,118
126,39,189,77,242,78,70,203,197,213
127,0,199,124,62,231,134,211,50,13
127,1,230,44,235,49,206,120,88,254
127,2,149,253,83,235,130,241,3,71
127,3,213,251,159,199,25,6,197,30
127,4,44,152,154,148,200,121,192,134
127,5,115,153,2,236,251,120,81,170
127,6,161,14,241,79,100,157,209,102
127,7,199,185,14,158,79,187,76,32
127,8,220,133,53,148,207,52,145,224
127,9,207,85,99,98,197,131,61,41
127,10,122,9,157,8,178,234,116,196
127,11,85,209,111,17,59,3,220,98
127,12,191,220,56,116,3,39,193,210
127,13,219,111,113,20,28,199,154,211
127,14,167,146,52,44,18,138,54,96
127,15,162,3,110,206,233,181,71,242
127,16,181,170,32,185,45,190,231,73
127,17,229,8,89,101,78,69,16,158
127,18,77,197,250,16,130,204,22,90
127,19,183,30,137,124,59,4,109,70
127,20,133,35,239,148,4,180,220,164
127,21,151,207,99,251,131,203,61,156
127,22,116,157,9,242,196,234,71,122
127,23,85,111,107,56,220,59,195,247
127,24,220,15,191,3,39,81,56,116
127,25,20,111,29,219,113,112,32,93
127,26,52,86,146,51,138,96,131,18
127,27,162,172,206,3,100,177,110,139
127,28,73,72,47,190,181,170,188,111
127,29,229,89,21,69,158,8,1,132
127,30,197,250,77,16,91,205,201,17
127,31,4,167,151,137,252,59,135,30
127,32,123,19,47,254,247,76,77,215
127,33,95,75,86,56,81,238,205,74
127,34,1,191,252,240,72,173,10,101
127,35,167,202,235,14,36,218,11,191
127,36,188,153,248,10,119,74,142,78
127,37,58,124,22,199,229,103,143,190
127,38,92,212,127,0,118,148,175,95
127,39,189,197,70,248,129,38,182,122
128,0,101,35,197,79,179,48,108,34
128,1,62,97,47,155,75,20,70,146
128,2,149,109,130,43,253,210,90,189
128,3,226,236,26,233,230,211,129,37
128,4,15,200,102,245,241,142,105,144
128,5,90,236,188,220,43,170,69,153
128,6,14,182,157,79,56,156,241,196
128,7,23,199,185,40,14,64,79,204
128,8,35,239,180,52,86,4,212,57
128,9,203,207,180,85,98,131,197,169
128,10,157,196,26,88,178,122,132,11
128,11,42,111,107,98,185,106,17,85
128,12,220,193,116,56,137,3,191,15
128,13,112,29,208,212,219,254,111,145
128,14,132,44,248,204,52,54,73,41
128,15,139,36,190,172,206,162,166,238
128,16,181,191,24,228,45,96,170,195
128,17,69,8,102,5,1,89,166,60
128,18,77,197,170,91,204,22,71,138
128,19,59,212,115,167,205,88,4,109
128,20,133,148,53,35,239,23,195,212
128,21,99,203,1,207,251,180,43,238
128,22,116,236,88,205,157,108,156,132
128,23,39,107,141,42,130,111,60,230
128,24,137,116,220,43,244,176,15,143
128,25,112,145,208,29,165,45,212,166
128,26,132,204,44,248,78,86,54,194
128,27,139,206,172,177,162,120,36,166
128,28,72,96,47,191,197,73,129,228
128,29,69,1,5,89,102,250,8,229
128,30,77,170,91,71,197,16,64,122
128,31,59,95,130,135,137,233,212,240
128,32,98,47,158,99,96,255,247,194
128,33,126,232,81,190,86,238,220,107
128,34,116,252,246,247,1,10,56,207
128,35,167,202,14,36,103,171,220,235
128,36,188,153,70,10,181,78,119,154
128,37,219,103,22,199,124,58,31,143
128,38,92,127,148,212,71,118,175,205
128,39,2,189,248,69,38,70,213,92
129,0,111,144,172,92,188,186,63,121
129,1,198,73,128,242,124,255,211,170
129,2,188,255,92,86,87,150,230,179
129,3,92,30,11,191,177,202,200,255
129,4,8,94,98,152,112,54,71,106
129,5,9,153,170,194,18,81,183,114
129,6,16,52,14,43,55,200,241,182
129,7,185,181,199,158,89,187,5,3
129,8,35,148,53,133,23,85,173,59
129,9,120,178,207,99,156,98,1,85
129,10,116,132,9,26,207,178,196,208
129,11,130,153,98,107,247,27,255,114
129,12,137,116,16,10,176,191,15,134
129,13,212,29,112,145,208,235,219,45
129,14,132,44,204,248,216,57,54,180
129,15,103,139,235,206,238,248,147,190
129,16,228,181,191,24,47,72,100,179
129,17,69,218,8,1,102,89,236,51
129,18,77,91,69,138,176,64,175,225
129,19,233,212,59,115,95,88,122,243
129,20,148,53,133,195,35,23,171,161
129,21,99,1,178,251,254,207,193,67
129,22,116,208,108,156,205,9,132,148
129,23,130,141,153,60,107,230,247,213
129,24,137,116,176,10,143,244,250,48
129,25,145,208,112,45,211,83,165,212
129,26,132,204,216,248,78,44,252,54
129,27,139,103,206,177,36,235,248,215
129,28,228,191,72,197,47,129,185,173
129,29,69,1,102,89,236,218,65,204
129,30,77,91,69,97,6,225,122,175
129,31,233,95,212,59,67,115,88,135
129,32,195,194,47,255,146,236,247,151
129,33,97,37,81,94,72,217,146,82
129,34,54,212,19,187,246,255,10,247
129,35,14,167,36,202,171,129,58,142
129,36,188,153,8,10,78,0,119,154
129,37,219,199,103,22,89,124,238,209
129,38,22,127,175,212,118,198,205,217
129,39,16,23,68,70,145,34,146,241
130,0,136,78,241,56,89,18,68,33
130,1,186,165,6,119,166,237,40,183
130,2,115,56,81,209,124,181,125,5
130,3,50,89,48,114,9,173,65,153
130,4,253,152,98,8,156,123,133,134
130,5,9,174,153,130,68,58,122,159
130,6,102,212,26,194,16,43,12,124
130,7,185,225,175,183,3,104,5,227
130,8,148,157,53,133,85,23,195,145
130,9,1,99,28,166,254,207,186,233
130,10,12,68,108,116,148,126,132,205
130,11,64,130,97,230,239,32,44,60
130,12,137,10,176,250,157,196,161,116
130,13,42,180,212,34,83,208,183,45
130,14,132,204,44,248,73,115,113,253
130,15,139,227,235,190,238,145,74,1
130,16,191,112,172,247,104,24,228,160
130,17,69,185,44,152,192,196,125,1
130,18,77,138,224,102,91,64,152,225
130,19,212,95,115,125,59,204,233,83
130,20,53,148,133,195,240,72,145,23
130,21,99,1,254,193,214,176,84,236
130,22,108,148,68,12,116,205,147,156
130,23,64,230,130,213,32,117,141,253
130,24,137,10,196,13,116,176,195,161
130,25,42,34,211,112,45,180,145,208
130,26,132,204,248,115,78,252,253,166
130,27,139,235,190,206,145,147,134,98
130,28,191,228,197,72,172,183,173,209
130,29,69,185,1,125,204,102,65,44
130,30,77,72,91,225,175,45,152,122
130,31,212,95,115,67,248,233,59,88
130,32,224,255,47,197,236,241,151,31
130,33,63,156,72,81,18,146,217,12
130,34,152,54,246,10,213,188,247,37
130,35,14,202,36,171,167,129,103,58
130,36,188,153,10,239,78,154,24,119
130,37,219,199,103,22,50,124,89,238
130,38,146,127,175,212,118,198,205,211
130,39,85,177,13,70,34,203,116,30
131,0,36,134,62,151,175,211,161,231
131,1,254,165,83,208,195,95,22,33
131,2,115,56,5,201,182,194,3,118
131,3,30,58,101,177,202,148,218,251
131,4,152,253,134,132,133,43,38,121
131,5,9,23,153,213,115,170,0,31
131,6,102,125,43,52,82,212,161,25
131,7,185,187,61,132,183,158,225,3
131,8,148,53,247,85,157,133,220,22
131,9,120,22,99,240,98,68,207,1
131,10,116,12,132,205,9,220,178,34
131,11,54,130,49,98,85,97,101,111
131,12,116,10,137,157,176,15,128,244
131,13,145,42,83,37,219,111,212,208
131,14,132,44,204,248,73,96,173,54
131,15,177,139,206,103,235,240,3,145
131,16,228,191,47,72,26,195,179,24
131,17,69,1,8,102,96,89,218,204
131,18,77,91,69,72,130,138,83,97
131,19,59,212,233,115,95,70,135,88
131,20,148,53,133,157,35,247,161,195
131,21,99,240,22,207,1,229,254,67
131,22,116,205,12,148,220,108,132,9
131,23,54,49,130,111,141,156,107,158
131,24,116,176,10,244,157,137,250,15
131,25,145,208,37,112,42,165,45,211
131,26,132,204,96,78,44,248,67,252
131,27,177,206,139,103,166,248,190,145
131,28,228,197,190,191,72,78,47,129
131,29,1,102,69,89,185,78,204,236
131,30,77,91,97,204,130,72,69,122
131,31,59,233,95,67,135,115,137,88
131,32,162,146,47,76,247,255,236,75
131,33,56,75,95,81,11,139,146,72
131,34,72,246,19,10,247,195,160,165
131,35,202,167,36,171,14,129,194,196
131,36,188,153,10,119,78,154,28,82
131,37,199,103,22,219,124,89,34,185
131,38,127,118,212,175,205,198,230,35
131,39,165,146,70,219,224,253,67,95
132,0,96,136,226,93,80,247,171,102
132,1,254,2,195,83,208,237,183,215
132,2,115,56,2,118,149,137,244,71
132,3,188,221,200,170,148,9,191,95
132,4,123,119,253,105,20,152,8,180
132,5,9,23,153,213,61,194,170,183
132,6,16,125,43,102,55,52,39,212
132,7,185,187,61,225,132,3,89,66
132,8,148,53,35,112,85,133,157,247
132,9,120,99,1,240,233,207,178,206
132,10,116,229,132,205,108,163,208,148
132,11,130,18,54,49,97,98,230,158
132,12,137,10,106,176,116,157,250,201
132,13,34,212,200,83,183,112,208,145
132,14,132,248,204,44,73,173,136,84
132,15,139,190,235,238,103,227,145,74
132,16,191,112,228,24,179,172,104,26
132,17,69,102,44,192,152,1,196,210
132,18,77,138,224,91,225,102,64,241
132,19,212,115,95,59,125,233,127,88
132,20,148,53,133,195,174,240,85,145
132,21,99,1,254,240,193,214,84,178
132,22,108,148,116,205,163,156,41,132
132,23,130,18,49,230,141,32,249,213
132,24,137,10,196,116,176,106,244,48
132,25,112,211,34,145,45,208,5,200
132,26,132,204,248,78,252,115,182,216
132,27,139,166,235,206,190,145,134,98
132,28,191,197,228,72,129,149,183,179
132,29,69,1,102,204,65,236,89,192
132,30,77,91,97,6,175,122,225,45
132,31,233,212,95,248,67,115,59,88
132,32,89,255,194,47,17,236,158,162
132,33,214,94,23,72,81,146,217,220
132,34,54,187,246,19,10,182,247,37
132,35,14,171,202,36,129,167,103,254
132,36,188,153,10,8,253,78,154,0
132,37,199,219,103,22,124,89,164,1
132,38,22,175,127,212,118,136,198,205
132,39,16,70,23,145,146,68,34,25
133,0,136,78,241,56,89,68,18,100
133,1,131,166,186,6,165,35,60,183
133,2,211,2,247,232,246,56,115,177
133,3,9,200,72,223,191,173,188,195
133,4,253,123,133,152,145,2,134,247
133,5,9,174,153,23,0,170,160,122
133,6,129,102,16,212,43,194,25,27
133,7,185,225,159,132,187,104,3,175
133,8,148,53,157,85,133,59,23,112
133,9,1,99,233,28,120,254,166,207
133,10,12,68,108,116,132,205,126,115
133,11,64,130,97,44,230,60,98,32
133,12,137,10,157,176,106,250,116,88
133,13,42,112,211,183,208,212,83,145
133,14,132,204,73,248,44,136,115,84
133,15,139,235,227,190,238,145,1,74
133,16,191,247,112,197,172,104,24,179
133,17,69,185,44,102,192,1,152,125
133,18,77,91,64,138,224,175,44,225
133,19,95,212,115,233,59,125,248,83
133,20,148,53,133,195,240,72,145,157
133,21,99,1,254,193,67,214,176,236
133,22,108,12,148,68,116,172,205,132
133,23,64,213,130,230,117,249,141,253
133,24,137,10,196,116,176,13,195,168
133,25,42,211,112,45,145,208,34,83
133,26,132,204,248,115,252,73,232,166
133,27,139,235,190,145,166,227,206,134
133,28,191,197,228,183,72,129,169,160
133,29,69,185,1,125,102,204,65,44
133,30,77,72,91,175,225,45,152,122
133,31,212,115,95,248,67,59,233,88
133,32,255,224,47,197,236,151,241,31
133,33,63,156,72,81,146,18,217,135
133,34,152,246,54,10,213,37,211,247
133,35,14,171,202,36,129,167,103,142
133,36,188,153,10,78,154,239,24,28
133,37,219,199,22,103,124,50,89,1
133,38,127,118,175,212,146,198,205,211
133,39,85,70,13,177,34,25,30,116
134,0,41,29,36,2,86,136,134,163
134,1,144,32,185,254,14,208,101,193
134,2,139,157,96,182,42,201,77,21
134,3,211,154,201,196,149,69,23,163
134,4,152,239,253,134,121,28,36,175
134,5,67,0,64,222,122,77,58,153
134,6,102,237,125,12,195,212,26,30
134,7,185,161,104,175,187,166,142,213
134,8,53,148,133,23,144,241,233,59
134,9,99,1,160,32,28,211,233,90
134,10,233,109,146,148,116,217,131,132
134,11,37,97,54,141,32,204,41,230
134,12,137,10,166,176,50,250,38,244
134,13,34,0,185,180,208,183,248,145
134,14,44,132,17,73,248,204,115,21
134,15,190,139,12,235,238,177,74,90
134,16,191,112,138,234,154,56,183,82
134,17,4,69,51,8,209,49,162,185
134,18,77,66,144,116,102,91,171,138
134,19,83,48,115,59,67,212,1,248
134,20,148,53,133,47,145,23,172,252
134,21,99,32,1,214,68,160,22,207
134,22,109,116,233,148,12,205,132,40
134,23,37,141,146,230,162,60,248,97
134,24,50,166,137,176,244,10,116,55
134,25,0,208,34,42,145,212,45,165
134,26,132,78,204,248,115,44,26,17
134,27,139,18,79,206,12,178,235,190
134,28,191,234,56,138,72,197,173,59
134,29,4,69,126,185,1,225,204,125
134,30,77,66,143,209,116,151,130,91
134,31,83,157,219,67,195,95,55,99
134,32,26,14,120,92,47,57,255,28
134,33,250,161,133,5,72,81,146,103
134,34,18,109,15,249,152,164,166,246
134,35,8,106,202,36,121,129,254,103
134,36,188,148,55,153,21,48,154,10
134,37,196,219,199,103,214,156,110,22
134,38,52,20,127,198,185,190,118,55
134,39,224,167,77,201,27,185,66,175
135,0,50,211,62,41,138,20,232,72
135,1,44,157,227,80,193,206,198,254
135,2,21,97,96,48,192,142,197,214
135,3,72,100,123,213,154,9,216,45
135,4,221,239,149,253,134,175,152,206
135,5,77,164,58,80,0,9,122,251
135,6,12,102,125,212,26,195,237,249
135,7,175,185,225,183,142,5,104,161
135,8,53,148,133,23,72,85,144,181
135,9,1,99,28,32,22,101,166,243
135,10,109,146,116,148,233,217,205,156
135,11,97,37,230,141,44,32,222,204
135,12,137,10,176,50,250,157,161,38
135,13,34,0,180,185,183,248,174,201
135,14,44,132,73,248,17,115,204,253
135,15,139,235,238,12,190,74,208,82
135,16,191,24,234,112,82,183,197,172
135,17,69,4,49,21,51,44,209,1
135,18,77,66,209,116,144,91,138,123
135,19,212,115,48,59,247,248,95,60
135,20,148,133,53,172,145,195,47,72
135,21,99,32,1,214,68,207,84,134
135,22,148,109,116,12,205,146,233,132
135,23,37,222,32,60,141,10,197,215
135,24,50,137,157,10,116,244,166,158
135,25,0,145,34,101,208,42,211,183
135,26,132,204,17,248,73,115,44,78
135,27,139,12,28,235,206,98,82,145
135,28,191,197,228,72,234,219,59,183
135,29,69,4,204,185,225,19,125,1
135,30,77,143,116,151,66,232,91,64
135,31,157,83,85,59,95,67,135,88
135,32,57,109,104,14,140,47,255,236
135,33,203,198,189,162,143,103,81,146
135,34,109,164,18,121,246,166,152,11
135,35,44,187,129,202,79,171,36,226
135,36,188,153,48,154,78,226,169,10
135,37,196,199,22,103,127,30,219,80
135,38,217,191,198,132,185,222,98,52
135,39,224,167,77,99,219,153,151,235
136,0,116,159,220,69,240,170,211,70
136,1,166,253,230,254,206,69,44,80
136,2,56,142,241,9,152,96,81,200
136,3,9,72,243,100,162,45,22,154
136,4,221,175,253,152,44,134,28,38
136,5,77,58,164,177,122,153,9,60
136,6,12,102,125,43,212,30,26,237
136,7,38,175,185,142,225,104,246,3
136,8,53,148,133,23,72,145,85,59
136,9,1,99,28,254,101,211,68,150
136,10,242,148,116,146,172,12,233,205
136,11,97,220,230,32,37,44,218,134
136,12,137,10,157,196,250,201,116,176
136,13,34,183,0,208,248,170,174,180
136,14,132,44,248,73,115,204,189,84
136,15,139,235,238,190,227,74,12,145
136,16,191,24,197,228,234,25,112,183
136,17,69,21,125,225,51,62,209,185
136,18,77,64,151,91,123,176,225,175
136,19,115,248,85,95,59,125,212,129
136,20,148,53,133,172,72,195,152,145
136,21,99,214,32,254,28,1,84,81
136,22,108,116,12,242,205,233,137,148
136,23,220,174,37,218,44,59,230,224
136,24,50,10,157,137,116,244,11,196
136,25,101,211,0,208,145,183,42,165
136,26,132,96,73,248,44,204,84,194
136,27,28,139,206,3,145,130,169,12
136,28,197,191,228,102,219,72,190,193
136,29,204,21,225,69,1,185,88,125
136,30,77,232,91,64,151,162,225,63
136,31,59,95,85,88,135,18,240,137
136,32,57,123,109,236,47,140,254,179
136,33,203,162,139,198,143,95,189,81
136,34,240,128,10,164,246,67,169,44
136,35,79,202,167,129,148,36,58,235
136,36,188,153,78,134,142,10,154,26
136,37,103,78,199,22,124,101,219,113
136,38,119,251,127,118,198,169,212,102
136,39,122,58,158,129,117,70,165,179
137,0,49,51,22,153,85,247,11,227
137,1,169,223,87,5,177,13,43,232
137,2,164,16,90,200,232,146,169,226
137,3,98,97,146,27,238,160,9,162
137,4,67,14,123,253,167,81,201,181
137,5,67,9,235,23,153,191,252,142
137,6,129,102,43,215,12,125,55,52
137,7,44,176,185,66,108,187,132,225
137,8,33,148,53,247,212,85,59,233
137,9,132,240,22,99,207,1,233,229
137,10,248,116,12,137,132,205,108,26
137,11,36,174,20,49,97,98,54,134
137,12,10,160,157,116,242,137,176,15
137,13,33,29,208,183,145,104,142,37
137,14,132,147,44,248,73,204,228,84
137,15,139,240,235,238,190,74,206,145
137,16,191,156,228,151,24,179,72,78
137,17,69,110,8,1,209,204,217,135
137,18,77,128,112,91,64,138,6,109
137,19,12,115,59,95,120,212,248,129
137,20,148,53,33,133,174,195,152,161
137,21,132,99,1,67,28,240,254,143
137,22,116,108,148,205,248,156,132,12
137,23,36,130,141,10,60,213,49,18
137,24,137,242,10,244,116,176,196,250
137,25,33,104,145,208,34,165,45,21
137,26,132,204,147,248,78,44,73,252
137,27,139,190,235,145,206,97,240,134
137,28,191,156,197,228,72,129,47,183
137,29,69,110,1,204,125,65,102,98
137,30,77,128,91,112,175,225,45,64
137,31,12,95,59,248,115,233,212,67
137,32,238,47,113,255,158,194,236,245
137,33,73,41,72,81,94,146,135,217
137,34,97,246,161,19,54,10,34,247
137,35,171,202,14,167,36,129,103,220
137,36,188,153,10,8,78,154,0,119
137,37,199,219,103,22,124,89,238,52
137,38,127,22,118,212,175,198,205,83
137,39,16,23,70,68,145,146,34,169
138,0,136,78,241,56,18,89,68,153
138,1,189,6,186,173,165,135,98,60
138,2,76,16,108,113,81,246,200,232
138,3,9,72,100,153,158,252,194,173
138,4,253,133,123,67,244,89,184,7
138,5,174,142,9,153,160,0,181,56
138,6,19,102,194,12,212,77,163,27
138,7,225,3,195,136,185,111,183,104
138,8,53,148,157,85,216,133,59,23
138,9,99,1,28,132,166,207,233,211
138,10,68,108,12,116,115,231,148,82
138,11,64,238,130,230,97,253,32,44
138,12,137,10,212,196,157,176,115,250
138,13,42,34,208,212,183,83,238,180
138,14,132,73,248,204,44,115,147,173
138,15,139,190,235,238,74,117,145,170
138,16,191,247,209,112,172,104,183,158
138,17,69,185,192,44,210,217,196,110
138,18,77,64,224,91,225,138,102,123
138,19,212,115,95,59,125,101,204,1
138,20,53,148,133,195,145,240,85,174
138,21,1,99,254,193,176,214,211,43
138,22,108,148,172,68,132,12,147,217
138,23,64,117,205,10,140,44,80,32
138,24,137,10,196,127,244,13,176,6
138,25,34,45,5,42,145,83,121,21
138,26,132,204,73,115,248,29,163,232
138,27,139,190,235,145,227,238,1,98
138,28,191,197,228,160,67,183,209,158
138,29,69,185,125,1,110,204,192,209
138,30,77,72,225,91,152,112,175,45
138,31,95,115,212,59,248,88,67,122
138,32,224,255,197,47,236,31,238,241
138,33,63,72,156,81,146,18,217,192
138,34,152,246,54,213,10,244,211,37
138,35,171,14,36,202,129,167,142,194
138,36,188,153,10,154,239,78,24,50
138,37,219,199,22,103,124,50,238,89
138,38,127,118,212,146,198,175,205,211
138,39,85,70,177,34,13,203,30,116
139,0,211,36,62,134,231,70,124,151
139,1,193,254,100,145,101,180,14,245
139,2,76,216,3,182,115,42,157,166
139,3,243,69,149,197,196,201,167,126
139,4,175,152,253,134,28,90,121,203
139,5,60,164,58,251,77,0,128,22
139,6,12,102,168,125,30,210,237,212
139,7,246,175,3,185,184,104,183,225
139,8,53,148,133,85,145,16,23,72
139,9,99,1,28,134,68,254,243,130
139,10,116,108,109,146,233,134,148,54
139,11,97,37,141,44,230,32,223,117
139,12,137,10,176,196,50,250,116,244
139,13,0,212,180,83,165,45,145,208
139,14,132,44,204,73,248,115,232,189
139,15,139,12,235,190,238,227,1,145
139,16,191,112,82,183,160,228,104,117
139,17,69,4,1,19,152,196,44,217
139,18,77,209,66,91,152,138,225,144
139,19,212,59,115,95,48,247,101,60
139,20,53,148,133,23,240,47,145,195
139,21,1,99,254,207,193,32,229,211
139,22,109,108,148,233,116,146,12,132
139,23,141,37,10,117,44,60,223,213
139,24,50,10,176,157,116,244,166,137
139,25,0,42,145,208,212,5,83,192
139,26,132,204,171,248,115,73,182,232
139,27,139,1,12,206,227,145,235,134
139,28,56,191,197,234,228,59,129,72
139,29,4,125,69,1,185,126,19,119
139,30,77,151,143,209,66,91,225,152
139,31,83,157,85,95,249,59,88,115
139,32,109,144,14,92,47,26,255,236
139,33,102,185,68,250,72,81,146,61
139,34,18,249,246,121,152,109,11,195
139,35,44,14,129,171,202,103,142,36
139,36,188,26,79,153,37,10,78,154
139,37,196,199,219,103,22,30,162,214
139,38,132,87,217,118,127,185,198,175
139,39,99,77,44,251,70,151,66,224
140,0,174,159,116,211,13,62,70,69
140,1,12,222,80,193,247,141,162,30
140,2,166,240,132,105,250,81,74,124
140,3,164,149,69,196,85,126,45,22
140,4,221,175,134,253,28,148,140,90
140,5,60,58,77,251,164,50,9,0
140,6,12,210,30,125,43,249,102,212
140,7,3,175,185,246,38,142,184,104
140,8,148,53,133,145,72,23,240,121
140,9,99,1,254,68,28,211,130,233
140,10,108,242,116,146,148,217,172,156
140,11,97,230,37,44,141,220,32,117
140,12,137,10,157,176,250,196,115,116
140,13,180,83,0,192,34,45,21,183
140,14,132,73,44,204,248,115,171,158
140,15,139,235,227,145,238,12,74,1
140,16,191,183,117,104,209,172,25,228
140,17,69,192,44,21,217,1,125,210
140,18,77,151,209,225,111,138,91,176
140,19,115,95,212,85,59,48,101,248
140,20,53,148,133,145,240,195,85,59
140,21,1,99,254,193,32,68,98,67
140,22,148,242,108,172,12,233,132,116
140,23,220,117,136,59,44,10,37,201
140,24,242,50,10,157,116,115,137,11
140,25,101,0,183,145,42,45,19,165
140,26,132,171,204,44,73,96,92,248
140,27,28,139,177,1,12,206,145,227
140,28,193,228,190,219,102,191,72,197
140,29,88,119,21,1,125,69,204,185
140,30,77,232,91,151,162,63,225,50
140,31,95,59,135,249,85,88,115,183
140,32,125,109,179,236,140,254,47,123
140,33,139,104,132,102,189,81,143,11
140,34,44,246,240,128,238,67,10,72
140,35,171,14,202,129,74,148,142,167
140,36,188,153,115,142,10,154,26,78
140,37,199,22,238,103,124,113,219,78
140,38,118,175,119,212,127,243,135,198
140,39,70,231,122,129,182,117,99,165
141,0,27,35,101,166,135,108,213,169
141,1,26,11,139,132,216,34,200,136
141,2,210,164,90,220,232,166,62,146
141,3,211,106,146,37,29,46,226,50
141,4,14,65,240,242,167,118,170,15
141,5,161,10,9,235,186,142,191,181
141,6,54,215,167,255,125,43,12,52
141,7,2,199,185,187,92,3,204,108
141,8,148,89,35,180,53,212,59,4
141,9,241,180,94,99,207,98,169,1
141,10,116,137,49,88,26,130,248,12
141,11,20,174,39,238,98,97,136,107
141,12,160,157,116,242,10,137,15,176
141,13,178,29,222,21,192,112,212,37
141,14,44,132,171,204,248,88,228,96
141,15,206,3,36,139,177,238,235,169
141,16,96,228,47,72,191,45,219,100
141,17,94,69,8,89,119,220,1,209
141,18,77,148,170,91,17,138,144,209
141,19,130,59,212,249,115,132,137,88
141,20,133,148,53,171,23,233,195,161
141,21,180,241,99,1,207,251,229,48
141,22,116,88,156,148,132,205,108,26
141,23,20,141,39,60,56,98,183,54
141,24,176,67,116,244,160,250,48,143
141,25,178,145,208,165,45,93,83,212
141,26,204,44,132,78,182,146,248,231
141,27,139,206,1,36,177,169,215,190
141,28,96,191,72,73,117,228,129,197
141,29,94,1,69,119,98,89,60,204
141,30,77,148,170,91,85,225,152,122
141,31,130,95,212,59,88,115,196,67
141,32,158,99,254,255,47,60,236,238
141,33,33,41,190,232,81,220,166,146
141,34,161,82,97,246,10,34,244,37
141,35,14,171,24,36,202,142,129,103
141,36,188,207,153,60,10,154,78,50
141,37,104,199,22,124,103,219,238,89
141,38,135,175,118,212,127,71,198,27
141,39,243,110,70,12,69,96,78,182
142,0,62,211,70,138,139,124,192,47
142,1,32,193,185,144,153,191,75,97
142,2,188,166,216,76,193,250,42,3
142,3,243,149,197,69,22,201,56,126
142,4,175,152,134,203,28,90,38,189
142,5,58,60,251,77,164,0,50,222
142,6,12,210,30,212,125,102,237,51
142,7,175,185,3,246,38,245,184,227
142,8,53,148,72,85,23,133,22,59
142,9,99,1,254,20,211,28,186,134
142,10,146,148,242,172,233,116,108,217
142,11,97,37,44,141,230,248,117,63
142,12,137,10,119,176,116,250,50,115
142,13,45,212,178,0,83,183,145,34
142,14,204,44,132,115,248,253,73,171
142,15,235,12,227,139,1,190,147,145
142,16,191,117,72,183,112,82,197,209
142,17,94,69,1,217,44,192,196,62
142,18,77,91,151,176,225,138,116,175
142,19,212,115,95,59,88,48,85,122
142,20,148,53,133,195,240,23,85,72
142,21,1,254,99,193,32,211,229,84
142,22,148,132,116,156,253,242,146,233
142,23,141,37,63,60,117,59,44,218
142,24,119,50,116,115,176,55,10,157
142,25,178,0,45,145,83,183,212,192
142,26,204,132,171,44,40,21,115,182
142,27,12,1,28,169,227,139,235,206
142,28,219,72,193,190,191,228,117,82
142,29,94,1,88,119,21,89,62,19
142,30,91,225,162,77,63,50,116,66
142,31,59,132,249,212,88,34,85,157
142,32,123,47,109,125,140,151,179,236
142,33,139,68,61,102,203,133,132,47
142,34,121,44,240,238,72,10,195,246
142,35,14,24,129,8,148,36,74,190
142,36,188,26,39,115,142,153,227,158
142,37,100,78,22,124,238,199,27,101
142,38,175,119,169,118,212,251,127,18
142,39,40,158,122,70,129,139,163,169
143,0,117,185,226,68,11,128,171,243
143,1,133,13,169,66,202,81,232,123
143,2,232,169,107,122,130,164,208,200
143,3,100,221,200,72,201,126,166,92
143,4,8,152,139,55,228,89,182,123
143,5,223,153,61,0,58,202,146,50
143,6,3,114,125,51,102,12,62,212
143,7,185,85,131,2,19,92,175,199
143,8,148,53,23,16,85,133,59,86
143,9,206,19,1,99,254,207,229,156
143,10,163,253,26,59,34,132,116,137
143,11,18,142,174,248,97,116,141,60
143,12,119,67,160,116,176,55,106,203
143,13,178,200,239,100,45,212,145,222
143,14,204,44,38,146,242,96,21,40
143,15,103,12,155,241,169,190,3,110
143,16,96,232,149,72,228,185,73,119
143,17,94,155,89,1,88,167,229,8
143,18,6,91,220,148,22,77,63,188
143,19,212,59,88,132,233,11,243,118
143,20,148,133,53,23,68,112,240,161
143,21,1,206,251,229,19,99,178,207
143,22,59,163,253,156,225,116,34,132
143,23,141,142,18,60,174,248,99,191
143,24,67,116,176,163,48,106,119,230
143,25,178,200,98,100,111,145,113,93
143,26,38,204,146,194,40,44,78,182
143,27,103,241,155,206,110,169,80,215
143,28,232,149,72,73,185,122,78,228
143,29,89,155,1,102,137,198,157,251
143,30,6,91,139,77,85,220,122,181
143,31,132,233,14,212,59,241,143,33
143,32,175,37,17,151,47,15,199,89
143,33,23,214,117,81,94,166,72,142
143,34,58,182,181,12,187,110,28,105
143,35,7,24,36,14,71,167,202,89
143,36,245,188,10,153,8,60,50,253
143,37,164,89,124,80,84,219,74,123
143,38,136,175,212,177,31,112,37,77
143,39,16,146,23,37,223,100,22,67
144,0,122,254,191,81,208,222,139,19
144,1,51,153,149,9,193,48,89,190
144,2,47,223,185,184,216,232,123,211
144,3,100,243,154,196,56,167,126,72
144,4,175,233,90,189,160,134,178,140
144,5,223,153,77,58,50,251,14,252
144,6,12,243,102,114,212,26,238,237
144,7,38,175,185,24,227,104,184,225
144,8,148,133,53,23,16,59,63,72
144,9,1,99,251,207,61,229,161,243
144,10,59,132,225,156,146,20,26,116
144,11,201,141,37,60,71,70,44,56
144,12,163,176,137,116,143,145,48,119
144,13,212,19,45,93,145,126,178,0
144,14,204,44,132,96,146,64,54,231
144,15,12,3,147,95,139,79,238,169
144,16,53,219,72,102,112,232,191,122
144,17,89,1,62,8,225,69,214,152
144,18,77,91,229,138,66,16,175,119
144,19,212,47,59,48,115,132,88,211
144,20,148,133,53,23,240,50,195,152
144,21,1,251,207,229,99,154,67,211
144,22,59,116,225,156,26,20,132,154
144,23,141,71,60,201,37,70,164,174
144,24,116,7,176,84,56,32,119,55
144,25,98,145,178,0,93,76,97,212
144,26,204,96,44,214,194,18,240,132
144,27,12,169,95,3,57,206,80,139
144,28,193,72,196,219,53,32,232,224
144,29,94,62,61,89,88,1,119,21
144,30,91,232,77,162,17,229,205,155
144,31,4,205,135,47,59,249,183,88
144,32,144,125,254,151,47,186,161,104
144,33,47,132,238,143,84,166,90,81
144,34,103,128,20,44,240,166,67,96
144,35,24,14,36,9,74,167,148,190
144,36,115,188,19,39,93,245,153,142
144,37,100,169,101,124,80,89,16,74
144,38,61,175,169,212,21,16,191,143
144,39,163,40,219,139,112,109,249,128
145,0,196,229,249,105,118,101,179,9
145,1,231,150,225,27,155,20,106,11
145,2,103,162,34,4,210,17,163,164
145,3,133,152,235,187,231,84,31,78
145,4,13,142,241,236,102,108,222,230
145,5,186,104,193,9,161,99,41,181
145,6,167,51,153,54,12,125,43,62
145,7,29,185,23,199,187,216,108,3
145,8,89,234,148,53,180,133,57,83
145,9,29,94,99,164,207,228,1,229
145,10,130,169,116,132,137,248,12,26
145,11,189,136,174,97,107,98,161,134
145,12,63,10,26,15,116,160,242,137
145,13,43,208,147,83,97,174,29,212
145,14,44,132,20,124,248,204,88,51
145,15,139,238,81,177,235,190,147,206
145,16,191,5,196,228,24,202,72,195
145,17,69,250,8,172,119,61,1,89
145,18,77,187,57,179,91,50,138,0
145,19,130,205,59,115,4,109,212,191
145,20,234,53,148,212,133,195,52,180
145,21,29,99,94,207,164,22,28,1
145,22,169,130,116,198,113,132,236,137
145,23,189,174,42,107,161,136,98,111
145,24,160,63,26,15,74,116,242,128
145,25,43,147,97,145,160,222,208,37
145,26,20,132,124,51,44,96,248,204
145,27,81,206,3,162,200,169,139,177
145,28,5,196,133,72,195,32,191,24
145,29,172,250,76,119,1,61,204,69
145,30,77,179,187,205,91,64,16,17
145,31,205,4,59,109,130,95,88,135
145,32,98,186,99,47,236,254,247,255
145,33,126,238,86,183,143,232,73,215
145,34,84,96,207,180,10,246,101,62
145,35,160,202,153,235,36,167,57,220
145,36,188,70,181,78,153,120,10,119
145,37,31,124,22,190,58,103,65,199
145,38,212,71,148,118,92,127,175,95
145,39,2,69,189,70,38,213,217,182
146,0,141,235,190,221,115,47,125,253
146,1,93,244,155,182,197,68,46,152
146,2,145,103,57,10,34,123,100,93
146,3,187,235,133,231,12,244,130,162
146,4,142,236,222,95,87,102,91,211
146,5,193,90,47,41,186,188,135,43
146,6,153,167,54,215,60,43,52,173
146,7,23,29,185,199,117,64,78,14
146,8,234,116,180,239,57,52,89,99
146,9,116,164,191,94,131,85,197,41
146,10,130,169,198,196,36,125,132,248
146,11,189,161,128,107,98,86,233,206
146,12,26,63,74,93,160,15,128,134
146,13,43,147,219,154,222,97,134,212
146,14,44,20,124,51,64,167,137,18
146,15,81,162,147,200,242,3,206,238
146,16,5,196,32,170,133,252,47,250
146,17,89,250,8,172,69,61,76,87
146,18,57,77,179,187,50,43,204,16
146,19,116,109,191,205,130,183,20,59
146,20,234,239,133,23,207,180,72,99
146,21,164,29,207,94,116,191,131,127
146,22,130,116,169,198,196,113,234,247
146,23,189,161,174,128,107,111,56,206
146,24,26,63,160,74,15,93,32,229
146,25,147,43,134,93,160,97,107,92
146,26,20,51,124,148,32,137,214,86
146,27,200,81,162,147,181,58,165,232
146,28,43,5,133,196,170,32,72,7
146,29,87,172,250,76,89,0,61,211
146,30,179,163,187,205,16,226,43,201
146,31,116,109,4,205,30,39,12,20
146,32,119,178,181,223,90,134,77,131
146,33,93,129,83,86,210,183,238,92
146,34,82,132,1,96,74,207,21,26
146,35,27,160,57,84,72,42,167,108
146,36,222,192,70,20,83,120,101,128
146,37,229,39,88,24,2,19,80,34
146,38,64,151,134,202,36,18,249,254
146,39,190,186,154,11,95,234,235,133
147,0,38,54,167,193,44,94,244,112
147,1,46,58,105,122,47,137,249,20
147,2,128,140,186,145,53,85,82,172
147,3,26,230,233,117,103,143,78,118
147,4,81,144,245,145,213,67,91,45
147,5,90,188,43,193,248,109,224,47
147,6,60,215,153,173,206,68,143,121
147,7,176,117,54,207,70,22,221,23
147,8,116,239,104,73,52,179,234,180
147,9,126,113,171,191,116,30,197,224
147,10,115,157,238,36,212,151,196,248
147,11,233,181,133,140,39,86,111,47
147,12,44,93,74,54,62,212,164,85
147,13,6,134,251,33,147,206,61,107
147,14,86,147,51,47,167,52,32,57
147,15,162,181,200,148,191,46,147,168
147,16,170,133,43,156,231,134,0,220
147,17,5,89,76,20,166,172,87,69
147,18,179,77,204,226,187,192,159,124
147,19,109,205,191,4,30,183,120,19
147,20,234,239,133,148,207,15,179,180
147,21,207,191,116,164,126,94,155,130
147,22,236,157,234,247,161,116,198,125
147,23,189,140,111,39,86,181,128,206
147,24,93,220,74,39,44,15,63,54
147,25,6,93,134,219,154,14,147,138
147,26,52,51,86,148,167,124,204,214
147,27,162,200,181,81,147,58,206,165
147,28,43,133,170,72,5,51,156,24
147,29,89,5,76,172,158,1,20,250
147,30,226,16,179,192,187,139,91,77
147,31,30,109,12,167,59,226,116,39
147,32,223,178,119,47,181,206,90,159
147,33,83,93,74,129,40,73,81,183
147,34,186,21,1,116,82,141,96,207
147,35,167,160,36,244,214,57,212,202
147,36,70,129,74,153,188,120,248,181
147,37,58,145,124,229,190,62,147,34
147,38,252,92,245,49,212,21,82,159
147,39,238,95,235,186,50,189,56,38
148,0,140,112,43,238,173,200,67,95
148,1,46,47,137,188,249,181,20,156
148,2,140,186,82,165,172,20,85,138
148,3,117,233,26,103,230,119,78,89
148,4,245,145,193,213,199,120,144,249
148,5,145,90,188,106,248,230,255,85
148,6,118,206,230,96,254,21,176,89
148,7,142,225,175,176,72,5,230,106
148,8,148,53,23,85,239,72,133,195
148,9,99,1,203,126,28,254,127,166
148,10,108,115,176,23,250,240,43,217
148,11,230,42,181,187,239,58,143,32
148,12,137,10,196,21,195,201,83,58
148,13,34,180,170,183,58,83,208,201
148,14,132,73,248,173,204,44,115,253
148,15,139,74,190,238,90,170,208,235
148,16,191,112,74,234,172,24,183,166
148,17,69,210,44,152,233,192,58,235
148,18,77,102,224,64,225,94,58,123
148,19,212,115,129,95,133,1,190,180
148,20,148,53,195,85,133,72,145,240
148,21,1,99,214,233,176,243,81,193
148,22,108,147,149,190,160,176,148,132
148,23,80,230,32,105,179,61,33,44
148,24,137,10,21,254,13,196,161,176
148,25,34,170,248,58,145,45,121,212
148,26,132,17,204,253,164,248,130,189
148,27,139,170,190,98,74,235,147,124
148,28,191,74,172,112,197,104,183,72
148,29,69,150,44,233,152,192,1,158
148,30,77,138,92,225,175,176,195,83
148,31,212,122,95,133,180,115,59,88
148,32,255,236,33,241,223,47,104,31
148,33,192,110,74,50,51,4,174,72
148,34,16,246,10,116,123,218,254,211
148,35,14,235,53,167,202,194,36,220
148,36,188,78,110,153,70,154,244,245
148,37,103,58,199,22,124,163,238,147
148,38,92,148,118,212,127,79,71,12
148,39,38,70,243,78,2,242,69,189
149,0,238,88,189,114,108,173,248,6
149,1,47,192,140,152,181,70,46,249
149,2,197,62,8,82,165,21,160,186
149,3,117,233,106,150,118,103,29,110
149,4,62,193,45,9,114,235,27,171
149,5,230,239,248,188,87,145,85,189
149,6,118,96,131,89,119,217,179,208
149,7,176,145,112,142,238,72,157,55
149,8,239,148,104,73,53,19,187,179
149,9,53,126,113,69,99,30,1,119
149,10,215,115,93,183,157,122,227,22
149,11,181,51,39,28,111,253,41,183
149,12,102,62,137,212,126,154,88,174
149,13,251,5,6,168,208,145,212,34
149,14,132,204,44,248,73,52,173,54
149,15,139,190,235,74,147,238,136,228
149,16,191,172,112,24,195,170,104,181
149,17,69,1,44,8,152,210,89,209
149,18,77,138,91,22,204,225,32,64
149,19,212,115,59,88,122,117,95,1
149,20,148,195,133,53,85,72,23,240
149,21,1,99,251,207,229,43,28,7
149,22,148,116,132,156,160,147,236,205
149,23,80,60,32,10,141,98,44,140
149,24,116,176,199,163,71,10,161,137
149,25,145,219,45,208,34,93,83,239
149,26,204,44,96,132,231,214,248,154
149,27,139,98,147,169,3,206,110,101
149,28,72,47,26,24,20,73,172,191
149,29,1,158,5,89,26,69,101,8
149,30,77,91,226,192,16,139,170,17
149,31,59,166,167,120,137,88,122,30
149,32,223,178,47,60,206,255,158,42
149,33,74,81,40,190,41,83,93,65
149,34,116,82,34,1,21,141,213,173
149,35,167,244,214,224,36,202,212,89
149,36,129,70,153,188,239,74,181,10
149,37,104,58,124,145,147,22,57,103
149,38,92,148,27,212,118,127,79,71
149,39,110,243,38,70,78,69,242,12
150,0,233,127,40,157,46,147,236,102
150,1,124,98,77,128,90,242,33,191
150,2,60,255,188,179,49,80,108,79
150,3,30,117,177,202,236,95,150,68
150,4,122,154,88,172,54,200,165,98
150,5,31,151,11,147,153,251,44,188
150,6,14,157,79,183,156,208,68,42
150,7,101,199,79,7,76,158,185,32
150,8,107,52,207,164,220,116,86,56
150,9,156,217,98,197,207,151,227,84
150,10,63,157,122,222,62,72,171,196
150,11,111,27,47,195,181,247,236,66
150,12,138,191,43,39,155,220,193,56
150,13,168,113,6,154,28,219,142,18
150,14,52,167,18,93,138,241,75,131
150,15,233,162,110,71,213,181,3,57
150,16,170,231,188,136,0,32,119,181
150,17,88,8,158,115,89,166,132,20
150,18,159,16,77,192,205,22,226,232
150,19,4,51,30,252,39,137,124,183
150,20,107,35,220,207,4,148,164,133
150,21,151,156,217,207,227,178,99,131
150,22,63,157,62,122,116,72,178,114
150,23,27,195,111,247,66,99,47,42
150,24,138,191,39,155,220,15,116,154
150,25,113,168,6,98,138,29,219,208
150,26,52,83,131,96,18,167,138,231
150,27,233,3,110,206,177,57,169,96
150,28,188,119,170,47,136,195,45,95
150,29,115,158,229,89,8,102,1,166
150,30,16,159,197,226,91,192,81,32
150,31,135,71,252,137,218,225,59,211
150,32,116,75,96,201,156,19,47,18
150,33,182,49,74,11,232,81,58,6
150,34,205,9,95,63,180,34,86,101
150,35,202,167,153,79,132,48,2,104
150,36,188,119,8,10,166,153,117,49
150,37,220,124,199,229,145,103,22,175
150,38,123,127,212,118,0,175,92,35
150,39,197,70,23,36,189,72,213,16
151,0,101,249,197,179,79,196,108,242
151,1,62,97,155,70,75,16,47,118
151,2,179,89,109,108,173,43,117,142
151,3,230,26,236,211,37,228,129,233
151,4,102,200,241,142,15,222,105,172
151,5,151,236,44,188,43,90,178,88
151,6,14,157,61,65,79,42,142,52
151,7,23,199,7,79,185,10,192,76
151,8,35,239,164,180,107,86,52,57
151,9,203,98,180,85,156,207,29,197
151,10,63,157,196,72,222,169,122,26
151,11,42,195,111,236,47,170,99,93
151,12,138,56,220,191,193,3,222,26
151,13,29,28,113,168,22,219,138,222
151,14,18,44,93,83,138,52,47,86
151,15,3,120,206,162,177,100,172,139
151,16,96,181,170,231,188,191,32,152
151,17,8,166,132,250,69,104,5,89
151,18,77,197,232,91,170,16,22,205
151,19,59,205,4,109,137,115,171,108
151,20,148,53,133,239,35,212,161,171
151,21,99,207,203,180,178,151,134,29
151,22,236,116,62,157,108,169,205,88
151,23,42,170,39,195,111,189,107,10
151,24,116,222,244,220,138,176,15,10
151,25,208,29,145,165,166,28,112,107
151,26,132,96,86,248,18,51,73,52
151,27,139,206,3,120,162,177,172,249
151,28,96,5,195,191,72,122,32,45
151,29,5,250,1,69,8,229,132,204
151,30,77,197,205,91,170,64,16,179
151,31,59,109,95,130,135,4,205,137
151,32,98,96,186,47,156,236,99,247
151,33,126,238,232,143,183,86,81,190
151,34,84,116,207,180,1,101,246,96
151,35,202,153,167,160,14,103,129,36
151,36,188,70,181,2,10,78,153,166
151,37,103,31,199,58,22,219,190,124
151,38,92,127,148,118,71,212,175,198
151,39,189,2,70,69,38,213,217,78
152,0,62,211,222,70,231,124,224,75
152,1,193,145,100,153,167,245,14,180
152,2,58,188,216,3,60,193,228,187
152,3,197,243,56,69,201,249,16,149
152,4,152,175,134,28,88,121,90,98
152,5,60,164,58,77,251,0,50,122
152,6,168,102,237,12,125,210,212,82
152,7,175,185,246,252,132,187,245,242
152,8,148,53,133,16,85,63,47,59
152,9,1,134,99,28,68,233,130,243
152,10,116,146,109,108,233,132,134,205
152,11,97,141,37,164,230,44,70,223
152,12,137,10,176,50,116,250,244,168
152,13,0,212,165,145,208,83,45,185
152,14,132,44,73,238,204,248,213,115
152,15,139,3,190,238,12,206,169,1
152,16,191,195,37,228,122,45,72,82
152,17,8,69,4,19,204,1,188,244
152,18,77,66,91,232,225,64,143,209
152,19,59,48,95,212,115,247,248,125
152,20,53,148,47,133,145,108,152,161
152,21,99,207,254,134,1,204,32,229
152,22,109,228,116,233,108,205,146,132
152,23,10,70,141,164,37,60,44,99
152,24,116,50,155,10,244,176,178,166
152,25,211,0,208,148,145,166,81,240
152,26,132,213,73,196,238,204,96,248
152,27,206,139,130,3,35,12,1,145
152,28,191,181,102,219,53,56,228,72
152,29,4,204,1,225,132,19,69,126
152,30,77,232,91,90,143,66,209,64
152,31,59,157,95,83,85,199,88,247
152,32,173,109,19,144,92,48,236,156
152,33,102,143,107,68,189,250,61,81
152,34,175,166,143,121,249,109,18,128
152,35,44,202,5,167,94,2,14,129
152,36,188,26,153,79,67,78,10,246
152,37,196,103,22,43,199,219,162,238
152,38,132,87,127,118,217,156,185,242
152,39,99,251,77,70,219,44,30,116
153,0,159,174,13,211,116,62,70,170
153,1,80,222,12,193,247,141,162,30
153,2,166,240,132,105,81,250,242,98
153,3,164,149,85,197,69,109,126,196
153,4,175,221,28,134,148,152,44,90
153,5,58,60,77,251,50,164,0,91
153,6,12,210,102,125,30,212,237,201
153,7,175,38,246,185,3,104,183,5
153,8,148,53,133,63,16,145,121,240
153,9,1,99,134,254,68,207,32,28
153,10,116,146,228,108,242,132,26,156
153,11,97,141,37,164,44,230,70,220
153,12,137,10,50,176,250,116,168,244
153,13,0,211,165,183,180,83,145,45
153,14,132,44,73,204,248,213,238,115
153,15,139,238,3,235,206,190,12,74
153,16,191,158,183,72,228,195,219,24
153,17,69,225,8,21,1,204,217,214
153,18,77,232,91,90,225,176,123,64
153,19,59,95,212,48,115,85,248,125
153,20,53,148,133,152,85,145,57,195
153,21,99,254,1,67,207,214,68,204
153,22,108,242,228,132,116,233,205,148
153,23,174,10,164,70,44,220,218,253
153,24,10,116,137,11,50,244,176,178
153,25,211,208,145,165,183,29,101,0
153,26,132,73,213,96,204,248,18,86
153,27,139,3,206,130,28,1,169,145
153,28,191,181,33,102,116,195,72,237
153,29,204,1,69,225,132,21,62,47
153,30,77,91,90,232,64,188,225,175
153,31,59,95,199,240,88,85,115,248
153,32,48,236,156,109,123,47,46,255
153,33,139,143,107,189,102,95,81,203
153,34,240,175,128,10,246,252,191,195
153,35,167,202,5,94,2,235,85,129
153,36,188,67,246,78,153,152,195,142
153,37,22,103,43,135,199,161,238,60
153,38,127,163,201,118,119,234,30,9
153,39,138,246,1,92,70,215,250,122
154,0,172,111,234,188,144,92,232,63
154,1,198,123,43,66,120,193,141,92
154,2,40,110,150,23,92,164,207,230
154,3,30,116,92,177,95,157,201,251
154,4,152,71,94,228,12,54,112,43
154,5,249,170,194,153,115,0,210,50
154,6,235,204,55,92,61,102,125,12
154,7,40,181,185,199,187,108,132,7
154,8,148,53,164,65,85,212,59,171
154,9,120,207,96,99,61,5,98,85
154,10,218,9,5,178,26,63,132,60
154,11,170,114,130,153,174,203,101,247
154,12,56,160,11,222,137,116,176,244
154,13,116,211,38,29,208,22,145,165
154,14,132,44,204,180,248,73,96,18
154,15,206,139,3,39,248,238,190,36
154,16,191,54,13,181,195,24,33,158
154,17,218,69,8,225,236,238,1,197
154,18,77,232,69,91,225,188,64,16
154,19,59,233,115,108,248,212,95,88
154,20,53,148,65,133,152,57,171,233
154,21,99,207,254,96,204,120,134,178
154,22,108,218,9,5,60,0,132,116
154,23,10,130,153,170,114,247,15,101
154,24,244,222,116,178,176,6,137,10
154,25,211,116,165,208,38,145,166,139
154,26,132,73,204,248,96,21,194,200
154,27,139,206,3,248,1,36,213,145
154,28,191,54,37,231,33,116,72,169
154,29,1,218,204,102,236,69,151,65
154,30,77,69,91,64,175,225,45,97
154,31,59,233,240,95,248,88,28,115
154,32,195,146,194,46,156,47,236,162
154,33,75,97,37,81,217,94,72,189
154,34,212,188,54,19,187,255,206,10
154,35,202,167,196,129,228,14,36,212
154,36,188,234,153,78,0,154,8,10
154,37,103,22,219,199,95,115,238,209
154,38,127,118,22,58,93,46,198,106
154,39,16,70,23,145,36,45,203,68
155,0,191,254,75,148,78,37,120,232
155,1,60,193,48,51,240,108,1,167
155,2,178,56,201,223,170,187,8,12
155,3,154,15,0,196,242,100,112,113
155,4,37,152,160,24,134,132,121,233
155,5,153,60,213,111,71,0,58,19
155,6,204,102,255,74,212,237,33,12
155,7,187,61,225,132,196,185,174,62
155,8,53,148,59,133,213,252,171,85
155,9,245,207,99,204,61,1,243,15
155,10,108,32,77,5,250,235,224,60
155,11,11,170,97,50,188,164,19,230
155,12,137,176,2,166,48,244,222,83
155,13,208,238,254,165,174,112,145,211
155,14,132,204,248,73,72,44,95,203
155,15,3,206,52,139,190,238,151,2
155,16,191,154,33,37,65,173,100,169
155,17,69,8,18,54,238,46,208,1
155,18,77,32,91,171,232,60,144,199
155,19,54,15,212,99,115,59,3,248
155,20,53,148,133,252,59,181,23,41
155,21,99,207,245,204,214,134,252,1
155,22,108,77,53,229,206,28,238,250
155,23,11,170,141,164,99,118,19,72
155,24,164,87,174,244,157,2,137,83
155,25,212,208,27,26,0,20,34,36
155,26,132,110,216,248,62,143,31,123
155,27,206,139,156,238,151,160,70,221
155,28,191,37,65,15,173,92,158,112
155,29,18,69,54,184,126,239,225,165
155,30,77,66,19,208,108,32,1,146
155,31,15,54,99,83,181,176,43,100
155,32,235,121,202,25,115,31,138,228
155,33,147,72,30,47,157,78,135,81
155,34,226,179,185,166,235,182,143,211
155,35,202,101,252,116,194,64,170,69
155,36,188,55,231,148,196,228,4,165
155,37,156,198,170,29,219,34,180,103
155,38,204,50,55,73,43,46,243,150
155,39,164,21,201,45,235,90,148,101
156,0,27,94,213,44,48,23,35,201
156,1,60,139,148,176,137,240,130,160
156,2,108,113,2,129,24,243,203,41
156,3,124,244,65,106,60,162,139,145
156,4,97,184,21,150,69,87,64,24
156,5,143,25,200,162,20,145,215,57
156,6,12,212,139,237,233,102,144,21
156,7,187,225,132,104,3,142,143,72
156,8,53,148,85,133,59,72,91,181
156,9,99,63,1,241,207,254,166,233
156,10,23,108,176,78,116,26,43,250
156,11,42,170,97,230,135,10,254,141
156,12,137,10,116,244,176,196,143,168
156,13,34,183,165,208,238,180,174,50
156,14,132,73,248,44,204,173,101,95
156,15,139,74,0,90,145,170,238,190
156,16,191,74,195,183,33,172,126,202
156,17,69,233,210,244,58,238,8,1
156,18,77,176,58,53,225,91,232,175
156,19,115,59,240,95,190,127,212,88
156,20,53,85,148,184,195,133,72,145
156,21,99,81,254,176,68,231,67,1
156,22,207,160,245,108,149,132,190,7
156,23,80,230,44,10,241,17,32,216
156,24,137,196,10,186,21,222,244,12
156,25,34,165,183,170,208,166,232,83
156,26,132,73,248,136,173,232,157,90
156,27,139,74,170,16,190,145,206,169
156,28,191,74,183,4,116,211,33,37
156,29,69,150,204,222,244,58,1,233
156,30,77,225,175,64,91,123,176,83
156,31,59,95,88,240,115,190,231,25
156,32,33,236,7,255,246,220,156,114
156,33,192,21,146,72,28,81,202,91
156,34,16,246,10,211,2,70,252,177
156,35,235,254,202,129,167,53,194,125
156,36,78,110,188,154,173,242,194,245
156,37,103,238,199,94,22,52,32,68
156,38,103,144,191,73,233,206,204,111
156,39,42,136,227,164,134,118,148,137
157,0,252,25,42,205,12,100,39,165
157,1,60,28,160,240,217,154,35,208
157,2,108,113,24,2,203,129,30,81
157,3,112,154,149,2,0,163,151,126
157,4,132,189,89,206,173,149,4,233
157,5,77,136,95,153,58,91,50,213
157,6,12,204,237,102,144,74,212,18
157,7,187,185,132,159,203,61,183,75
157,8,148,53,133,63,85,59,16,233
157,9,99,204,207,243,1,245,20,15
157,10,108,32,250,233,244,26,217,229
157,11,170,72,97,230,141,48,164,37
157,12,176,137,10,149,110,2,166,244
157,13,185,0,180,208,165,212,13,83
157,14,132,44,73,204,248,143,55,252
157,15,3,206,238,139,190,221,79,134
157,16,191,33,169,37,138,186,195,202
157,17,69,8,238,18,1,54,4,208
157,18,77,66,151,232,91,19,32,171
157,19,59,212,248,115,49,54,203,1
157,20,53,148,133,24,145,181,38,161
157,21,99,207,204,214,1,134,58,245
157,22,108,233,244,229,77,98,28,110
157,23,72,170,10,169,164,141,97,199
157,24,157,244,166,33,178,119,87,48
157,25,208,0,116,222,34,165,212,174
157,26,132,143,73,204,96,123,248,190
157,27,206,139,51,79,3,145,238,74
157,28,37,191,138,116,169,33,4,183
157,29,162,69,1,47,204,54,78,213
157,30,77,19,66,91,175,151,108,123
157,31,59,83,95,88,3,157,248,49
157,32,14,197,235,47,236,3,31,255
157,33,72,103,247,81,167,47,240,152
157,34,183,11,241,246,143,18,10,227
157,35,167,129,202,14,116,36,244,196
157,36,188,78,251,153,154,10,48,129
157,37,103,100,22,219,163,199,238,153
157,38,127,118,198,189,219,124,79,212
157,39,40,70,95,203,238,34,74,219
158,0,209,154,213,197,145,219,23,51
158,1,139,216,239,194,41,6,64,87
158,2,113,111,24,203,108,99,67,50
158,3,59,8,65,142,0,78,189,147
158,4,241,240,131,4,230,191,10,151
158,5,213,197,255,230,103,170,59,235
158,6,204,33,255,18,245,102,154,74
158,7,187,61,225,68,168,132,240,185
158,8,53,148,85,59,157,152,249,10
158,9,69,207,61,204,99,119,141,245
158,10,5,1,77,108,60,26,224,178
158,11,170,97,174,164,72,173,70,252
158,12,222,166,116,178,2,119,110,32
158,13,211,208,222,50,238,165,166,254
158,14,132,44,73,190,204,248,96,146
158,15,3,206,190,139,79,238,151,86
158,16,191,33,154,24,54,100,195,186
158,17,8,238,69,204,244,225,239,1
158,18,77,232,91,73,156,64,175,32
158,19,59,115,181,212,248,95,101,161
158,20,53,148,85,59,24,133,11,156
158,21,99,69,254,81,204,236,224,207
158,22,108,5,132,245,81,207,49,41
158,23,10,145,170,44,230,252,2,50
158,24,137,196,10,244,43,222,106,157
158,25,211,165,34,116,208,183,166,145
158,26,132,73,248,204,96,232,90,115
158,27,139,206,145,74,3,116,187,190
158,28,116,191,183,33,54,138,37,169
158,29,204,69,47,1,222,98,78,151
158,30,77,91,45,175,225,64,176,97
158,31,59,95,240,88,248,115,233,166
158,32,197,236,14,235,47,255,75,194
158,33,103,126,72,81,5,146,177,47
158,34,11,227,246,143,183,10,18,188
158,35,167,202,129,244,14,36,116,196
158,36,188,78,48,153,2,154,251,10
158,37,103,22,219,162,163,199,238,153
158,38,127,118,124,198,79,106,12,185
158,39,77,70,34,116,203,30,13,62
159,0,62,211,124,203,231,144,58,188
159,1,80,163,195,245,193,131,215,141
159,2,111,113,207,180,24,182,108,193
159,3,147,197,189,139,22,201,51,243
159,4,152,44,134,10,175,189,28,148
159,5,60,58,164,50,251,0,145,111
159,6,82,125,237,102,204,212,12,74
159,7,246,185,225,187,183,175,132,104
159,8,148,53,16,85,184,233,133,72
159,9,99,1,254,207,134,81,15,229
159,10,207,108,250,81,132,233,116,7
159,11,97,145,230,59,170,10,44,137
159,12,137,10,116,21,196,176,178,186
159,13,83,183,208,145,185,180,212,165
159,14,132,73,248,204,44,21,84,173
159,15,139,1,145,74,50,206,3,238
159,16,191,230,183,112,169,24,193,195
159,17,69,1,8,210,225,204,244,233
159,18,77,176,250,151,91,225,175,123
159,19,59,60,115,212,95,240,88,190
159,20,53,148,85,159,133,184,41,145
159,21,254,99,81,98,1,207,224,143
159,22,216,207,233,245,132,108,81,5
159,23,10,59,44,145,170,222,15,116
159,24,10,116,128,178,196,157,244,222
159,25,211,19,183,208,0,165,116,166
159,26,132,73,248,204,96,31,115,232
159,27,139,130,1,206,3,145,169,248
159,28,193,230,116,82,191,219,190,183
159,29,88,61,1,225,204,21,98,151
159,30,77,162,91,250,64,225,232,151
159,31,95,59,34,157,88,85,240,3
159,32,146,236,12,179,76,140,57,125
159,33,189,56,162,104,139,198,36,143
159,34,62,44,238,72,52,195,10,246
159,35,235,202,167,148,74,129,190,37
159,36,188,92,78,115,227,147,39,142
159,37,113,78,22,208,103,27,238,199
159,38,135,243,127,118,215,119,251,12
159,39,158,70,44,99,75,231,122,243
160,0,117,226,187,185,128,11,171,96
160,1,13,81,223,66,169,133,43,222
160,2,107,252,169,120,2,200,112,125
160,3,166,170,221,201,28,15,216,89
160,4,8,152,139,105,55,123,119,239
160,5,61,114,146,0,95,142,70,84
160,6,3,16,82,114,125,154,212,204
160,7,187,44,185,225,132,19,174,92
160,8,148,53,35,112,59,85,214,48
160,9,178,19,254,99,206,1,28,207
160,10,163,207,108,81,132,253,26,5
160,11,18,142,97,116,170,145,130,202
160,12,67,178,106,14,10,116,176,222
160,13,200,83,183,212,165,185,238,145
160,14,132,38,73,204,44,248,163,21
160,15,103,1,139,241,50,134,190,238
160,16,191,179,183,209,149,169,195,24
160,17,69,155,65,217,1,233,204,209
160,18,6,77,152,223,225,45,176,91
160,19,233,95,59,66,101,212,248,190
160,20,53,148,112,85,133,195,240,72
160,21,178,254,99,81,19,225,206,1
160,22,163,172,132,108,226,232,253,81
160,23,142,18,10,230,130,223,117,207
160,24,106,14,137,67,196,10,168,178
160,25,200,211,183,148,165,145,166,83
160,26,132,38,73,163,62,248,204,232
160,27,139,103,241,1,50,134,145,190
160,28,179,183,191,209,149,185,122,78
160,29,69,155,65,1,204,98,222,102
160,30,77,6,152,45,223,225,123,91
160,31,95,59,233,240,88,248,212,115
160,32,17,236,89,255,199,7,194,210
160,33,23,214,94,117,51,72,146,206
160,34,58,12,246,10,177,187,54,211
160,35,129,53,67,202,14,194,171,99
160,36,253,188,154,78,10,153,57,28
160,37,103,164,213,22,219,199,62,238
160,38,136,127,239,118,22,73,198,69
160,39,16,70,34,145,30,23,116,203
161,0,70,41,86,223,211,37,75,29
161,1,153,98,193,154,48,119,237,190
161,2,194,5,56,115,13,248,2,143
161,3,167,201,22,247,197,149,243,81
161,4,180,175,152,134,123,189,28,219
161,5,82,164,58,95,222,60,146,42
161,6,12,243,125,152,114,212,120,30
161,7,246,175,225,38,3,132,183,227
161,8,148,53,16,72,23,181,85,133
161,9,99,1,254,28,68,15,20,229
161,10,172,226,108,81,242,134,232,190
161,11,218,117,230,97,201,44,194,202
161,12,137,14,10,250,196,116,176,148
161,13,83,19,183,148,145,185,45,165
161,14,132,73,163,204,115,248,44,158
161,15,28,139,50,1,74,190,227,235
161,16,209,191,183,155,160,1,104,158
161,17,69,42,192,217,225,210,209,244
161,18,223,152,77,123,176,225,241,151
161,19,85,95,101,248,1,212,174,203
161,20,53,148,72,145,195,133,85,240
161,21,254,99,68,243,81,1,225,98
161,22,172,226,242,233,135,78,11,148
161,23,201,117,218,194,37,59,121,44
161,24,10,14,11,131,148,109,196,55
161,25,211,0,148,183,19,34,165,83
161,26,132,73,203,163,204,6,196,115
161,27,28,130,139,1,145,74,187,3
161,28,193,196,219,191,151,102,179,183
161,29,88,61,94,225,21,204,1,69
161,30,232,77,162,64,225,91,63,0
161,31,59,4,95,12,88,85,34,218
161,32,109,123,125,140,3,236,179,161
161,33,132,139,143,95,104,90,162,102
161,34,62,44,20,238,10,240,121,246
161,35,202,148,235,129,74,190,44,36
161,36,188,115,39,227,26,92,142,153
161,37,27,78,22,199,103,169,101,219
161,38,127,118,169,119,251,198,61,202
161,39,231,70,117,122,182,75,158,179
162,0,123,249,105,229,196,7,216,16
162,1,225,231,150,27,20,155,106,93
162,2,17,69,162,210,146,206,30,109
162,3,152,231,133,187,235,84,31,176
162,4,13,142,167,236,222,108,102,15
162,5,104,186,6,204,193,161,235,207
162,6,167,153,215,61,245,93,154,33
162,7,23,29,185,199,108,187,242,216
162,8,89,234,148,53,57,105,59,85
162,9,94,29,228,207,164,99,126,84
162,10,130,248,169,216,1,132,28,133
162,11,170,189,161,248,185,236,20,174
162,12,63,26,222,56,116,160,74,128
162,13,43,97,147,29,33,211,222,50
162,14,20,124,132,44,147,18,86,204
162,15,81,206,139,3,238,200,145,190
162,16,5,196,156,191,151,24,195,100
162,17,172,61,8,110,166,250,69,204
162,18,77,187,57,128,179,232,91,60
162,19,12,59,130,205,115,120,191,4
162,20,148,53,33,234,161,164,239,171
162,21,126,99,94,29,207,164,204,132
162,22,169,248,130,205,116,113,236,83
162,23,36,42,189,170,133,161,10,236
162,24,63,26,116,242,74,160,244,15
162,25,33,104,43,208,147,21,29,145
162,26,132,147,96,86,248,18,124,20
162,27,206,139,3,97,37,120,200,81
162,28,156,5,191,195,72,151,120,43
162,29,204,172,57,1,250,8,151,76
162,30,77,91,205,187,179,64,16,109
162,31,12,59,95,130,109,240,137,205
162,32,98,245,99,96,186,47,236,30
162,33,126,232,81,238,73,86,183,143
162,34,84,207,180,196,246,62,96,10
162,35,202,153,167,103,36,79,171,56
162,36,188,70,10,181,153,78,119,154
162,37,219,103,199,22,58,31,124,190
162,38,92,127,118,148,71,198,230,212
162,39,189,2,38,69,36,213,70,218
163,0,78,29,32,92,62,4,211,163
163,1,144,32,185,153,193,208,243,14
163,2,58,157,228,60,139,188,21,193
163,3,201,249,196,154,22,16,23,251
163,4,152,134,239,36,189,88,157,6
163,5,23,0,153,243,163,58,210,129
163,6,102,212,26,19,27,213,159,91
163,7,109,185,33,214,225,5,168,161
163,8,148,53,47,225,59,93,144,233
163,9,99,1,28,211,143,233,179,134
163,10,109,233,228,116,205,26,146,148
163,11,70,97,230,37,54,133,146,141
163,12,47,166,50,10,244,137,116,176
163,13,21,211,168,86,0,208,238,13
163,14,44,132,238,213,204,96,248,146
163,15,37,130,3,139,35,235,206,213
163,16,191,120,228,197,47,219,100,195
163,17,8,204,60,4,188,169,209,199
163,18,77,232,66,91,90,109,64,104
163,19,59,115,48,95,83,129,126,161
163,20,47,53,148,171,161,233,152,194
163,21,99,134,224,207,204,22,214,7
163,22,116,109,205,228,233,148,146,132
163,23,133,70,164,37,197,230,141,10
163,24,50,242,47,166,87,116,126,244
163,25,21,0,208,240,148,13,153,145
163,26,196,132,213,96,171,238,92,144
163,27,35,139,206,3,97,178,130,112
163,28,53,56,197,120,138,72,191,10
163,29,4,126,204,188,60,165,170,69
163,30,77,66,143,209,18,90,141,232
163,31,83,55,157,37,219,244,67,60
163,32,92,248,173,19,26,120,14,22
163,33,250,176,161,54,133,143,81,103
163,34,249,80,166,15,18,109,211,246
163,35,8,121,106,202,136,176,38,36
163,36,21,148,188,228,17,59,55,153
163,37,214,219,110,196,199,144,62,111
163,38,156,197,20,149,141,198,55,185
163,39,251,224,66,209,83,167,50,142
164,0,136,209,80,52,98,220,240,156
164,1,185,208,32,144,79,197,155,56
164,2,139,21,96,58,176,214,142,157
164,3,211,154,201,69,196,72,112,100
164,4,152,239,134,121,175,36,28,206
164,5,67,77,0,64,23,80,58,222
164,6,102,237,212,26,125,12,168,159
164,7,213,175,161,104,142,185,245,183
164,8,148,53,133,23,59,241,144,72
164,9,99,160,1,32,90,211,68,28
164,10,233,146,109,148,116,217,26,197
164,11,37,97,54,230,141,41,32,211
164,12,10,50,137,166,176,23,219,168
164,13,34,0,13,185,180,145,208,165
164,14,132,44,17,73,248,96,227,204
164,15,190,139,74,235,238,3,12,177
164,16,191,234,112,202,195,131,183,138
164,17,69,51,4,8,210,1,162,209
164,18,77,66,91,232,171,102,64,225
164,19,48,115,59,83,248,67,125,219
164,20,148,53,133,47,172,145,247,252
164,21,99,32,214,160,22,68,207,134
164,22,116,109,233,205,132,108,146,26
164,23,141,230,37,162,164,54,2,97
164,24,50,116,244,166,176,137,10,195
164,25,208,0,34,145,165,183,136,238
164,26,132,96,248,196,73,213,204,227
164,27,139,3,206,79,35,177,12,90
164,28,191,56,138,72,53,102,219,181
164,29,4,204,1,126,69,60,8,9
164,30,77,66,143,90,232,116,64,91
164,31,83,157,59,219,95,135,85,115
164,32,173,19,26,14,245,22,92,120
164,33,250,5,143,161,203,133,182,81
164,34,109,18,15,205,249,164,247,166
164,35,8,202,106,36,167,118,132,5
164,36,148,188,55,153,21,48,59,78
164,37,219,196,156,199,103,176,110,214
164,38,20,185,55,52,242,124,204,127
164,39,167,224,27,201,77,175,166,253
165,0,62,211,50,188,92,144,41,234
165,1,44,157,206,163,80,198,193,21
165,2,21,97,96,192,214,48,215,176
165,3,72,100,123,154,213,111,149,22
165,4,221,239,149,175,152,134,28,6
165,5,77,80,58,164,0,243,153,22
165,6,102,12,212,125,237,26,11,195
165,7,175,185,142,225,161,183,5,104
165,8,148,53,133,72,16,23,181,213
165,9,99,1,32,28,22,101,211,199
165,10,146,233,109,116,148,205,217,156
165,11,97,37,230,141,44,204,222,220
165,12,10,137,50,176,250,166,157,168
165,13,34,0,180,183,185,13,208,165
165,14,132,44,73,248,17,115,204,253
165,15,139,238,74,190,235,12,208,90
165,16,191,234,183,24,112,195,197,169
165,17,69,4,51,8,49,210,21,217
165,18,77,66,232,91,64,209,123,225
165,19,115,59,248,48,212,129,125,95
165,20,148,53,133,47,172,145,152,194
165,21,99,214,32,134,22,207,84,58
165,22,108,205,116,132,146,109,148,207
165,23,10,230,164,70,253,44,218,37
165,24,137,50,10,244,196,116,11,176
165,25,34,0,208,145,101,165,21,183
165,26,132,73,248,213,96,204,227,84
165,27,139,190,206,3,145,28,170,169
165,28,191,181,102,72,195,197,4,228
165,29,204,69,47,62,132,19,1,4
165,30,77,232,90,64,91,66,143,116
165,31,59,85,95,199,157,83,135,88
165,32,245,109,173,48,22,236,156,47
165,33,198,143,107,203,189,81,103,161
165,34,175,109,252,164,220,67,166,56
165,35,44,94,167,5,202,2,235,129
165,36,188,246,78,152,67,48,153,248
165,37,103,135,196,43,22,60,161,199
165,38,217,127,242,118,132,254,185,198
165,39,224,99,70,219,77,167,6,10
166,0,116,159,69,220,170,239,240,198
166,1,166,253,230,206,69,44,183,80
166,2,56,142,1,241,152,200,9,176
166,3,9,72,162,243,197,100,138,45
166,4,221,175,152,28,134,44,6,38
166,5,77,58,164,153,80,243,0,177
166,6,12,102,212,125,26,237,152,213
166,7,38,185,246,142,225,214,175,5
166,8,53,148,59,93,133,72,213,63
166,9,99,1,28,211,101,254,134,179
166,10,242,116,146,205,233,148,172,137
166,11,97,220,230,70,37,174,44,141
166,12,10,137,157,50,116,250,160,201
166,13,21,183,208,211,0,34,165,83
166,14,132,44,73,204,248,213,115,96
166,15,139,235,238,74,145,3,227,190
166,16,191,228,197,169,202,24,195,183
166,17,8,69,21,51,62,204,47,238
166,18,232,77,90,91,64,209,225,45
166,19,59,115,85,199,248,95,129,212
166,20,148,53,233,194,152,171,133,57
166,21,99,214,207,28,134,98,67,84
166,22,108,242,116,205,132,228,81,137
166,23,174,133,10,170,218,220,203,44
166,24,222,11,244,116,43,178,10,196
166,25,21,208,29,145,140,165,174,34
166,26,132,96,73,248,213,67,84,18
166,27,139,206,3,249,169,28,74,145
166,28,191,195,181,33,72,120,102,116
166,29,204,47,21,132,8,1,151,62
166,30,77,64,232,91,90,188,71,11
166,31,59,199,95,240,88,135,248,85
166,32,245,48,156,123,236,47,254,109
166,33,139,107,143,95,198,189,81,102
166,34,240,175,252,220,10,67,128,64
166,35,167,202,94,2,5,235,85,129
166,36,188,246,78,152,67,195,248,142
166,37,103,135,43,60,22,161,153,199
166,38,127,201,163,234,9,30,118,119
166,39,246,1,138,92,250,215,203,70
167,0,172,234,188,92,111,62,144,232
167,1,123,61,198,66,43,164,76,14
167,2,110,92,40,150,207,23,230,200
167,3,30,201,116,22,177,200,45,251
167,4,152,94,71,216,134,43,228,112
167,5,115,0,153,249,18,23,222,56
167,6,235,12,92,125,102,166,55,213
167,7,181,4,40,187,132,185,108,225
167,8,148,53,85,59,246,171,65,251
167,9,120,99,96,207,28,5,61,229
167,10,218,9,5,60,250,132,205,207
167,11,153,114,130,15,170,97,203,230
167,12,10,222,137,11,244,116,206,89
167,13,116,38,29,208,21,145,238,165
167,14,132,73,180,248,44,204,46,84
167,15,248,139,39,74,238,190,90,145
167,16,186,54,191,13,195,33,181,158
167,17,47,236,218,69,8,51,244,238
167,18,77,69,232,64,91,45,225,233
167,19,59,233,190,115,95,248,135,92
167,20,53,148,65,85,152,133,171,57
167,21,99,120,96,81,214,254,22,28
167,22,108,9,218,132,250,0,5,81
167,23,153,130,15,202,2,230,101,114
167,24,137,196,222,10,106,244,116,51
167,25,165,208,183,116,200,145,166,174
167,26,132,73,248,84,115,96,130,194
167,27,139,206,248,190,145,249,215,169
167,28,191,186,54,183,230,169,185,72
167,29,69,204,47,236,151,65,222,1
167,30,77,69,45,64,91,225,123,83
167,31,248,59,95,240,233,51,88,135
167,32,146,195,236,194,7,199,31,47
167,33,75,97,37,81,94,217,72,181
167,34,212,54,187,246,19,255,10,211
167,35,167,202,244,129,49,16,196,11
167,36,188,78,234,0,8,129,10,153
167,37,103,22,219,199,32,213,147,21
167,38,22,127,118,79,106,230,205,212
167,39,16,145,23,70,34,116,62,254
168,0,62,211,50,223,124,161,64,199
168,1,153,40,48,98,193,14,221,245
168,2,193,132,173,112,120,201,178,183
168,3,138,22,197,201,15,243,119,53
168,4,152,134,37,175,140,38,189,173
168,5,19,0,164,237,222,58,200,50
168,6,82,125,102,12,204,235,168,49
168,7,4,142,187,27,132,246,185,240
168,8,53,148,85,246,59,72,16,181
168,9,99,28,81,254,1,207,233,166
168,10,250,81,108,7,5,190,232,207
168,11,15,10,59,44,170,97,137,2
168,12,137,10,196,210,143,176,116,99
168,13,165,183,166,151,34,238,201,194
168,14,132,73,248,101,84,22,48,194
168,15,139,74,206,127,170,90,248,151
168,16,4,166,191,230,183,169,186,195
168,17,19,69,244,210,235,49,204,47
168,18,108,77,250,123,233,225,91,64
168,19,60,190,59,114,248,240,115,43
168,20,53,148,85,172,171,72,145,59
168,21,99,81,233,214,207,32,20,71
168,22,245,108,109,250,233,7,102,190
168,23,194,230,15,218,59,44,2,217
168,24,196,137,166,210,10,158,244,116
168,25,183,0,165,208,34,137,155,174
168,26,132,73,248,101,84,196,72,130
168,27,139,206,28,170,190,145,127,18
168,28,191,56,183,162,4,82,230,228
168,29,19,204,69,99,151,47,222,244
168,30,77,151,123,108,143,64,91,83
168,31,157,95,83,59,85,114,248,88
168,32,14,12,146,236,57,7,31,140
168,33,56,81,162,75,203,72,139,202
168,34,11,18,195,73,143,211,246,121
168,35,136,202,167,129,185,254,103,36
168,36,26,188,92,78,79,44,125,138
168,37,103,162,22,196,126,113,213,199
168,38,87,127,118,88,205,185,243,79
168,39,99,44,77,161,70,224,254,116
169,0,174,124,62,204,223,13,211,231
169,1,162,40,10,209,253,49,23,141
169,2,121,252,125,38,207,250,178,135
169,3,255,2,53,22,166,197,15,201
169,4,152,221,148,134,44,180,38,173
169,5,111,19,23,0,58,164,122,9
169,6,161,125,237,102,49,12,212,204
169,7,246,4,225,183,104,187,132,185
169,8,53,148,59,85,22,181,72,247
169,9,99,28,1,81,254,176,199,130
169,10,250,108,233,190,31,226,45,134
169,11,220,202,97,222,59,194,121,17
169,12,137,196,10,50,222,210,143,176
169,13,183,34,194,185,165,0,174,83
169,14,132,44,73,17,248,189,101,252
169,15,139,238,74,227,6,90,127,145
169,16,191,186,183,193,234,112,169,195
169,17,69,21,210,235,100,217,19,9
169,18,250,151,77,123,64,225,233,108
169,19,190,248,85,212,59,95,114,129
169,20,148,53,121,172,171,240,145,72
169,21,99,98,225,81,1,233,214,207
169,22,108,250,233,197,216,206,242,132
169,23,220,59,202,201,194,85,218,2
169,24,196,10,222,119,128,11,116,137
169,25,101,19,183,165,208,71,97,0
169,26,132,73,248,101,130,96,115,171
169,27,3,139,206,145,249,28,39,169
169,28,193,191,82,196,195,190,186,102
169,29,88,21,151,204,61,47,1,222
169,30,77,64,232,162,250,91,151,63
169,31,59,95,34,85,43,88,135,151
169,32,179,140,123,125,85,86,156,236
169,33,95,104,56,139,162,143,36,132
169,34,238,44,240,72,195,67,10,220
169,35,148,190,74,167,202,235,191,220
169,36,227,188,115,142,147,78,26,39
169,37,78,27,103,22,113,199,95,15
169,38,215,119,251,127,118,169,80,75
169,39,158,122,117,70,75,244,72,254
170,0,27,35,101,166,135,108,169,100
170,1,26,11,139,132,216,34,219,146
170,2,210,146,26,90,149,121,38,35
170,3,211,106,226,29,146,46,37,31
170,4,65,14,240,242,167,118,171,170
170,5,161,235,10,191,142,6,186,252
170,6,167,215,255,161,125,245,55,123
170,7,2,199,187,185,4,240,108,106
170,8,89,35,148,53,85,59,86,247
170,9,241,180,94,99,98,169,207,119
170,10,88,5,248,216,1,26,130,250
170,11,20,202,39,170,97,248,174,185
170,12,222,160,137,119,26,10,116,63
170,13,29,178,222,183,208,50,238,112
170,14,132,44,73,248,170,130,252,228
170,15,36,139,206,190,238,169,223,145
170,16,96,191,195,33,202,24,186,100
170,17,94,69,8,60,47,235,166,199
170,18,148,77,232,64,170,225,233,91
170,19,130,190,59,95,115,4,88,212
170,20,148,53,212,35,24,85,194,171
170,21,99,180,241,81,15,225,233,90
170,22,88,83,245,108,197,34,253,250
170,23,20,39,2,42,211,229,202,216
170,24,137,196,67,10,116,222,244,233
170,25,178,208,112,183,165,34,29,211
170,26,132,73,130,248,101,84,252,115
170,27,139,74,190,170,166,36,90,145
170,28,191,96,183,4,195,145,26,197
170,29,204,94,69,222,244,47,151,1
170,30,77,148,170,64,225,91,83,11
170,31,130,95,240,59,88,190,51,25
170,32,99,60,236,158,7,254,246,156
170,33,33,190,232,41,28,72,203,81
170,34,82,161,97,10,246,34,206,252
170,35,235,24,202,167,129,220,39,254
170,36,78,207,188,34,57,10,119,154
170,37,103,104,158,22,199,90,219,163
170,38,135,71,127,118,27,59,75,69
170,39,243,110,36,69,12,254,70,58
171,0,218,233,65,66,212,157,86,46
171,1,164,191,76,28,14,61,242,204
171,2,83,121,188,87,139,5,194,134
171,3,2,30,214,177,112,53,202,95
171,4,152,215,118,134,242,216,121,78
171,5,213,31,67,254,23,100,0,123
171,6,51,102,212,100,241,114,245,247
171,7,61,2,187,19,225,142,183,132
171,8,242,148,53,157,59,85,252,251
171,9,99,28,233,81,156,207,15,231
171,10,250,233,226,17,197,190,253,245
171,11,151,156,209,17,97,109,187,40
171,12,137,10,196,55,176,114,110,47
171,13,34,183,201,211,178,165,238,148
171,14,132,73,72,101,130,248,203,21
171,15,116,74,90,139,79,20,44,170
171,16,201,191,183,4,169,179,195,162
171,17,101,225,210,69,235,244,204,94
171,18,237,148,123,225,77,153,64,63
171,19,190,248,34,91,92,129,206,240
171,20,53,157,242,148,59,47,72,85
171,21,99,233,81,20,214,156,231,15
171,22,109,253,197,233,108,245,17,159
171,23,151,99,2,209,156,109,40,217
171,24,196,137,10,131,198,185,47,110
171,25,211,178,183,208,165,151,0,148
171,26,132,130,73,101,248,72,238,1
171,27,139,79,74,190,170,90,130,104
171,28,191,201,183,13,4,10,145,56
171,29,225,69,99,204,126,101,244,128
171,30,237,77,123,176,83,225,66,148
171,31,190,83,95,240,59,88,18,25
171,32,75,57,116,7,236,137,246,173
171,33,182,203,161,59,162,206,28,224
171,34,205,249,246,29,227,11,121,10
171,35,39,254,210,129,24,220,16,103
171,36,92,251,78,188,49,153,55,15
171,37,103,15,193,22,115,196,121,199
171,38,124,127,52,118,139,205,106,32
171,39,27,72,45,36,224,166,161,70
172,0,69,136,29,98,50,41,86,65
172,1,88,157,14,241,227,22,234,154
172,2,83,192,139,77,131,63,218,181
172,3,22,201,251,2,53,156,213,243
172,4,152,149,134,132,189,215,221,36
172,5,0,213,58,95,164,122,136,222
172,6,2,125,152,102,51,204,240,100
172,7,225,169,174,142,104,187,61,183
172,8,242,53,148,85,157,59,16,181
172,9,99,81,28,207,231,233,15,199
172,10,250,226,233,31,108,190,159,117
172,11,151,17,109,97,217,253,137,141
172,12,137,196,10,166,143,119,50,168
172,13,185,183,165,166,148,34,201,151
172,14,73,132,101,248,72,235,194,21
172,15,74,170,116,139,90,238,44,141
172,16,169,4,183,191,201,195,38,235
172,17,235,210,101,49,69,225,244,213
172,18,237,123,153,151,77,225,233,176
172,19,190,248,38,240,34,237,67,91
172,20,53,157,148,172,11,72,242,85
172,21,99,81,98,233,71,214,20,143
172,22,245,233,108,102,159,17,253,250
172,23,209,151,109,59,2,194,253,40
172,24,196,137,10,185,12,158,119,198
172,25,178,211,183,0,19,148,34,137
172,26,132,203,73,130,101,248,196,72
172,27,139,74,79,90,44,145,170,190
172,28,191,201,219,183,102,4,197,145
172,29,128,225,204,69,244,101,222,213
172,30,77,237,64,225,91,123,66,83
172,31,95,240,88,59,190,85,18,34
172,32,236,57,7,137,246,75,87,157
172,33,5,103,162,203,161,28,59,146
172,34,227,246,10,175,238,121,191,44
172,35,129,24,220,2,254,210,5,16
172,36,78,188,48,92,227,251,147,39
172,37,103,193,78,22,199,43,15,115
172,38,215,127,139,5,93,118,251,185
172,39,158,70,72,27,31,77,254,129
173,0,117,185,18,128,121,171,180,232
173,1,101,88,179,235,81,13,206,133
173,2,83,218,94,235,192,107,205,127
173,3,53,2,201,194,213,186,221,170
173,4,139,152,8,55,228,215,123,180
173,5,160,114,3,232,0,122,123,14
173,6,3,114,136,125,2,51,182,240
173,7,187,225,133,11,2,19,174,4
173,8,53,148,242,112,85,59,214,251
173,9,19,206,99,28,233,178,81,231
173,10,163,253,197,7,226,250,108,218
173,11,116,18,142,151,17,109,149,97
173,12,67,196,11,10,137,55,110,206
173,13,211,183,200,178,34,238,222,166
173,14,132,38,73,72,130,46,101,234
173,15,103,74,90,139,223,36,158,238
173,16,191,201,169,183,195,232,4,186
173,17,69,128,210,155,101,244,65,217
173,18,77,188,225,162,64,6,123,91
173,19,190,233,115,129,18,95,59,91
173,20,148,68,53,98,24,112,120,214
173,21,99,19,206,236,233,96,1,101
173,22,197,163,108,245,7,218,132,205
173,23,18,2,211,142,130,40,72,229
173,24,196,10,137,67,233,244,126,106
173,25,34,211,165,208,178,183,200,246
173,26,132,130,73,1,38,248,15,101
173,27,139,103,190,170,36,145,74,90
173,28,191,232,78,197,183,112,185,145
173,29,69,128,155,204,1,102,65,222
173,30,77,6,225,123,91,109,64,47
173,31,95,233,240,88,212,115,59,18
173,32,17,37,236,137,7,89,87,157
173,33,63,23,117,214,94,146,72,30
173,34,58,187,10,246,12,54,177,110
173,35,34,220,14,194,129,7,103,24
173,36,188,57,78,253,154,10,8,119
173,37,158,219,199,164,103,22,163,220
173,38,136,239,22,127,118,198,106,175
173,39,16,23,145,70,34,30,116,14
174,0,211,62,122,75,223,74,170,28
174,1,179,190,153,193,48,154,14,88
174,2,13,237,143,45,94,83,47,5
174,3,201,22,132,180,161,251,197,247
174,4,152,134,180,36,175,70,43,28
174,5,58,3,232,0,136,122,222,128
174,6,12,186,237,2,125,240,102,243
174,7,246,225,133,104,183,126,174,185
174,8,148,53,72,59,133,16,85,233
174,9,99,28,1,134,68,186,15,183
174,10,197,233,226,154,205,250,172,245
174,11,17,2,97,201,211,44,248,146
174,12,10,137,196,119,176,51,244,198
174,13,34,183,211,174,165,201,83,246
174,14,132,73,248,130,115,21,44,173
174,15,74,90,139,238,221,145,79,170
174,16,191,201,183,197,24,4,1,169
174,17,69,128,210,225,217,101,204,244
174,18,77,225,151,123,209,176,66,64
174,19,190,129,115,95,212,18,49,99
174,20,53,148,68,143,133,24,85,181
174,21,99,1,233,98,101,81,32,254
174,22,197,233,154,245,226,132,11,205
174,23,2,201,72,211,37,117,40,24
174,24,10,131,119,198,196,244,110,50
174,25,34,211,183,208,178,0,165,83
174,26,132,130,73,1,248,115,101,15
174,27,79,104,139,28,170,90,74,145
174,28,191,193,219,151,212,197,82,232
174,29,225,94,69,204,88,128,62,101
174,30,77,225,162,64,232,91,145,83
174,31,34,95,59,88,18,85,12,240
174,32,109,57,236,245,179,92,7,157
174,33,162,132,139,68,28,104,161,108
174,34,62,246,10,44,121,109,177,2
174,35,44,220,24,129,14,202,103,254
174,36,92,188,78,154,39,11,57,79
174,37,199,113,208,158,103,22,219,27
174,38,243,127,132,198,118,135,251,239
174,39,75,129,158,70,40,224,112,99
175,0,97,166,142,113,150,205,210,215
175,1,34,26,87,59,139,132,53,187
175,2,146,163,203,26,166,70,52,114
175,3,146,46,211,84,161,132,31,135
175,4,167,161,14,65,67,240,201,13
175,5,10,204,161,235,89,104,232,191
175,6,167,215,2,51,186,125,136,197
175,7,91,2,133,187,142,176,29,11
175,8,89,33,148,53,213,251,214,59
175,9,39,94,132,99,29,233,84,119
175,10,248,253,216,108,130,26,28,197
175,11,20,36,17,151,2,170,97,241
175,12,10,110,160,63,242,26,196,137
175,13,33,183,211,178,222,238,208,174
175,14,132,147,130,248,73,72,101,44
175,15,139,90,74,65,104,223,238,145
175,16,191,156,195,169,183,100,4,186
175,17,110,69,210,244,204,128,172,47
175,18,128,77,225,64,233,148,187,60
175,19,12,190,120,129,115,18,248,255
175,20,33,53,148,24,174,158,98,214
175,21,99,132,39,233,7,101,81,143
175,22,108,197,245,34,253,248,205,7
175,23,36,2,133,20,211,216,229,241
175,24,137,196,10,244,106,233,198,51
175,25,34,33,165,104,208,21,183,174
175,26,132,73,130,147,101,248,1,194
175,27,139,74,170,97,145,90,65,190
175,28,191,156,183,120,4,151,197,147
175,29,204,110,69,244,128,222,151,65
175,30,128,77,45,225,148,64,11,212
175,31,12,190,240,120,95,245,25,130
175,32,245,7,236,238,113,158,99,137
175,33,41,190,28,21,232,7,81,202
175,34,34,97,161,88,70,246,10,211
175,35,39,103,224,254,80,129,235,68
175,36,78,34,188,207,49,57,10,239
175,37,103,90,22,158,199,15,219,121
175,38,127,106,239,118,205,189,139,14
175,39,36,72,34,15,70,145,203,16
176,0,233,66,65,6,218,29,163,58
176,1,191,163,21,243,63,189,241,215
176,2,61,76,139,83,198,52,157,19
176,3,2,22,201,161,53,132,19,60
176,4,152,203,155,67,134,132,38,180
176,5,67,213,122,31,0,84,160,172
176,6,19,102,245,152,240,2,193,228
176,7,61,142,11,225,187,145,135,169
176,8,242,38,148,53,59,7,213,154
176,9,99,81,233,15,28,207,163,225
176,10,233,250,226,109,17,108,117,245
176,11,151,17,216,97,209,238,217,241
176,12,137,196,10,32,198,110,185,114
176,13,21,34,185,183,165,238,201,148
176,14,132,73,72,101,248,115,21,171
176,15,74,79,170,0,90,190,139,97
176,16,191,201,169,4,219,186,183,131
176,17,101,210,244,69,235,173,49,99
176,18,237,66,123,233,153,77,225,60
176,19,190,67,186,49,92,206,248,91
176,20,53,38,242,148,216,7,59,74
176,21,99,233,201,231,81,15,163,43
176,22,109,233,245,108,197,82,28,226
176,23,151,70,209,216,238,253,2,211
176,24,137,131,196,10,50,198,110,185
176,25,34,21,0,165,87,208,240,183
176,26,132,196,171,73,248,130,101,92
176,27,79,97,139,90,35,74,170,145
176,28,191,120,201,138,183,4,78,100
176,29,101,126,204,69,128,114,244,245
176,30,237,77,66,143,212,171,67,181
176,31,67,190,83,186,18,157,38,55
176,32,75,245,7,92,139,236,173,246
176,33,198,203,161,182,224,59,28,185
176,34,164,205,15,227,238,70,166,223
176,35,106,39,254,220,103,80,202,13
176,36,55,252,78,251,148,49,188,15
176,37,103,15,193,92,78,196,115,22
176,38,124,106,127,139,93,32,189,215
176,39,27,72,36,166,175,254,77,73
177,0,29,41,65,50,86,2,223,218
177,1,157,88,241,251,3,206,230,14
177,2,131,83,192,45,112,147,204,183
177,3,53,2,22,14,201,114,213,45
177,4,155,149,215,152,134,221,203,180
177,5,95,122,0,89,12,164,231,232
177,6,175,18,136,102,240,2,212,125
177,7,88,225,145,11,174,132,33,92
177,8,53,242,148,216,38,7,59,85
177,9,99,81,233,28,231,101,1,15
177,10,250,233,226,108,245,31,190,159
177,11,151,17,79,216,164,97,217,237
177,12,137,196,10,32,198,185,50,217
177,13,34,21,183,201,238,185,165,194
177,14,132,73,101,248,72,115,113,17
177,15,74,139,190,90,0,170,44,145
177,16,191,169,201,4,195,183,234,186
177,17,69,210,235,101,244,49,217,100
177,18,123,151,233,77,225,64,237,153
177,19,190,92,248,189,115,240,186,91
177,20,216,148,53,158,145,197,59,50
177,21,99,214,236,98,81,58,43,7
177,22,108,197,82,245,233,192,226,216
177,23,151,90,123,216,2,133,211,116
177,24,137,198,233,196,124,10,110,242
177,25,34,21,101,246,165,174,183,153
177,26,132,130,101,1,73,203,248,15
177,27,97,90,139,79,74,170,104,252
177,28,191,120,102,197,168,183,4,241
177,29,128,204,101,49,244,69,231,41
177,30,77,74,145,109,11,60,225,189
177,31,18,95,190,240,59,85,152,34
177,32,245,7,236,87,137,246,157,75
177,33,5,161,28,103,202,205,64,248
177,34,227,238,5,246,10,98,29,2
177,35,220,103,24,254,194,129,202,11
177,36,188,78,227,11,15,61,67,147
177,37,199,103,78,207,45,193,43,102
177,38,93,139,14,5,215,163,131,239
177,39,100,158,253,138,10,225,165,129
178,0,117,185,18,128,171,121,180,232
178,1,179,101,81,235,88,206,169,13
178,2,83,131,235,192,205,94,218,183
178,3,53,194,221,2,14,186,76,240
178,4,139,244,8,55,152,123,228,96
178,5,232,114,3,229,160,29,123,175
178,6,114,3,19,2,136,197,125,240
178,7,225,133,142,187,60,112,108,174
178,8,53,216,148,112,59,242,85,213
178,9,19,206,99,233,236,28,178,214
178,10,163,108,197,212,253,82,22,7
178,11,18,116,133,238,151,149,2,25
178,12,137,10,67,196,51,110,11,242
178,13,21,34,200,183,153,254,171,211
178,14,132,38,35,110,73,59,130,154
178,15,103,190,241,74,90,139,158,223
178,16,191,201,169,78,100,232,149,125
178,17,128,69,210,101,204,217,155,244
178,18,77,60,225,162,123,188,64,125
178,19,115,190,233,255,92,248,18,212
178,20,216,148,53,68,24,98,158,54
178,21,99,19,7,236,68,233,210,43
178,22,197,245,108,163,205,82,44,154
178,23,2,211,18,133,74,173,230,216
178,24,10,137,196,244,198,233,195,242
178,25,34,21,208,174,165,246,205,153
178,26,132,130,248,1,188,227,55,15
178,27,139,97,247,90,61,223,74,103
178,28,191,232,120,78,183,92,158,210
178,29,69,128,204,155,215,217,59,101
178,30,77,123,74,47,109,145,225,6
178,31,95,50,115,212,240,18,249,17
178,32,37,17,245,137,7,236,54,89
178,33,63,117,23,30,214,64,72,171
178,34,58,110,177,246,182,159,10,187
178,35,24,220,194,34,7,14,11,103
178,36,188,57,78,253,154,165,92,245
178,37,158,199,219,103,164,102,207,80
178,38,239,136,93,191,14,159,117,198
178,39,253,16,151,100,22,41,222,53
179,0,211,122,62,29,222,151,223,28
179,1,153,132,179,34,26,193,11,190
179,2,13,237,61,45,83,243,218,47
179,3,132,22,201,180,53,197,60,240
179,4,152,203,134,180,36,196,173,197
179,5,3,232,58,164,136,82,122,0
179,6,12,240,186,2,125,237,212,102
179,7,133,142,225,4,104,187,246,5
179,8,148,53,59,72,213,22,214,181
179,9,99,28,1,68,183,211,79,186
179,10,197,233,154,226,250,108,205,38
179,11,2,211,97,136,117,216,230,201
179,12,10,137,242,198,196,168,250,176
179,13,34,183,21,208,83,238,148,180
179,14,132,115,248,73,44,173,92,101
179,15,139,74,190,97,90,238,145,227
179,16,191,201,88,183,112,197,169,1
179,17,69,119,210,128,217,101,51,169
179,18,77,151,225,66,99,123,209,64
179,19,115,249,190,129,6,49,255,95
179,20,148,53,68,24,89,145,233,85
179,21,99,98,68,7,179,231,1,28
179,22,197,233,245,108,154,132,44,205
179,23,136,201,211,2,117,216,44,230
179,24,10,242,198,119,131,115,244,137
179,25,34,97,208,183,71,165,178,83
179,26,132,73,248,92,171,101,130,1
179,27,74,139,3,170,145,206,169,239
179,28,191,193,196,219,168,102,82,195
179,29,94,61,119,88,204,21,1,62
179,30,77,232,64,91,162,205,16,212
179,31,59,4,249,95,115,135,88,205
179,32,109,125,92,179,236,46,144,156
179,33,132,102,250,143,161,181,104,139
179,34,44,238,109,240,20,67,10,2
179,35,24,148,235,74,202,190,167,44
179,36,78,188,115,227,142,39,93,165
179,37,100,103,78,22,101,199,27,163
179,38,61,127,118,119,251,35,202,254
179,39,40,163,129,139,138,70,117,169
180,0,91,145,51,179,249,9,101,118
180,1,139,59,64,87,216,219,106,74
180,2,59,146,114,163,44,227,17,19
180,3,59,211,146,142,46,135,31,77
180,4,131,241,230,170,151,13,191,167
180,5,186,6,235,161,204,224,142,212
180,6,51,167,54,125,215,93,192,83
180,7,29,187,23,225,185,216,5,132
180,8,89,148,53,59,247,105,93,137
180,9,69,99,228,29,94,39,195,86
180,10,248,130,5,250,207,216,113,61
180,11,20,202,174,97,170,136,243,2
180,12,63,10,222,26,160,116,137,242
180,13,43,183,97,29,238,208,174,50
180,14,132,20,73,44,124,248,3,84
180,15,139,81,74,190,145,206,238,169
180,16,191,195,196,5,24,186,33,100
180,17,172,8,69,61,238,210,47,51
180,18,77,187,232,57,148,91,225,151
180,19,130,59,115,190,249,95,240,108
180,20,148,53,33,89,85,158,24,212
180,21,99,69,29,39,207,81,94,132
180,22,130,207,108,113,216,116,205,250
180,23,20,170,116,44,2,123,201,133
180,24,160,10,128,222,116,178,63,11
180,25,208,21,43,140,50,166,29,97
180,26,132,96,73,248,84,18,20,204
180,27,3,23,206,139,74,249,169,90
180,28,195,191,193,186,196,33,72,94
180,29,1,88,8,21,204,61,83,151
180,30,77,91,64,162,232,250,148,63
180,31,59,95,240,28,34,85,88,135
180,32,179,245,140,156,47,86,46,254
180,33,126,104,132,143,162,36,81,139
180,34,238,44,240,67,220,62,91,72
180,35,167,148,74,202,190,235,2,187
180,36,188,227,2,78,115,147,142,153
180,37,27,78,103,22,95,15,233,199
180,38,215,127,119,118,80,251,169,230
180,39,158,244,122,72,70,92,183,139
181,0,117,171,185,226,11,58,187,146
181,1,223,13,81,169,66,183,227,158
181,2,22,107,34,59,239,169,44,53
181,3,170,221,92,122,53,255,195,111
181,4,8,139,152,228,55,2,65,123
181,5,23,114,194,161,61,170,142,81
181,6,16,3,114,125,90,55,92,102
181,7,44,187,240,132,185,131,19,4
181,8,148,53,112,212,85,59,171,164
181,9,239,178,99,98,207,19,233,22
181,10,163,253,132,5,205,108,161,207
181,11,130,20,142,170,18,230,36,195
181,12,67,222,10,137,176,244,253,3
181,13,142,200,29,208,238,174,33,183
181,14,132,180,38,73,248,44,84,204
181,15,139,240,74,90,3,190,103,120
181,16,191,195,147,96,33,13,119,156
181,17,69,47,8,110,238,204,155,218
181,18,77,232,91,64,148,6,112,225
181,19,59,115,95,88,212,120,233,135
181,20,148,53,33,112,85,195,65,133
181,21,99,239,178,207,132,22,217,206
181,22,163,108,253,53,132,207,205,245
181,23,142,20,170,130,18,2,10,229
181,24,67,178,116,244,176,10,137,196
181,25,208,34,29,21,142,165,145,200
181,26,132,96,73,248,38,204,84,194
181,27,206,240,139,74,3,103,170,213
181,28,191,195,231,122,179,237,178,54
181,29,1,236,204,218,8,69,120,155
181,30,77,91,6,97,64,73,175,112
181,31,59,95,240,233,88,115,27,28
181,32,17,194,245,46,156,89,236,238
181,33,23,214,217,94,72,81,146,160
181,34,188,54,58,19,187,12,206,246
181,35,196,202,167,14,36,56,212,11
181,36,188,78,0,253,153,8,10,239
181,37,103,219,164,199,22,95,163,175
181,38,22,127,46,136,58,93,118,191
181,39,16,23,145,68,225,230,198,70
182,0,191,254,75,148,120,78,37,232
182,1,60,193,240,48,51,108,121,167
182,2,115,201,223,56,178,170,8,5
182,3,154,15,0,113,196,179,200,242
182,4,152,160,134,132,233,24,28,197
182,5,153,82,213,0,58,60,136,71
182,6,186,102,255,33,74,212,204,70
182,7,187,240,225,61,196,62,132,143
182,8,53,148,59,213,252,171,133,74
182,9,245,99,207,204,119,243,15,43
182,10,108,253,77,32,53,250,182,235
182,11,170,11,50,238,97,164,188,109
182,12,137,244,174,3,176,166,83,66
182,13,100,208,238,174,254,21,153,112
182,14,132,73,248,203,204,228,44,72
182,15,3,139,52,190,74,240,206,124
182,16,191,33,100,195,202,154,186,112
182,17,69,8,238,47,18,46,208,1
182,18,77,32,91,232,123,171,156,64
182,19,115,59,212,15,54,181,99,1
182,20,148,53,133,243,11,85,233,38
182,21,99,207,245,204,241,252,214,53
182,22,108,53,229,250,238,253,77,44
182,23,11,170,230,10,50,61,2,238
182,24,174,137,244,87,88,178,176,216
182,25,34,208,112,21,5,221,26,238
182,26,132,248,232,31,71,190,96,115
182,27,139,206,74,190,90,240,170,187
182,28,191,37,158,65,15,92,173,4
182,29,18,69,54,184,239,217,47,165
182,30,77,208,32,66,171,123,1,96
182,31,15,54,100,95,133,43,176,83
182,32,235,202,121,136,115,25,174,3
182,33,147,30,72,157,47,78,137,108
182,34,179,226,185,143,166,182,46,235
182,35,202,101,170,215,64,241,194,184
182,36,148,167,240,230,144,191,231,219
182,37,156,170,198,12,34,180,73,194
182,38,204,50,55,165,5,241,117,73
182,39,21,164,201,45,193,237,161,148
183,0,94,27,44,213,48,23,170,35
183,1,60,148,136,137,139,229,176,99
183,2,108,113,129,41,190,243,1,202
183,3,124,244,222,68,60,127,237,161
183,4,21,97,64,69,168,87,99,141
183,5,20,25,143,200,57,215,244,180
183,6,139,211,254,127,12,21,78,225
183,7,142,175,185,141,247,213,225,104
183,8,133,148,23,53,72,11,224,59
183,9,99,1,207,243,255,186,251,241
183,10,176,247,243,134,185,23,156,25
183,11,204,128,12,206,9,42,135,60
183,12,137,163,116,143,10,18,176,244
183,13,34,118,212,208,165,145,83,78
183,14,132,44,248,204,73,54,189,214
183,15,139,190,74,238,3,147,235,145
183,16,74,191,172,60,195,234,72,160
183,17,69,8,233,44,1,58,79,238
183,18,77,91,176,58,171,119,225,123
183,19,122,115,59,212,133,54,231,88
183,20,133,195,72,148,85,53,145,50
183,21,99,243,1,207,214,81,173,204
183,22,160,176,108,217,251,190,148,52
183,23,80,61,121,230,32,81,141,82
183,24,137,198,10,13,23,201,149,2
183,25,180,254,58,170,165,183,130,145
183,26,132,163,59,248,54,29,17,228
183,27,139,134,190,206,238,55,208,53
183,28,74,15,191,172,178,173,183,60
183,29,69,150,44,100,208,227,79,1
183,30,77,123,176,95,171,119,225,61
183,31,3,133,138,212,180,59,25,102
183,32,33,255,236,34,31,156,216,117
183,33,192,102,161,5,181,95,51,175
183,34,16,23,254,246,10,87,108,150
183,35,14,116,53,254,194,67,202,68
183,36,110,78,154,188,55,118,131,10
183,37,165,103,219,8,238,199,116,1
183,38,103,191,239,206,241,54,233,182
183,39,42,227,50,142,148,175,159,103
184,0,25,252,42,205,100,176,12,39
184,1,60,28,160,240,154,217,208,190
184,2,108,113,24,2,203,115,174,30
184,3,112,154,2,0,149,126,196,80
184,4,132,189,89,75,4,173,152,233
184,5,136,77,95,58,213,153,91,82
184,6,12,102,237,186,74,212,33,18
184,7,187,185,240,225,142,61,132,104
184,8,148,53,135,85,59,133,143,252
184,9,99,245,243,204,207,15,119,53
184,10,108,250,32,233,244,98,53,229
184,11,170,72,97,164,230,0,50,169
184,12,176,10,137,166,149,244,110,2
184,13,208,174,34,238,0,185,180,83
184,14,132,44,73,248,204,190,101,55
184,15,3,139,190,74,206,170,238,79
184,16,191,195,33,138,186,228,183,169
184,17,69,8,238,47,51,1,244,46
184,18,77,66,91,232,151,176,171,156
184,19,115,59,212,181,88,54,248,190
184,20,53,148,133,195,11,38,243,50
184,21,99,53,207,98,1,204,58,214
184,22,108,233,53,229,132,253,77,116
184,23,170,72,10,164,209,169,230,141
184,24,157,166,244,178,176,116,137,50
184,25,34,208,0,222,165,115,238,199
184,26,132,73,96,248,190,232,143,84
184,27,74,206,139,79,3,51,240,170
184,28,191,138,37,183,4,232,179,169
184,29,69,162,204,47,1,78,239,222
184,30,77,19,66,91,151,123,64,175
184,31,59,95,83,88,3,240,70,135
184,32,14,197,235,236,47,3,255,202
184,33,72,103,247,47,167,81,203,240
184,34,183,11,143,246,241,10,18,188
184,35,202,167,129,196,14,116,235,101
184,36,78,188,251,154,153,10,48,245
184,37,163,103,100,22,199,219,147,162
184,38,127,118,219,230,198,124,171,185
184,39,40,70,238,74,77,165,147,141
185,0,209,154,197,213,145,23,219,91
185,1,139,216,239,194,41,184,6,106
185,2,113,108,99,203,111,24,45,241
185,3,59,8,142,189,78,65,0,147
185,4,240,241,4,10,131,230,151,191
185,5,213,255,230,197,131,103,59,130
185,6,186,33,255,18,245,74,102,106
185,7,187,61,240,225,106,168,135,68
185,8,53,148,85,157,59,252,199,163
185,9,69,207,99,204,119,195,141,28
185,10,229,250,253,108,5,53,208,212
185,11,170,97,72,230,238,80,164,50
185,12,137,10,178,166,244,222,176,174
185,13,208,238,34,183,174,50,254,116
185,14,132,73,248,44,204,101,29,115
185,15,74,139,190,90,170,235,145,238
185,16,191,112,24,172,195,183,202,33
185,17,69,210,233,8,169,238,204,51
185,18,77,176,225,91,64,53,123,58
185,19,115,240,59,129,212,88,95,190
185,20,53,148,85,195,133,24,50,72
185,21,99,1,243,69,214,176,233,68
185,22,108,207,149,245,7,132,147,140
185,23,80,32,10,216,44,230,61,2
185,24,43,21,137,178,244,10,116,196
185,25,34,183,208,165,170,145,199,174
185,26,132,73,248,153,96,157,232,204
185,27,139,74,170,190,206,16,145,177
185,28,191,183,112,54,138,172,4,232
185,29,69,204,47,222,233,169,1,213
185,30,77,123,176,175,225,91,11,64
185,31,59,95,240,88,212,70,115,248
185,32,236,197,246,255,47,14,75,235
185,33,72,103,126,18,84,244,59,28
185,34,11,227,246,143,10,183,188,18
185,35,129,202,167,196,235,14,244,93
185,36,78,188,48,2,154,251,153,10
185,37,163,103,22,219,199,162,147,45
185,38,127,118,124,198,185,106,219,230
185,39,77,70,116,30,34,13,203,62
186,0,62,211,58,163,124,236,138,161
186,1,202,80,72,182,193,30,3,14
186,2,111,113,207,180,240,193,96,40
186,3,189,22,15,201,197,132,147,243
186,4,152,134,44,175,10,148,221,38
186,5,164,83,58,230,60,0,222,122
186,6,82,125,102,237,12,152,168,186
186,7,185,246,187,225,142,183,3,104
186,8,148,53,85,16,252,59,72,233
186,9,99,28,1,254,207,81,134,154
186,10,207,250,108,233,26,132,7,134
186,11,97,15,230,59,44,10,170,72
186,12,21,137,10,178,176,168,116,244
186,13,183,165,34,208,174,238,170,145
186,14,132,73,248,204,101,44,189,22
186,15,74,139,170,190,90,235,3,238
186,16,230,191,195,183,202,169,112,24
186,17,69,210,169,233,204,51,225,19
186,18,77,176,108,123,91,64,225,250
186,19,115,240,59,129,248,60,88,95
186,20,148,53,172,85,133,145,169,24
186,21,99,71,176,68,214,81,207,243
186,22,108,245,207,7,233,197,149,132
186,23,15,44,59,10,230,222,223,37
186,24,21,244,116,210,176,88,10,178
186,25,211,34,208,183,165,0,174,145
186,26,132,248,73,35,1,232,130,239
186,27,74,139,170,206,16,90,130,190
186,28,191,230,183,82,212,219,56,190
186,29,225,69,47,1,128,204,222,88
186,30,77,151,91,176,64,225,175,143
186,31,157,95,59,34,88,115,85,83
186,32,57,146,12,236,179,140,255,120
186,33,56,162,146,75,72,139,28,135
186,34,246,195,10,143,5,121,72,109
186,35,202,235,129,167,14,236,36,220
186,36,78,188,92,153,10,154,15,43
186,37,208,163,103,113,22,199,158,45
186,38,243,127,135,118,198,219,189,32
186,39,99,243,44,70,77,129,75,125
187,0,135,78,51,211,75,220,19,37
187,1,32,185,144,1,10,162,139,173
187,2,125,76,252,240,228,16,61,205
187,3,201,121,22,247,8,69,16,157
187,4,152,203,134,14,181,240,28,103
187,5,83,0,84,80,235,70,150,60
187,6,82,102,125,38,123,92,237,106
187,7,187,228,4,225,132,185,137,84
187,8,148,53,47,33,85,59,225,252
187,9,132,99,28,1,68,134,207,90
187,10,250,109,207,233,190,245,195,26
187,11,136,216,167,97,15,36,230,40
187,12,21,242,115,203,137,178,47,10
187,13,238,165,208,201,183,174,153,254
187,14,132,73,171,248,101,21,157,153
187,15,74,170,97,190,139,0,90,177
187,16,191,230,112,195,92,4,202,183
187,17,210,69,169,119,204,58,233,244
187,18,77,64,176,53,128,112,123,141
187,19,115,249,240,129,60,248,95,59
187,20,53,38,47,148,85,50,145,24
187,21,99,132,222,214,28,90,233,105
187,22,245,207,108,7,233,190,149,132
187,23,136,216,167,36,44,15,59,45
187,24,242,115,47,21,178,244,210,116
187,25,208,34,183,19,0,2,165,37
187,26,132,171,73,248,144,153,84,1
187,27,74,97,178,139,170,206,190,146
187,28,230,191,219,82,183,193,37,212
187,29,119,88,69,204,128,1,19,222
187,30,77,151,162,64,143,91,97,225
187,31,34,249,95,59,18,23,88,135
187,32,12,248,140,179,236,58,76,246
187,33,133,167,162,176,56,104,250,146
187,34,15,249,195,238,44,109,80,246
187,35,8,106,129,235,202,167,236,190
187,36,21,78,188,92,228,17,138,227
187,37,214,244,208,103,113,163,22,199
187,38,43,243,141,177,135,127,118,197
187,39,37,5,209,112,142,83,113,243
188,0,240,98,209,69,241,54,14,210
188,1,185,32,173,255,144,154,21,3
188,2,125,61,76,16,205,240,252,245
188,3,121,22,153,247,111,85,192,96
188,4,203,152,134,175,221,38,189,208
188,5,83,58,60,222,164,0,111,136
188,6,82,125,54,237,102,123,212,12
188,7,4,225,183,104,187,185,228,246
188,8,148,53,85,38,16,233,252,72
188,9,99,1,28,68,134,130,254,154
188,10,207,250,26,233,190,132,245,108
188,11,136,97,216,59,44,170,215,134
188,12,21,10,178,242,176,222,137,115
188,13,34,183,170,238,201,208,165,145
188,14,132,44,73,248,204,171,31,170
188,15,74,139,3,170,177,190,173,235
188,16,191,230,193,195,33,24,112,72
188,17,69,8,238,51,233,119,210,204
188,18,77,151,250,232,91,144,146,171
188,19,249,115,59,212,85,248,240,60
188,20,53,148,233,121,38,24,195,50
188,21,99,98,207,22,233,90,214,1
188,22,216,108,116,207,1,132,233,53
188,23,170,201,136,59,220,116,10,215
188,24,178,128,11,157,116,244,115,32
188,25,208,19,101,50,145,222,97,238
188,26,132,96,171,248,31,6,73,222
188,27,3,74,139,206,90,28,249,169
188,28,193,219,191,190,196,230,102,195
188,29,88,21,61,119,47,1,128,222
188,30,77,64,162,91,250,232,151,225
188,31,34,59,95,18,249,88,135,240
188,32,146,179,236,125,12,140,76,87
188,33,56,133,104,139,167,75,162,11
188,34,44,195,238,5,109,72,246,10
188,35,148,202,190,129,167,74,235,236
188,36,188,92,147,227,78,115,142,39
188,37,78,27,103,22,113,163,199,208
188,38,215,127,243,118,119,251,169,230
188,39,158,231,44,70,122,99,239,254
189,0,229,123,249,196,105,7,216,104
189,1,225,231,150,27,20,244,84,106
189,2,103,163,227,162,100,214,205,55
189,3,152,187,231,133,235,84,176,31
189,4,13,236,142,222,108,167,128,234
189,5,104,193,186,6,41,47,224,204
189,6,167,153,54,245,61,215,93,123
189,7,23,29,185,216,199,187,106,64
189,8,234,89,148,53,57,116,180,105
189,9,94,29,164,228,99,207,84,131
189,10,130,169,248,216,132,198,178,1
189,11,161,189,170,136,248,185,133,107
189,12,63,26,74,222,128,242,15,178
189,13,43,147,97,21,50,29,95,183
189,14,20,124,50,44,132,51,18,161
189,15,81,200,3,238,139,206,162,190
189,16,5,196,191,24,133,47,195,100
189,17,172,8,250,119,61,76,69,166
189,18,187,77,57,179,16,50,0,232
189,19,130,205,4,6,59,109,115,191
189,20,234,148,89,53,212,247,180,179
189,21,164,29,94,207,99,22,131,85
189,22,130,169,198,116,113,178,205,248
189,23,161,189,170,136,230,236,54,56
189,24,242,63,26,74,160,128,15,32
189,25,43,147,97,50,134,152,28,145
189,26,20,132,124,148,96,51,18,248
189,27,200,81,3,206,139,162,169,181
189,28,133,5,196,195,43,72,191,32
189,29,119,76,172,250,61,204,1,151
189,30,77,179,187,91,205,64,16,175
189,31,95,135,4,59,205,109,130,115
189,32,98,186,99,236,47,215,161,181
189,33,86,238,126,183,215,232,73,28
189,34,84,96,207,180,62,10,101,246
189,35,235,160,202,36,103,167,14,57
189,36,188,78,70,181,10,120,248,98
189,37,65,31,58,103,190,199,22,124
189,38,92,148,71,212,118,18,127,175
189,39,2,189,69,38,213,70,182,217
190,0,141,235,190,47,221,125,115,253
190,1,93,244,155,182,197,46,152,213
190,2,100,57,103,145,93,123,82,10
190,3,187,235,231,133,158,190,117,77
190,4,236,142,222,95,128,87,91,127
190,5,193,47,90,41,79,135,43,65
190,6,153,215,60,167,54,206,196,138
190,7,29,23,185,117,64,199,78,229
190,8,234,116,239,180,57,99,52,77
190,9,164,116,191,126,94,170,131,2
190,10,169,130,198,125,196,36,61,65
190,11,161,189,128,206,86,233,107,160
190,12,74,26,63,128,134,93,15,44
190,13,147,43,134,154,97,32,95,212
190,14,20,51,124,47,88,137,64,167
190,15,162,81,200,238,148,242,181,147
190,16,5,196,133,170,43,32,174,252
190,17,250,89,76,172,61,87,198,0
190,18,57,50,179,187,0,77,161,16
190,19,191,109,116,20,205,195,183,4
190,20,234,239,207,179,83,180,56,20
190,21,164,94,29,116,191,207,131,126
190,22,130,169,198,196,113,116,247,191
190,23,189,161,128,62,111,206,86,87
190,24,74,63,26,160,15,93,128,44
190,25,147,43,134,6,97,95,130,93
190,26,20,124,51,148,32,88,137,86
190,27,81,200,162,181,58,147,232,165
190,28,5,133,43,196,170,32,72,202
190,29,172,87,76,250,89,0,61,211
190,30,179,163,187,16,226,205,77,43
190,31,4,109,116,205,30,39,183,20
190,32,181,119,178,90,223,134,47,77
190,33,93,129,86,183,83,238,215,207
190,34,82,96,105,207,132,130,113,74
190,35,160,57,167,36,197,245,27,42
190,36,222,70,75,171,221,9,101,120
190,37,39,24,229,2,19,61,124,51
190,38,64,180,249,140,254,42,253,237
190,39,186,190,91,235,234,148,24,37
191,0,38,54,167,193,44,94,244,112
191,1,46,58,122,47,105,249,20,188
191,2,186,140,100,82,85,128,53,74
191,3,26,230,233,117,103,78,118,210
191,4,81,45,213,144,245,91,0,145
191,5,90,188,43,193,248,47,224,135
191,6,60,206,215,153,173,121,68,143
191,7,117,176,54,229,70,207,55,23
191,8,116,239,104,73,234,52,180,179
191,9,113,126,116,191,171,197,84,30
191,10,157,115,238,100,65,129,27,195
191,11,233,140,181,47,133,86,39,161
191,12,44,93,54,74,62,212,144,85
191,13,6,134,33,61,206,147,251,107
191,14,86,147,51,148,47,32,52,125
191,15,162,200,181,189,148,46,147,58
191,16,133,170,43,156,134,231,252,0
191,17,5,76,89,166,20,172,57,87
191,18,179,204,187,226,77,192,128,124
191,19,109,191,205,30,120,4,183,122
191,20,234,239,133,207,148,180,116,15
191,21,207,116,191,164,126,155,1,94
191,22,236,157,234,161,116,247,248,198
191,23,140,189,111,206,39,128,62,47
191,24,93,220,74,39,44,15,54,209
191,25,6,219,93,134,33,145,14,66
191,26,52,51,86,148,204,167,214,88
191,27,162,200,181,147,81,58,206,165
191,28,43,133,170,72,5,24,156,51
191,29,89,5,76,172,20,1,158,87
191,30,226,192,16,179,91,187,139,77
191,31,30,109,167,12,59,226,39,116
191,32,223,178,47,181,119,206,185,90
191,33,83,74,93,129,183,86,81,73
191,34,186,21,1,116,82,207,96,62
191,35,167,160,36,244,57,202,224,214
191,36,70,129,153,188,74,120,181,248
191,37,58,124,145,229,190,62,31,113
191,38,245,49,159,21,67,65,112,16
191,39,238,95,235,50,182,56,67,223
192,0,140,112,43,238,173,200,95,67
192,1,46,47,137,188,249,20,58,181
192,2,186,140,82,165,85,20,172,67
192,3,117,233,26,103,230,119,118,78
192,4,245,145,213,193,199,144,120,81
192,5,188,90,145,106,230,255,248,220
192,6,206,118,96,176,230,254,63,145
192,7,176,221,225,106,47,155,142,230
192,8,148,239,53,195,106,133,85,73
192,9,113,99,126,1,53,201,127,203
192,10,115,240,23,43,11,61,29,76
192,11,181,187,253,42,239,51,58,230
192,12,137,10,176,102,161,250,83,116
192,13,34,212,45,83,58,170,208,145
192,14,132,204,44,248,29,73,173,253
192,15,139,190,235,147,238,74,98,228
192,16,172,191,112,104,60,234,74,160
192,17,69,44,152,192,109,1,79,233
192,18,77,138,102,224,47,58,91,241
192,19,115,212,95,125,9,133,1,122
192,20,195,133,148,53,145,72,174,85
192,21,99,1,214,193,176,58,243,53
192,22,148,147,217,176,160,162,108,116
192,23,80,32,230,226,117,140,63,111
192,24,137,10,161,120,13,201,199,116
192,25,34,45,145,58,212,208,180,248
192,26,132,204,17,248,253,164,228,55
192,27,139,98,235,147,190,195,238,206
192,28,191,172,74,112,72,160,104,209
192,29,69,150,44,192,1,152,158,60
192,30,77,138,92,225,97,175,122,83
192,31,212,122,95,59,115,180,133,143
192,32,33,255,241,236,47,104,178,226
192,33,192,110,74,85,50,177,81,190
192,34,16,246,10,116,244,123,37,254
192,35,14,36,202,194,53,206,79,167
192,36,188,153,110,78,154,134,70,118
192,37,238,103,199,52,219,124,22,39
192,38,92,148,212,118,127,79,175,12
192,39,38,70,78,238,243,242,2,189
193,0,238,88,189,114,108,173,248,16
193,1,47,192,140,152,181,70,46,249
193,2,197,165,8,82,62,186,21,204
193,3,117,233,106,150,26,118,103,38
193,4,193,45,62,235,9,114,24,27
193,5,230,188,248,220,239,87,237,189
193,6,118,96,208,131,181,179,101,217
193,7,176,145,238,112,106,157,109,50
193,8,239,148,73,104,179,53,93,116
193,9,53,126,113,69,119,84,180,30
193,10,215,157,115,183,122,238,11,93
193,11,181,51,39,41,183,28,111,253
193,12,102,212,62,154,4,214,137,144
193,13,6,168,251,142,212,145,34,139
193,14,132,204,52,29,248,147,41,44
193,15,139,147,190,206,235,46,3,228
193,16,191,170,181,88,24,47,195,39
193,17,69,1,8,5,44,158,89,166
193,18,77,159,204,91,192,226,22,32
193,19,59,115,4,212,122,88,183,117
193,20,148,133,195,53,107,171,104,239
193,21,99,207,1,251,69,53,155,28
193,22,236,116,132,157,148,34,161,156
193,23,140,111,60,80,39,162,27,32
193,24,116,138,137,71,191,250,176,220
193,25,6,145,219,208,168,146,142,45
193,26,52,204,96,44,132,214,67,248
193,27,110,3,139,169,233,206,147,228
193,28,72,20,170,47,26,24,195,73
193,29,89,1,5,158,26,8,69,101
193,30,91,77,226,192,139,170,16,128
193,31,59,120,137,166,30,167,33,12
193,32,223,178,60,47,206,158,255,185
193,33,74,81,190,41,40,83,49,93
193,34,116,82,34,21,1,213,141,181
193,35,167,36,244,214,224,202,14,212
193,36,153,70,188,129,239,74,10,181
193,37,104,58,124,147,22,145,103,57
193,38,27,92,148,212,118,127,79,71
193,39,110,243,70,38,78,242,12,69
194,0,254,81,222,191,208,139,203,67
194,1,51,149,9,167,89,193,124,153
194,2,60,193,223,184,216,187,157,79
194,3,154,56,196,243,167,149,36,197
194,4,175,90,178,233,160,140,134,88
194,5,153,77,251,50,58,91,120,60
194,6,168,12,14,102,156,171,68,177
194,7,38,185,175,184,225,120,89,227
194,8,148,23,133,53,16,59,63,72
194,9,1,99,207,251,229,161,61,84
194,10,59,132,146,122,156,20,116,225
194,11,141,37,60,70,164,71,14,44
194,12,163,116,176,208,143,145,161,137
194,13,19,212,93,145,45,168,219,126
194,14,204,44,132,231,96,167,54,238
194,15,12,147,3,139,95,110,79,238
194,16,53,102,219,72,170,250,252,228
194,17,89,62,1,225,158,69,8,214
194,18,77,91,204,16,229,139,159,138
194,19,212,47,59,48,122,88,115,247
194,20,148,133,53,195,23,72,207,171
194,21,1,251,207,99,229,255,137,48
194,22,59,116,157,156,234,225,122,132
194,23,141,60,71,70,164,37,195,99
194,24,116,166,191,176,84,163,155,39
194,25,145,93,219,168,113,155,98,0
194,26,204,96,214,52,167,44,67,231
194,27,110,12,3,169,233,206,80,35
194,28,53,72,56,20,170,51,138,189
194,29,89,158,62,19,1,229,214,101
194,30,226,91,192,139,16,77,66,177
194,31,247,47,59,14,30,102,33,218
194,32,47,144,151,14,19,206,178,235
194,33,47,84,74,81,40,139,177,68
194,34,181,103,128,18,11,191,143,141
194,35,36,14,167,214,244,43,5,202
194,36,153,188,44,129,74,10,50,67
194,37,124,58,14,162,56,147,22,89
194,38,92,79,212,127,118,52,87,175
194,39,189,77,70,251,78,242,219,197
195,0,247,11,88,57,128,87,146,59
195,1,235,29,123,17,175,43,141,178
195,2,80,184,111,40,207,66,254,196
195,3,196,70,67,227,33,193,157,109
195,4,152,181,104,217,129,154,211,229
195,5,153,174,120,170,94,198,24,50
195,6,14,156,49,102,48,238,100,56
195,7,129,199,185,223,68,175,30,251
195,8,23,148,207,133,68,53,86,19
195,9,69,1,207,251,229,161,98,99
195,10,59,122,68,132,225,156,137,178
195,11,60,141,14,154,56,174,111,181
195,12,163,116,176,191,84,56,210,143
195,13,164,212,145,168,208,98,93,183
195,14,132,44,204,238,248,96,18,146
195,15,139,169,12,110,206,3,190,238
195,16,72,191,185,112,73,32,195,122
195,17,89,26,1,229,158,69,152,8
195,18,91,77,138,225,16,119,159,83
195,19,212,59,122,115,88,143,14,4
195,20,148,53,133,23,107,240,181,195
195,21,1,251,99,148,207,84,28,229
195,22,156,225,68,116,122,132,157,148
195,23,141,60,210,64,69,250,195,230
195,24,176,203,137,191,84,116,163,155
195,25,164,98,145,168,212,22,219,160
195,26,204,44,214,132,238,146,96,182
195,27,203,110,116,169,233,139,37,80
195,28,72,20,73,161,224,188,112,228
195,29,89,26,158,1,101,229,112,188
195,30,91,139,16,192,226,77,122,190
195,31,212,14,59,143,33,71,190,233
195,32,224,47,206,151,197,178,255,42
195,33,177,74,84,81,156,40,82,96
195,34,15,49,188,217,181,37,213,246
195,35,14,214,36,167,224,244,171,142
195,36,188,153,24,255,129,239,10,74
195,37,89,124,14,22,50,147,57,58
195,38,175,92,127,212,146,79,118,86
195,39,189,70,85,177,13,34,213,78
196,0,180,62,188,41,211,232,122,231
196,1,235,111,193,239,22,190,165,245
196,2,139,199,249,80,221,193,184,228
196,3,154,218,196,30,251,58,202,177
196,4,243,149,239,152,28,4,121,104
196,5,153,213,170,50,58,115,120,251
196,6,102,100,210,56,124,11,26,12
196,7,129,185,175,161,85,5,225,32
196,8,148,23,47,133,16,53,85,72
196,9,1,99,207,229,61,161,120,251
196,10,132,156,59,122,116,17,119,26
196,11,141,60,209,231,17,137,111,14
196,12,166,163,116,176,143,55,210,84
196,13,212,145,93,219,230,98,183,83
196,14,204,44,238,132,96,146,6,235
196,15,169,12,3,110,116,79,147,178
196,16,138,72,185,45,73,32,53,228
196,17,89,1,229,158,8,69,188,49
196,18,130,91,77,138,139,16,176,183
196,19,212,59,143,122,88,70,137,196
196,20,148,133,53,47,240,23,195,157
196,21,251,1,99,229,98,207,42,61
196,22,156,225,116,132,17,122,228,164
196,23,141,209,60,17,59,231,99,159
196,24,166,116,176,84,210,203,7,178
196,25,98,230,145,192,76,212,168,19
196,26,204,44,238,96,182,146,214,183
196,27,79,178,116,169,80,110,215,37
196,28,138,72,56,201,73,20,228,117
196,29,158,89,1,78,101,115,62,229
196,30,130,91,139,90,66,192,226,16
196,31,157,247,59,212,143,33,71,88
196,32,47,14,157,146,248,162,92,255
196,33,181,74,177,103,161,81,5,198
196,34,249,18,15,227,191,181,11,80
196,35,44,14,36,214,167,121,171,136
196,36,153,188,129,21,148,55,48,138
196,37,196,214,14,124,89,22,53,110
196,38,52,132,175,87,0,156,212,118
196,39,224,251,77,70,209,255,87,190
197,0,69,98,240,116,159,50,52,198
197,1,111,253,5,183,230,193,197,202
197,2,199,20,215,144,139,80,85,115
197,3,154,251,255,75,196,15,156,43
197,4,149,243,152,239,4,221,28,20
197,5,153,213,170,58,50,251,223,117
197,6,12,102,124,56,100,26,212,238
197,7,175,185,129,5,225,68,89,227
197,8,148,23,53,240,85,16,252,133
197,9,1,99,229,207,28,120,238,251
197,10,132,156,116,26,148,229,108,217
197,11,141,230,60,204,44,98,97,37
197,12,137,163,176,10,83,116,166,143
197,13,212,83,145,183,45,34,208,180
197,14,132,44,204,248,146,253,73,96
197,15,139,12,235,169,190,74,227,238
197,16,112,72,191,117,67,73,228,172
197,17,69,89,1,152,220,209,8,222
197,18,77,138,176,91,122,225,92,175
197,19,212,122,115,59,88,95,1,143
197,20,53,148,133,240,195,23,54,72
197,21,1,99,251,193,207,236,63,84
197,22,148,156,116,108,217,149,225,132
197,23,141,230,80,32,63,60,56,146
197,24,137,163,176,195,203,116,251,196
197,25,145,212,45,98,34,83,112,248
197,26,204,132,182,78,44,214,146,194
197,27,139,98,235,12,14,26,134,206
197,28,72,112,73,117,16,228,191,129
197,29,1,152,89,158,69,220,78,98
197,30,77,122,130,138,91,175,225,237
197,31,212,143,88,59,122,95,67,196
197,32,151,255,47,157,14,104,175,162
197,33,103,177,5,167,74,161,82,18
197,34,227,191,37,246,11,181,18,10
197,35,14,36,214,167,171,244,7,196
197,36,153,188,48,129,10,24,60,78
197,37,89,14,124,162,22,229,147,238
197,38,0,175,127,212,118,79,124,35
197,39,77,70,197,62,34,30,116,78
198,0,101,35,197,179,79,108,48,242
198,1,62,47,97,75,70,155,20,27
198,2,210,130,88,109,164,64,17,235
198,3,26,230,233,211,226,236,37,129
198,4,15,102,200,241,142,245,105,222
198,5,236,153,170,188,235,90,44,50
198,6,14,157,182,238,100,79,156,56
198,7,185,40,129,199,23,14,64,7
198,8,35,239,86,180,148,89,52,179
198,9,203,207,180,29,98,161,94,131
198,10,157,122,132,88,59,196,26,34
198,11,111,85,42,17,98,203,60,174
198,12,56,210,220,116,160,15,163,191
198,13,219,29,6,168,98,111,93,92
198,14,44,6,96,204,146,18,86,52
198,15,110,172,147,169,3,71,26,162
198,16,32,181,228,73,72,170,45,185
198,17,89,229,1,250,8,16,158,166
198,18,197,170,91,16,139,77,115,71
198,19,183,59,212,205,4,88,143,122
198,20,239,133,35,148,207,212,52,220
198,21,251,203,180,1,207,161,29,73
198,22,157,1,116,88,225,132,156,196
198,23,42,236,141,39,60,17,250,56
198,24,15,56,160,220,203,7,39,116
198,25,113,29,98,160,219,93,81,147
198,26,18,86,241,204,182,131,96,51
198,27,57,172,110,96,169,88,162,37
198,28,237,73,72,5,136,96,188,95
198,29,89,250,229,5,1,132,211,16
198,30,197,170,81,205,91,139,16,122
198,31,130,39,212,109,59,143,88,218
198,32,98,96,186,47,134,255,151,99
198,33,126,238,232,183,86,190,82,166
198,34,116,207,180,37,101,181,10,173
198,35,14,153,36,160,145,171,167,142
198,36,153,181,188,120,70,10,12,74
198,37,124,89,190,31,22,58,129,199
198,38,71,175,212,148,118,92,213,127
198,39,2,69,189,38,70,78,248,213
199,0,57,108,238,241,88,135,182,58
199,1,192,140,11,182,146,152,33,70
199,2,8,36,188,248,124,43,255,153
199,3,106,69,226,196,110,29,151,236
199,4,45,28,171,165,129,90,5,189
199,5,153,50,58,87,109,220,182,119
199,6,255,182,56,210,14,237,113,12
199,7,175,185,225,5,191,105,49,78
199,8,148,23,195,133,179,240,53,85
199,9,69,1,180,99,152,229,251,169
199,10,88,132,34,156,193,194,148,228
199,11,39,63,98,188,239,106,60,99
199,12,163,176,146,116,16,145,137,151
199,13,112,212,45,103,145,83,93,29
199,14,204,238,44,132,253,55,146,96
199,15,147,36,139,235,110,12,98,190
199,16,73,228,117,72,61,185,172,181
199,17,1,89,152,69,220,170,102,149
199,18,170,77,138,122,91,176,175,225
199,19,212,122,11,143,115,88,1,95
199,20,148,53,133,195,240,72,23,54
199,21,1,99,69,251,180,193,43,254
199,22,156,88,148,116,225,228,149,147
199,23,141,39,63,32,60,230,99,253
199,24,137,163,176,203,169,195,13,48
199,25,112,145,45,212,246,83,211,146
199,26,204,238,132,66,44,182,146,198
199,27,98,139,147,235,215,36,166,46
199,28,117,112,73,61,87,72,191,124
199,29,152,1,220,69,156,89,252,233
199,30,138,170,122,77,175,176,240,92
199,31,212,143,122,11,166,115,95,50
199,32,60,255,151,241,104,2,132,13
199,33,33,229,130,110,106,82,50,30
199,34,37,244,93,218,27,123,114,181
199,35,14,36,171,87,143,103,142,93
199,36,153,10,188,87,60,50,20,78
199,37,89,219,129,199,124,208,163,103
199,38,175,249,223,68,122,135,60,190
199,39,96,63,140,187,110,195,184,150
200,0,211,236,75,138,163,62,139,195
200,1,46,68,167,109,124,193,52,95
200,2,32,188,42,71,124,221,187,115
200,3,69,149,93,196,56,163,243,109
200,4,28,175,140,46,206,134,57,197
200,5,60,58,77,50,251,64,22,8
200,6,210,12,57,195,205,212,171,113
200,7,175,223,245,39,227,185,166,5
200,8,148,22,240,53,133,123,16,23
200,9,1,99,32,251,243,6,221,15
200,10,148,217,156,146,20,87,61,225
200,11,63,230,32,141,71,37,204,239
200,12,137,163,50,176,116,140,10,23
200,13,212,83,145,45,0,180,126,58
200,14,204,44,132,96,248,49,253,245
200,15,12,139,235,147,227,190,78,195
200,16,112,117,124,191,234,82,228,72
200,17,69,152,156,89,1,170,220,149
200,18,138,77,141,229,122,176,116,91
200,19,212,143,122,11,1,95,48,115
200,20,148,133,53,240,195,72,23,214
200,21,1,99,32,251,193,207,229,12
200,22,156,148,20,61,217,116,225,87
200,23,63,141,32,71,60,230,37,204
200,24,163,50,137,176,140,113,55,116
200,25,0,145,45,212,83,126,180,248
200,26,204,216,66,132,182,214,198,248
200,27,98,12,139,29,235,18,34,147
200,28,234,124,117,112,191,87,228,217
200,29,152,170,220,156,1,69,62,96
200,30,138,122,141,77,229,176,116,92
200,31,212,143,122,49,247,219,47,95
200,32,104,255,241,151,251,123,143,2
200,33,61,110,234,229,130,106,50,30
200,34,37,244,218,123,13,121,66,234
200,35,14,18,93,87,36,171,194,53
200,36,60,188,78,153,87,10,154,4
200,37,219,129,89,199,208,163,103,171
200,38,190,175,122,249,88,223,68,217
200,39,140,87,187,32,63,112,150,208
201,0,239,211,225,228,77,93,21,210
201,1,201,118,167,24,172,60,127,176
201,2,232,170,249,223,102,124,32,141
201,3,93,196,149,163,164,109,69,73
201,4,28,91,175,46,134,140,152,206
201,5,71,50,128,60,23,95,64,111
201,6,168,249,195,12,210,30,113,212
201,7,175,5,39,96,227,245,3,81
201,8,148,22,240,53,47,133,16,72
201,9,1,28,99,254,32,199,225,193
201,10,109,148,233,156,250,146,116,70
201,11,230,97,32,141,63,222,144,37
201,12,137,50,10,176,47,196,240,116
201,13,0,83,248,165,45,208,20,212
201,14,132,44,73,204,144,253,248,115
201,15,139,12,227,74,235,190,1,145
201,16,191,112,234,186,56,117,138,82
201,17,152,69,4,9,49,60,8,170
201,18,77,66,225,138,64,91,92,108
201,19,212,48,59,95,83,67,115,248
201,20,148,53,240,47,133,171,193,23
201,21,99,1,32,251,254,207,233,225
201,22,109,148,116,20,233,156,108,194
201,23,141,230,63,32,135,167,71,60
201,24,50,137,176,163,116,119,55,47
201,25,0,145,203,45,20,248,83,208
201,26,132,204,144,44,17,66,248,78
201,27,12,139,18,206,145,98,215,235
201,28,234,191,72,59,228,117,10,56
201,29,170,4,1,126,69,152,225,233
201,30,108,138,92,77,209,116,129,18
201,31,212,49,157,143,47,55,247,83
201,32,255,19,151,78,85,248,73,22
201,33,61,110,176,167,229,47,106,67
201,34,37,218,182,13,121,249,244,80
201,35,14,191,171,136,176,93,36,123
201,36,26,153,188,78,37,60,87,154
201,37,219,214,132,196,126,52,238,89
201,38,217,175,87,132,242,122,190,156
201,39,174,251,140,173,228,167,218,219
202,0,240,209,98,52,69,80,210,194
202,1,60,144,240,32,195,56,186,71
202,2,139,170,232,223,113,150,249,91
202,3,149,93,163,126,196,69,243,109
202,4,28,157,140,239,46,121,206,134
202,5,71,128,22,60,64,111,95,77
202,6,249,195,218,12,237,7,210,30
202,7,175,245,39,5,227,3,161,184
202,8,148,53,240,23,22,16,181,133
202,9,1,32,28,99,254,199,214,186
202,10,148,233,109,217,102,54,146,250
202,11,230,97,214,32,37,141,237,44
202,12,137,50,10,176,196,116,96,250
202,13,194,0,212,180,126,165,45,58
202,14,17,132,44,73,204,253,113,252
202,15,12,6,139,190,238,235,74,227
202,16,112,234,191,117,60,186,37,114
202,17,152,69,49,9,4,44,144,60
202,18,77,138,116,66,225,141,176,64
202,19,212,48,115,95,59,239,83,67
202,20,148,240,53,195,172,133,72,85
202,21,32,99,1,193,254,233,43,207
202,22,148,108,109,233,102,116,149,20
202,23,230,141,32,63,71,37,44,60
202,24,137,50,176,196,158,116,163,10
202,25,0,145,83,45,248,212,194,208
202,26,132,204,17,248,44,253,252,115
202,27,12,139,235,145,1,18,98,147
202,28,234,191,117,112,72,228,59,114
202,29,1,4,170,9,152,69,233,98
202,30,116,77,141,92,138,108,225,151
202,31,212,49,47,143,95,157,88,122
202,32,255,151,19,143,26,73,22,47
202,33,110,229,47,106,167,61,133,203
202,34,218,13,121,37,109,5,244,182
202,35,14,171,5,93,67,36,111,143
202,36,153,188,4,78,60,154,48,50
202,37,100,132,52,219,1,238,199,122
202,38,217,175,190,122,242,197,185,55
202,39,174,167,32,140,219,224,161,8
203,0,240,159,116,77,69,164,19,98
203,1,230,94,206,253,44,172,144,60
203,2,113,2,232,108,42,170,24,165
203,3,163,93,149,173,111,162,166,196
203,4,206,140,28,175,46,227,134,38
203,5,77,111,128,64,71,60,58,50
203,6,249,195,210,218,12,30,237,69
203,7,175,39,245,142,5,111,166,24
203,8,148,53,240,121,22,63,59,72
203,9,1,99,32,254,243,28,193,15
203,10,148,217,146,172,156,176,134,70
203,11,230,37,32,97,63,237,141,139
203,12,137,50,10,176,23,161,116,196
203,13,194,34,0,212,180,45,126,58
203,14,132,17,44,204,73,113,253,248
203,15,12,235,238,139,190,227,6,147
203,16,112,234,191,117,172,37,104,16
203,17,69,152,1,21,44,4,9,220
203,18,116,77,138,91,225,176,175,241
203,19,212,48,95,115,59,47,88,122
203,20,53,148,240,195,85,133,172,59
203,21,32,99,1,193,254,207,26,251
203,22,148,137,149,20,116,108,217,37
203,23,141,37,230,174,44,63,32,71
203,24,137,50,116,203,158,10,176,119
203,25,0,145,101,83,45,222,212,183
203,26,204,132,203,44,17,96,214,248
203,27,12,3,169,235,139,145,147,129
203,28,72,219,117,234,228,102,193,191
203,29,1,229,94,21,170,89,69,132
203,30,116,90,91,77,175,225,138,232
203,31,212,59,49,88,143,95,122,115
203,32,255,48,47,151,26,204,22,57
203,33,47,106,61,167,143,133,162,107
203,34,128,218,175,13,67,37,121,220
203,35,14,94,2,5,85,235,8,36
203,36,153,188,4,78,67,246,154,195
203,37,100,163,43,199,219,238,135,101
203,38,190,175,122,143,159,242,61,196
203,39,140,87,32,138,219,57,176,174
204,0,179,145,130,79,119,91,213,197
204,1,139,64,123,106,87,216,59,0
204,2,40,175,25,37,164,214,111,88
204,3,59,126,142,69,110,205,129,80
204,4,241,131,230,15,129,151,170,181
204,5,58,50,22,153,99,252,71,103
204,6,249,210,255,30,8,218,12,113
204,7,175,185,5,39,199,227,42,129
204,8,148,89,53,240,23,59,133,168
204,9,69,1,99,28,229,251,77,211
204,10,137,148,132,156,70,20,116,26
204,11,174,63,32,60,44,230,141,98
204,12,160,50,163,116,176,157,161,137
204,13,212,45,145,83,126,222,58,97
204,14,44,204,146,132,96,253,235,161
204,15,12,169,147,3,235,139,206,79
204,16,72,73,219,228,117,224,45,196
204,17,89,1,8,220,69,172,94,61
204,18,91,77,57,90,138,17,16,151
204,19,59,212,130,48,88,47,122,143
204,20,89,148,121,133,220,53,41,86
204,21,69,207,251,1,99,229,161,29
204,22,137,116,156,132,228,1,225,20
204,23,174,60,236,141,17,44,250,71
204,24,160,203,116,11,50,56,32,128
204,25,98,81,145,219,101,0,113,192
204,26,203,96,18,213,214,204,146,241
204,27,23,3,96,169,57,110,12,206
204,28,72,181,237,188,73,102,219,224
204,29,89,229,1,132,21,214,141,8
204,30,91,139,90,188,16,190,77,81
204,31,199,59,88,33,137,228,71,241
204,32,47,48,102,254,57,156,151,18
204,33,126,107,47,162,224,143,139,132
204,34,175,240,67,220,64,252,95,91
204,35,167,94,2,85,5,36,235,14
204,36,2,188,195,246,67,153,152,248
204,37,161,22,43,135,60,124,67,238
204,38,201,234,118,163,30,127,9,119
204,39,1,138,250,246,92,215,70,203
205,0,22,18,51,153,88,11,247,58
205,1,169,123,223,87,5,177,30,239
205,2,164,40,119,111,22,169,200,18
205,3,98,97,27,146,160,238,46,200
205,4,14,65,240,167,67,242,201,170
205,5,67,153,191,235,170,58,181,109
205,6,215,210,238,246,8,52,242,122
205,7,66,44,176,185,2,199,175,14
205,8,33,86,180,148,23,4,56,85
205,9,132,240,98,207,161,156,131,1
205,10,26,248,137,132,253,193,34,116
205,11,36,20,174,98,49,99,255,63
205,12,203,160,116,242,178,176,15,146
205,13,33,29,142,222,212,112,92,160
205,14,147,44,18,204,96,146,198,6
205,15,166,169,16,3,147,139,12,206
205,16,156,32,72,26,228,96,73,119
205,17,110,89,1,102,8,94,229,152
205,18,128,112,77,91,71,138,122,22
205,19,12,120,212,59,183,88,115,122
205,20,33,133,148,53,35,195,23,220
205,21,132,240,1,251,207,99,229,238
205,22,116,248,132,156,253,26,225,42
205,23,36,49,141,20,60,130,98,255
205,24,203,176,116,242,15,163,125,223
205,25,33,145,142,98,219,160,212,93
205,26,44,147,204,132,96,182,146,248
205,27,166,139,169,37,215,98,235,190
205,28,156,72,73,191,117,112,119,228
205,29,110,1,89,152,69,57,102,222
205,30,112,128,122,77,91,138,175,139
205,31,212,143,12,88,122,59,233,95
205,32,238,158,255,113,151,47,194,216
205,33,73,41,82,232,94,130,106,166
205,34,37,161,97,244,181,246,114,10
205,35,14,36,171,164,194,143,167,103
205,36,188,153,60,10,181,78,12,8
205,37,89,219,124,129,199,22,229,103
205,38,175,249,212,223,22,68,159,118
205,39,63,16,25,70,140,145,23,169
206,0,241,135,57,108,88,61,59,83
206,1,192,146,11,173,140,182,74,143
206,2,76,8,36,113,108,16,222,81
206,3,226,106,110,69,196,173,126,151
206,4,171,28,244,247,45,240,165,62
206,5,58,220,87,50,153,46,132,83
206,6,19,255,210,96,233,237,46,12
206,7,175,176,185,66,5,191,245,72
206,8,148,53,240,33,23,216,195,243
206,9,1,69,132,99,180,126,251,152
206,10,88,148,156,132,61,240,50,29
206,11,39,230,238,63,133,73,78,42
206,12,137,212,203,176,10,116,115,250
206,13,212,33,83,145,112,45,34,183
206,14,44,132,204,147,171,248,253,40
206,15,139,235,190,12,227,145,206,166
206,16,191,112,156,228,172,117,72,73
206,17,69,152,1,110,102,44,170,9
206,18,77,122,138,176,91,175,128,112
206,19,212,122,95,115,11,12,143,88
206,20,148,53,133,195,240,23,54,241
206,21,1,99,69,251,132,180,193,81
206,22,148,116,156,210,217,88,205,77
206,23,141,230,39,36,63,32,60,140
206,24,137,212,176,203,163,13,195,250
206,25,145,33,212,45,112,83,172,34
206,26,204,132,147,66,44,182,78,248
206,27,139,98,235,166,14,215,145,147
206,28,112,191,228,156,117,72,73,124
206,29,152,1,69,110,220,233,89,57
206,30,77,138,122,128,170,175,112,176
206,31,212,143,122,50,11,115,12,95
206,32,60,255,151,132,104,241,158,2
206,33,33,229,130,110,106,50,82,30
206,34,37,244,93,218,27,123,114,214
206,35,14,36,171,93,87,142,103,18
206,36,10,153,60,188,87,50,78,135
206,37,89,219,129,199,124,103,163,208
206,38,175,249,223,68,190,60,135,122
206,39,96,63,187,140,195,110,184,150
207,0,75,211,120,169,41,236,20,162
207,1,27,167,231,55,252,1,191,176
207,2,187,32,91,42,228,216,79,188
207,3,93,149,69,196,126,201,108,249
207,4,28,121,46,90,140,206,175,189
207,5,50,22,108,251,128,58,64,13
207,6,210,212,71,30,102,146,26,12
207,7,175,245,96,227,72,39,5,3
207,8,148,53,133,240,22,23,243,195
207,9,1,99,251,243,225,229,154,207
207,10,109,156,148,20,116,217,201,132
207,11,230,32,63,141,71,60,208,97
207,12,137,176,47,163,115,116,161,187
207,13,145,212,83,45,155,158,87,248
207,14,204,66,144,171,44,132,253,49
207,15,12,18,178,139,147,188,235,14
207,16,10,112,107,124,72,228,117,114
207,17,152,170,156,89,1,69,126,9
207,18,138,122,77,183,91,229,176,82
207,19,212,143,122,118,219,11,114,37
207,20,133,53,148,195,23,240,72,225
207,21,193,1,251,99,207,32,186,252
207,22,156,20,116,148,109,217,149,147
207,23,141,60,63,71,32,238,37,135
207,24,115,176,163,137,47,50,242,165
207,25,145,212,45,0,87,157,135,98
207,26,204,171,144,66,44,240,214,182
207,27,12,98,18,14,178,29,139,95
207,28,112,234,228,117,10,87,72,107
207,29,152,170,126,1,156,54,220,69
207,30,138,209,18,116,175,229,122,92
207,31,212,55,143,122,47,219,37,49
207,32,28,92,255,104,78,58,209,241
207,33,130,110,176,229,47,82,167,106
207,34,37,218,244,121,13,249,80,123
207,35,14,36,87,93,171,142,176,253
207,36,126,188,60,10,87,78,153,4
207,37,219,89,214,129,208,110,199,163
207,38,190,175,149,141,156,122,249,242
207,39,175,173,140,87,112,5,8,251
208,0,240,156,15,52,150,98,131,87
208,1,252,27,231,150,35,2,97,47
208,2,91,253,224,187,32,42,228,157
208,3,93,149,69,201,196,16,157,126
208,4,28,206,92,205,187,121,235,46
208,5,13,185,72,50,248,22,108,25
208,6,218,212,124,137,163,146,210,28
208,7,175,245,227,96,39,81,5,225
208,8,148,53,85,240,195,241,72,133
208,9,1,99,63,127,254,28,225,207
208,10,109,217,176,116,148,78,156,23
208,11,44,97,230,32,58,134,239,60
208,12,137,10,176,116,250,47,21,30
208,13,212,145,83,45,170,248,208,183
208,14,204,132,73,44,253,248,84,163
208,15,74,170,235,14,139,145,190,227
208,16,74,112,172,191,104,117,195,4
208,17,233,44,69,1,152,235,210,58
208,18,176,77,225,152,175,241,91,224
208,19,212,115,59,122,95,240,133,219
208,20,195,53,148,85,72,240,133,251
208,21,99,1,81,193,254,233,207,204
208,22,190,160,149,147,207,108,245,148
208,23,80,230,32,44,24,186,215,121
208,24,137,10,21,116,196,176,163,83
208,25,145,170,208,165,83,171,183,212
208,26,132,204,73,44,248,84,253,15
208,27,170,74,145,139,14,190,169,206
208,28,112,191,72,4,172,74,117,129
208,29,150,152,1,126,69,233,165,244
208,30,18,138,176,77,122,141,172,180
208,31,212,37,55,143,154,219,239,118
208,32,92,26,255,127,78,248,251,104
208,33,181,176,110,130,68,61,32,229
208,34,37,218,244,80,249,13,121,219
208,35,14,176,36,93,136,87,142,18
208,36,126,60,17,188,78,4,26,50
208,37,219,110,163,89,129,214,208,254
208,38,190,175,197,156,141,87,24,122
208,39,140,251,173,83,87,112,175,209
209,0,240,69,159,98,116,5,209,239
209,1,172,253,46,219,80,51,27,94
209,2,253,224,148,149,12,122,93,130
209,3,196,93,163,69,9,109,236,0
209,4,121,132,28,206,140,197,134,29
209,5,64,77,50,58,251,128,7,22
209,6,195,210,249,218,237,233,212,30
209,7,175,142,245,166,223,227,39,222
209,8,148,53,133,240,22,243,72,85
209,9,1,99,32,251,193,229,221,20
209,10,217,156,148,61,20,176,147,102
209,11,32,141,71,230,37,63,60,204
209,12,137,163,176,161,13,23,10,116
209,13,145,212,194,45,180,83,126,248
209,14,204,44,17,253,132,66,171,49
209,15,12,190,14,6,147,235,18,98
209,16,112,72,234,117,114,191,37,124
209,17,152,170,1,9,69,89,227,156
209,18,138,176,77,122,116,91,175,92
209,19,212,122,143,239,95,11,115,114
209,20,133,148,53,172,195,23,72,54
209,21,1,32,193,251,99,229,207,186
209,22,156,61,20,116,148,217,147,225
209,23,71,63,141,32,60,37,230,24
209,24,137,163,115,50,176,158,13,140
209,25,212,0,145,45,180,248,209,252
209,26,204,66,171,17,253,44,214,132
209,27,12,98,14,139,18,235,6,29
209,28,112,234,228,117,124,160,114,87
209,29,152,170,9,233,220,1,69,227
209,30,138,116,176,175,92,122,77,209
209,31,212,143,122,219,47,49,249,247
209,32,143,255,28,92,26,241,251,104
209,33,110,61,130,229,106,47,68,50
209,34,37,218,244,123,13,128,163,219
209,35,14,93,36,87,142,18,171,117
209,36,188,60,78,10,87,4,50,154
209,37,219,129,163,89,199,200,124,208
209,38,190,175,249,223,122,242,68,159
209,39,140,87,32,187,63,175,112,76
210,0,37,75,211,120,146,26,32,148
210,1,163,108,201,1,24,51,21,0
210,2,167,224,253,249,148,111,159,80
210,3,93,196,171,149,119,112,201,9
210,4,46,28,87,92,184,187,134,224
210,5,50,111,128,60,132,8,64,95
210,6,195,113,212,124,40,7,249,218
210,7,175,137,227,5,245,135,214,96
210,8,148,22,240,53,225,133,85,243
210,9,1,229,99,32,251,186,254,238
210,10,109,156,148,149,70,147,20,102
210,11,32,63,144,214,97,223,71,141
210,12,137,47,163,50,176,161,240,101
210,13,212,145,45,248,0,83,203,155
210,14,144,204,196,66,44,171,253,220
210,15,12,155,235,188,98,78,95,29
210,16,73,10,72,228,117,185,244,112
210,17,1,220,89,152,170,156,94,60
210,18,138,119,91,17,229,92,225,176
210,19,212,122,143,48,47,59,137,124
210,20,133,195,148,47,41,23,72,151
210,21,251,1,207,229,193,42,214,124
210,22,137,156,20,116,164,132,109,70
210,23,174,238,63,136,141,71,60,37
210,24,115,242,50,203,163,7,71,176
210,25,0,101,219,178,192,222,45,98
210,26,171,144,204,44,198,240,40,146
210,27,12,240,98,26,112,80,95,195
210,28,10,228,73,117,72,234,114,105
210,29,170,126,119,54,152,1,220,39
210,30,18,138,209,240,92,229,176,37
210,31,15,212,143,55,47,122,249,49
210,32,58,255,202,151,104,27,248,13
210,33,176,110,198,229,167,147,130,67
210,34,164,37,218,13,121,226,80,244
210,35,14,36,87,95,181,194,106,77
210,36,228,60,78,188,10,21,4,171
210,37,219,244,89,156,163,226,199,132
210,38,175,204,50,197,55,141,161,190
210,39,112,226,136,87,83,8,140,101
211,0,159,26,8,94,167,164,220,38
211,1,56,243,163,215,255,71,21,49
211,2,167,42,249,216,159,199,253,130
211,3,93,163,119,149,196,236,171,217
211,4,28,206,175,46,92,57,144,134
211,5,64,77,60,22,132,50,251,128
211,6,195,7,249,210,113,12,218,124
211,7,175,245,166,227,39,222,81,5
211,8,133,172,240,23,148,16,243,72
211,9,32,1,186,99,251,221,211,20
211,10,61,176,102,156,217,250,148,149
211,11,215,32,97,141,237,71,63,44
211,12,137,50,23,176,251,158,116,10
211,13,212,0,194,248,34,145,180,185
211,14,17,132,44,204,253,196,73,248
211,15,12,6,190,235,206,145,238,139
211,16,112,234,37,59,191,82,117,104
211,17,152,54,9,69,208,233,170,1
211,18,32,116,138,92,176,77,241,171
211,19,212,48,99,219,54,122,115,133
211,20,53,133,195,172,148,54,41,224
211,21,32,1,63,193,251,99,233,207
211,22,77,156,116,70,148,109,20,102
211,23,63,141,32,71,37,222,230,60
211,24,137,50,176,158,163,251,2,119
211,25,212,0,248,145,98,45,203,194
211,26,204,17,132,244,253,171,196,183
211,27,12,134,235,14,6,98,206,18
211,28,234,112,228,117,72,59,178,173
211,29,152,170,54,9,233,1,219,69
211,30,116,92,32,138,241,129,151,209
211,31,212,49,143,99,122,47,249,133
211,32,120,255,143,151,202,73,78,209
211,33,47,229,250,110,198,106,203,167
211,34,164,128,121,37,13,219,218,109
211,35,14,101,36,87,171,53,93,9
211,36,103,153,78,158,188,87,4,154
211,37,219,132,100,89,1,103,199,109
211,38,217,175,122,242,190,143,204,50
211,39,8,112,32,219,140,226,87,136
212,0,239,116,240,69,159,93,19,210
212,1,154,214,80,127,253,172,56,88
212,2,204,51,168,161,111,214,240,245
212,3,147,163,149,123,93,89,86,51
212,4,206,28,46,175,134,221,56,188
212,5,77,64,56,60,50,22,128,251
212,6,195,113,249,218,30,69,12,210
212,7,175,245,166,5,39,227,142,24
212,8,133,240,172,148,121,195,72,63
212,9,32,1,99,229,211,20,186,207
212,10,217,146,148,156,147,102,149,176
212,11,32,44,37,63,97,215,230,141
212,12,137,50,10,23,116,163,161,176
212,13,145,0,248,45,101,194,212,180
212,14,204,44,17,132,73,253,248,21
212,15,12,235,147,139,14,169,206,227
212,16,72,234,117,82,112,160,191,228
212,17,21,1,89,69,170,152,9,60
212,18,116,91,77,138,225,175,176,151
212,19,212,48,122,59,137,143,88,115
212,20,121,133,148,195,23,53,54,41
212,21,1,32,251,207,229,186,99,63
212,22,137,116,156,20,26,132,146,70
212,23,174,60,44,141,37,71,136,159
212,24,50,115,203,116,242,128,163,176
212,25,101,0,145,192,19,212,222,81
212,26,204,171,203,96,44,50,146,138
212,27,12,3,169,57,26,14,98,240
212,28,72,193,219,228,196,234,82,95
212,29,119,94,88,61,1,89,170,21
212,30,116,91,139,16,138,162,232,50
212,31,249,218,212,49,59,47,143,88
212,32,151,47,125,255,109,179,48,18
212,33,47,61,167,143,132,189,90,102
212,34,121,175,37,64,67,13,163,109
212,35,14,36,2,5,94,85,210,167
212,36,153,67,188,39,93,115,195,246
212,37,100,43,101,238,135,60,124,80
212,38,175,122,61,196,163,254,143,158
212,39,163,176,57,219,87,248,112,139
213,0,145,179,130,119,91,213,79,197
213,1,139,64,106,216,123,59,87,0
213,2,40,175,37,25,164,111,155,62
213,3,59,142,205,135,208,80,83,52
213,4,131,241,230,151,15,181,170,129
213,5,50,58,22,153,252,80,99,139
213,6,210,249,30,54,8,255,218,26
213,7,175,185,5,227,81,24,42,216
213,8,148,195,240,133,89,23,85,63
213,9,69,1,229,207,99,251,28,77
213,10,137,156,132,116,70,149,20,148
213,11,174,63,60,44,238,98,32,141
213,12,160,163,116,50,115,203,176,119
213,13,212,145,45,126,157,93,92,219
213,14,44,146,171,96,204,132,18,20
213,15,12,169,147,3,78,155,206,195
213,16,73,72,32,228,219,250,196,185
213,17,89,8,1,61,119,172,229,94
213,18,57,91,16,50,119,151,17,139
213,19,59,130,183,88,122,241,212,249
213,20,121,133,89,220,86,56,23,49
213,21,69,251,207,161,1,29,94,0
213,22,137,116,156,132,130,225,1,26
213,23,136,174,236,60,141,238,20,71
213,24,242,115,160,128,203,56,32,7
213,25,97,160,92,145,81,113,219,98
213,26,203,171,18,241,50,131,96,218
213,27,23,57,96,169,3,88,71,12
213,28,193,72,237,95,188,219,196,181
213,29,119,89,94,229,21,88,1,132
213,30,139,16,91,90,188,81,162,232
213,31,249,59,33,218,199,228,252,241
213,32,48,47,102,18,254,151,125,21
213,33,126,47,107,143,224,132,139,166
213,34,240,64,175,91,67,220,95,195
213,35,2,94,85,167,36,5,235,14
213,36,2,67,246,195,152,188,153,74
213,37,161,43,60,135,22,124,67,238
213,38,163,201,234,119,30,127,118,9
213,39,1,250,248,92,246,215,70,203
214,0,188,234,172,111,144,58,223,63
214,1,43,198,123,255,143,66,193,30
214,2,110,40,23,107,207,150,230,169
214,3,116,251,202,30,58,55,157,6
214,4,164,12,71,94,152,25,104,239
214,5,170,153,249,115,146,62,58,50
214,6,54,238,56,73,57,42,8,235
214,7,240,185,199,108,40,32,14,66
214,8,86,65,220,85,23,133,148,16
214,9,96,207,98,161,14,0,229,73
214,10,1,218,9,132,114,19,72,60
214,11,114,116,174,236,17,153,136,250
214,12,160,56,178,157,116,203,242,35
214,13,38,111,113,29,160,98,92,93
214,14,96,146,44,18,204,241,235,183
214,15,177,169,110,96,33,71,57,3
214,16,32,45,237,73,72,167,185,224
214,17,89,229,49,16,218,202,1,39
214,18,156,91,188,139,69,16,17,130
214,19,249,59,91,218,241,124,4,30
214,20,133,220,65,86,89,120,212,148
214,21,151,251,207,96,14,239,98,73
214,22,218,0,9,1,19,225,116,132
214,23,116,114,236,60,15,174,17,141
214,24,160,56,7,128,116,223,178,176
214,25,97,219,113,38,93,81,98,145
214,26,241,18,96,203,214,146,231,167
214,27,57,169,3,33,177,71,96,88
214,28,193,196,72,188,237,95,136,99
214,29,49,89,61,88,21,1,119,202
214,30,162,139,16,50,91,232,156,186
214,31,218,4,34,211,252,151,59,33
214,32,146,86,179,47,125,104,156,254
214,33,75,97,104,36,6,37,143,132
214,34,238,44,212,255,28,20,173,181
214,35,190,148,74,167,36,14,130,78
214,36,227,39,115,234,19,74,147,9
214,37,78,27,169,16,80,124,113,22
214,38,169,119,215,251,159,254,117,35
214,39,117,75,158,122,235,179,139,10
215,0,97,166,113,142,150,123,205,215
215,1,34,26,187,59,132,87,181,106
215,2,236,146,227,103,35,17,200,162
215,3,31,211,135,46,84,146,152,142
215,4,161,167,65,13,14,251,67,234
215,5,161,104,204,10,170,186,253,191
215,6,167,54,56,215,238,61,241,39
215,7,91,240,29,23,185,14,199,66
215,8,33,89,86,57,85,83,180,23
215,9,39,94,29,207,161,131,228,98
215,10,130,132,248,1,196,26,178,116
215,11,20,236,136,174,250,17,98,185
215,12,63,26,160,178,56,203,116,242
215,13,43,76,219,97,92,93,222,160
215,14,124,44,20,146,96,18,64,204
215,15,147,81,169,3,177,242,65,71
215,16,5,196,32,45,72,228,170,219
215,17,172,61,89,16,1,8,202,139
215,18,57,187,50,215,91,16,139,77
215,19,30,183,218,59,130,226,124,88
215,20,220,33,49,113,133,207,89,86
215,21,94,29,207,39,161,73,131,227
215,22,130,51,1,116,222,132,196,81
215,23,236,20,17,161,225,42,60,186
215,24,63,160,26,56,32,39,223,15
215,25,43,76,147,160,113,93,92,219
215,26,124,18,241,51,20,32,131,214
215,27,65,96,57,88,81,169,54,204
215,28,5,237,136,99,196,170,32,9
215,29,172,89,211,229,61,16,132,17
215,30,16,187,205,81,148,139,115,91
215,31,30,130,39,218,252,211,228,4
215,32,186,99,113,77,96,47,238,192
215,33,238,232,190,86,58,116,148,126
215,34,88,180,101,161,62,207,97,251
215,35,145,36,167,153,10,160,66,218
215,36,207,98,120,74,181,188,165,153
215,37,190,124,250,127,80,143,31,166
215,38,176,71,159,117,237,70,35,202
215,39,139,235,69,165,133,109,253,10
216,0,22,106,46,66,6,63,121,85
216,1,223,128,250,197,112,191,86,189
216,2,198,87,108,22,121,59,134,10
216,3,194,146,31,76,98,97,160,238
216,4,242,118,122,65,167,251,172,89
216,5,161,10,67,100,254,44,170,204
216,6,167,122,54,61,56,142,241,42
216,7,242,44,91,14,7,240,66,10
216,8,113,33,86,180,57,212,207,4
216,9,240,94,217,98,197,156,151,13
216,10,62,196,72,167,248,26,1,161
216,11,236,203,49,20,195,168,238,98
216,12,56,26,63,7,160,223,203,178
216,13,76,142,113,72,29,160,43,92
216,14,241,18,93,124,96,146,167,64
216,15,96,3,71,76,169,88,57,81
216,16,32,237,196,119,136,99,9,170
216,17,89,132,61,139,16,8,193,229
216,18,16,215,187,91,203,139,159,232
216,19,30,183,226,59,218,205,201,124
216,20,113,33,133,220,49,4,61,164
216,21,151,207,217,240,94,198,73,161
216,22,62,236,51,72,114,81,132,187
216,23,42,236,49,225,195,20,27,255
216,24,56,39,138,223,191,19,59,178
216,25,113,72,219,93,142,29,76,160
216,26,18,241,96,131,179,67,167,156
216,27,96,110,57,120,88,169,204,71
216,28,119,237,136,72,99,170,47,96
216,29,89,110,229,211,132,172,17,200
216,30,159,205,187,16,81,139,91,71
216,31,30,151,228,120,252,226,145,218
216,32,96,186,47,238,113,201,65,77
216,33,73,232,238,58,86,81,116,41
216,34,180,9,207,101,161,251,97,205
216,35,167,153,36,10,145,66,218,83
216,36,181,74,188,120,153,98,198,8
216,37,31,124,190,143,22,175,250,105
216,38,212,118,176,139,127,123,213,94
216,39,241,68,9,72,70,188,145,22
217,0,82,181,251,107,39,83,246,68
217,1,242,79,73,189,45,237,170,203
217,2,108,0,238,201,134,124,243,67
217,3,194,169,134,105,227,189,76,217
217,4,254,17,242,74,109,79,255,89
217,5,174,147,159,97,255,29,153,109
217,6,166,149,164,194,81,140,137,19
217,7,195,242,7,185,136,221,52,251
217,8,125,23,142,93,173,207,148,86
217,9,151,207,217,104,55,161,57,93
217,10,228,68,132,155,187,161,178,84
217,11,64,27,181,102,69,238,195,168
217,12,56,155,154,116,138,83,191,193
217,13,164,72,113,230,142,92,76,219
217,14,238,44,241,96,18,213,167,146
217,15,110,3,96,169,206,120,139,238
217,16,32,14,170,119,72,185,191,228
217,17,26,89,8,101,69,229,1,132
217,18,55,77,159,22,16,91,232,71
217,19,30,237,59,124,137,212,226,225
217,20,133,220,148,72,35,224,53,49
217,21,151,207,217,99,198,161,14,7
217,22,68,228,116,234,165,132,187,72
217,23,64,93,27,225,69,195,60,236
217,24,138,39,56,116,203,125,191,178
217,25,164,219,113,72,93,145,18,125
217,26,238,241,67,96,18,167,44,204
217,27,110,116,204,206,100,139,54,169
217,28,20,119,72,185,14,122,188,170
217,29,26,101,89,200,229,188,141,104
217,30,55,159,203,190,91,115,221,177
217,31,237,30,226,145,151,137,14,201
217,32,224,42,47,206,199,197,65,178
217,33,201,179,156,40,16,81,217,72
217,34,217,49,196,213,251,141,188,149
217,35,210,224,167,10,214,244,36,104
217,36,255,24,129,239,74,188,57,198
217,37,50,124,14,147,57,21,90,153
217,38,146,86,79,212,94,127,118,59
217,39,177,85,13,62,78,34,30,70
218,0,24,109,62,211,138,75,231,26
218,1,226,236,120,22,92,33,193,149
218,2,3,58,221,157,5,77,201,193
218,3,25,159,199,167,19,6,194,30
218,4,192,243,146,121,51,36,160,109
218,5,251,218,165,86,155,153,49,158
218,6,56,149,177,59,122,238,171,26
218,7,32,242,14,35,76,185,38,184
218,8,224,220,23,61,133,98,57,72
218,9,198,161,47,54,197,8,41,73
218,10,228,187,234,81,242,111,165,91
218,11,106,93,3,85,225,205,101,228
218,12,193,223,39,208,134,81,145,35
218,13,72,125,113,99,66,219,127,160
218,14,28,189,64,131,213,61,106,32
218,15,88,71,204,54,250,242,148,110
218,16,136,46,185,32,150,252,170,0
218,17,108,16,201,139,17,104,241,89
218,18,203,115,177,155,90,159,16,68
218,19,201,75,199,30,252,226,225,228
218,20,237,191,220,224,61,185,20,35
218,21,198,151,227,47,161,14,73,26
218,22,91,187,228,72,222,114,24,247
218,23,93,106,236,195,85,225,3,66
218,24,84,56,35,253,223,191,138,19
218,25,72,113,206,127,132,92,81,111
218,26,241,18,131,213,189,28,43,75
218,27,96,88,54,204,57,71,250,155
218,28,181,136,161,150,237,152,188,99
218,29,214,132,17,62,230,50,139,200
218,30,203,115,71,90,177,135,81,220
218,31,199,30,228,96,145,226,91,42
218,32,123,48,201,109,192,237,107,22
218,33,181,189,95,139,107,72,151,205
218,34,175,94,240,48,251,220,252,56
218,35,185,85,94,2,5,191,218,99
218,36,195,152,246,67,125,26,202,248
218,37,67,161,48,60,43,135,153,174
218,38,9,201,234,30,101,163,47,119
218,39,250,246,1,138,92,203,215,188
219,0,234,172,188,111,92,144,63,186
219,1,198,107,233,211,66,33,43,133
219,2,23,230,150,110,239,86,84,66
219,3,186,30,166,116,28,105,25,68
219,4,94,71,192,112,12,116,228,224
219,5,27,165,218,69,251,155,11,2
219,6,59,56,235,42,73,128,142,170
219,7,32,242,14,181,108,76,171,36
219,8,61,86,98,220,35,110,224,207
219,9,198,227,47,161,98,197,96,41
219,10,9,81,218,91,222,238,114,1
219,11,114,106,153,3,236,66,247,155
219,12,43,7,193,223,39,35,84,56
219,13,72,38,113,160,92,99,125,219
219,14,18,131,241,28,46,64,189,93
219,15,96,248,71,204,88,203,54,171
219,16,136,32,99,185,46,181,170,237
219,17,218,236,197,139,102,16,108,8
219,18,203,69,16,81,103,155,68,115
219,19,201,51,30,226,252,75,233,229
219,20,35,65,159,191,61,164,186,180
219,21,198,14,161,73,207,120,227,215
219,22,91,9,0,218,114,187,72,81
219,23,106,66,114,247,153,236,130,225
219,24,154,56,253,203,39,43,35,84
219,25,206,38,72,219,113,51,222,142
219,26,18,118,131,96,43,44,167,54
219,27,213,248,155,54,204,71,206,249
219,28,54,13,46,170,72,47,253,152
219,29,218,89,102,236,17,230,122,141
219,30,69,139,71,91,220,16,251,103
219,31,51,229,30,71,226,151,137,59
219,32,195,146,47,201,162,237,194,159
219,33,6,189,97,37,75,244,81,220
219,34,255,212,19,101,21,90,95,252
219,35,49,167,218,36,145,22,212,10
219,36,234,98,74,153,188,248,211,119
219,37,124,220,143,22,84,209,145,250
219,38,139,118,212,127,101,94,35,84
219,39,165,241,23,70,68,127,188,224
220,0,96,93,226,198,117,171,80,250
220,1,96,40,134,234,57,209,16,195
220,2,84,178,165,120,39,142,33,129
220,3,162,148,186,105,166,75,95,85
220,4,119,71,98,192,20,55,112,37
220,5,27,194,250,144,251,153,2,155
220,6,56,204,59,90,52,235,172,137
220,7,242,181,14,169,36,185,32,47
220,8,61,112,35,159,86,98,224,42
220,9,120,198,178,207,161,227,41,206
220,10,163,229,132,182,178,177,187,40
220,11,130,255,247,18,87,88,168,3
220,12,43,39,116,193,164,154,56,192
220,13,72,219,222,113,200,2,145,125
220,14,44,96,18,207,204,54,161,131
220,15,96,3,169,147,204,76,93,139
220,16,72,32,54,170,228,185,250,49
220,17,89,8,102,1,236,69,115,169
220,18,91,77,16,176,232,69,71,22
220,19,59,30,137,88,124,212,122,226
220,20,133,148,195,72,65,220,224,53
220,21,207,120,229,99,178,215,1,68
220,22,116,165,132,163,156,207,171,41
220,23,60,130,247,18,225,10,255,204
220,24,203,39,178,116,154,56,125,176
220,25,219,145,72,222,93,13,200,51
220,26,204,96,67,44,83,54,167,214
220,27,213,206,99,139,169,249,80,241
220,28,72,231,54,147,13,243,20,47
220,29,89,1,236,102,218,141,206,8
220,30,91,6,139,77,221,69,71,190
220,31,229,233,59,137,30,71,120,51
220,32,17,210,194,47,89,195,199,237
220,33,81,94,23,105,214,40,217,220
220,34,187,188,19,54,12,181,34,21
220,35,167,36,212,214,202,196,10,89
220,36,8,0,253,188,153,74,239,158
220,37,124,220,22,90,164,209,21,84
220,38,127,22,212,118,86,79,94,84
220,39,16,23,68,70,145,62,241,242
221,0,136,78,241,56,89,68,33,18
221,1,166,165,6,252,228,234,217,89
221,2,84,178,56,125,112,120,165,209
221,3,148,166,105,65,4,153,89,158
221,4,253,224,219,37,195,89,152,182
221,5,174,250,153,170,172,111,251,202
221,6,36,204,53,194,102,25,177,52
221,7,47,185,52,36,195,169,49,242
221,8,157,133,148,107,61,80,224,19
221,9,207,161,61,198,73,150,1,99
221,10,12,68,132,116,187,178,234,59
221,11,64,204,60,130,255,225,3,56
221,12,116,157,39,176,238,163,145,164
221,13,42,219,72,145,93,45,212,130
221,14,204,44,132,54,248,96,161,146
221,15,147,139,235,98,238,169,3,206
221,16,172,117,51,250,252,100,72,247
221,17,69,1,185,89,44,233,125,220
221,18,77,138,204,43,91,60,37,175
221,19,122,212,115,143,59,137,35,164
221,20,195,133,72,23,148,53,246,157
221,21,1,251,99,207,43,7,214,229
221,22,148,12,156,116,68,234,132,147
221,23,80,64,60,204,32,63,215,56
221,24,163,39,203,116,125,238,107,176
221,25,42,219,145,45,93,130,222,212
221,26,204,44,96,214,54,200,146,67
221,27,98,139,147,206,116,56,169,3
221,28,72,147,20,201,152,247,137,117
221,29,185,89,1,26,69,104,36,200
221,30,72,91,77,221,139,176,24,93
221,31,229,137,30,59,122,120,33,14
221,32,224,197,47,206,237,210,255,50
221,33,63,156,81,18,40,217,168,206
221,34,152,54,188,213,55,181,251,10
221,35,167,36,39,202,214,212,10,244
221,36,239,188,153,24,251,74,255,158
221,37,50,124,14,22,21,90,229,103
221,38,146,127,212,86,118,79,94,84
221,39,85,177,13,70,62,34,30,116
222,0,62,36,211,134,231,124,152,138
222,1,254,101,193,120,202,195,22,121
222,2,3,84,201,182,56,71,77,120
222,3,15,148,167,11,251,87,243,25
222,4,253,152,160,28,44,121,175,37
222,5,153,251,170,50,58,62,250,115
222,6,79,82,161,126,204,102,154,100
222,7,185,76,36,175,116,85,35,169
222,8,133,148,220,23,107,16,72,195
222,9,207,161,1,61,99,229,44,85
222,10,234,132,12,116,207,242,165,178
222,11,60,85,3,59,255,204,93,231
222,12,157,39,116,208,176,59,210,125
222,13,219,72,13,145,93,45,222,113
222,14,204,44,96,167,231,54,161,214
222,15,147,169,3,71,235,79,233,248
222,16,219,102,190,72,230,170,138,193
222,17,89,8,1,115,185,69,169,78
222,18,130,91,77,72,108,250,71,139
222,19,59,30,85,137,88,226,124,122
222,20,133,121,220,148,72,107,195,233
222,21,207,98,198,229,161,14,108,251
222,22,12,165,116,242,207,132,233,234
222,23,85,60,59,15,164,225,218,231
222,24,39,11,56,157,203,119,178,20
222,25,222,72,13,219,42,19,140,51
222,26,96,18,44,196,224,83,93,43
222,27,171,28,169,76,3,249,96,71
222,28,193,190,147,219,72,230,102,196
222,29,88,61,21,185,89,1,200,122
222,30,50,162,250,232,63,91,220,139
222,31,34,30,28,228,183,229,151,137
222,32,179,125,146,76,123,12,18,47
222,33,75,56,139,104,143,11,95,181
222,34,195,44,240,72,238,28,67,220
222,35,190,74,148,185,167,10,36,2
222,36,227,115,39,142,26,125,147,248
222,37,78,27,169,124,193,16,113,20
222,38,169,119,215,251,254,35,18,61
222,39,158,75,117,122,44,139,231,188
223,0,166,97,142,113,205,123,150,215
223,1,34,59,26,187,132,199,181,136
223,2,90,103,146,162,210,176,196,244
223,3,31,211,135,146,46,37,84,142
223,4,161,167,13,65,14,251,170,39
223,5,204,104,161,235,10,172,170,214
223,6,167,59,204,126,107,135,246,52
223,7,242,14,91,29,66,185,76,36
223,8,33,89,61,86,110,83,57,168
223,9,39,94,29,161,198,227,132,98
223,10,130,12,1,248,165,81,182,187
223,11,20,255,236,3,248,147,225,145
223,12,39,223,26,59,63,193,56,65
223,13,219,72,222,43,92,125,160,113
223,14,124,18,131,64,167,96,44,106
223,15,65,204,71,79,81,54,88,76
223,16,196,99,32,5,237,46,170,219
223,17,61,139,200,172,89,8,39,16
223,18,57,50,187,148,16,203,81,71
223,19,130,183,226,30,252,201,145,218
223,20,33,164,86,220,89,61,80,49
223,21,39,94,29,198,73,161,227,59
223,22,130,1,91,222,81,187,52,51
223,23,20,236,225,17,255,170,203,106
223,24,56,63,26,32,223,160,15,128
223,25,43,72,97,113,147,81,160,222
223,26,18,124,131,241,51,32,179,96
223,27,65,96,57,81,88,54,171,204
223,28,196,96,5,99,237,136,32,170
223,29,172,61,200,139,89,229,132,230
223,30,148,16,187,81,139,91,135,71
223,31,130,30,228,252,151,96,226,39
223,32,99,113,254,238,47,159,77,65
223,33,190,232,41,143,104,238,166,86
223,34,88,161,97,34,62,220,101,251
223,35,167,36,2,10,145,74,39,235
223,36,207,49,74,188,248,120,98,153
223,37,190,15,124,143,22,67,60,209
223,38,71,80,139,118,30,234,213,101
223,39,69,72,244,139,92,203,250,188
224,0,66,106,22,46,6,233,63,121
224,1,223,250,112,128,189,200,217,191
224,2,198,134,87,22,121,59,242,10
224,3,214,76,146,75,28,194,92,123
224,4,242,118,122,65,251,224,248,54
224,5,10,161,100,67,254,11,44,29
224,6,137,167,90,172,142,61,230,166
224,7,242,44,91,14,10,7,79,40
224,8,113,89,86,57,69,110,73,61
224,9,217,26,94,156,98,151,13,197
224,10,62,114,167,72,182,6,161,253
224,11,203,112,20,236,195,49,147,251
224,12,138,56,193,7,223,26,43,59
224,13,113,72,29,160,219,206,18,92
224,14,18,93,241,124,167,131,96,231
224,15,96,71,39,88,171,204,54,3
224,16,196,32,99,9,170,181,136,47
224,17,61,132,16,89,139,200,193,172
224,18,71,32,90,203,16,22,57,91
224,19,183,225,30,226,201,59,205,88
224,20,35,164,207,133,4,86,180,65
224,21,217,207,94,73,151,156,240,198
224,22,62,236,114,72,116,253,1,91
224,23,203,42,195,20,236,255,225,49
224,24,39,56,190,138,203,59,43,32
224,25,113,29,219,140,160,93,72,125
224,26,18,241,189,156,44,67,51,131
224,27,96,171,102,88,169,54,71,204
224,28,47,96,237,72,170,99,136,181
224,29,89,17,132,1,141,200,16,230
224,30,71,159,16,91,81,139,205,148
224,31,225,30,91,59,226,228,151,39
224,32,96,201,47,186,116,185,159,148
224,33,232,182,58,238,86,81,116,107
224,34,9,205,180,101,252,207,56,161
224,35,36,167,153,218,132,235,145,202
224,36,181,153,74,188,120,248,117,98
224,37,31,124,143,22,190,175,67,161
224,38,118,127,212,101,58,139,213,159
224,39,241,9,68,70,188,201,235,92
225,0,57,56,127,110,147,191,165,68
225,1,241,134,242,72,63,175,128,137
225,2,33,134,141,239,108,116,137,238
225,3,70,121,171,214,200,5,123,194
225,4,254,74,17,122,138,199,23,242
225,5,11,144,24,169,29,83,212,249
225,6,137,164,166,128,119,141,76,77
225,7,206,221,56,251,47,37,40,237
225,8,207,173,61,245,224,69,77,137
225,9,148,224,41,73,197,217,255,98
225,10,24,73,91,29,199,72,187,92
225,11,147,210,181,143,98,251,255,154
225,12,84,39,145,43,134,194,223,224
225,13,93,66,219,212,113,125,175,32
225,14,189,159,167,231,32,106,88,51
225,15,148,203,242,147,58,71,162,165
225,16,252,170,80,51,0,134,32,174
225,17,89,20,198,16,230,17,108,211
225,18,203,177,32,43,135,127,204,71
225,19,30,199,226,183,201,75,173,191
225,20,80,207,133,224,237,23,220,191
225,21,148,73,207,255,47,88,155,197
225,22,199,24,234,187,247,91,252,72
225,23,210,147,255,3,173,225,154,226
225,24,39,43,84,34,199,164,94,206
225,25,93,219,234,113,66,140,227,175
225,26,189,167,231,106,214,18,156,244
225,27,203,171,71,54,169,88,96,250
225,28,161,47,170,181,72,250,237,253
225,29,214,17,89,230,218,200,1,50
225,30,71,135,81,159,139,91,103,16
225,31,91,199,228,30,226,59,71,88
225,32,221,201,48,47,185,159,192,62
225,33,96,107,151,58,121,9,253,244
225,34,56,208,252,175,226,21,95,220
225,35,5,85,218,99,167,36,22,235
225,36,1,195,246,152,248,74,153,188
225,37,56,67,161,143,135,22,124,48
225,38,195,101,201,30,9,234,118,127
225,39,246,1,250,92,215,37,248,15
226,0,250,84,228,102,14,10,93,239
226,1,255,72,29,65,111,128,233,211
226,2,134,141,33,64,137,239,15,117
226,3,116,70,171,214,20,121,199,19
226,4,112,74,98,254,116,215,54,106
226,5,11,169,144,18,27,245,12,24
226,6,142,137,166,73,200,164,79,42
226,7,56,40,14,158,37,171,206,47
226,8,173,207,61,77,86,69,65,245
226,9,148,215,98,197,73,128,41,207
226,10,24,114,72,252,91,199,84,29
226,11,147,247,210,255,114,98,95,203
226,12,43,190,84,191,223,224,164,154
226,13,113,38,140,219,160,29,72,111
226,14,93,18,167,231,241,0,189,131
226,15,203,71,96,88,54,147,250,169
226,16,170,181,136,32,47,252,231,0
226,17,218,197,89,16,102,200,8,108
226,18,71,16,22,203,177,204,91,77
226,19,199,30,183,226,59,201,75,88
226,20,35,65,207,133,164,80,4,20
226,21,148,207,215,73,102,155,156,251
226,22,24,199,114,234,116,72,187,207
226,23,247,210,147,114,255,49,3,225
226,24,43,39,203,154,206,59,84,56
226,25,219,113,111,140,93,29,72,38
226,26,18,44,83,67,96,167,204,156
226,27,203,213,169,96,71,206,54,249
226,28,72,47,161,170,250,231,253,24
226,29,218,89,1,17,141,102,230,103
226,30,71,91,139,77,159,177,16,135
226,31,199,91,30,59,228,71,88,226
226,32,221,47,201,185,159,48,247,21
226,33,96,244,107,121,58,81,151,105
226,34,81,56,208,252,15,21,95,10
226,35,132,167,36,218,99,22,235,202
226,36,188,246,195,152,153,248,74,117
226,37,161,67,143,124,135,22,158,48
226,38,9,30,101,234,127,118,201,195
226,39,250,246,1,92,248,203,70,15
227,0,144,84,234,92,62,186,242,188
227,1,198,255,193,33,165,79,197,111
227,2,33,92,150,230,86,159,236,15
227,3,30,177,25,155,58,214,11,101
227,4,98,94,112,192,152,71,116,216
227,5,153,144,170,251,115,18,218,165
227,6,92,142,200,126,79,91,43,125
227,7,185,181,243,76,35,14,175,37
227,8,148,207,133,220,224,53,72,233
227,9,207,120,5,161,1,215,61,98
227,10,207,9,132,116,178,234,165,8
227,11,153,15,130,147,60,255,98,3
227,12,206,39,116,223,59,176,193,178
227,13,219,113,140,93,145,72,38,222
227,14,44,204,96,167,220,18,54,67
227,15,248,147,96,169,79,3,123,71
227,16,170,230,72,47,32,13,20,250
227,17,89,197,236,1,8,218,206,169
227,18,69,71,91,77,22,130,139,188
227,19,59,30,88,226,71,70,212,233
227,20,133,148,65,220,72,23,164,4
227,21,207,120,5,1,229,108,14,251
227,22,0,116,9,207,165,132,234,156
227,23,15,153,60,130,147,17,98,225
227,24,203,206,39,116,178,106,59,154
227,25,219,222,145,93,140,72,199,200
227,26,83,96,204,67,44,93,18,220
227,27,248,213,169,206,80,142,139,249
227,28,230,72,54,47,250,185,231,13
227,29,89,1,236,102,206,103,8,141
227,30,69,91,139,77,118,190,97,221
227,31,60,71,59,233,137,33,88,28
227,32,146,195,47,86,199,255,21,201
227,33,97,37,81,181,217,36,94,75
227,34,212,90,255,187,19,246,54,188
227,35,49,167,44,36,202,212,14,129
227,36,188,153,234,8,0,147,74,119
227,37,220,124,22,193,103,209,199,89
227,38,127,118,22,139,212,198,175,86
227,39,23,68,241,16,224,70,145,127
228,0,84,57,165,56,110,59,170,245
228,1,209,40,183,96,166,234,171,57
228,2,20,238,234,95,125,128,172,54
228,3,255,70,41,145,119,217,4,191
228,4,138,164,159,98,156,37,116,145
228,5,19,153,249,170,236,202,144,117
228,6,91,79,126,92,102,125,43,26
228,7,243,185,47,175,139,49,204,3
228,8,148,133,53,72,65,23,233,195
228,9,148,207,99,1,161,229,85,215
228,10,46,132,207,116,234,178,156,61
228,11,93,116,210,60,204,255,85,3
228,12,116,39,157,238,163,176,10,11
228,13,219,145,72,83,208,212,45,170
228,14,44,132,204,146,83,248,54,161
228,15,235,147,139,190,98,74,238,169
228,16,172,191,72,112,117,104,100,73
228,17,69,44,1,89,8,104,220,233
228,18,77,138,91,204,240,22,83,175
228,19,212,122,115,59,137,143,88,196
228,20,195,133,148,72,53,235,192,245
228,21,1,99,148,251,207,7,36,68
228,22,116,156,148,132,46,234,165,147
228,23,93,116,210,60,32,204,162,44
228,24,203,116,39,176,238,178,125,250
228,25,219,145,222,72,21,45,130,140
228,26,96,44,204,83,67,203,18,231
228,27,203,3,169,103,147,139,206,177
228,28,72,47,250,193,78,170,102,186
228,29,49,1,89,104,88,21,102,206
228,30,91,151,50,162,77,139,232,69
228,31,28,59,34,30,71,88,225,137
228,32,86,47,179,21,18,247,146,50
228,33,96,36,104,81,189,177,6,198
228,34,90,238,44,28,95,181,10,21
228,35,167,49,36,148,190,44,212,202
228,36,227,147,188,153,39,115,74,234
228,37,78,193,124,15,22,27,209,103
228,38,215,139,127,118,119,212,251,175
228,39,158,224,72,122,70,36,203,15
229,0,117,171,185,122,18,187,128,226
229,1,13,183,111,81,96,2,209,85
229,2,20,95,238,35,252,196,125,169
229,3,255,170,43,221,6,201,75,200
229,4,8,139,55,123,152,119,180,239
229,5,153,194,114,170,19,23,202,0
229,6,16,92,3,114,125,200,91,126
229,7,228,185,243,76,19,175,158,14
229,8,112,35,148,207,61,85,220,53
229,9,19,178,5,207,206,73,98,1
229,10,163,132,207,178,9,234,46,187
229,11,116,18,142,17,255,98,15,3
229,12,206,67,116,39,106,164,59,176
229,13,219,200,222,145,113,72,140,93
229,14,44,38,96,204,167,132,18,54
229,15,103,96,169,241,147,3,71,79
229,16,179,78,13,170,47,185,228,72
229,17,155,89,8,206,69,1,236,169
229,18,77,91,130,71,6,139,188,69
229,19,30,59,137,212,226,71,124,91
229,20,133,148,68,112,220,72,53,23
229,21,207,19,1,99,229,206,178,5
229,22,163,165,116,132,10,156,140,207
229,23,60,18,17,142,156,130,225,162
229,24,39,116,203,176,178,67,206,94
229,25,219,145,222,93,72,200,208,78
229,26,204,96,38,67,44,83,167,237
229,27,103,139,206,169,215,177,142,213
229,28,179,72,78,47,185,228,21,147
229,29,89,155,1,206,69,102,236,126
229,30,77,91,6,151,139,130,69,221
229,31,60,59,71,33,30,88,28,70
229,32,89,17,47,137,101,247,37,255
229,33,23,117,214,81,94,68,40,105
229,34,58,187,28,177,12,54,182,90
229,35,36,167,7,14,99,202,49,44
229,36,253,57,153,188,0,8,74,10
229,37,164,124,84,22,153,240,220,103
229,38,136,127,118,22,212,175,254,139
229,39,23,16,34,70,145,203,68,30
230,0,250,225,116,122,151,223,62,239
230,1,154,153,253,56,67,190,119,28
230,2,95,13,20,115,5,177,253,252
230,3,154,159,255,6,192,25,58,75
230,4,180,152,231,55,164,216,123,121
230,5,153,172,115,251,170,81,3,2
230,6,114,126,79,200,209,91,44,102
230,7,185,76,158,35,228,4,142,243
230,8,148,133,220,233,72,207,53,224
230,9,99,207,161,85,1,229,61,199
230,10,132,207,116,178,165,17,117,234
230,11,17,186,60,116,98,255,204,209
230,12,116,39,176,157,203,223,32,178
230,13,219,72,145,222,93,45,113,212
230,14,44,204,96,18,54,146,167,132
230,15,79,147,3,169,71,235,76,206
230,16,219,138,193,170,72,32,47,250
230,17,89,8,1,78,69,169,157,124
230,18,130,77,91,71,151,50,138,240
230,19,30,59,137,183,124,70,88,212
230,20,133,220,72,207,86,148,121,73
230,21,98,207,161,251,59,131,86,198
230,22,116,17,216,207,1,233,234,165
230,23,116,209,225,59,201,17,186,60
230,24,32,128,39,119,203,238,15,34
230,25,222,19,140,97,219,113,72,101
230,26,96,18,44,231,203,167,224,156
230,27,79,171,3,169,13,71,54,130
230,28,193,219,82,250,47,196,72,170
230,29,88,21,89,61,49,1,78,200
230,30,232,162,50,91,139,130,16,151
230,31,30,183,59,34,88,228,33,226
230,32,179,120,47,125,157,86,159,21
230,33,132,161,104,5,143,181,36,81
230,34,238,44,109,240,28,227,177,21
230,35,74,148,190,167,36,61,14,10
230,36,115,227,188,39,153,248,147,142
230,37,27,78,124,22,169,16,113,19
230,38,215,119,251,169,118,127,212,139
230,39,158,231,122,70,188,72,179,165
231,0,117,96,128,233,51,226,187,11
231,1,158,13,120,232,81,43,169,223
231,2,107,52,73,55,252,176,244,35
231,3,91,255,192,170,76,190,98,193
231,4,55,139,123,8,119,105,180,231
231,5,27,172,153,161,61,114,170,3
231,6,90,200,55,114,126,79,3,142
231,7,181,44,14,76,185,243,171,158
231,8,112,86,207,65,61,164,103,212
231,9,178,19,207,98,215,206,198,96
231,10,163,207,178,132,46,114,5,1
231,11,20,142,255,18,98,116,147,186
231,12,67,43,59,223,39,56,160,190
231,13,219,222,140,116,113,29,200,72
231,14,18,38,93,96,167,44,156,241
231,15,99,3,71,39,13,96,171,169
231,16,54,99,32,170,250,47,96,147
231,17,200,139,89,88,16,8,218,104
231,18,232,203,16,22,148,91,71,190
231,19,30,199,226,108,228,201,102,28
231,20,220,4,61,164,80,112,86,224
231,21,178,207,73,5,198,215,151,102
231,22,163,81,253,5,165,114,187,24
231,23,20,142,170,3,225,247,236,255
231,24,222,67,43,39,59,56,138,206
231,25,113,140,219,29,93,72,98,145
231,26,18,96,167,179,83,38,131,93
231,27,99,71,3,54,13,96,213,206
231,28,33,54,170,231,116,96,186,72
231,29,89,139,200,141,236,230,206,218
231,30,71,91,232,190,103,221,251,139
231,31,228,30,199,226,91,108,59,71
231,32,17,89,21,47,201,159,156,65
231,33,105,244,107,143,214,81,58,23
231,34,12,21,252,81,56,220,95,58
231,35,132,167,218,61,36,10,2,99
231,36,253,152,246,248,74,202,188,211
231,37,161,135,60,67,124,209,143,22
231,38,30,9,234,136,127,195,101,118
231,39,250,246,1,92,248,203,188,70
232,0,210,144,234,111,92,172,186,84
232,1,95,32,195,97,217,198,120,185
232,2,13,92,150,159,157,95,253,33
232,3,30,177,159,202,25,155,95,255
232,4,94,133,192,152,98,71,54,112
232,5,153,115,165,2,251,144,155,62
232,6,79,154,92,59,55,235,90,84
232,7,181,76,185,14,171,158,35,79
232,8,159,164,61,86,220,224,207,194
232,9,120,198,207,5,98,161,61,14
232,10,9,5,81,253,234,222,207,165
232,11,153,3,142,255,207,145,66,130
232,12,222,39,59,223,178,154,116,189
232,13,116,219,113,18,140,93,143,125
232,14,167,93,106,14,156,231,83,131
232,15,71,39,248,54,13,96,88,123
232,16,170,54,99,33,188,136,46,13
232,17,200,236,89,139,218,88,8,78
232,18,69,232,103,190,16,251,91,77
232,19,30,51,226,228,102,39,124,252
232,20,159,4,220,224,133,184,61,35
232,21,120,207,5,198,73,96,61,14
232,22,9,165,253,81,0,5,91,116
232,23,153,66,3,130,145,15,207,225
232,24,39,222,59,154,190,206,116,138
232,25,116,199,113,219,72,93,200,28
232,26,167,83,93,67,156,96,75,179
232,27,248,206,213,100,71,233,13,121
232,28,54,170,20,185,231,72,230,33
232,29,89,236,200,206,1,139,8,191
232,30,69,77,221,91,103,139,251,190
232,31,51,30,102,233,137,226,108,71
232,32,195,146,194,47,206,199,65,21
232,33,75,97,37,81,94,40,6,49
232,34,212,187,21,19,255,188,54,90
232,35,167,214,212,36,244,202,49,10
232,36,188,8,129,0,234,153,74,239
232,37,84,57,124,105,147,103,209,21
232,38,22,127,79,84,212,118,86,94
232,39,16,62,145,23,68,242,34,188
233,0,181,82,107,251,39,255,246,83
233,1,183,222,234,92,40,237,20,136
233,2,253,28,120,251,191,55,7,20
233,3,169,174,100,17,232,75,150,173
233,4,172,159,133,21,60,213,20,89
233,5,250,174,32,194,183,153,68,159
233,6,84,149,49,55,160,79,194,90
233,7,195,185,76,220,170,7,136,251
233,8,159,184,68,157,53,42,148,59
233,9,120,207,5,104,85,99,198,61
233,10,68,178,3,234,63,132,5,99
233,11,64,207,130,3,145,193,170,93
233,12,154,39,222,206,116,106,210,237
233,13,164,219,230,116,137,113,145,199
233,14,167,44,146,54,138,83,96,204
233,15,206,233,3,39,110,71,147,139
233,16,170,185,54,188,20,47,228,250
233,17,26,8,89,69,1,104,101,229
233,18,77,55,91,192,232,22,63,16
233,19,237,30,59,137,14,124,51,28
233,20,133,53,148,220,171,152,159,233
233,21,207,120,99,5,151,61,7,248
233,22,68,116,234,165,8,178,63,132
233,23,64,93,207,56,145,3,193,60
233,24,39,116,154,125,210,244,190,178
233,25,164,219,137,72,200,145,199,93
233,26,83,167,146,67,138,96,44,132
233,27,206,116,100,139,213,233,110,241
233,28,20,185,149,72,231,170,201,147
233,29,26,89,101,1,8,104,200,206
233,30,55,77,221,91,190,69,139,192
233,31,237,137,14,59,30,124,135,233
233,32,224,206,197,47,178,199,156,210
233,33,81,179,201,156,40,217,12,18
233,34,49,217,213,188,141,90,247,107
233,35,167,224,202,214,244,36,171,10
233,36,188,24,129,255,153,239,10,74
233,37,50,124,14,103,147,22,57,199
233,38,146,127,79,118,212,86,94,198
233,39,13,85,177,34,116,30,70,62
234,0,70,109,24,231,62,124,211,178
234,1,226,49,236,32,85,22,185,193
234,2,193,3,221,120,77,253,251,5
234,3,243,197,196,54,251,201,112,167
234,4,152,243,134,175,197,36,121,75
234,5,251,250,153,164,120,210,122,0
234,6,168,102,49,26,209,84,159,149
234,7,185,175,132,225,187,104,57,3
234,8,148,53,133,72,23,195,59,16
234,9,99,1,207,134,81,61,28,130
234,10,132,232,109,205,116,242,165,108
234,11,231,218,32,59,85,204,60,44
234,12,137,116,10,176,250,47,157,210
234,13,145,230,19,212,208,34,165,183
234,14,132,204,44,73,252,54,248,96
234,15,235,139,190,238,206,147,233,98
234,16,190,191,72,10,53,104,172,56
234,17,19,69,8,126,1,44,89,99
234,18,77,219,91,138,130,55,192,83
234,19,59,99,247,137,212,115,122,88
234,20,148,133,53,171,224,195,72,233
234,21,207,99,61,1,254,229,5,68
234,22,109,116,165,146,148,232,205,156
234,23,231,204,60,93,194,59,218,111
234,24,210,166,137,116,47,39,87,55
234,25,137,230,0,155,145,169,208,219
234,26,167,132,67,196,244,204,138,78
234,27,206,233,28,139,177,18,100,112
234,28,56,72,53,59,10,82,228,20
234,29,19,126,89,1,69,28,8,161
234,30,219,77,192,91,143,55,151,130
234,31,157,247,83,137,99,59,135,14
234,32,85,14,47,209,101,123,173,206
234,33,81,84,72,203,68,146,91,177
234,34,18,94,11,195,249,166,107,141
234,35,8,167,36,202,185,191,254,106
234,36,26,37,188,153,125,79,44,129
234,37,196,162,14,103,105,126,22,21
234,38,132,127,52,118,79,217,185,94
234,39,99,44,77,116,70,62,30,134
235,0,159,69,204,116,174,62,13,240
235,1,104,193,185,236,32,162,49,144
235,2,169,39,122,120,3,38,250,131
235,3,243,166,197,149,196,100,79,167
235,4,221,243,152,175,44,148,134,28
235,5,153,251,250,120,164,58,0,77
235,6,102,161,149,209,49,125,100,84
235,7,185,38,225,246,175,104,199,132
235,8,148,53,133,72,59,16,23,233
235,9,99,1,207,134,161,229,68,130
235,10,242,132,116,232,165,234,205,156
235,11,85,59,93,97,60,231,204,218
235,12,116,157,39,137,176,250,222,10
235,13,219,19,230,137,145,208,183,222
235,14,204,44,132,54,167,96,161,252
235,15,147,235,139,233,206,98,169,238
235,16,190,170,185,72,53,193,228,250
235,17,19,8,89,1,69,21,104,78
235,18,77,130,91,192,219,55,250,138
235,19,247,59,137,85,14,30,88,191
235,20,148,133,121,53,171,72,233,195
235,21,207,99,98,229,61,5,68,248
235,22,242,116,165,146,234,205,232,156
235,23,231,93,59,85,218,60,220,204
235,24,210,39,11,116,128,119,166,125
235,25,230,137,19,219,222,169,155,208
235,26,167,67,93,96,138,156,203,146
235,27,206,233,28,100,71,139,169,13
235,28,56,20,193,82,72,170,53,219
235,29,19,89,88,1,200,21,8,141
235,30,219,50,77,151,63,91,162,250
235,31,247,137,30,59,157,135,228,226
235,32,123,179,85,47,125,14,18,86
235,33,139,81,104,11,95,203,68,162
235,34,195,94,44,18,238,72,240,21
235,35,167,148,214,36,244,202,190,191
235,36,26,129,115,188,44,227,153,39
235,37,14,27,162,147,57,105,78,103
235,38,79,127,119,215,118,84,94,52
235,39,231,62,77,116,44,242,30,188
236,0,123,229,249,196,105,216,7,64
236,1,150,225,231,27,20,244,93,155
236,2,103,100,162,163,210,4,151,109
236,3,133,187,152,235,231,31,84,78
236,4,142,13,236,222,102,108,39,66
236,5,193,104,186,112,204,32,41,158
236,6,79,153,167,84,126,154,59,43
236,7,185,23,29,14,76,216,242,37
236,8,234,89,116,180,83,72,86,77
236,9,29,94,164,207,85,161,215,98
236,10,130,169,132,207,178,234,196,1
236,11,189,161,255,98,147,236,145,3
236,12,26,39,63,74,223,128,116,56
236,13,219,43,147,222,72,113,92,140
236,14,20,124,18,44,51,64,167,96
236,15,81,200,147,162,71,242,181,79
236,16,5,196,32,133,170,250,152,9
236,17,250,61,76,172,89,16,8,20
236,18,57,179,50,187,0,77,43,81
236,19,130,183,109,205,20,191,30,145
236,20,234,207,86,83,89,20,164,99
236,21,164,29,94,207,161,59,131,102
236,22,130,169,198,116,234,196,26,1
236,23,189,161,62,236,255,87,186,128
236,24,74,63,26,160,32,15,223,128
236,25,43,147,97,134,160,92,219,61
236,26,20,148,124,51,18,32,44,231
236,27,200,81,162,181,88,58,57,169
236,28,133,5,196,43,170,32,72,189
236,29,76,250,172,61,87,89,16,211
236,30,16,179,187,205,139,81,177,77
236,31,4,205,109,130,39,30,183,201
236,32,98,99,186,185,134,181,77,159
236,33,126,238,183,86,73,99,77,207
236,34,84,96,207,180,62,101,20,157
236,35,160,57,145,47,128,203,153,221
236,36,120,181,70,217,98,171,75,133
236,37,65,190,31,182,58,19,61,2
236,38,148,71,140,180,159,18,218,49
236,39,2,69,38,217,189,213,133,24
237,0,141,235,190,47,221,115,125,253
237,1,93,244,155,182,197,152,46,188
237,2,100,57,103,123,145,93,10,29
237,3,187,235,133,231,190,117,158,118
237,4,236,142,222,95,128,91,87,163
237,5,193,47,90,41,79,135,158,65
237,6,153,79,60,215,206,138,196,167
237,7,23,29,185,117,78,64,229,14
237,8,116,234,99,180,239,57,23,77
237,9,164,116,191,170,59,197,255,161
237,10,169,198,125,65,130,199,196,185
237,11,189,128,161,206,86,233,108,160
237,12,254,134,74,93,63,26,128,15
237,13,74,154,32,147,134,43,182,212
237,14,47,88,124,137,51,20,189,148
237,15,148,242,162,243,200,81,62,58
237,16,134,174,5,51,133,252,196,43
237,17,198,250,76,0,89,172,87,61
237,18,179,134,57,43,50,163,187,0
237,19,116,20,109,195,191,57,205,183
237,20,234,239,99,207,116,237,179,20
237,21,164,116,191,94,29,197,161,127
237,22,169,198,130,125,10,199,247,191
237,23,189,128,161,62,206,86,193,111
237,24,74,63,93,26,15,235,78,209
237,25,147,134,43,6,182,95,154,107
237,26,124,20,148,88,51,32,86,137
237,27,162,181,200,81,58,165,31,147
237,28,43,133,5,170,252,9,196,24
237,29,87,0,76,250,172,20,59,124
237,30,163,179,43,187,226,77,16,37
237,31,116,109,4,205,20,39,191,30
237,32,181,119,178,90,223,134,131,185
237,33,93,129,83,86,183,43,92,16
237,34,82,96,132,113,130,1,26,74
237,35,160,27,57,72,84,42,135,36
237,36,222,75,221,20,70,165,83,192
237,37,39,229,24,2,215,19,54,36
237,38,64,249,140,193,62,180,18,42
237,39,186,190,237,235,218,222,19,88
238,0,38,54,167,193,44,94,112,244
238,1,58,46,122,47,188,105,20,201
238,2,100,140,186,85,128,82,53,29
238,3,26,230,233,117,103,78,118,210
238,4,45,213,81,144,245,145,91,163
238,5,188,90,43,193,47,109,248,135
238,6,60,206,215,153,68,121,173,143
238,7,176,117,207,54,229,70,22,23
238,8,116,239,104,73,234,23,179,180
238,9,126,113,191,116,171,84,25,170
238,10,157,115,238,27,65,100,183,195
238,11,140,233,133,47,181,86,39,161
238,12,44,93,54,74,62,212,85,134
238,13,6,134,61,206,33,147,11,251
238,14,86,148,32,51,147,47,9,125
238,15,162,181,200,58,148,46,147,62
238,16,133,43,134,170,0,174,252,231
238,17,5,76,89,20,166,193,87,16
238,18,179,204,226,124,187,77,203,192
238,19,109,191,205,30,183,226,120,19
238,20,239,234,133,207,99,180,15,164
238,21,207,116,191,164,126,155,94,1
238,22,236,157,234,161,247,10,198,125
238,23,189,140,111,62,206,39,47,128
238,24,93,220,39,74,44,15,209,54
238,25,6,219,93,134,154,66,107,147
238,26,51,52,86,148,167,88,214,204
238,27,162,200,181,147,58,81,165,206
238,28,43,170,133,72,5,24,51,252
238,29,5,89,76,20,172,1,158,87
238,30,226,179,192,16,187,77,91,139
238,31,30,167,109,226,12,59,39,116
238,32,223,119,178,181,47,206,185,90
238,33,83,74,93,129,86,81,73,183
238,34,186,1,21,116,82,96,141,207
238,35,167,160,36,244,57,202,224,214
238,36,70,153,129,74,188,120,181,248
238,37,58,124,229,145,22,190,62,113
238,38,159,92,245,21,252,65,16,247
238,39,238,95,189,235,50,56,38,2
239,0,140,238,43,112,173,95,200,58
239,1,46,47,188,137,249,20,58,181
239,2,186,140,82,29,20,85,165,172
239,3,117,233,26,103,230,119,118,78
239,4,213,145,245,193,199,144,249,81
239,5,188,90,145,106,76,239,132,230
239,6,206,118,176,96,254,230,145,98
239,7,176,47,142,175,225,106,221,136
239,8,148,239,53,195,85,23,72,133
239,9,99,1,126,113,203,201,127,53
239,10,115,23,43,240,76,195,61,108
239,11,42,181,239,32,51,187,60,230
239,12,10,137,250,176,161,116,83,102
239,13,34,83,212,208,58,45,170,248
239,14,132,204,44,248,73,115,253,54
239,15,139,190,235,227,74,238,145,228
239,16,191,172,112,104,25,74,24,183
239,17,69,44,192,210,196,217,152,125
239,18,77,224,138,64,152,102,60,241
239,19,212,115,95,125,180,127,9,1
239,20,195,148,53,133,72,85,240,145
239,21,99,1,193,254,214,238,204,211
239,22,148,147,172,217,160,156,132,149
239,23,32,80,63,230,204,117,44,60
239,24,137,176,161,116,10,120,199,163
239,25,34,145,45,208,58,212,248,211
239,26,204,132,55,248,253,71,164,115
239,27,139,98,235,147,190,206,227,177
239,28,172,191,74,47,24,72,160,197
239,29,69,150,158,44,1,192,5,60
239,30,77,138,226,192,91,92,97,225
239,31,212,122,59,88,167,115,180,95
239,32,255,33,47,223,178,241,104,236
239,33,192,74,81,190,110,85,177,146
239,34,16,246,116,10,1,186,37,211
239,35,14,36,202,167,79,244,254,156
239,36,188,153,70,134,154,78,10,129
239,37,103,124,238,58,22,199,219,52
239,38,92,148,118,127,79,27,212,249
239,39,243,38,70,238,78,242,2,189
240,0,238,88,189,173,108,6,114,89
240,1,47,140,192,152,181,70,46,33
240,2,197,82,165,8,62,186,21,204
240,3,233,117,106,150,110,103,118,29
240,4,45,193,62,9,235,114,27,199
240,5,230,188,239,87,221,248,189,109
240,6,118,96,122,101,131,28,217,65
240,7,176,145,238,207,157,250,112,106
240,8,239,104,73,116,179,148,23,187
240,9,53,126,69,113,84,119,201,180
240,10,215,157,183,115,122,93,238,227
240,11,181,39,51,41,183,28,253,111
240,12,102,212,62,154,41,214,191,104
240,13,6,251,168,212,142,5,145,255
240,14,132,204,54,52,214,41,215,248
240,15,147,139,206,110,3,46,117,235
240,16,170,181,191,32,88,248,119,252
240,17,69,1,8,89,5,44,20,158
240,18,77,204,91,159,22,226,138,192
240,19,122,59,212,115,183,88,4,117
240,20,133,195,148,72,53,23,104,239
240,21,207,1,99,251,53,69,229,201
240,22,236,234,116,132,157,148,156,34
240,23,140,111,60,39,80,12,32,215
240,24,116,220,39,120,250,191,137,81
240,25,145,219,6,45,93,208,146,113
240,26,204,52,44,214,96,67,154,231
240,27,147,110,139,3,233,169,206,98
240,28,72,20,170,24,47,26,51,250
240,29,5,158,1,89,26,69,20,101
240,30,77,226,192,91,170,139,16,128
240,31,59,122,167,166,120,30,137,212
240,32,223,60,47,178,206,255,158,119
240,33,74,81,190,83,40,41,93,16
240,34,116,82,1,21,213,246,34,141
240,35,167,36,244,224,202,214,14,11
240,36,70,153,188,129,239,74,10,181
240,37,104,58,124,22,147,103,14,21
240,38,92,27,148,118,127,79,212,71
240,39,110,243,70,38,12,78,242,69
241,0,124,62,144,92,211,231,191,155
241,1,245,33,124,32,185,193,167,118
241,2,60,193,79,3,188,49,157,92
241,3,197,251,243,11,249,157,199,6
241,4,152,154,36,134,88,121,160,200
241,5,153,251,170,120,115,2,62,0
241,6,82,14,161,168,79,49,209,157
241,7,185,158,199,171,76,183,32,184
241,8,220,148,133,53,207,224,72,171
241,9,207,61,99,85,229,68,1,5
241,10,8,122,234,165,157,99,232,132
241,11,111,59,85,231,47,202,3,209
241,12,210,208,39,237,116,191,137,220
241,13,219,13,145,168,6,113,16,93
241,14,52,167,14,53,204,96,106,161
241,15,233,213,71,206,3,195,181,162
241,16,170,0,190,230,152,252,47,231
241,17,20,158,142,19,89,8,126,69
241,18,192,250,130,226,16,77,91,22
241,19,247,226,30,59,4,137,191,124
241,20,133,207,220,171,159,148,53,107
241,21,207,5,151,227,156,131,108,197
241,22,157,234,8,122,165,116,9,242
241,23,111,85,231,59,195,15,93,99
241,24,191,39,101,210,15,220,47,138
241,25,155,219,6,168,113,145,19,20
241,26,52,231,67,167,196,86,179,54
241,27,233,3,110,162,206,181,49,177
241,28,190,170,56,72,47,230,20,26
241,29,19,158,20,89,142,1,166,126
241,30,226,250,192,219,197,77,91,130
241,31,157,247,30,226,59,183,137,228
241,32,19,12,146,85,76,47,123,178
241,33,56,74,139,181,81,37,75,68
241,34,195,249,191,72,141,1,21,18
241,35,136,185,43,36,167,8,214,202
241,36,26,125,129,153,188,74,142,44
241,37,58,124,229,147,126,78,14,22
241,38,92,87,0,79,118,127,215,119
241,39,189,44,197,23,242,77,251,78
242,0,101,35,197,79,179,48,242,161
242,1,62,47,97,20,155,70,146,75
242,2,130,252,149,109,90,38,20,173
242,3,236,26,230,233,43,211,226,80
242,4,15,102,200,245,142,241,87,144
242,5,236,188,90,220,43,153,170,235
242,6,157,79,14,182,161,133,156,52
242,7,23,185,199,171,7,14,64,158
242,8,239,35,180,164,52,207,86,179
242,9,203,197,207,180,85,98,131,29
242,10,157,196,88,234,122,8,132,72
242,11,111,42,85,47,98,185,194,95
242,12,220,191,116,193,39,15,3,128
242,13,219,29,113,6,112,168,154,28
242,14,52,86,93,204,44,167,41,132
242,15,36,147,172,162,181,166,3,169
242,16,181,170,231,0,47,32,24,152
242,17,69,166,89,8,5,1,20,250
242,18,77,197,204,170,22,91,226,71
242,19,59,122,109,191,117,205,115,212
242,20,195,239,148,133,35,53,72,180
242,21,203,207,99,180,1,229,28,156
242,22,157,88,236,116,234,34,132,148
242,23,39,111,42,60,98,66,195,107
242,24,220,15,116,137,39,191,43,10
242,25,145,219,112,45,29,208,160,6
242,26,204,86,44,132,51,52,96,228
242,27,139,172,162,147,177,98,206,235
242,28,72,96,47,24,191,197,5,195
242,29,1,69,5,250,89,204,146,87
242,30,77,197,170,91,71,204,16,225
242,31,122,59,212,88,130,109,115,191
242,32,98,255,47,90,247,158,99,236
242,33,126,86,232,190,183,238,83,220
242,34,116,1,252,10,246,207,35,96
242,35,36,235,160,167,202,14,218,254
242,36,188,153,70,181,248,166,78,120
242,37,65,22,58,103,143,124,190,238
242,38,92,148,118,71,127,212,202,70
242,39,2,189,248,70,38,69,213,217
243,0,141,190,235,115,208,158,253,221
243,1,62,217,182,152,70,146,140,47
243,2,109,43,255,95,173,123,248,128
243,3,117,35,128,34,26,229,230,12
243,4,45,142,54,222,102,95,236,15
243,5,90,188,43,135,65,47,127,193
243,6,79,182,157,14,138,133,153,75
243,7,117,23,64,123,229,185,78,14
243,8,116,239,180,104,99,52,4,57
243,9,116,191,239,197,203,208,2,59
243,10,88,125,157,198,65,185,196,169
243,11,111,128,42,47,108,206,233,86
243,12,93,220,193,15,74,128,134,85
243,13,134,154,32,29,74,112,6,103
243,14,52,51,47,86,88,125,167,137
243,15,162,148,181,172,147,58,242,165
243,16,170,134,43,252,231,5,152,238
243,17,198,250,20,87,89,0,5,166
243,18,204,170,43,197,226,163,124,161
243,19,116,109,191,20,195,205,19,36
243,20,239,99,164,179,4,137,133,20
243,21,116,191,203,239,207,85,35,208
243,22,88,125,157,247,65,198,169,185
243,23,111,39,128,86,62,206,42,47
243,24,93,220,54,15,74,235,151,39
243,25,134,112,253,107,147,105,154,6
243,26,86,88,51,149,52,10,204,214
243,27,172,162,165,147,181,58,31,87
243,28,43,238,5,24,117,72,111,134
243,29,5,87,250,0,1,69,89,20
243,30,170,163,197,77,43,226,201,144
243,31,116,167,109,20,122,191,115,4
243,32,119,223,90,252,255,47,178,53
243,33,93,83,210,129,86,85,220,92
243,34,132,1,82,186,74,26,252,10
243,35,84,27,72,160,235,36,57,42
243,36,222,20,192,70,153,188,83,119
243,37,39,229,58,88,24,163,184,80
243,38,64,151,249,92,202,206,67,254
243,39,186,190,159,148,11,127,222,128
244,0,193,38,54,167,44,94,112,238
244,1,140,62,217,117,122,201,105,152
244,2,167,43,173,106,217,20,121,128
244,3,236,26,91,117,12,128,35,34
244,4,144,54,213,159,205,45,5,120
244,5,188,90,239,160,220,198,43,207
244,6,157,26,65,14,212,102,237,182
244,7,185,175,225,5,3,140,245,183
244,8,148,53,195,133,35,23,72,239
244,9,99,1,203,116,239,229,207,68
244,10,126,88,108,240,132,148,86,157
244,11,239,111,42,32,253,98,254,230
244,12,10,137,220,176,116,250,53,254
244,13,34,112,58,208,212,45,145,183
244,14,132,204,248,57,73,164,88,54
244,15,139,235,190,147,98,238,227,74
244,16,172,191,112,104,160,24,39,183
244,17,69,44,192,152,109,171,1,233
244,18,77,138,224,102,92,241,99,47
244,19,212,115,122,180,125,95,9,114
244,20,195,133,53,148,72,145,174,172
244,21,99,1,214,150,204,193,38,243
244,22,148,217,147,172,162,208,126,157
244,23,32,80,204,239,63,230,140,78
244,24,137,220,199,120,161,13,10,176
244,25,34,45,145,58,180,212,208,211
244,26,204,132,248,253,55,164,4,189
244,27,139,98,235,147,190,195,223,92
244,28,191,172,160,24,197,112,104,187
244,29,69,44,5,109,192,1,60,152
244,30,77,138,197,92,170,225,122,44
244,31,212,122,167,59,115,95,180,88
244,32,223,255,226,241,119,90,158,47
244,33,85,83,190,93,86,220,110,92
244,34,186,1,246,10,116,252,132,244
244,35,36,14,235,202,167,129,171,156
244,36,188,153,70,78,154,10,28,20
244,37,39,58,219,199,22,103,238,163
244,38,92,118,127,148,175,249,212,168
244,39,189,248,70,38,154,2,238,95
245,0,43,238,173,112,89,30,54,200
245,1,62,217,140,146,70,182,47,181
245,2,167,72,43,20,217,121,11,49
245,3,117,236,26,233,230,226,106,199
245,4,54,193,45,144,205,61,213,245
245,5,90,188,43,135,65,166,87,212
245,6,65,14,157,182,79,122,52,68
245,7,176,70,117,185,229,204,47,78
245,8,239,35,104,179,173,116,148,52
245,9,191,197,85,169,180,113,116,255
245,10,157,88,27,39,125,126,211,196
245,11,111,39,42,181,239,162,98,47
245,12,220,154,0,62,116,16,193,53
245,13,112,138,103,145,29,212,45,219
245,14,86,52,204,132,41,54,93,180
245,15,147,162,166,36,235,139,120,172
245,16,181,170,24,231,191,72,152,47
245,17,69,5,1,166,44,8,51,20
245,18,77,204,197,226,170,91,22,159
245,19,122,115,59,109,212,88,205,167
245,20,195,239,148,53,133,72,35,93
245,21,99,116,1,254,207,191,203,229
245,22,236,157,88,148,147,132,156,34
245,23,39,63,111,239,42,32,140,60
245,24,220,116,137,154,10,93,176,250
245,25,112,211,145,45,138,208,6,29
245,26,86,204,132,44,52,54,88,252
245,27,98,139,147,172,235,162,166,206
245,28,43,72,47,24,191,197,117,172
245,29,5,69,1,44,102,204,250,60
245,30,77,170,91,197,225,138,175,71
245,31,122,212,59,167,88,115,95,143
245,32,223,255,158,47,236,119,90,247
245,33,190,83,232,220,86,81,82,41
245,34,116,246,1,10,186,252,132,244
245,35,36,14,202,235,129,167,171,11
245,36,153,188,70,154,78,10,181,239
245,37,22,58,103,199,219,52,163,238
245,38,92,118,127,148,71,175,212,198
245,39,189,2,70,248,38,69,213,25
246,0,57,238,241,88,108,6,182,83
246,1,192,140,182,152,146,11,181,233
246,2,49,8,11,188,36,20,72,43
246,3,106,226,69,110,29,236,151,126
246,4,45,171,165,28,90,88,54,129
246,5,58,153,50,188,220,87,79,69
246,6,14,65,182,255,210,43,237,89
246,7,185,175,199,176,78,142,204,5
246,8,195,148,133,53,179,23,72,85
246,9,69,180,1,99,152,229,169,84
246,10,88,126,157,132,86,34,148,228
246,11,39,63,239,111,32,98,188,150
246,12,16,116,220,176,10,161,137,252
246,13,112,45,212,145,103,58,211,208
246,14,204,132,253,54,238,86,214,164
246,15,147,235,98,139,36,46,166,172
246,16,172,117,160,124,112,104,181,176
246,17,69,44,1,233,152,5,109,51
246,18,77,170,122,138,92,204,176,224
246,19,122,212,180,115,167,125,143,161
246,20,195,72,133,148,53,23,54,252
246,21,99,69,1,180,243,143,7,241
246,22,148,147,88,126,217,157,27,162
246,23,39,63,32,239,99,204,230,61
246,24,137,13,16,163,101,169,220,10
246,25,112,208,45,211,34,145,138,212
246,26,204,132,248,253,164,90,200,55
246,27,139,98,235,147,190,46,166,188
246,28,172,191,124,160,104,158,112,61
246,29,69,44,233,192,152,109,248,60
246,30,77,92,138,170,176,175,122,95
246,31,212,122,180,143,115,50,195,95
246,32,60,241,255,104,2,204,132,227
246,33,110,33,50,229,220,130,108,91
246,34,244,123,218,37,27,254,93,211
246,35,14,194,53,202,93,79,36,87
246,36,154,135,188,153,78,10,2,20
246,37,219,1,199,52,129,103,89,39
246,38,175,239,60,102,109,68,122,27
246,39,187,96,184,195,110,150,140,243
247,0,70,236,75,211,191,77,139,222
247,1,167,91,187,24,193,176,124,118
247,2,170,187,188,223,32,143,216,91
247,3,56,196,93,149,126,69,224,22
247,4,28,134,175,147,140,152,197,90
247,5,71,22,108,60,58,164,154,0
247,6,30,12,249,72,210,113,26,192
247,7,175,245,142,39,225,75,104,38
247,8,148,53,72,133,23,195,214,181
247,9,99,1,28,101,199,68,163,243
247,10,148,172,217,135,147,242,86,108
247,11,218,32,239,237,230,117,97,63
247,12,137,10,13,239,240,50,38,176
247,13,34,20,180,215,170,58,248,145
247,14,132,204,73,248,164,17,57,253
247,15,139,235,190,92,28,238,74,208
247,16,172,191,104,209,234,160,176,112
247,17,69,44,192,171,217,209,1,152
247,18,77,102,129,92,138,241,209,224
247,19,99,212,180,115,144,9,114,95
247,20,195,133,148,172,53,72,145,57
247,21,99,1,32,254,84,48,143,193
247,22,148,172,135,217,147,242,38,233
247,23,32,218,63,117,99,166,230,237
247,24,50,137,240,10,158,38,161,116
247,25,34,0,45,145,20,208,215,248
247,26,204,132,248,17,57,0,253,55
247,27,139,235,98,28,190,147,1,18
247,28,254,191,160,172,234,102,104,176
247,29,69,44,1,19,192,60,233,170
247,30,77,129,92,138,225,116,241,209
247,31,49,122,212,95,59,115,180,85
247,32,255,109,19,123,73,236,241,31
247,33,61,110,47,229,102,139,234,51
247,34,121,191,13,246,244,254,18,166
247,35,36,14,53,129,202,171,142,191
247,36,153,188,26,154,78,10,252,28
247,37,100,199,238,1,132,52,103,219
247,38,0,122,175,190,61,242,118,143
247,39,174,176,57,32,219,70,163,221
248,0,130,145,179,213,79,119,91,51
248,1,139,123,64,87,106,151,78,216
248,2,37,40,25,175,225,88,164,18
248,3,126,59,69,161,196,142,149,212
248,4,241,131,90,15,129,230,151,181
248,5,58,71,22,50,0,108,139,142
248,6,255,30,249,210,12,14,26,237
248,7,185,175,3,104,39,68,199,26
248,8,148,195,53,133,23,72,233,85
248,9,69,1,99,229,68,143,211,28
248,10,148,137,132,86,172,147,70,126
248,11,32,174,63,99,178,44,239,197
248,12,157,10,116,160,176,240,11,38
248,13,45,145,212,20,211,58,29,101
248,14,204,132,44,253,164,238,248,86
248,15,235,147,98,139,92,28,195,1
248,16,172,117,104,72,82,191,176,24
248,17,69,1,44,21,192,152,225,209
248,18,77,138,92,91,170,209,83,225
248,19,122,212,59,115,88,144,99,48
248,20,195,148,133,72,53,23,93,171
248,21,69,1,99,229,207,254,48,238
248,22,148,137,157,132,156,172,147,49
248,23,174,63,32,99,60,44,98,37
248,24,157,50,116,176,15,220,11,16
248,25,145,211,45,0,101,212,20,42
248,26,204,86,44,96,213,132,231,203
248,27,23,98,235,28,147,139,12,169
248,28,72,102,47,56,219,24,197,190
248,29,1,19,69,225,60,21,185,54
248,30,77,91,225,232,66,151,63,64
248,31,59,122,85,88,212,49,95,183
248,32,255,47,14,236,19,254,123,109
248,33,126,47,139,143,162,234,61,102
248,34,246,191,121,18,10,91,72,67
248,35,129,36,14,202,191,114,44,171
248,36,153,188,26,2,154,142,44,78
248,37,22,199,162,238,103,219,52,124
248,38,175,127,118,0,198,132,119,217
248,39,77,70,116,99,219,30,122,34
249,0,211,62,174,75,236,58,139,169
249,1,30,193,141,80,123,23,162,17
249,2,225,207,40,134,161,111,181,18
249,3,161,126,149,196,69,197,193,245
249,4,148,28,140,44,152,90,221,121
249,5,50,58,153,22,0,251,108,164
249,6,30,210,12,249,237,26,14,8
249,7,175,185,38,39,75,245,68,26
249,8,195,148,53,133,23,72,144,16
249,9,99,1,229,68,243,143,101,207
249,10,242,148,132,86,137,217,126,147
249,11,220,32,63,174,222,239,44,204
249,12,157,116,10,55,137,176,161,201
249,13,212,145,45,58,34,183,211,208
249,14,204,132,44,164,253,136,248,54
249,15,235,98,147,92,139,238,195,190
249,16,190,172,117,72,191,82,104,193
249,17,69,1,21,44,152,192,8,225
249,18,77,138,91,151,130,83,225,204
249,19,122,212,59,85,88,115,143,144
249,20,195,148,133,72,53,23,54,75
249,21,1,229,99,193,207,98,254,143
249,22,242,137,148,132,156,172,147,116
249,23,174,220,60,98,222,63,44,218
249,24,157,116,11,128,119,176,39,15
249,25,145,101,45,211,19,183,91,219
249,26,204,86,44,96,132,203,231,108
249,27,28,98,147,235,139,169,1,249
249,28,190,72,193,102,24,117,160,183
249,29,21,1,69,88,204,44,125,94
249,30,77,225,91,232,197,64,63,162
249,31,59,122,88,95,85,212,115,240
249,32,123,255,236,179,47,254,247,140
249,33,95,139,143,51,61,11,132,162
249,34,10,240,246,191,44,67,72,238
249,35,129,53,14,36,148,202,235,67
249,36,154,188,142,153,92,26,39,227
249,37,199,22,78,238,103,43,27,213
249,38,0,119,118,127,175,251,239,215
249,39,122,138,70,129,158,165,252,244
250,0,35,101,197,242,9,119,34,118
250,1,62,27,97,150,70,155,231,123
250,2,164,210,90,70,88,40,109,130
250,3,37,26,211,230,252,226,126,199
250,4,102,15,142,61,90,200,54,222
250,5,153,58,188,90,161,50,220,235
250,6,14,215,182,237,43,52,246,210
250,7,185,2,23,199,78,40,64,175
250,8,239,35,148,195,180,164,53,52
250,9,203,180,207,99,229,29,98,1
250,10,157,88,132,193,137,248,126,86
250,11,174,20,111,99,98,42,203,32
250,12,220,160,116,11,15,3,10,157
250,13,29,211,145,112,45,183,34,121
250,14,132,204,86,248,73,0,180,44
250,15,235,36,172,139,147,74,98,190
250,16,191,181,96,172,183,24,187,92
250,17,69,44,1,60,209,192,166,225
250,18,77,197,170,148,204,91,152,83
250,19,122,59,115,130,212,88,95,101
250,20,195,148,53,133,239,72,54,212
250,21,99,180,203,254,1,238,143,28
250,22,148,172,88,83,132,236,157,126
250,23,39,174,63,20,78,223,32,111
250,24,220,67,10,137,116,14,120,250
250,25,34,145,208,112,45,29,211,121
250,26,132,204,248,158,86,115,55,163
250,27,139,1,172,235,177,190,98,36
250,28,191,96,160,209,197,158,183,172
250,29,69,44,1,192,204,5,125,250
250,30,77,170,152,225,223,197,91,97
250,31,122,212,95,59,130,115,88,240
250,32,255,98,236,99,158,149,31,247
250,33,126,190,51,232,220,50,72,143
250,34,116,246,10,161,67,150,97,1
250,35,53,14,36,129,202,235,171,67
250,36,154,188,207,153,78,166,49,53
250,37,199,22,103,1,213,135,43,115
250,38,71,118,127,201,175,93,239,163
250,39,138,70,1,25,69,92,246,250
251,0,57,241,88,108,238,135,182,32
251,1,192,217,146,140,11,182,152,181
251,2,8,36,188,255,43,87,153,237
251,3,126,106,226,69,149,110,29,151
251,4,90,28,140,171,45,129,244,240
251,5,58,50,146,153,71,22,69,0
251,6,182,237,14,210,255,43,75,30
251,7,175,185,5,2,240,142,24,75
251,8,195,148,85,53,179,23,133,72
251,9,180,69,229,1,99,152,169,9
251,10,88,126,193,132,86,34,148,253
251,11,39,63,99,188,239,111,32,98
251,12,16,116,3,55,10,101,176,14
251,13,112,145,45,103,212,29,183,34
251,14,204,132,253,180,248,136,158,0
251,15,235,36,139,147,141,190,98,1
251,16,172,104,191,158,160,117,176,96
251,17,44,69,192,1,209,198,233,152
251,18,77,170,204,152,92,138,122,227
251,19,122,212,115,180,192,1,166,101
251,20,195,148,53,72,133,23,252,54
251,21,99,69,1,180,254,193,238,228
251,22,88,126,217,148,172,147,249,247
251,23,39,63,99,121,32,223,239,81
251,24,169,137,10,120,16,13,14,18
251,25,34,112,45,212,208,121,145,254
251,26,132,204,248,55,253,163,200,158
251,27,139,235,190,90,141,147,98,1
251,28,191,209,172,160,112,158,104,124
251,29,69,44,192,233,219,217,152,109
251,30,77,152,170,92,223,241,227,97
251,31,212,122,180,133,95,174,115,166
251,32,60,255,241,73,251,67,204,25
251,33,51,33,50,110,229,70,106,87
251,34,150,254,93,123,218,244,27,16
251,35,53,14,194,67,93,171,36,202
251,36,154,135,188,78,4,2,53,153
251,37,1,219,199,52,213,103,104,173
251,38,239,175,109,60,122,135,68,144
251,39,96,195,184,110,150,187,243,46
252,0,211,70,60,37,236,12,148,86
252,1,176,220,237,167,124,55,118,191
252,2,188,32,91,187,143,216,217,79
252,3,126,93,149,69,56,201,22,196
252,4,28,140,147,134,175,46,152,189
252,5,154,60,108,58,164,95,237,0
252,6,12,30,120,7,237,72,210,98
252,7,175,5,75,142,72,225,245,246
252,8,53,133,148,72,195,23,181,214
252,9,99,1,243,254,28,58,186,176
252,10,172,217,135,38,226,147,214,86
252,11,117,121,218,194,143,249,230,237
252,12,137,13,10,14,51,38,16,240
252,13,34,180,194,215,248,55,212,35
252,14,0,163,132,73,136,113,17,248
252,15,139,28,190,141,1,50,6,208
252,16,209,191,112,104,172,60,155,254
252,17,69,42,86,192,44,209,253,217
252,18,129,223,152,123,77,239,54,99
252,19,212,114,174,1,101,95,180,238
252,20,53,195,148,172,72,145,240,133
252,21,99,1,254,243,32,71,58,68
252,22,172,135,78,38,148,44,226,11
252,23,117,121,230,166,218,99,63,92
252,24,14,10,137,158,131,38,240,126
252,25,34,215,212,201,0,246,181,146
252,26,163,132,0,112,204,200,236,232
252,27,139,1,190,227,134,50,159,235
252,28,209,191,254,160,112,151,172,158
252,29,69,44,225,192,209,217,184,45
252,30,77,129,152,92,241,239,99,223
252,31,49,149,212,180,174,114,95,115
252,32,255,57,109,123,31,73,5,251
252,33,61,51,162,110,87,229,70,90
252,34,121,13,150,191,254,244,179,166
252,35,53,14,171,77,64,67,129,16
252,36,154,4,26,60,188,148,153,53
252,37,1,100,132,101,199,219,127,165
252,38,175,239,122,61,143,132,191,202
252,39,57,176,32,75,163,112,129,196
253,0,113,142,179,166,97,150,197,213
253,1,87,34,26,59,139,132,11,5
253,2,25,37,88,40,175,146,164,69
253,3,84,146,211,37,126,69,46,149
253,4,161,14,241,167,67,90,15,230
253,5,58,50,146,235,128,103,108,22
253,6,30,120,210,12,215,237,255,98
253,7,91,175,176,3,185,26,5,24
253,8,195,33,148,174,53,85,72,23
253,9,132,99,39,1,229,126,254,130
253,10,172,126,248,193,86,70,148,38
253,11,36,121,63,117,99,194,174,20
253,12,10,14,160,157,3,242,250,240
253,13,33,145,104,112,45,34,212,174
253,14,132,147,204,163,0,73,55,248
253,15,235,65,139,1,28,92,173,166
253,16,151,209,191,156,104,155,172,183
253,17,44,69,192,110,209,1,160,217
253,18,128,77,152,241,60,37,156,148
253,19,115,12,212,1,122,180,95,101
253,20,195,174,148,53,33,72,145,241
253,21,99,132,126,254,39,238,214,1
253,22,126,44,248,172,21,148,212,38
253,23,36,121,63,117,253,81,223,34
253,24,16,10,144,137,14,105,213,195
253,25,34,104,45,33,121,254,91,208
253,26,132,163,204,248,158,147,0,232
253,27,139,235,1,65,190,90,227,141
253,28,151,191,209,158,160,172,255,210
253,29,44,69,57,192,36,217,23,209
253,30,77,128,152,239,241,228,12,223
253,31,12,115,212,180,133,95,238,122
253,32,255,132,238,251,113,31,52,5
253,33,51,50,137,70,41,190,90,64
253,34,91,254,150,88,108,65,123,223
253,35,53,194,14,46,64,13,130,41
253,36,53,154,7,165,149,207,188,109
253,37,1,25,219,207,115,173,213,37
253,38,239,93,191,175,77,159,111,196
253,39,25,100,235,225,103,90,41,234
254,0,241,6,57,88,108,135,83,59
254,1,192,173,191,138,74,140,121,170
254,2,76,198,8,61,87,36,222,108
254,3,126,106,226,69,110,149,151,224
254,4,67,61,28,244,14,240,90,140
254,5,58,146,50,220,108,142,0,87
254,6,12,30,237,98,19,7,255,120
254,7,176,175,75,3,91,142,5,225
254,8,195,53,148,33,214,85,72,174
254,9,99,132,69,126,1,163,241,195
254,10,172,126,21,108,148,214,240,76
254,11,121,36,32,117,74,239,254,92
254,12,137,10,212,14,144,250,18,201
254,13,34,104,33,58,170,208,180,254
254,14,132,73,147,248,204,115,163,0
254,15,139,235,74,190,141,170,208,145
254,16,191,151,172,104,74,209,112,16
254,17,69,44,192,210,235,58,244,233
254,18,77,224,152,58,241,175,92,102
254,19,115,180,133,212,95,100,25,203
254,20,53,148,195,145,133,72,174,85
254,21,99,254,68,176,248,143,150,214
254,22,148,172,217,108,21,44,126,147
254,23,80,81,121,233,117,22,61,230
254,24,137,10,144,14,196,254,168,58
254,25,34,58,35,254,146,114,248,91
254,26,0,132,163,204,236,248,200,157
254,27,139,235,141,190,238,1,227,34
254,28,191,209,172,151,160,74,203,158
254,29,69,44,192,150,110,57,45,131
254,30,77,152,128,92,199,60,94,241
254,31,180,133,50,12,95,212,115,255
254,32,60,132,255,251,52,31,74,54
254,33,51,50,33,70,229,110,108,64
254,34,254,150,123,16,223,120,93,130
254,35,53,194,14,46,67,93,95,171
254,36,154,7,53,135,188,238,165,78
254,37,1,219,199,213,207,25,103,173
254,38,239,122,175,144,191,135,211,77
254,39,96,175,110,100,101,103,46,56
255,0,211,60,236,12,189,124,178,90
255,1,191,173,151,39,55,118,176,72
255,2,76,61,56,69,16,195,206,91
255,3,149,22,126,93,69,105,201,28
255,4,203,200,147,28,140,134,90,197
255,5,154,164,58,80,82,108,60,237
255,6,12,30,120,113,237,7,98,72
255,7,175,142,225,75,245,26,5,24
255,8,53,148,72,145,133,214,195,144
255,9,99,1,28,101,58,243,254,211
255,10,172,38,135,217,45,86,226,245
255,11,117,121,218,194,136,74,230,217
255,12,137,10,104,38,144,184,14,51
255,13,34,180,215,171,170,185,248,174
255,14,132,163,73,113,136,204,65,0
255,15,139,235,74,208,97,93,190,141
255,16,209,191,104,158,155,227,160,203
255,17,69,44,192,171,119,210,209,243
255,18,239,123,129,152,77,99,241,111
255,19,99,1,115,212,23,100,92,90
255,20,195,148,53,72,145,174,133,172
255,21,99,254,1,225,20,248,58,68
255,22,135,38,249,148,172,74,86,44
255,23,121,117,136,22,166,132,218,34
255,24,10,242,144,38,158,14,115,240
255,25,34,215,71,0,170,83,104,254
255,26,163,132,0,92,204,50,248,171
255,27,139,189,1,235,97,93,158,170
255,28,151,209,191,255,158,254,155,160
255,29,44,69,192,119,171,209,219,215
255,30,77,152,241,99,239,129,225,223
255,31,115,23,95,49,249,133,122,212
255,32,255,31,57,123,236,132,74,3
255,33,61,51,102,110,90,70,162,64
255,34,254,150,13,123,121,191,244,20
255,35,53,14,220,171,202,46,254,67
255,36,154,78,188,153,53,100,187,11
255,37,100,1,199,103,219,101,213,173
255,38,239,61,175,122,67,191,143,196
255,39,163,57,100,225,176,112,133,103
256,0,113,179,142,166,150,197,97,145
256,1,87,139,64,5,59,34,177,106
256,2,25,37,175,65,163,88,146,18
256,3,46,146,98,142,27,97,212,135
256,4,14,161,67,167,201,241,61,131
256,5,224,58,50,235,146,128,191,0
256,6,12,30,54,120,237,215,210,255
256,7,176,175,91,33,3,225,104,24
256,8,195,33,148,53,174,85,72,214
256,9,132,99,39,126,1,28,195,68
256,10,248,126,148,54,172,214,118,86
256,11,36,136,117,20,121,178,32,74
256,12,10,242,144,137,14,104,250,51
256,13,34,104,33,171,145,58,170,45
256,14,132,147,73,50,204,163,113,248
256,15,235,65,189,139,190,74,238,45
256,16,151,191,104,156,172,112,100,209
256,17,69,44,192,110,209,160,57,235
256,18,77,128,60,54,111,152,241,224
256,19,115,180,212,1,246,12,95,23
256,20,174,195,53,148,33,145,133,241
256,21,99,132,39,214,235,150,1,233
256,22,126,44,217,148,245,249,248,21
256,23,121,36,61,140,123,239,63,117
256,24,144,137,10,16,254,126,196,105
256,25,34,104,171,121,33,45,208,91
256,26,132,163,130,248,55,158,253,164
256,27,139,190,65,235,141,90,1,238
256,28,191,151,172,209,160,112,156,158
256,29,69,44,192,57,110,219,204,209
256,30,77,152,128,92,97,223,241,123
256,31,212,180,95,115,122,133,12,23
256,32,255,241,132,238,113,158,73,7
256,33,51,50,190,41,70,110,72,220
256,34,254,150,123,88,97,161,16,91
256,35,53,14,46,194,93,202,129,220
256,36,154,78,188,207,135,153,10,4
256,37,219,1,199,103,52,213,173,229
256,38,239,175,93,135,196,67,31,8
256,39,25,129,103,243,225,100,218,140
257,0,241,6,57,88,108,135,83,61
257,1,192,173,191,216,74,136,138,47
257,2,76,8,138,1,198,69,36,233
257,3,126,106,85,244,162,212,28,12
257,4,28,61,67,244,240,140,64,97
257,5,58,224,50,108,22,154,146,0
257,6,12,30,7,237,19,120,98,255
257,7,175,176,142,3,225,5,75,33
257,8,195,53,148,72,85,214,33,133
257,9,99,126,69,132,1,28,241,163
257,10,126,104,21,231,183,148,93,86
257,11,121,183,36,205,32,162,74,39
257,12,144,212,137,10,4,115,254,201
257,13,34,104,33,171,58,251,208,170
257,14,132,147,73,248,223,0,163,204
257,15,139,190,74,235,141,170,145,65
257,16,151,191,104,172,156,203,209,124
257,17,69,44,192,235,210,208,209,217
257,18,77,92,54,241,60,152,224,47
257,19,115,180,1,212,95,133,246,125
257,20,53,148,195,145,174,133,24,245
257,21,99,69,176,150,233,248,143,214
257,22,44,217,126,108,148,245,21,147
257,23,121,61,140,215,105,239,230,81
257,24,137,10,144,254,196,232,126,70
257,25,34,171,248,5,58,121,146,254
257,26,132,154,126,130,163,0,236,55
257,27,139,235,141,190,238,74,90,61
257,28,191,172,209,124,160,203,112,104
257,29,69,44,192,167,219,152,204,215
257,30,77,92,152,241,223,123,182,199
257,31,180,212,166,50,95,133,115,122
257,32,60,241,255,132,67,73,7,204
257,33,51,50,110,33,70,229,108,106
257,34,254,150,123,93,218,16,29,120
257,35,53,14,194,46,93,164,202,58
257,36,154,78,135,188,4,10,187,153
257,37,1,219,199,103,52,213,104,173
257,38,239,175,122,60,135,109,69,27
257,39,96,110,184,195,103,243,150,187
258,0,29,236,195,60,65,212,224,211
258,1,92,149,120,55,118,191,9,167
258,2,91,76,195,79,143,32,188,6
258,3,201,22,93,224,149,56,126,69
258,4,147,134,200,28,132,140,152,38
258,5,222,108,154,60,0,111,128,95
258,6,12,30,237,72,7,120,240,212
258,7,142,175,225,104,75,141,245,5
258,8,53,148,72,195,133,181,85,144
258,9,99,1,176,68,28,130,243,150
258,10,217,135,38,233,197,226,245,21
258,11,121,117,4,223,17,73,186,194
258,12,10,13,137,38,240,50,176,168
258,13,34,171,180,215,148,58,170,248
258,14,132,73,17,248,163,55,134,189
258,15,139,190,74,90,97,235,170,238
258,16,191,201,112,107,172,1,104,209
258,17,69,44,210,192,225,18,217,209
258,18,77,102,129,239,241,54,199,111
258,19,219,115,212,24,125,180,1,165
258,20,195,53,172,148,145,133,72,245
258,21,99,1,143,32,68,214,233,28
258,22,135,38,217,245,233,197,126,77
258,23,117,121,166,61,22,63,184,118
258,24,10,131,144,50,240,158,195,176
258,25,34,215,171,211,0,45,91,201
258,26,132,163,130,55,0,17,248,253
258,27,139,235,90,190,141,79,61,74
258,28,191,254,209,172,176,158,112,104
258,29,44,69,225,192,54,32,184,217
258,30,77,129,92,152,239,225,144,241
258,31,49,219,212,149,115,180,95,122
258,32,157,57,255,78,31,5,120,74
258,33,61,162,51,161,87,47,70,110
258,34,121,13,191,254,15,150,249,166
258,35,180,53,14,46,171,121,38,254
258,36,92,154,225,143,149,220,29,4
258,37,100,132,101,92,1,127,86,199
258,38,239,175,143,61,196,122,67,191
258,39,166,57,176,163,32,90,100,253
259,0,113,179,150,166,142,145,97,213
259,1,87,64,139,5,59,177,34,106
259,2,25,163,37,175,229,88,40,18
259,3,46,142,84,212,255,97,135,126
259,4,14,161,67,241,201,181,230,240
259,5,58,224,103,50,146,235,108,128
259,6,30,237,12,120,72,210,98,54
259,7,142,175,104,33,26,75,176,24
259,8,195,148,53,33,174,85,72,214
259,9,99,132,39,1,233,211,126,68
259,10,248,86,38,11,77,135,172,126
259,11,121,36,63,117,178,174,194,32
259,12,10,144,242,240,176,38,50,160
259,13,34,45,145,58,215,33,171,104
259,14,132,204,147,163,227,171,223,253
259,15,235,139,65,177,173,189,92,69
259,16,104,191,151,172,117,25,158,112
259,17,44,69,192,1,209,119,47,110
259,18,77,128,239,97,241,83,199,125
259,19,115,212,122,23,12,163,95,246
259,20,195,174,148,53,33,245,133,85
259,21,1,132,99,229,39,254,238,233
259,22,148,126,147,172,249,70,195,137
259,23,63,36,44,136,121,117,215,123
259,24,242,16,10,144,176,115,149,116
259,25,145,45,104,161,121,91,34,254
259,26,204,50,163,132,0,92,171,55
259,27,235,1,139,189,141,65,243,150
259,28,151,158,255,156,160,63,210,203
259,29,44,119,57,125,112,32,215,110
259,30,128,60,38,104,199,140,25,40
259,31,23,238,10,12,197,220,1,196
259,32,52,5,255,238,133,113,212,54
259,33,51,98,137,64,19,187,108,90
259,34,88,254,108,150,130,243,157,120
259,35,53,46,14,64,180,222,41,206
259,36,154,78,188,63,252,207,171,199
259,37,219,199,1,173,25,80,61,172
259,38,239,175,93,191,159,193,31,117
259,39,25,235,103,218,225,100,41,185
260,0,241,6,57,88,108,135,61,59
260,1,192,216,173,74,136,191,177,138
260,2,76,8,54,156,144,198,231,36
260,3,126,106,226,250,246,212,244,110
260,4,62,67,140,240,244,20,28,120
260,5,224,215,58,237,108,83,56,29
260,6,12,30,98,237,193,19,118,120
260,7,142,206,176,175,104,75,145,225
260,8,195,53,148,33,214,72,174,59
260,9,99,132,127,126,69,201,1,135
260,10,23,78,43,176,217,29,21,255
260,11,32,36,42,204,134,61,135,44
260,12,10,137,126,196,21,201,250,176
260,13,34,170,58,180,248,208,246,201
260,14,132,73,248,44,204,17,115,173
260,15,139,74,190,90,235,170,238,145
260,16,172,191,74,234,112,24,183,25
260,17,69,210,44,233,244,209,169,217
260,18,102,77,199,224,47,64,94,138
260,19,212,115,129,180,95,127,190,219
260,20,195,53,148,145,98,85,72,245
260,21,99,214,1,233,176,243,150,143
260,22,149,108,160,147,7,245,217,207
260,23,80,32,61,33,179,105,230,162
260,24,137,13,21,254,10,88,83,161
260,25,34,180,170,58,194,248,174,208
260,26,132,17,248,164,4,0,189,130
260,27,139,190,74,170,235,61,238,124
260,28,191,74,172,112,158,104,60,234
260,29,69,150,233,44,53,58,204,192
260,30,77,176,92,123,138,224,175,195
260,31,212,95,180,115,133,122,246,25
260,32,241,255,33,204,236,104,31,246
260,33,110,192,50,30,51,106,219,220
260,34,16,218,254,123,27,211,246,250
260,35,53,194,14,93,235,202,220,125
260,36,110,78,154,188,135,245,4,173
260,37,163,199,52,1,219,103,129,113
260,38,239,103,175,173,165,252,190,144
260,39,96,185,175,50,110,46,41,140
261,0,29,236,212,218,65,195,40,60
261,1,191,91,187,55,173,176,78,121
261,2,61,79,91,218,76,195,94,32
261,3,22,93,126,69,149,201,180,212
261,4,203,134,147,200,46,140,187,38
261,5,154,108,128,60,0,232,222,248
261,6,30,12,237,72,120,69,249,98
261,7,175,142,104,5,225,33,183,39
261,8,53,195,148,72,181,133,145,143
261,9,99,1,28,211,130,221,199,243
261,10,135,217,38,197,21,74,245,233
261,11,121,136,117,144,2,186,223,180
261,12,10,242,137,13,144,51,248,168
261,13,34,180,215,171,58,185,148,170
261,14,132,92,171,248,73,17,113,55
261,15,139,190,97,235,74,90,208,173
261,16,191,112,203,104,172,201,1,100
261,17,69,44,119,192,210,217,209,215
261,18,102,77,239,199,99,60,129,123
261,19,1,115,212,235,23,125,249,141
261,20,195,172,53,245,148,50,145,133
261,21,99,1,58,32,201,214,28,143
261,22,249,217,135,38,245,148,126,104
261,23,136,121,117,123,239,61,166,63
261,24,10,242,144,16,158,115,254,102
261,25,34,71,171,0,91,145,45,208
261,26,132,163,50,92,184,0,171,17
261,27,139,235,141,190,90,145,97,61
261,28,203,191,209,193,176,183,158,172
261,29,119,69,44,94,192,1,204,54
261,30,77,225,0,232,60,152,99,64
261,31,249,49,115,23,95,122,59,135
261,32,157,255,236,3,125,161,140,78
261,33,90,47,51,61,167,137,132,18
261,34,121,13,20,150,191,120,163,249
261,35,14,53,129,64,171,38,46,206
261,36,148,93,154,78,153,32,188,25
261,37,101,100,132,196,199,74,86,80
261,38,61,143,239,122,175,132,191,202
261,39,57,163,176,8,166,32,108,253
262,0,130,179,145,119,213,91,51,197
262,1,139,64,87,106,216,219,59,134
262,2,25,37,175,88,218,40,54,227
262,3,59,142,205,208,126,153,129,69
262,4,241,131,230,151,15,181,90,240
262,5,58,50,103,175,224,252,142,108
262,6,54,30,237,12,120,255,210,240
262,7,175,104,33,185,240,5,75,26
262,8,195,148,53,89,85,233,59,214
262,9,69,99,77,1,211,228,68,28
262,10,113,130,86,148,70,172,23,77
262,11,136,174,97,32,121,63,134,117
262,12,10,242,250,176,157,160,254,116
262,13,34,145,45,170,58,208,97,212
262,14,132,184,204,44,20,248,73,113
262,15,235,139,92,74,190,238,98,177
262,16,172,191,104,24,197,117,25,183
262,17,69,44,119,192,209,1,47,172
262,18,77,0,239,138,151,57,83,60
262,19,115,249,163,212,130,59,246,125
262,20,195,148,53,133,145,32,241,245
262,21,69,99,72,28,38,254,238,1
262,22,148,113,172,23,249,132,205,137
262,23,174,123,192,197,117,63,161,136
262,24,232,16,144,10,119,128,254,160
262,25,145,45,34,171,183,121,37,91
262,26,132,204,44,0,163,184,96,115
262,27,23,139,1,235,206,177,190,3
262,28,158,193,183,197,160,191,187,72
262,29,1,119,94,69,204,44,88,19
262,30,77,225,97,91,64,104,232,38
262,31,249,95,59,88,122,115,49,23
262,32,255,236,3,140,125,179,31,161
262,33,90,47,126,132,139,146,162,143
262,34,91,121,10,246,120,191,44,62
262,35,36,129,14,202,171,46,210,38
262,36,2,153,188,93,154,78,39,61
262,37,65,101,199,238,22,173,24,20
262,38,61,239,21,191,207,96,254,143
262,39,235,117,163,139,253,95,210,218
263,0,141,190,235,221,253,125,158,208
263,1,47,93,46,244,182,155,152,188
263,2,17,59,88,34,145,40,109,114
263,3,187,37,235,77,231,84,133,130
263,4,142,15,236,102,222,13,95,129
263,5,186,193,47,90,58,135,50,103
263,6,54,153,215,12,43,167,237,210
263,7,185,29,23,175,176,78,104,64
263,8,89,195,148,234,239,116,99,23
263,9,164,126,94,191,116,99,29,228
263,10,169,198,130,113,248,125,148,132
263,11,161,189,233,174,19,32,98,63
263,12,93,63,74,15,10,26,160,254
263,13,147,45,43,145,97,212,58,34
263,14,20,204,124,86,132,51,184,224
263,15,147,235,98,200,81,92,139,162
263,16,5,172,117,24,196,72,151,191
263,17,69,44,1,172,250,76,109,209
263,18,77,138,0,179,57,187,239,224
263,19,122,115,212,116,163,12,109,130
263,20,195,239,148,234,133,113,72,179
263,21,126,164,116,29,191,99,38,94
263,22,148,113,169,23,130,198,147,248
263,23,161,189,32,63,98,36,178,60
263,24,63,74,93,44,26,15,160,161
263,25,45,147,43,145,61,134,104,33
263,26,20,204,86,148,132,184,51,124
263,27,200,98,235,147,81,162,139,124
263,28,151,43,133,5,172,191,72,24
263,29,69,76,57,44,1,250,87,172
263,30,163,77,179,239,138,0,60,187
263,31,122,116,12,115,109,212,191,59
263,32,223,255,119,181,161,47,90,178
263,33,93,129,83,210,99,108,196,27
263,34,132,82,74,244,43,130,1,168
263,35,27,156,134,36,14,33,64,194
263,36,222,165,224,153,103,61,101,199
263,37,229,54,141,6,2,212,219,34
263,38,239,64,252,25,125,159,206,67
263,39,186,208,190,222,237,148,118,234
264,0,193,38,54,167,44,94,112,244
264,1,46,47,122,117,105,140,188,201
264,2,145,121,128,53,19,241,104,54
264,3,26,230,233,91,34,35,128,117
264,4,67,144,81,245,45,6,205,179
264,5,90,188,47,109,43,193,135,176
264,6,215,60,153,54,43,143,173,180
264,7,176,117,185,70,23,76,231,78
264,8,239,116,104,73,33,179,52,233
264,9,126,191,116,113,85,84,154,132
264,10,115,248,157,36,210,167,212,182
264,11,233,133,36,111,224,39,162,112
264,12,93,44,212,164,144,85,232,54
264,13,33,15,6,138,145,45,11,251
264,14,147,86,204,132,211,57,54,41
264,15,235,147,166,98,139,190,92,195
264,16,151,156,172,24,181,191,72,152
264,17,69,5,1,44,57,110,166,209
264,18,77,138,226,128,204,91,224,60
264,19,122,115,12,212,59,120,143,164
264,20,195,239,148,133,53,72,241,93
264,21,99,116,126,1,28,191,38,68
264,22,148,236,157,147,21,156,86,27
264,23,140,32,63,36,133,60,39,111
264,24,220,137,93,116,44,212,106,161
264,25,145,15,6,33,45,21,208,104
264,26,204,132,86,147,90,54,248,253
264,27,98,147,235,139,206,190,46,162
264,28,156,197,24,72,172,117,43,120
264,29,69,5,1,44,57,192,38,60
264,30,77,138,91,175,225,226,44,45
264,31,122,212,12,143,59,115,167,50
264,32,255,223,158,47,245,119,241,236
264,33,81,93,110,190,83,73,220,41
264,34,186,1,246,116,10,123,244,37
264,35,14,36,224,202,79,167,194,129
264,36,153,188,70,134,244,78,166,154
264,37,219,199,58,52,103,70,180,61
264,38,239,92,175,102,206,148,143,202
264,39,238,189,58,38,70,169,235,2
265,0,43,173,112,238,30,89,7,58
265,1,46,47,188,249,181,137,129,156
265,2,186,140,72,20,53,245,156,215
265,3,117,26,233,230,103,107,226,210
265,4,144,245,193,67,199,81,140,246
265,5,220,85,90,145,188,255,230,239
265,6,118,230,98,12,160,7,96,199
265,7,142,225,176,104,145,3,72,230
265,8,53,195,148,239,85,72,214,143
265,9,99,126,1,86,211,28,53,166
265,10,115,21,108,148,217,189,23,126
265,11,32,253,230,181,42,214,249,187
265,12,137,10,212,83,51,176,201,196
265,13,34,58,170,180,208,5,248,246
265,14,132,248,204,73,173,115,164,253
265,15,190,139,74,235,238,90,208,145
265,16,172,191,112,74,104,151,234,24
265,17,69,44,192,210,217,196,226,233
265,18,102,77,138,224,47,123,99,64
265,19,115,212,1,180,125,9,95,203
265,20,195,133,245,148,145,53,72,174
265,21,99,1,243,214,176,204,143,150
265,22,217,148,108,162,147,176,245,197
265,23,80,140,32,230,61,33,162,105
265,24,137,10,201,13,161,149,198,195
265,25,34,58,5,121,183,145,180,170
265,26,132,248,130,126,17,204,189,164
265,27,139,190,235,61,238,90,134,177
265,28,191,172,197,183,74,176,25,112
265,29,69,44,150,5,192,1,204,158
265,30,77,97,225,92,175,138,102,83
265,31,212,95,122,115,180,133,59,88
265,32,255,223,236,241,158,226,98,193
265,33,190,50,110,41,220,85,91,12
265,34,116,246,123,10,254,244,37,161
265,35,14,194,202,79,36,53,224,93
265,36,188,153,78,70,154,244,10,239
265,37,219,199,103,52,22,58,238,163
265,38,92,175,118,239,127,148,102,212
265,39,189,70,2,38,58,25,69,243
266,0,241,57,88,238,6,108,58,83
266,1,192,140,181,182,152,47,249,213
266,2,8,49,36,21,20,82,124,137
266,3,126,106,226,196,69,110,149,103
266,4,45,140,28,193,187,90,9,235
266,5,58,50,220,22,188,71,29,87
266,6,255,118,7,14,12,98,237,210
266,7,176,175,142,3,185,5,39,225
266,8,195,148,53,133,175,72,239,214
266,9,69,99,180,1,126,152,229,143
266,10,126,88,148,21,86,183,157,61
266,11,39,133,32,63,74,188,183,253
266,12,212,144,10,137,176,102,232,161
266,13,58,145,212,45,34,251,112,208
266,14,204,132,147,164,238,248,41,253
266,15,235,98,139,46,190,147,92,74
266,16,172,112,104,124,191,151,156,158
266,17,69,44,233,152,192,32,5,185
266,18,77,138,92,60,122,102,170,224
266,19,212,180,115,122,95,1,125,143
266,20,195,133,148,53,72,145,241,174
266,21,99,69,1,243,143,48,204,7
266,22,148,217,147,21,126,27,78,44
266,23,32,39,204,63,140,61,230,249
266,24,137,163,13,161,195,169,212,199
266,25,34,58,180,45,145,202,112,15
266,26,204,132,164,248,253,4,90,71
266,27,139,98,147,235,46,190,56,154
266,28,172,160,104,124,158,191,87,100
266,29,69,44,192,248,233,209,1,158
266,30,92,138,77,176,175,170,122,60
266,31,122,212,180,143,50,115,67,95
266,32,60,255,104,241,2,132,219,158
266,33,110,50,229,33,130,67,220,63
266,34,37,244,123,218,93,254,27,169
266,35,194,14,53,87,93,79,36,202
266,36,188,153,135,154,78,134,10,136
266,37,219,199,1,52,89,103,129,163
266,38,239,175,102,60,109,27,122,100
266,39,140,187,96,110,195,184,58,150
267,0,75,120,254,195,211,236,184,37
267,1,163,167,108,215,243,21,55,51
267,2,170,42,91,175,223,79,187,25
267,3,154,201,56,249,126,224,69,163
267,4,134,152,175,147,28,140,187,157
267,5,71,0,22,251,108,64,70,122
267,6,12,249,173,30,102,195,72,210
267,7,39,175,166,142,225,245,104,132
267,8,53,148,72,59,195,23,133,172
267,9,99,1,30,15,214,28,243,166
267,10,148,109,77,233,135,217,116,250
267,11,32,230,97,70,141,71,33,237
267,12,50,38,137,163,47,10,240,251
267,13,215,19,203,20,0,13,204,244
267,14,132,44,144,204,196,56,66,54
267,15,235,12,139,147,178,98,238,35
267,16,172,59,102,158,112,53,107,234
267,17,69,54,170,44,233,19,51,156
267,18,92,138,77,129,60,66,176,102
267,19,180,219,37,212,122,115,118,164
267,20,195,72,133,53,148,47,21,54
267,21,99,1,251,32,252,193,214,143
267,22,148,77,20,135,109,87,156,217
267,23,32,63,204,99,230,70,135,157
267,24,163,137,240,13,158,251,169,50
267,25,203,215,212,45,248,64,145,20
267,26,204,196,144,66,200,55,54,132
267,27,139,98,12,147,35,235,18,188
267,28,172,254,234,160,158,59,40,124
267,29,69,54,170,44,126,152,192,156
267,30,92,138,129,77,176,209,116,18
267,31,219,180,55,212,37,122,157,83
267,32,235,202,120,255,78,58,173,19
267,33,110,47,198,176,67,203,167,229
267,34,164,185,121,128,13,37,166,254
267,35,101,194,14,202,87,36,53,103
267,36,103,188,228,153,78,10,154,158
267,37,219,181,113,103,132,199,214,89
267,38,239,175,102,197,204,156,242,50
267,39,174,141,218,226,198,112,8,148
268,0,26,8,164,167,159,156,132,38
268,1,49,56,163,243,71,100,203,150
268,2,0,204,170,243,168,91,51,37
268,3,147,45,163,89,201,224,189,196
268,4,175,206,134,28,233,46,147,75
268,5,64,77,22,251,56,71,60,103
268,6,173,195,249,12,72,102,212,7
268,7,175,137,39,145,245,166,142,252
268,8,72,148,133,121,53,63,91,23
268,9,99,32,1,243,130,44,20,48
268,10,77,148,146,250,233,176,217,82
268,11,237,230,32,97,33,141,215,71
268,12,137,251,50,23,13,91,38,51
268,13,180,0,194,185,20,212,248,34
268,14,17,132,73,113,248,35,44,189
268,15,139,6,190,12,178,238,191,74
268,16,234,112,60,172,191,59,102,75
268,17,69,54,144,9,208,44,79,152
268,18,195,77,176,102,32,66,182,116
268,19,37,54,48,212,239,133,15,9
268,20,53,172,72,133,91,195,145,50
268,21,99,32,58,214,1,68,72,243
268,22,108,77,148,109,82,176,195,217
268,23,32,61,237,230,167,71,88,204
268,24,137,251,23,91,50,126,158,196
268,25,194,203,0,216,180,5,20,119
268,26,17,132,144,35,113,163,248,29
268,27,139,12,191,6,178,235,134,92
268,28,234,172,254,59,160,191,158,104
268,29,69,54,9,44,170,233,192,79
268,30,116,92,129,77,138,241,47,60
268,31,180,37,133,15,212,49,125,47
268,32,255,143,235,78,104,173,27,19
268,33,110,167,203,47,250,67,70,229
268,34,128,185,164,121,13,254,191,244
268,35,101,77,121,194,14,202,176,53
268,36,228,153,78,188,154,138,17,244
268,37,156,219,1,103,244,199,214,132
268,38,182,50,141,175,122,204,24,239
268,39,174,141,83,142,112,157,136,101
269,0,193,167,48,5,240,19,159,98
269,1,214,58,80,51,131,166,4,56
269,2,204,111,51,161,168,155,243,202
269,3,147,45,232,123,163,56,173,149
269,4,175,28,134,206,221,147,121,148
269,5,56,71,22,77,251,64,108,230
269,6,249,195,30,12,72,210,113,173
269,7,175,142,39,245,38,166,24,3
269,8,133,121,72,53,145,148,151,172
269,9,99,32,243,1,221,45,20,63
269,10,148,217,82,176,199,179,192,50
269,11,237,230,32,215,33,218,163,61
269,12,137,251,50,120,23,199,91,13
269,13,180,194,248,58,20,26,0,101
269,14,17,113,223,132,204,73,253,41
269,15,139,235,6,98,12,147,229,190
269,16,172,160,234,60,104,88,126,175
269,17,69,44,21,233,144,9,171,248
269,18,182,176,138,77,129,209,92,116
269,19,122,99,115,180,212,239,1,125
269,20,195,72,133,172,50,53,148,145
269,21,32,99,243,1,58,214,204,45
269,22,148,217,137,60,147,176,135,87
269,23,32,61,63,204,230,167,218,237
269,24,137,50,199,163,120,158,240,161
269,25,180,101,45,0,212,71,248,145
269,26,204,132,17,253,248,200,54,228
269,27,139,235,98,147,12,28,229,238
269,28,160,172,254,102,234,104,117,59
269,29,69,44,1,19,170,192,94,60
269,30,116,77,129,92,197,138,225,204
269,31,49,122,212,59,115,85,88,95
269,32,255,245,109,123,144,19,78,47
269,33,61,47,102,167,110,250,189,203
269,34,121,191,13,128,246,244,109,18
269,35,36,14,202,194,129,171,253,97
269,36,153,188,26,78,154,158,10,138
269,37,100,219,132,103,163,238,80,74
269,38,122,0,61,175,242,143,190,239
269,39,174,176,32,57,219,163,70,87
270,0,145,130,179,79,119,213,91,48
270,1,139,123,106,0,64,216,87,75
270,2,175,40,25,37,111,164,88,168
270,3,59,126,142,196,212,205,173,245
270,4,131,15,241,230,181,90,240,151
270,5,22,58,50,71,108,139,175,0
270,6,249,30,210,26,12,255,72,173
270,7,175,39,185,142,3,225,227,154
270,8,195,148,133,53,72,23,240,145
270,9,99,69,1,229,203,243,199,168
270,10,148,137,147,217,86,135,156,70
270,11,32,174,63,204,44,178,60,218
270,12,10,163,38,176,161,50,116,137
270,13,145,58,45,215,212,248,208,20
270,14,204,132,253,164,54,248,73,126
270,15,235,139,98,147,238,92,28,101
270,16,172,104,117,160,112,72,100,191
270,17,69,44,1,62,233,21,94,152
270,18,77,138,92,129,137,176,37,241
270,19,122,212,115,164,59,48,144,143
270,20,195,133,148,72,106,23,53,93
270,21,69,1,207,99,229,141,193,84
270,22,148,137,147,156,157,132,86,20
270,23,174,63,32,60,218,154,133,70
270,24,116,220,87,11,50,163,157,200
270,25,145,21,45,101,15,212,0,71
270,26,204,171,86,200,213,55,132,81
270,27,98,23,235,147,12,28,154,139
270,28,102,72,197,24,117,53,120,219
270,29,1,19,69,62,44,60,54,94
270,30,91,77,225,204,197,66,90,232
270,31,122,59,212,88,85,49,143,95
270,32,255,245,47,14,236,235,254,117
270,33,47,126,84,139,90,81,110,203
270,34,121,191,246,18,91,10,120,11
270,35,36,14,129,202,167,9,101,194
270,36,153,188,2,78,26,10,44,28
270,37,22,219,103,163,162,124,238,52
270,38,175,127,118,0,93,239,254,212
270,39,77,219,70,34,116,30,44,99
271,0,62,211,174,75,236,58,139,60
271,1,30,80,193,123,141,4,52,239
271,2,207,40,111,62,18,168,155,204
271,3,126,245,89,244,196,149,45,200
271,4,148,28,90,121,44,152,140,244
271,5,50,58,22,153,0,251,108,164
271,6,30,210,249,12,237,26,8,14
271,7,175,185,39,38,57,245,225,24
271,8,195,148,133,53,145,216,23,85
271,9,99,199,1,229,243,101,86,134
271,10,148,242,137,217,86,132,126,147
271,11,63,174,220,32,44,218,204,164
271,12,157,116,137,161,3,176,201,10
271,13,212,145,45,58,180,15,19,73
271,14,204,253,44,164,54,132,107,21
271,15,98,147,235,139,92,195,12,238
271,16,190,172,117,160,72,193,252,53
271,17,1,69,21,62,44,152,95,20
271,18,77,138,91,130,151,209,60,137
271,19,122,212,85,59,88,115,143,144
271,20,195,133,148,216,72,23,32,28
271,21,1,229,207,193,98,99,60,84
271,22,242,137,148,132,156,147,157,86
271,23,174,220,63,218,60,133,59,222
271,24,11,116,220,3,157,128,224,87
271,25,145,45,21,15,19,71,101,219
271,26,204,86,132,171,81,200,228,214
271,27,98,147,235,177,28,169,139,154
271,28,72,24,102,193,117,197,47,160
271,29,1,69,21,44,94,62,88,125
271,30,77,91,225,197,204,175,63,232
271,31,59,122,115,88,212,85,95,203
271,32,255,123,236,245,47,254,247,109
271,33,95,139,61,132,102,46,68,220
271,34,10,191,240,246,67,120,44,252
271,35,36,14,129,235,202,254,167,156
271,36,188,153,78,142,154,248,26,131
271,37,22,238,163,103,199,101,115,16
271,38,0,118,127,61,175,254,202,35
271,39,138,70,122,129,139,163,225,169
272,0,35,101,197,242,9,34,119,118
272,1,62,27,97,150,47,20,75,151
272,2,164,90,130,210,155,70,14,109
272,3,26,211,226,37,230,252,233,146
272,4,15,102,90,245,61,200,214,65
272,5,90,188,220,153,50,58,109,222
272,6,14,182,237,215,133,246,8,43
272,7,185,112,199,2,175,40,23,5
272,8,195,148,35,239,53,85,133,23
272,9,203,180,99,229,207,193,1,29
272,10,88,126,132,157,193,86,10,148
272,11,111,174,133,98,42,81,20,63
272,12,220,116,3,160,10,11,137,253
272,13,29,145,45,15,112,58,183,176
272,14,204,132,86,41,253,164,88,248
272,15,235,98,172,36,139,147,195,190
272,16,181,172,160,92,191,104,100,112
272,17,44,69,1,166,192,209,233,5
272,18,77,197,148,170,60,138,90,224
272,19,115,122,212,59,130,95,233,88
272,20,195,148,53,239,133,85,72,35
272,21,99,180,203,1,254,193,238,235
272,22,88,236,147,148,172,21,132,126
272,23,39,63,133,20,111,130,32,121
272,24,220,10,137,116,67,3,120,176
272,25,45,112,145,209,208,29,21,34
272,26,132,204,86,248,90,115,253,188
272,27,235,139,172,98,147,190,227,177
272,28,96,197,191,172,160,209,183,117
272,29,69,44,5,192,1,219,204,250
272,30,77,170,225,175,197,91,148,227
272,31,115,212,122,59,95,88,130,240
272,32,255,98,158,236,99,241,247,149
272,33,51,126,190,50,232,220,110,86
272,34,116,246,10,161,254,123,150,1
272,35,53,14,36,202,129,235,130,194
272,36,188,153,154,78,207,166,70,53
272,37,199,103,22,163,115,65,219,52
272,38,71,239,118,127,175,135,93,201
272,39,138,70,69,25,92,1,178,189
273,0,57,88,241,108,238,32,59,135
273,1,192,217,140,146,11,181,182,78
273,2,8,36,188,237,153,155,124,87
273,3,126,106,226,69,110,252,29,196
273,4,28,45,90,140,171,189,61,66
273,5,50,58,22,220,108,109,87,146
273,6,237,182,210,255,30,98,14,12
273,7,175,185,39,5,227,142,225,245
273,8,195,148,133,53,85,72,23,214
273,9,99,69,1,180,229,152,241,169
273,10,88,126,86,193,148,217,50,183
273,11,39,63,32,223,121,188,239,111
273,12,10,137,16,101,116,3,157,144
273,13,112,145,45,212,103,58,34,208
273,14,204,132,253,0,248,163,113,228
273,15,235,139,36,98,190,46,34,56
273,16,172,124,104,160,191,112,61,176
273,17,44,69,192,233,209,198,253,1
273,18,77,170,92,60,224,227,47,122
273,19,212,115,122,180,95,192,166,9
273,20,195,148,53,72,133,174,252,85
273,21,99,69,1,193,243,180,143,254
273,22,126,217,88,147,172,108,21,38
273,23,39,63,121,239,230,61,32,117
273,24,137,10,13,169,120,161,196,18
273,25,34,112,58,180,45,208,5,211
273,26,132,164,0,248,253,163,204,4
273,27,139,235,190,98,147,145,227,134
273,28,172,191,209,124,160,104,112,158
273,29,69,44,192,233,219,109,217,196
273,30,77,92,170,241,175,227,224,223
273,31,212,180,133,115,122,95,174,50
273,32,241,60,255,204,67,73,132,108
273,33,51,50,33,110,229,66,30,70
273,34,254,123,150,218,93,27,244,23
273,35,53,14,194,202,164,36,93,143
273,36,135,154,188,78,153,2,87,4
273,37,1,219,199,52,129,163,103,104
273,38,239,175,60,122,135,109,200,68
273,39,96,195,184,110,187,150,243,140
274,0,211,138,163,124,236,77,232,62
274,1,165,109,167,55,68,124,52,118
274,2,188,91,143,32,79,187,42,216
274,3,56,22,201,87,126,149,93,69
274,4,147,28,152,134,175,200,46,140
274,5,154,108,95,0,164,60,64,58
274,6,12,30,72,7,33,195,249,161
274,7,142,175,225,246,245,72,104,227
274,8,53,145,148,252,72,133,195,50
274,9,99,1,243,221,58,28,166,186
274,10,217,108,251,45,38,135,172,162
274,11,121,239,230,117,194,143,61,249
274,12,137,13,16,10,51,23,38,50
274,13,180,194,58,34,170,248,215,83
274,14,17,163,132,0,248,154,136,244
274,15,139,190,16,6,55,134,238,70
274,16,178,88,172,15,60,234,203,173
274,17,69,96,208,44,25,79,144,162
274,18,123,99,129,77,199,241,182,239
274,19,54,133,114,239,3,212,9,85
274,20,172,72,133,195,135,53,145,252
274,21,99,32,243,245,214,1,204,58
274,22,135,108,38,251,217,233,45,86
274,23,121,117,166,194,61,230,99,63
274,24,137,158,50,10,198,109,58,38
274,25,0,194,58,215,180,71,254,170
274,26,163,0,132,17,248,55,54,115
274,27,139,6,134,28,190,16,145,59
274,28,254,172,15,151,209,183,191,176
274,29,44,69,192,208,96,225,209,217
274,30,77,99,129,239,225,92,116,241
274,31,133,49,114,115,122,180,3,95
274,32,255,57,123,85,31,137,241,109
274,33,102,61,162,51,229,56,110,181
274,34,121,13,191,254,183,179,73,150
274,35,14,53,171,129,202,116,196,187
274,36,4,154,188,153,26,78,93,171
274,37,100,101,1,132,219,199,123,13
274,38,175,61,239,122,143,196,191,31
274,39,176,163,57,32,211,225,139,129
275,0,113,179,142,166,150,97,197,145
275,1,87,34,26,5,139,59,0,132
275,2,25,37,88,175,40,164,18,38
275,3,46,84,146,211,37,142,135,88
275,4,14,161,241,67,167,15,90,230
275,5,235,58,50,146,22,128,191,154
275,6,30,210,12,237,215,120,249,255
275,7,3,175,184,91,176,185,227,24
275,8,195,148,33,174,53,85,72,233
275,9,132,99,1,39,126,28,229,130
275,10,126,248,38,86,45,251,108,70
275,11,121,36,63,117,174,194,178,32
275,12,10,160,137,38,157,240,14,3
275,13,33,145,104,58,45,170,215,112
275,14,132,147,163,204,248,0,184,164
275,15,139,235,65,98,134,147,238,173
275,16,151,172,156,104,191,160,100,25
275,17,44,69,110,192,208,209,57,109
275,18,77,128,224,239,241,54,60,148
275,19,115,12,212,122,163,180,101,197
275,20,195,174,33,148,53,72,85,133
275,21,99,126,132,1,39,254,193,143
275,22,248,126,21,147,217,108,172,38
275,23,36,121,63,117,140,178,123,34
275,24,10,137,161,3,48,16,120,153
275,25,34,104,45,33,145,180,208,58
275,26,132,204,163,248,90,253,0,147
275,27,235,139,190,65,227,147,145,98
275,28,151,172,191,209,197,156,160,183
275,29,44,69,192,57,1,110,217,209
275,30,77,128,225,175,92,239,224,47
275,31,212,115,122,95,12,180,133,50
275,32,255,241,113,238,132,236,158,204
275,33,190,51,50,41,220,110,72,70
275,34,254,123,88,161,246,97,150,91
275,35,53,14,194,129,202,46,164,220
275,36,188,154,78,153,207,10,135,87
275,37,219,199,103,52,1,238,129,22
275,38,239,175,135,93,118,127,83,206
275,39,25,70,16,103,216,225,145,243
276,0,241,6,57,88,108,135,61,83
276,1,192,47,216,74,246,38,136,191
276,2,76,8,198,138,144,36,87,62
276,3,126,106,226,151,110,250,85,29
276,4,67,61,62,28,244,140,240,45
276,5,220,145,58,87,22,50,108,85
276,6,12,30,7,237,98,19,118,249
276,7,175,176,3,142,225,72,104,159
276,8,195,53,148,85,33,214,252,72
276,9,99,126,69,132,1,30,243,166
276,10,183,108,93,126,217,240,115,231
276,11,121,183,171,74,239,32,92,39
276,12,137,10,212,144,102,201,83,115
276,13,58,33,104,180,34,170,145,84
276,14,132,147,35,248,0,223,73,189
276,15,139,235,190,141,74,145,65,238
276,16,151,172,191,104,88,156,100,158
276,17,69,44,192,208,209,235,110,96
276,18,77,224,54,102,47,99,92,60
276,19,115,212,180,9,125,95,24,133
276,20,174,195,53,148,133,72,145,245
276,21,99,1,243,254,214,150,143,69
276,22,217,108,21,38,148,147,172,126
276,23,140,117,61,121,32,230,45,39
276,24,137,10,13,161,196,120,126,195
276,25,34,58,180,45,209,112,211,5
276,26,132,0,164,248,4,90,204,253
276,27,139,235,227,190,145,92,134,147
276,28,191,172,209,124,112,104,160,151
276,29,69,44,192,233,217,196,209,109
276,30,77,92,224,241,175,102,128,123
276,31,212,180,133,115,95,50,122,174
276,32,241,60,255,67,204,132,108,226
276,33,51,50,30,110,33,66,229,70
276,34,254,123,150,27,218,93,244,179
276,35,53,14,194,202,36,164,143,116
276,36,135,154,188,78,153,2,87,110
276,37,219,1,199,52,129,103,104,238
276,38,239,175,60,135,122,109,69,190
276,39,96,195,110,184,187,150,243,103
277,0,211,222,236,60,195,70,254,217
277,1,109,167,55,52,191,165,68,125
277,2,91,76,143,79,188,216,195,32
277,3,93,22,149,56,126,69,197,201
277,4,147,175,28,134,152,140,46,200
277,5,154,164,108,60,91,64,251,22
277,6,12,30,7,72,113,237,69,98
277,7,175,142,246,245,251,183,72,75
277,8,53,148,133,72,195,145,121,59
277,9,99,1,176,28,58,186,166,30
277,10,217,108,135,172,38,147,250,251
277,11,218,171,121,230,61,117,183,163
277,12,137,10,13,38,196,50,92,58
277,13,180,34,115,215,194,185,171,170
277,14,132,73,57,35,17,0,248,223
277,15,235,139,190,227,6,238,66,74
277,16,88,191,203,172,112,104,60,234
277,17,69,171,192,44,19,196,96,209
277,18,77,129,99,141,224,102,182,54
277,19,114,212,115,24,99,180,95,9
277,20,172,53,195,148,133,72,145,240
277,21,99,254,32,1,214,58,193,176
277,22,38,135,21,108,217,172,147,148
277,23,117,166,63,61,183,218,121,40
277,24,137,10,158,240,50,196,38,58
277,25,34,215,45,0,194,211,58,115
277,26,132,0,204,115,248,163,57,17
277,27,235,139,227,190,130,6,145,238
277,28,254,191,209,172,104,160,183,158
277,29,69,44,192,19,209,225,1,9
277,30,77,129,225,92,99,241,239,152
277,31,49,95,212,99,114,115,180,249
277,32,255,109,144,236,67,123,57,31
277,33,61,102,250,189,229,66,47,181
277,34,121,13,244,191,254,109,246,120
277,35,14,171,53,129,202,36,142,46
277,36,188,153,154,26,60,4,213,79
277,37,132,1,100,199,170,238,219,52
277,38,175,122,132,239,135,143,252,68
277,39,57,8,32,176,163,112,211,221
278,0,130,145,179,119,213,91,51,79
278,1,139,64,106,216,87,123,0,136
278,2,25,37,62,175,88,40,38,138
278,3,59,142,205,208,200,126,8,181
278,4,241,131,15,151,181,230,240,90
278,5,58,108,22,50,154,142,140,139
278,6,30,12,210,72,113,249,237,255
278,7,175,24,3,142,118,104,251,26
278,8,195,148,53,85,133,59,22,240
278,9,69,99,1,28,166,77,243,254
278,10,172,38,147,135,86,217,108,148
278,11,117,178,121,44,63,32,218,166
278,12,10,137,240,38,161,250,157,176
278,13,215,58,170,34,208,145,83,45
278,14,132,204,115,248,73,0,184,44
278,15,235,139,227,190,145,193,74,238
278,16,191,172,104,25,209,103,117,1
278,17,69,44,192,196,217,171,227,1
278,18,77,224,129,241,18,239,47,64
278,19,115,95,212,127,174,101,180,166
278,20,195,148,53,85,240,133,72,174
278,21,1,99,69,254,193,229,195,143
278,22,172,38,148,135,108,21,147,137
278,23,117,63,174,44,166,178,205,121
278,24,10,50,137,115,157,176,116,38
278,25,211,45,215,183,101,240,145,83
278,26,204,132,115,171,62,163,232,86
278,27,23,227,235,130,1,190,145,139
278,28,183,197,102,176,191,117,160,190
278,29,1,192,44,94,69,225,98,204
278,30,77,225,91,85,152,144,239,64
278,31,95,49,59,212,249,88,85,115
278,32,255,236,254,57,31,3,47,109
278,33,126,47,139,90,72,87,66,143
278,34,91,121,246,10,244,191,120,195
278,35,14,129,171,46,202,36,53,142
278,36,2,188,153,60,154,26,78,4
278,37,199,22,1,170,238,52,103,219
278,38,175,135,118,93,127,198,132,46
278,39,129,70,99,122,44,219,77,243
279,0,27,35,166,101,58,133,169,242
279,1,139,26,11,132,216,123,181,20
279,2,164,40,210,62,217,22,59,34
279,3,211,106,146,37,29,226,48,151
279,4,65,14,242,15,90,240,129,118
279,5,161,10,103,58,50,146,235,142
279,6,210,215,237,30,246,255,54,12
279,7,2,185,175,183,199,240,24,81
279,8,195,148,85,35,23,53,180,233
279,9,241,180,1,99,254,229,130,143
279,10,193,86,88,49,137,172,70,77
279,11,20,39,174,63,117,99,121,223
279,12,10,160,137,157,144,3,116,253
279,13,178,29,45,145,211,21,183,212
279,14,204,132,86,163,0,181,6,180
279,15,36,235,172,190,227,173,238,139
279,16,96,183,160,191,158,176,117,164
279,17,44,94,69,1,192,196,209,225
279,18,148,77,170,225,83,85,224,91
279,19,95,115,212,130,233,59,88,153
279,20,148,195,53,133,240,23,85,241
279,21,1,99,180,241,254,193,238,229
279,22,148,83,108,193,88,172,132,21
279,23,39,20,117,63,174,44,223,98
279,24,137,10,67,251,176,106,250,116
279,25,178,45,211,212,83,183,145,208
279,26,204,132,115,200,163,62,44,55
279,27,227,235,139,36,1,190,145,134
279,28,96,191,183,197,117,160,209,112
279,29,69,1,192,98,102,152,44,94
279,30,77,85,170,225,152,148,91,45
279,31,212,95,59,240,88,115,130,122
279,32,255,60,158,236,99,47,31,254
279,33,33,190,41,72,87,220,232,205
279,34,82,244,161,246,97,10,120,55
279,35,14,171,24,129,36,202,53,142
279,36,60,188,207,153,154,10,2,78
279,37,104,199,1,22,219,103,238,52
279,38,175,135,118,27,198,212,127,68
279,39,110,243,96,70,12,69,46,78
280,0,211,78,60,75,55,177,254,62
280,1,193,32,185,28,144,191,245,78
280,2,188,228,87,62,194,3,126,216
280,3,149,56,69,16,126,93,243,201
280,4,175,28,90,140,134,189,152,38
280,5,58,60,108,50,128,164,95,122
280,6,30,12,210,237,51,125,212,249
280,7,175,225,38,26,188,245,246,104
280,8,195,148,53,85,72,22,121,240
280,9,99,1,254,20,186,30,229,176
280,10,148,172,108,217,242,147,86,146
280,11,117,97,37,230,63,32,44,139
280,12,137,10,119,176,157,250,116,48
280,13,45,83,34,180,0,201,178,183
280,14,132,204,115,44,248,73,196,21
280,15,235,227,139,1,145,12,74,190
280,16,191,117,209,104,160,183,25,1
280,17,69,44,192,196,217,1,18,209
280,18,77,241,152,83,64,239,224,54
280,19,95,212,115,127,174,101,219,24
280,20,148,53,195,240,85,133,145,72
280,21,193,99,1,254,26,211,32,176
280,22,148,172,108,242,233,149,135,54
280,23,117,63,44,37,99,248,166,19
280,24,10,137,119,157,50,176,116,250
280,25,45,178,0,211,83,212,183,34
280,26,204,132,196,115,200,163,44,73
280,27,227,1,235,130,28,145,139,12
280,28,160,209,190,191,183,197,117,102
280,29,125,94,69,1,98,192,44,225
280,30,152,77,225,241,83,63,223,91
280,31,95,212,85,59,88,115,122,174
280,32,255,236,92,109,31,73,140,123
280,33,61,139,133,250,162,181,11,68
280,34,121,72,191,246,240,10,254,244
280,35,14,24,129,53,8,171,67,202
280,36,188,142,154,60,26,4,39,153
280,37,100,199,1,22,238,78,132,115
280,38,175,119,118,127,243,93,80,87
280,39,40,244,70,122,129,92,31,99
281,0,113,179,249,118,142,145,91,48
281,1,87,34,5,26,177,59,227,139
281,2,34,176,232,146,44,114,14,90
281,3,146,84,211,46,37,126,100,135
281,4,14,161,67,241,167,15,131,240
281,5,224,235,103,58,50,104,146,186
281,6,51,30,12,237,210,215,249,120
281,7,175,176,185,91,227,5,24,26
281,8,195,33,148,89,85,174,53,23
281,9,126,99,39,132,29,1,94,228
281,10,38,172,148,248,86,23,54,147
281,11,117,36,178,121,44,20,63,97
281,12,137,10,63,161,250,157,144,115
281,13,33,58,104,170,43,45,145,144
281,14,147,132,184,50,248,204,73,0
281,15,235,139,189,190,65,74,170,227
281,16,151,191,172,156,104,100,25,158
281,17,69,44,110,192,109,210,95,209
281,18,77,224,128,60,54,239,47,241
281,19,115,212,12,180,95,163,125,9
281,20,195,174,33,85,53,148,133,245
281,21,99,132,126,1,39,143,193,243
281,22,217,21,248,147,108,224,38,148
281,23,36,140,121,117,63,61,230,32
281,24,137,10,161,144,21,13,196,201
281,25,104,33,34,45,58,170,145,209
281,26,132,204,147,248,253,163,90,50
281,27,235,139,145,227,190,98,147,65
281,28,191,151,209,172,156,197,104,183
281,29,44,192,69,57,110,1,217,209
281,30,77,128,92,225,97,224,175,239
281,31,115,95,212,180,12,122,133,240
281,32,255,241,236,113,238,158,132,7
281,33,190,51,41,50,126,110,220,63
281,34,254,88,123,161,10,97,150,246
281,35,53,14,194,129,220,202,46,36
281,36,154,188,78,207,153,11,10,53
281,37,199,219,103,22,163,1,52,37
281,38,239,175,118,93,127,135,83,196
281,39,25,70,16,145,225,103,216,169
282,0,241,6,57,88,108,135,83,61
282,1,192,140,38,216,181,74,246,47
282,2,76,8,36,198,108,68,62,200
282,3,126,106,226,151,110,29,196,149
282,4,28,45,67,140,61,244,240,90
282,5,224,58,50,22,108,220,146,87
282,6,237,12,19,30,7,140,210,255
282,7,175,176,227,5,225,24,3,142
282,8,195,148,33,85,53,214,133,72
282,9,126,69,99,132,1,180,241,152
282,10,126,183,86,93,240,104,10,49
282,11,39,133,36,253,121,162,183,63
282,12,137,144,212,10,201,115,70,161
282,13,33,58,104,34,170,145,208,142
282,14,132,147,248,204,73,0,163,95
282,15,190,139,235,74,170,145,141,108
282,16,151,191,172,156,104,124,100,176
282,17,69,44,192,210,110,196,253,209
282,18,77,224,92,102,54,64,60,47
282,19,115,212,180,9,133,1,95,125
282,20,195,174,53,145,148,133,245,72
282,21,99,243,1,69,214,176,143,150
282,22,217,21,38,108,147,162,148,126
282,23,140,230,121,117,39,32,61,45
282,24,137,13,10,161,196,113,195,127
282,25,34,58,180,170,248,146,5,45
282,26,132,248,0,164,253,4,126,130
282,27,139,235,190,145,238,227,170,74
282,28,191,172,209,124,104,25,192,112
282,29,69,44,192,233,196,209,217,109
282,30,92,77,224,241,97,176,170,123
282,31,180,212,115,133,95,122,50,166
282,32,241,60,204,255,67,108,132,226
282,33,51,50,110,66,30,33,70,229
282,34,254,123,27,218,150,93,66,82
282,35,53,194,14,202,143,220,164,13
282,36,78,135,188,154,4,2,82,153
282,37,199,1,219,129,163,103,52,104
282,38,239,175,60,135,122,109,68,27
282,39,96,110,195,184,140,103,187,243
283,0,211,75,70,195,236,60,224,29
283,1,167,191,55,100,176,145,118,204
283,2,91,79,143,32,76,216,187,195
283,3,201,22,93,149,126,56,69,112
283,4,28,147,134,152,175,197,200,36
283,5,154,108,0,60,70,22,222,177
283,6,12,30,72,237,7,233,120,195
283,7,175,225,142,227,246,245,183,72
283,8,148,53,181,133,72,144,145,213
283,9,99,1,28,243,58,176,221,199
283,10,217,135,38,197,172,233,162,226
283,11,117,121,183,143,253,230,4,237
283,12,137,13,10,38,83,51,240,198
283,13,34,180,215,194,248,58,246,170
283,14,132,73,29,248,164,35,102,17
283,15,190,139,235,90,238,74,221,208
283,16,191,88,112,201,172,1,192,209
283,17,69,44,196,217,192,210,225,51
283,18,102,77,129,54,209,123,47,64
283,19,9,1,115,114,212,125,24,180
283,20,172,145,148,53,195,245,133,72
283,21,99,32,1,214,58,143,150,176
283,22,38,217,135,197,21,245,233,147
283,23,117,166,45,121,230,61,118,72
283,24,137,10,50,158,131,240,195,198
283,25,34,194,215,180,0,211,174,212
283,26,132,0,130,17,4,248,126,204
283,27,139,235,190,238,79,90,6,141
283,28,191,254,197,172,112,176,209,234
283,29,69,44,225,192,184,204,217,196
283,30,77,129,92,99,225,239,224,209
283,31,49,115,95,114,212,180,149,152
283,32,109,255,57,157,236,67,31,123
283,33,61,162,87,47,66,229,70,51
283,34,121,13,191,254,109,244,249,166
283,35,14,44,53,171,202,254,36,194
283,36,78,154,188,4,153,92,79,28
283,37,100,132,199,1,101,103,163,219
283,38,175,239,61,122,143,196,132,8
283,39,57,163,176,32,8,129,11,169
284,0,113,150,179,166,142,97,145,197
284,1,87,139,5,64,177,34,216,0
284,2,163,25,37,146,175,166,19,88
284,3,46,142,84,135,161,255,98,97
284,4,14,161,67,241,201,181,230,15
284,5,224,58,235,142,50,108,22,103
284,6,30,12,237,210,120,249,72,50
284,7,175,142,227,176,33,3,26,185
284,8,148,195,33,53,85,174,252,59
284,9,99,132,126,39,1,211,68,86
284,10,38,135,197,172,86,147,70,193
284,11,36,121,117,178,63,194,44,32
284,12,10,240,38,176,242,144,161,103
284,13,34,33,58,215,104,45,170,208
284,14,132,204,147,184,50,171,188,115
284,15,235,74,139,90,145,65,193,190
284,16,191,172,25,1,104,151,209,201
284,17,69,44,192,196,210,217,209,128
284,18,77,239,224,128,64,47,241,175
284,19,115,212,163,127,95,180,133,174
284,20,195,148,33,53,174,85,252,245
284,21,99,132,1,39,126,233,214,211
284,22,38,172,148,147,21,23,135,217
284,23,117,44,178,36,63,121,174,166
284,24,10,242,149,50,115,161,87,38
284,25,45,34,104,183,27,161,0,145
284,26,50,132,204,188,171,92,163,147
284,27,235,139,65,189,29,147,98,170
284,28,151,176,172,156,197,255,191,209
284,29,44,57,192,32,119,221,10,110
284,30,128,239,127,140,77,47,25,173
284,31,115,12,10,238,118,197,220,1
284,32,5,255,52,238,113,132,45,163
284,33,50,137,98,64,123,90,190,41
284,34,254,88,91,123,108,112,192,120
284,35,46,53,14,194,206,220,64,213
284,36,78,29,154,199,188,165,207,94
284,37,219,199,103,37,158,1,115,102
284,38,239,175,93,159,135,117,196,191
284,39,25,100,235,225,41,115,90,223
285,0,241,6,57,88,108,135,61,83
285,1,192,216,136,74,177,173,36,99
285,2,76,166,8,144,36,108,99,151
285,3,244,161,126,237,106,162,252,222
285,4,67,244,64,240,28,69,50,140
285,5,224,108,22,237,58,215,154,220
285,6,12,30,98,237,19,7,249,207
285,7,142,175,176,227,104,225,206,72
285,8,195,53,148,33,85,214,72,143
285,9,99,132,126,69,1,152,241,166
285,10,23,108,21,255,183,93,43,29
285,11,36,4,205,121,253,249,183,254
285,12,137,10,83,212,21,201,126,242
285,13,34,58,170,180,208,33,78,238
285,14,132,73,248,173,189,204,101,115
285,15,74,139,90,190,145,170,235,0
285,16,191,74,172,4,24,25,234,183
285,17,69,210,44,235,58,244,233,169
285,18,77,58,224,64,176,47,94,233
285,19,115,129,240,212,127,1,180,95
285,20,85,53,148,195,145,72,12,154
285,21,99,214,81,143,1,233,195,176
285,22,160,207,245,149,147,190,7,108
285,23,80,32,230,44,61,186,140,10
285,24,137,21,10,196,201,88,161,244
285,25,34,170,58,183,248,232,174,208
285,26,132,59,248,73,154,90,228,15
285,27,139,190,170,74,235,145,98,147
285,28,74,191,172,112,166,4,104,158
285,29,69,150,233,44,58,244,204,36
285,30,77,176,175,123,94,138,92,137
285,31,180,212,95,115,122,25,238,138
285,32,33,255,241,236,246,204,213,115
285,33,192,219,110,50,72,33,123,229
285,34,16,218,254,123,246,29,27,75
285,35,194,235,14,53,236,20,220,13
285,36,110,78,188,173,154,242,135,194
285,37,163,219,199,103,52,45,129,200
285,38,239,135,175,144,126,100,117,159
285,39,96,110,175,140,243,14,254,196
286,0,211,195,75,163,236,60,201,151
286,1,132,26,34,11,55,173,191,167
286,2,61,76,91,79,166,16,195,52
286,3,244,22,201,161,149,126,69,93
286,4,203,147,134,152,200,28,197,157
286,5,128,108,154,0,122,136,232,222
286,6,12,30,72,7,120,240,249,237
286,7,225,175,142,245,227,183,104,4
286,8,148,53,72,133,213,195,181,214
286,9,99,1,28,243,183,199,58,150
286,10,217,38,197,135,233,226,162,172
286,11,136,117,121,237,230,74,211,2
286,12,137,10,13,242,198,38,51,168
286,13,34,180,215,194,58,170,26,55
286,14,132,92,248,73,191,113,189,154
286,15,190,97,139,74,90,221,208,235
286,16,88,191,201,112,1,203,172,131
286,17,69,210,44,217,119,196,51,192
286,18,102,77,99,129,239,64,123,199
286,19,1,115,212,114,23,9,190,125
286,20,172,50,235,148,145,53,245,233
286,21,99,58,32,1,214,201,68,243
286,22,38,249,231,217,135,44,108,245
286,23,45,136,166,117,22,77,121,211
286,24,242,10,158,137,50,254,198,102
286,25,34,194,35,0,58,215,180,162
286,26,132,0,17,92,50,248,184,163
286,27,139,235,190,97,90,6,61,247
286,28,191,88,203,176,172,197,193,162
286,29,69,119,94,44,192,9,184,99
286,30,77,99,225,97,239,0,232,129
286,31,115,249,95,49,23,114,59,88
286,32,109,236,255,92,125,31,161,209
286,33,47,250,167,61,146,132,161,90
286,34,246,109,13,10,121,191,128,120
286,35,14,129,220,202,46,164,171,36
286,36,188,78,153,154,10,93,15,28
286,37,100,101,199,219,103,22,37,238
286,38,175,239,61,122,143,8,191,127
286,39,163,176,107,235,196,11,139,57
287,0,130,179,145,119,213,91,79,51
287,1,139,64,87,216,106,0,219,151
287,2,25,37,19,175,88,227,40,52
287,3,59,142,205,208,64,52,8,129
287,4,241,131,230,15,151,181,191,198
287,5,58,142,50,108,132,139,175,103
287,6,54,30,12,210,255,237,240,120
287,7,33,227,175,185,104,225,26,5
287,8,195,148,53,85,89,59,252,233
287,9,69,99,77,1,228,211,233,29
287,10,38,113,23,86,108,172,130,49
287,11,117,136,121,178,63,44,174,194
287,12,10,242,157,201,250,160,38,63
287,13,34,58,170,43,45,208,145,215
287,14,132,184,50,20,204,44,248,223
287,15,235,139,190,74,147,92,90,145
287,16,191,172,104,25,203,117,24,11
287,17,44,69,119,192,210,109,196,209
287,18,77,239,0,224,57,64,125,47
287,19,115,163,212,1,249,125,130,59
287,20,195,85,53,148,245,145,133,113
287,21,99,69,38,211,29,28,164,68
287,22,23,217,21,132,113,108,148,147
287,23,174,44,136,161,117,178,205,34
287,24,10,242,160,115,16,116,137,87
287,25,45,146,145,222,183,34,27,97
287,26,132,44,171,0,204,50,96,228
287,27,23,139,147,169,235,3,98,206
287,28,193,72,191,195,197,176,183,100
287,29,119,94,1,69,204,21,44,88
287,30,77,225,97,64,91,232,0,88
287,31,59,95,249,88,240,122,135,115
287,32,236,254,255,3,47,125,7,247
287,33,126,72,132,146,57,12,47,139
287,34,10,246,91,44,120,72,191,240
287,35,129,202,14,164,220,46,36,167
287,36,2,188,78,153,154,10,119,118
287,37,199,219,103,22,37,93,163,238
287,38,175,127,135,239,118,230,119,59
287,39,70,129,45,243,77,165,197,252
288,0,27,35,166,58,101,133,126,242
288,1,139,26,11,132,216,123,181,219
288,2,40,164,59,50,155,52,217,48
288,3,106,211,29,226,146,161,48,86
288,4,65,14,242,15,90,245,61,240
288,5,161,10,146,58,50,142,103,132
288,6,54,215,255,237,210,246,30,120
288,7,2,185,175,183,112,225,81,106
288,8,195,85,148,35,23,53,233,179
288,9,241,180,1,99,169,6,119,229
288,10,193,86,88,195,83,49,50,192
288,11,39,174,20,133,99,121,63,117
288,12,242,10,160,6,144,253,201,254
288,13,178,21,29,121,45,145,183,211
288,14,132,204,6,163,188,171,228,92
288,15,36,177,235,139,172,90,74,190
288,16,191,96,137,183,176,158,100,120
288,17,69,44,94,192,209,1,217,196
288,18,77,97,148,225,170,83,64,140
288,19,115,212,249,59,88,95,153,122
288,20,195,148,53,85,133,245,24,233
288,21,99,1,180,241,229,233,90,214
288,22,83,34,132,21,148,253,172,193
288,23,174,20,39,44,117,133,63,10
288,24,67,10,116,149,176,6,137,160
288,25,178,34,145,183,208,45,29,21
288,26,132,44,204,130,248,227,73,1
288,27,139,235,177,90,169,36,190,223
288,28,191,96,197,183,195,72,176,47
288,29,69,1,204,94,119,222,128,102
288,30,77,170,97,225,148,85,91,64
288,31,240,95,59,130,212,115,88,122
288,32,236,60,99,158,255,47,254,7
288,33,190,33,72,41,232,146,12,87
288,34,82,10,161,246,97,55,116,211
288,35,14,129,24,202,164,220,39,36
288,36,188,207,78,153,154,239,10,158
288,37,219,199,103,104,22,163,37,93
288,38,239,175,135,127,118,27,230,71
288,39,110,243,12,70,45,69,96,36
289,0,41,29,2,217,65,177,86,254
289,1,185,32,144,83,191,193,252,28
289,2,188,139,157,143,87,42,153,93
289,3,201,22,154,69,30,196,149,112
289,4,149,134,152,28,208,189,253,233
289,5,58,251,213,50,0,108,115,153
289,6,12,30,125,237,43,102,25,26
289,7,142,175,185,227,85,183,104,174
289,8,148,53,85,133,195,72,23,143
289,9,99,1,243,183,211,130,233,90
289,10,233,217,108,148,54,38,172,147
289,11,97,44,117,105,32,216,63,121
289,12,137,10,149,166,198,119,157,38
289,13,34,180,183,174,215,194,101,65
289,14,132,44,17,113,248,115,163,73
289,15,221,139,235,238,190,90,116,74
289,16,191,234,183,197,56,201,158,176
289,17,69,217,196,44,169,209,210,51
289,18,77,83,225,209,130,66,116,32
289,19,115,129,125,59,114,88,133,219
289,20,53,148,172,145,133,24,72,85
289,21,99,32,48,1,211,243,204,252
289,22,233,132,253,245,109,17,19,148
289,23,209,44,117,99,59,211,248,146
289,24,50,119,166,137,10,149,55,157
289,25,34,178,183,0,45,145,208,222
289,26,132,44,17,204,227,130,1,188
289,27,177,139,79,190,235,90,116,223
289,28,56,191,138,197,183,201,35,234
289,29,69,1,204,78,94,4,19,244
289,30,97,66,77,130,225,83,209,151
289,31,157,83,59,219,88,95,247,115
289,32,28,14,236,209,120,255,92,47
289,33,250,103,161,5,146,59,181,54
289,34,109,246,18,11,227,10,121,249
289,35,24,129,202,254,14,8,36,220
289,36,188,48,153,154,78,92,148,118
289,37,199,162,103,22,219,196,238,177
289,38,127,118,185,239,124,175,87,230
289,39,77,224,70,116,30,99,34,167
290,0,70,211,174,139,138,134,237,159
290,1,206,193,44,91,80,157,10,187
290,2,197,242,22,215,75,142,123,229
290,3,123,14,22,164,201,100,216,69
290,4,44,152,134,175,221,148,28,38
290,5,58,164,0,60,122,108,22,80
290,6,57,12,30,39,125,240,237,212
290,7,223,33,104,38,175,142,183,174
290,8,148,53,85,143,59,246,195,72
290,9,99,1,28,130,199,211,176,233
290,10,19,172,148,108,242,233,217,23
290,11,220,97,218,215,44,117,31,222
290,12,10,157,149,242,137,119,198,176
290,13,34,146,183,37,170,174,145,14
290,14,132,44,73,223,113,248,115,163
290,15,235,221,139,177,33,74,190,28
290,16,191,197,104,183,25,209,201,200
290,17,69,164,44,21,217,192,196,72
290,18,77,97,151,239,83,225,123,64
290,19,115,85,249,144,129,125,59,88
290,20,121,148,195,85,53,133,72,89
290,21,99,98,28,1,22,204,211,48
290,22,19,242,132,253,216,34,233,148
290,23,220,44,218,59,201,174,215,117
290,24,157,10,119,149,50,115,128,242
290,25,146,183,101,178,19,34,222,45
290,26,132,44,96,171,1,204,73,18
290,27,28,177,169,3,33,139,202,206
290,28,193,190,219,191,102,158,183,195
290,29,21,94,88,164,1,69,204,61
290,30,232,77,91,97,162,225,218,64
290,31,59,85,88,95,115,183,34,223
290,32,156,123,236,109,179,125,47,21
290,33,234,95,102,143,11,146,132,81
290,34,240,44,238,10,72,246,191,67
290,35,24,167,202,148,190,210,36,129
290,36,188,39,142,78,227,115,153,67
290,37,78,22,103,27,199,43,238,100
290,38,119,127,118,215,251,163,169,239
290,39,158,40,122,248,70,244,215,165
291,0,171,117,226,185,11,146,187,243
291,1,169,133,81,13,66,232,2,104
291,2,249,22,164,107,225,31,254,71
291,3,221,170,201,100,137,14,161,188
291,4,228,8,152,139,105,55,119,60
291,5,61,142,114,27,58,146,153,0
291,6,90,57,125,3,114,51,39,43
291,7,181,185,131,85,187,158,104,44
291,8,112,85,148,53,86,195,233,59
291,9,178,206,99,207,120,98,233,229
291,10,19,108,163,132,253,34,205,26
291,11,142,18,248,116,98,97,44,20
291,12,10,67,149,119,106,222,43,176
291,13,200,116,34,183,178,100,29,145
291,14,132,38,44,204,248,227,180,73
291,15,221,99,139,241,177,90,169,235
291,16,191,195,54,149,96,183,158,47
291,17,69,8,210,155,88,236,217,51
291,18,77,232,6,83,91,22,225,218
291,19,115,59,88,129,125,240,18,133
291,20,148,112,133,53,85,233,24,145
291,21,99,178,207,206,120,233,214,211
291,22,163,132,108,34,245,253,116,205
291,23,142,18,20,130,170,2,44,247
291,24,222,116,67,10,43,176,244,137
291,25,34,208,145,183,116,200,174,199
291,26,132,96,248,73,38,44,227,130
291,27,139,99,3,169,206,90,177,190
291,28,33,191,54,195,72,183,231,96
291,29,69,1,155,236,8,204,222,89
291,30,77,91,6,64,221,75,83,225
291,31,59,88,240,95,233,115,137,135
291,32,210,17,47,156,194,236,89,21
291,33,105,214,23,81,94,244,146,40
291,34,12,187,19,188,54,58,10,246
291,35,167,202,212,36,7,244,214,220
291,36,253,188,153,0,78,8,239,34
291,37,164,22,103,90,124,199,209,219
291,38,22,136,127,118,86,212,79,106
291,39,16,145,36,34,70,30,116,62
292,0,233,29,41,163,86,65,4,2
292,1,217,153,143,98,190,33,193,14
292,2,193,5,251,139,63,13,84,159
292,3,30,2,177,202,113,95,156,42
292,4,216,133,152,149,54,231,104,121
292,5,27,213,172,153,18,115,81,183
292,6,154,245,235,55,90,125,243,166
292,7,158,7,185,187,167,181,108,174
292,8,242,148,86,85,53,157,164,233
292,9,120,207,98,85,99,14,229,61
292,10,5,117,17,132,178,253,9,108
292,11,170,209,151,207,142,247,186,137
292,12,222,166,116,203,178,43,10,176
292,13,116,183,113,100,34,208,111,219
292,14,132,44,204,18,248,227,191,96
292,15,139,169,39,90,190,221,235,74
292,16,191,195,54,33,183,72,24,158
292,17,69,8,210,1,169,88,217,78
292,18,77,232,91,22,83,237,225,32
292,19,115,59,88,240,108,112,129,125
292,20,148,242,85,53,133,233,72,65
292,21,99,120,207,214,58,233,63,204
292,22,132,5,108,17,117,245,116,9
292,23,209,170,151,247,90,208,153,101
292,24,116,222,43,166,174,10,178,244
292,25,34,199,116,208,145,183,238,174
292,26,132,73,248,96,93,204,227,21
292,27,139,74,90,169,3,206,190,99
292,28,33,191,138,72,54,195,183,116
292,29,69,78,1,157,204,222,8,141
292,30,77,237,91,175,64,83,221,225
292,31,59,88,70,240,95,115,137,233
292,32,47,75,236,197,210,14,206,116
292,33,161,103,5,81,105,177,244,18
292,34,227,11,246,143,10,188,213,205
292,35,167,202,244,36,214,220,14,16
292,36,188,48,78,129,153,251,10,239
292,37,22,103,199,162,147,124,163,14
292,38,127,118,124,79,212,106,239,219
292,39,34,70,116,30,77,13,62,203
293,0,211,62,70,20,60,223,170,178
293,1,193,243,163,206,101,204,42,115
293,2,193,3,235,192,216,75,83,228
293,3,197,243,201,76,196,53,51,154
293,4,175,152,28,134,44,121,187,6
293,5,164,58,0,145,60,251,122,99
293,6,12,168,125,102,154,30,26,212
293,7,175,38,185,225,246,104,5,142
293,8,53,148,22,133,240,72,85,23
293,9,99,1,254,68,28,150,211,101
293,10,242,172,146,148,147,132,116,156
293,11,97,37,44,218,230,32,141,60
293,12,10,176,137,116,38,250,55,161
293,13,34,183,19,170,83,45,174,238
293,14,132,44,204,115,73,248,196,253
293,15,235,74,190,139,227,145,112,53
293,16,191,190,183,72,195,102,104,197
293,17,69,19,62,210,217,169,192,209
293,18,77,209,64,225,83,91,109,14
293,19,115,85,59,95,212,60,129,240
293,20,53,148,233,72,133,85,152,121
293,21,99,211,214,98,22,233,58,84
293,22,242,132,109,146,205,116,233,108
293,23,218,164,44,211,97,2,93,70
293,24,210,166,10,116,55,11,119,78
293,25,34,169,183,116,208,19,155,0
293,26,132,73,96,196,227,204,248,1
293,27,139,28,74,206,99,18,249,53
293,28,53,56,72,183,33,191,186,82
293,29,19,69,1,62,204,222,8,128
293,30,77,91,143,83,151,64,225,209
293,31,59,157,83,95,88,70,85,239
293,32,14,47,123,109,236,210,85,255
293,33,198,189,139,84,102,81,146,61
293,34,18,11,143,195,246,10,121,164
293,35,167,202,36,244,129,235,254,191
293,36,26,188,78,153,79,44,129,118
293,37,162,196,22,103,199,163,153,238
293,38,127,118,87,132,79,106,198,52
293,39,99,77,44,70,203,116,30,34
294,0,62,211,163,13,231,138,174,159
294,1,252,141,23,76,164,195,193,61
294,2,200,207,232,168,169,62,159,141
294,3,45,201,200,40,30,252,22,15
294,4,148,152,134,89,221,44,75,164
294,5,81,153,0,115,122,58,251,210
294,6,154,82,125,123,102,12,245,92
294,7,185,104,183,4,227,175,142,108
294,8,148,53,85,72,22,252,246,242
294,9,99,1,207,154,233,174,79,150
294,10,5,132,207,116,49,9,99,26
294,11,220,59,97,170,44,222,85,151
294,12,222,178,10,116,176,210,137,21
294,13,34,183,208,170,83,45,113,50
294,14,132,44,18,248,173,204,227,115
294,15,235,74,139,90,169,190,145,170
294,16,195,191,193,72,183,33,24,158
294,17,69,210,8,169,196,217,1,21
294,18,77,83,151,22,232,91,250,50
294,19,115,59,183,88,129,85,125,212
294,20,121,148,89,85,53,207,242,233
294,21,99,207,98,85,131,233,68,161
294,22,216,116,132,26,34,1,5,178
294,23,201,170,220,59,186,236,98,116
294,24,128,116,160,15,32,119,222,11
294,25,97,178,140,222,19,101,145,183
294,26,44,96,18,20,171,132,168,167
294,27,3,206,177,169,147,139,156,154
294,28,193,196,219,230,82,158,228,151
294,29,94,21,88,61,69,119,1,9
294,30,77,250,38,155,0,99,232,60
294,31,115,221,208,4,183,59,139,255
294,32,146,161,12,125,162,179,3,104
294,33,75,56,181,133,162,132,54,77
294,34,5,20,195,44,8,240,238,10
294,35,24,64,148,107,74,190,128,134
294,36,39,188,93,19,115,165,219,171
294,37,100,24,169,101,16,54,6,86
294,38,119,169,159,61,35,252,143,96
294,39,117,40,139,163,100,235,169,11
295,0,91,145,51,249,9,179,118,119
295,1,139,64,87,59,216,20,246,75
295,2,34,17,210,114,103,59,38,19
295,3,59,211,77,152,235,231,37,146
295,4,131,128,241,15,108,230,151,222
295,5,186,104,41,193,224,99,6,58
295,6,167,51,153,54,125,43,12,154
295,7,29,185,23,216,33,142,175,78
295,8,148,89,195,53,234,85,23,83
295,9,99,29,94,228,164,77,1,68
295,10,130,23,49,169,38,216,19,113
295,11,189,161,121,136,117,44,32,97
295,12,10,63,26,149,15,242,160,157
295,13,34,43,58,183,147,45,208,171
295,14,132,44,20,124,184,248,204,224
295,15,235,139,81,177,147,221,238,124
295,16,191,5,196,25,158,172,195,117
295,17,69,44,172,250,192,196,217,119
295,18,77,57,97,239,0,187,83,224
295,19,115,130,212,59,163,88,249,133
295,20,195,89,234,207,133,148,85,145
295,21,99,29,164,69,94,38,28,1
295,22,130,198,23,113,169,132,207,217
295,23,161,117,44,189,178,98,136,186
295,24,10,63,26,74,160,242,149,15
295,25,147,43,45,146,61,97,34,170
295,26,20,50,124,148,184,132,171,44
295,27,23,147,200,235,81,139,98,29
295,28,133,172,158,191,151,43,192,202
295,29,44,119,69,76,1,36,250,87
295,30,77,239,0,38,179,104,224,60
295,31,122,115,59,88,205,191,109,139
295,32,255,181,3,47,98,133,161,244
295,33,126,90,77,86,27,207,137,88
295,34,96,91,20,173,136,168,74,120
295,35,64,203,33,80,235,245,128,47
295,36,191,218,165,171,109,167,99,80
295,37,65,226,86,6,61,74,19,215
295,38,117,239,159,18,176,252,191,61
295,39,228,117,48,86,235,164,208,218
296,0,141,235,190,221,208,253,47,115
296,1,93,47,244,46,155,182,68,188
296,2,34,145,103,100,57,93,74,17
296,3,187,235,231,133,77,130,37,152
296,4,142,128,236,222,95,102,15,234
296,5,193,90,186,47,41,224,99,135
296,6,54,153,43,215,12,167,237,60
296,7,185,23,29,78,216,64,175,117
296,8,195,234,116,180,23,99,89,52
296,9,164,116,191,94,126,38,99,29
296,10,198,169,130,113,36,125,248,132
296,11,161,189,233,136,128,86,32,63
296,12,63,93,74,26,15,242,128,116
296,13,147,43,45,97,134,154,145,95
296,14,20,50,51,204,124,44,224,86
296,15,147,200,81,98,235,162,238,92
296,16,5,133,196,172,117,252,174,72
296,17,172,250,119,76,69,44,89,1
296,18,57,179,77,0,187,43,138,50
296,19,122,116,109,130,115,88,20,212
296,20,195,234,133,239,148,180,72,20
296,21,164,29,207,94,116,191,126,99
296,22,169,198,130,113,116,255,125,234
296,23,161,189,174,98,62,78,111,128
296,24,63,74,26,93,160,15,235,242
296,25,147,43,45,134,152,107,145,6
296,26,20,148,51,124,204,211,86,214
296,27,200,147,81,162,181,206,169,98
296,28,43,133,5,24,72,196,170,202
296,29,76,1,87,172,250,119,69,0
296,30,179,77,163,187,91,205,226,16
296,31,116,122,109,205,59,4,191,115
296,32,181,119,178,223,255,90,47,161
296,33,93,129,83,86,210,183,238,215
296,34,82,132,74,96,1,207,62,43
296,35,27,160,36,167,57,235,202,64
296,36,222,20,153,70,165,192,191,188
296,37,229,39,163,2,221,120,61,54
296,38,64,202,159,239,42,117,220,143
296,39,186,190,11,222,169,133,154,60
297,0,193,38,54,167,44,94,112,53
297,1,46,47,122,105,117,238,58,201
297,2,145,100,53,186,140,241,104,245
297,3,26,230,103,233,117,34,35,91
297,4,67,144,81,245,45,213,179,91
297,5,90,188,224,47,193,43,109,73
297,6,60,54,215,153,131,206,173,143
297,7,176,117,185,231,23,70,55,106
297,8,239,104,116,73,179,52,33,180
297,9,126,191,116,113,85,239,30,84
297,10,248,115,157,36,195,126,27,238
297,11,133,233,36,39,140,111,112,161
297,12,44,93,54,74,144,85,164,253
297,13,33,6,15,61,147,138,11,134
297,14,147,86,50,204,57,51,211,41
297,15,147,166,189,162,98,235,200,195
297,16,156,151,170,133,43,252,24,18
297,17,5,69,1,166,110,57,89,76
297,18,77,179,226,204,187,91,128,192
297,19,122,115,59,88,212,205,109,12
297,20,195,239,148,133,234,53,72,180
297,21,116,207,126,99,191,1,85,164
297,22,236,157,161,132,147,234,248,165
297,23,111,140,189,63,42,39,98,36
297,24,93,116,220,137,43,44,39,3
297,25,6,145,45,29,33,15,37,208
297,26,204,132,86,52,147,214,54,73
297,27,98,162,147,177,206,139,74,170
297,28,43,72,156,24,47,117,191,133
297,29,5,1,69,44,172,76,250,57
297,30,77,91,226,179,175,192,187,225
297,31,122,59,115,167,88,12,212,109
297,32,223,255,47,119,178,181,247,90
297,33,83,93,86,74,190,81,129,183
297,34,186,246,1,116,10,82,207,96
297,35,167,36,202,14,160,235,224,254
297,36,153,188,70,78,181,129,166,154
297,37,58,163,229,115,22,238,103,52
297,38,92,118,127,148,43,252,35,159
297,39,189,238,70,38,2,95,169,186
298,0,43,173,112,238,30,200,7,89
298,1,46,47,188,249,137,156,181,20
298,2,186,140,82,245,72,20,53,200
298,3,117,103,233,26,230,236,169,210
298,4,144,245,81,193,213,67,199,246
298,5,85,188,90,220,145,230,255,248
298,6,118,96,230,160,131,89,7,206
298,7,142,176,72,225,47,3,230,175
298,8,195,148,53,239,85,133,175,72
298,9,99,126,1,113,30,86,88,53
298,10,115,240,126,21,183,231,76,61
298,11,253,181,32,42,249,162,187,183
298,12,137,10,102,212,83,53,201,21
298,13,34,58,170,208,6,83,145,15
298,14,132,73,248,173,204,29,41,189
298,15,139,74,190,235,170,141,145,90
298,16,172,191,112,104,151,183,24,115
298,17,69,44,233,210,109,58,5,79
298,18,77,224,58,102,138,47,175,92
298,19,115,180,1,212,95,9,129,125
298,20,195,85,53,148,145,174,245,133
298,21,99,143,176,150,243,233,1,214
298,22,147,149,245,207,236,108,217,126
298,23,32,80,140,230,226,111,61,63
298,24,137,21,161,13,120,10,220,142
298,25,34,170,209,145,45,58,5,208
298,26,132,204,248,189,253,164,126,90
298,27,139,74,170,190,235,98,147,124
298,28,172,191,104,112,183,158,160,24
298,29,69,44,233,5,1,158,109,60
298,30,77,175,138,176,225,92,226,97
298,31,122,115,212,95,59,180,88,167
298,32,255,223,241,236,158,226,47,178
298,33,190,110,50,74,85,220,83,86
298,34,116,246,10,1,186,218,213,82
298,35,36,14,202,167,224,235,254,244
298,36,188,153,78,70,129,181,154,10
298,37,163,58,22,103,238,115,52,199
298,38,92,127,118,148,71,79,212,189
298,39,189,2,70,38,69,242,78,25
299,0,57,241,88,238,6,108,83,58
299,1,192,140,181,152,249,213,125,182
299,2,8,36,21,82,49,124,20,62
299,3,126,106,226,196,103,110,69,149
299,4,45,140,28,193,9,187,235,90
299,5,22,50,58,220,188,87,71,29
299,6,255,14,7,210,118,237,160,12
299,7,175,176,185,142,5,39,3,225
299,8,195,148,53,133,239,23,72,175
299,9,69,99,126,180,1,152,229,143
299,10,126,88,157,148,86,183,61,132
299,11,39,63,32,133,253,188,183,150
299,12,212,144,137,102,10,252,101,116
299,13,145,6,45,58,212,112,15,168
299,14,204,132,147,238,248,41,253,54
299,15,235,46,98,139,190,141,147,170
299,16,172,151,104,191,156,124,158,100
299,17,69,44,233,5,109,57,1,51
299,18,77,176,170,92,226,224,60,175
299,19,122,115,212,180,167,1,125,237
299,20,195,133,72,53,148,93,246,85
299,21,69,99,1,243,180,148,210,7
299,22,157,126,147,217,149,27,88,21
299,23,39,63,140,32,230,61,253,99
299,24,137,169,21,13,220,126,120,201
299,25,112,211,34,180,45,212,254,146
299,26,132,204,248,253,189,41,238,200
299,27,139,235,98,190,147,170,74,29
299,28,172,191,124,158,160,112,104,117
299,29,69,44,233,158,79,192,58,109
299,30,77,176,175,92,170,123,44,169
299,31,212,122,180,115,166,50,95,133
299,32,60,255,204,241,2,73,132,63
299,33,110,50,33,229,106,74,67,108
299,34,218,254,123,93,27,244,37,176
299,35,194,53,14,93,202,143,36,171
299,36,78,135,154,188,153,2,4,213
299,37,163,219,1,199,52,129,103,104
299,38,239,175,60,122,135,109,133,68
299,39,96,140,195,110,184,187,150,176
300,0,236,60,12,188,77,211,195,75
300,1,167,7,118,124,113,55,176,203
300,2,91,79,187,32,188,221,254,11
300,3,56,93,149,126,201,22,69,109
300,4,28,46,134,147,140,175,121,152
300,5,154,60,22,108,111,58,0,50
300,6,30,7,12,113,72,204,210,249
300,7,175,142,225,72,245,5,39,227
300,8,53,195,148,145,72,133,85,252
300,9,99,1,30,254,243,199,28,15
300,10,217,149,135,37,147,245,250,86
300,11,230,61,237,143,32,63,125,35
300,12,137,13,21,23,83,50,201,38
300,13,180,34,194,170,0,201,248,211
300,14,17,73,132,113,248,189,30,29
300,15,139,141,190,6,235,208,50,255
300,16,126,172,60,234,230,158,160,112
300,17,69,233,86,44,225,79,22,144
300,18,123,129,176,241,77,60,33,32
300,19,122,1,203,115,180,239,212,9
300,20,195,172,72,50,148,145,133,53
300,21,32,99,243,58,1,214,204,236
300,22,217,149,126,135,147,245,233,11
300,23,230,61,237,32,63,226,37,99
300,24,137,50,21,158,83,229,131,58
300,25,180,194,211,34,0,174,212,170
300,26,17,132,189,248,204,253,200,73
300,27,139,14,235,170,6,147,238,130
300,28,126,254,172,234,191,160,158,117
300,29,69,233,44,225,1,86,54,60
300,30,241,77,129,176,225,152,92,90
300,31,49,122,95,212,114,115,174,133
300,32,255,73,146,12,67,57,92,236
300,33,61,110,229,47,70,51,118,189
300,34,254,13,121,191,123,244,166,246
300,35,53,14,194,202,171,13,67,129
300,36,154,188,78,135,153,92,28,7
300,37,1,170,100,132,122,199,219,52
300,38,239,122,175,0,243,69,60,133
300,39,32,57,176,184,8,150,195,224
301,0,70,27,211,103,37,151,248,137
301,1,28,55,237,220,24,176,118,253
301,2,37,129,195,143,32,91,178,252
301,3,109,93,126,22,69,149,201,50
301,4,28,134,175,147,132,152,121,197
301,5,111,108,154,222,60,22,164,146
301,6,30,12,145,210,113,204,237,72
301,7,175,75,225,142,72,245,252,183
301,8,145,148,53,252,133,195,72,181
301,9,99,241,254,1,15,28,130,243
301,10,172,217,38,135,37,86,226,147
301,11,117,218,61,230,31,121,148,63
301,12,137,13,58,91,113,14,83,201
301,13,180,215,170,216,201,254,55,119
301,14,163,73,132,140,85,55,232,248
301,15,190,139,28,208,50,141,27,48
301,16,126,158,209,172,160,144,112,191
301,17,69,42,233,86,44,184,253,192
301,18,241,123,239,152,129,60,176,110
301,19,186,127,174,1,101,95,212,123
301,20,195,53,148,72,106,145,213,127
301,21,99,254,1,71,214,243,195,225
301,22,38,172,135,149,78,179,148,221
301,23,230,167,117,31,63,166,99,218
301,24,58,109,14,137,229,184,148,21
301,25,71,45,212,201,211,180,178,34
301,26,163,132,85,200,107,189,243,248
301,27,139,14,74,193,208,190,50,227
301,28,160,172,209,112,191,254,155,158
301,29,69,233,94,44,225,184,58,93
301,30,241,197,77,225,152,239,129,224
301,31,49,122,212,149,95,115,133,100
301,32,255,31,123,67,109,3,236,138
301,33,61,87,110,189,47,90,167,108
301,34,191,13,244,121,254,20,120,1
301,35,235,14,129,53,171,119,24,194
301,36,4,154,188,60,124,93,78,153
301,37,1,100,101,163,199,74,127,123
301,38,0,57,122,175,143,61,202,191
301,39,57,40,176,32,163,221,112,22
302,0,91,145,51,9,179,213,242,119
302,1,139,184,160,227,247,64,170,176
302,2,37,195,68,25,175,206,69,146
302,3,149,69,126,59,93,88,245,142
302,4,241,131,28,230,90,15,151,129
302,5,58,108,154,50,146,128,22,206
302,6,30,210,237,249,12,204,255,14
302,7,175,225,75,26,5,227,57,24
302,8,195,148,53,85,72,252,133,59
302,9,99,69,203,1,77,195,30,254
302,10,149,147,86,217,126,137,245,37
302,11,174,63,230,178,32,44,144,99
302,12,21,137,220,10,38,185,160,161
302,13,211,170,45,58,180,215,34,83
302,14,132,73,204,184,248,21,54,173
302,15,139,235,190,170,147,74,14,98
302,16,172,126,115,191,160,104,183,112
302,17,69,225,233,44,58,210,109,1
302,18,58,224,77,176,90,180,47,175
302,19,115,127,122,1,125,95,212,192
302,20,195,85,148,53,72,24,81,246
302,21,203,99,69,81,204,114,222,154
302,22,149,245,207,147,157,137,217,132
302,23,174,230,44,178,203,10,63,61
302,24,21,220,137,10,186,196,12,149
302,25,211,34,170,45,183,232,82,201
302,26,132,86,173,73,248,165,228,204
302,27,139,23,172,14,74,170,145,0
302,28,191,183,24,4,115,116,172,155
302,29,69,58,1,225,222,44,93,244
302,30,197,77,225,175,176,224,91,85
302,31,167,59,95,115,122,88,240,49
302,32,236,255,246,254,215,47,3,46
302,33,87,126,86,90,47,28,72,160
302,34,91,1,191,252,10,246,120,244
302,35,235,129,14,218,202,250,37,36
302,36,188,78,2,199,154,124,153,131
302,37,163,100,101,199,59,103,1,232
302,38,61,0,122,175,202,143,191,188
302,39,176,57,163,138,31,95,112,196
303,0,197,179,35,101,130,213,9,114
303,1,97,62,27,70,47,75,216,123
303,2,68,40,34,88,164,18,25,175
303,3,26,37,211,230,233,69,87,126
303,4,15,241,102,90,129,108,142,131
303,5,58,50,188,90,222,103,153,46
303,6,237,14,210,215,30,182,246,43
303,7,185,175,40,199,2,64,23,78
303,8,195,148,239,85,35,53,72,179
303,9,203,180,99,29,1,98,193,207
303,10,157,193,88,137,86,132,126,248
303,11,174,63,203,111,42,99,178,144
303,12,160,220,116,3,11,21,15,10
303,13,29,211,45,112,145,183,170,121
303,14,86,132,204,73,173,248,54,41
303,15,172,36,139,147,190,162,74,170
303,16,181,191,24,183,115,231,172,195
303,17,69,225,233,210,58,166,1,44
303,18,77,197,224,58,170,90,176,225
303,19,115,127,59,130,88,167,95,129
303,20,239,85,148,53,35,195,152,212
303,21,203,99,180,81,143,207,204,28
303,22,236,207,149,157,245,83,88,132
303,23,39,230,42,203,44,10,111,63
303,24,220,43,21,10,137,196,116,244
303,25,34,45,170,112,211,29,208,83
303,26,132,173,248,86,73,204,189,165
303,27,139,74,145,172,14,170,190,147
303,28,191,24,115,183,96,116,1,25
303,29,69,58,5,1,222,196,250,210
303,30,77,225,175,170,197,71,58,91
303,31,115,59,95,167,88,130,240,101
303,32,98,236,158,99,246,149,223,90
303,33,126,86,190,232,87,72,107,79
303,34,116,10,252,1,246,56,161,34
303,35,235,129,14,218,202,16,167,142
303,36,188,78,70,154,207,181,153,152
303,37,163,22,199,103,58,115,67,190
303,38,118,71,127,92,148,175,198,188
303,39,2,248,69,70,189,38,92,138
304,0,40,22,106,127,236,66,157,185
304,1,124,73,193,72,128,242,226,217
304,2,188,255,87,217,60,239,58,179
304,3,92,55,201,166,30,69,4,121
304,4,122,228,139,152,88,90,8,118
304,5,11,114,18,147,58,50,71,161
304,6,14,43,90,210,147,237,30,183
304,7,172,185,175,187,225,101,3,227
304,8,122,85,148,53,35,195,72,212
304,9,178,217,99,156,1,233,207,98
304,10,142,62,26,245,96,132,163,149
304,11,69,241,247,27,98,195,230,239
304,12,137,10,16,51,191,12,6,197
304,13,34,170,1,183,201,20,29,235
304,14,173,132,73,165,248,181,113,154
304,15,120,190,0,139,141,74,14,208
304,16,115,191,183,1,181,175,158,126
304,17,69,58,210,236,188,86,244,74
304,18,58,77,158,54,224,102,47,60
304,19,127,186,1,34,233,115,203,208
304,20,122,85,53,145,184,148,24,35
304,21,217,99,178,170,81,156,143,254
304,22,62,245,142,96,217,149,108,162
304,23,241,69,247,27,61,230,239,99
304,24,196,137,106,10,149,16,229,113
304,25,34,170,180,1,45,20,211,183
304,26,173,132,248,163,189,165,73,228
304,27,139,14,0,141,190,145,120,74
304,28,191,142,13,115,183,1,211,158
304,29,69,58,188,65,244,196,222,1
304,30,225,158,77,58,152,83,142,91
304,31,34,88,59,231,95,240,212,25
304,32,236,96,116,7,42,186,67,199
304,33,87,151,11,232,182,224,72,168
304,34,12,246,10,205,250,9,45,64
304,35,129,14,153,39,99,202,67,16
304,36,49,188,78,154,4,166,117,195
304,37,22,193,103,199,115,15,175,219
304,38,127,118,93,175,58,163,189,69
304,39,9,70,138,30,25,72,116,244
305,0,70,223,41,211,86,29,89,152
305,1,135,193,153,237,220,48,121,79
305,2,58,143,101,3,240,32,224,113
305,3,42,22,201,184,107,197,167,109
305,4,28,175,134,152,147,132,92,225
305,5,58,164,111,95,36,146,60,108
305,6,145,147,12,30,152,120,213,176
305,7,13,175,225,38,72,18,75,246
305,8,53,148,252,181,59,50,106,16
305,9,99,254,1,28,15,101,30,204
305,10,172,96,226,38,228,108,242,86
305,11,218,117,164,31,166,87,194,74
305,12,137,76,14,10,13,53,109,51
305,13,1,115,19,254,216,34,236,201
305,14,163,73,132,4,157,211,85,173
305,15,190,225,139,141,28,74,27,50
305,16,183,191,209,158,126,1,115,175
305,17,69,74,42,210,58,86,253,100
305,18,58,158,83,152,47,77,54,176
305,19,186,127,1,34,85,101,9,235
305,20,53,145,85,184,199,148,106,213
305,21,254,99,81,30,214,63,213,176
305,22,172,78,38,96,242,245,135,76
305,23,218,241,230,117,164,166,253,34
305,24,196,137,16,10,11,229,14,109
305,25,34,1,201,212,236,183,205,254
305,26,173,132,163,154,73,232,62,55
305,27,139,190,141,0,28,74,50,14
305,28,191,183,142,177,211,112,13,1
305,29,69,58,188,244,74,91,1,225
305,30,158,225,77,188,83,58,152,186
305,31,95,212,85,88,59,152,186,231
305,32,109,236,123,48,18,85,7,246
305,33,87,139,61,224,72,95,107,253
305,34,64,121,175,10,250,246,240,249
305,35,129,14,235,85,94,44,77,202
305,36,26,195,188,4,49,78,67,1
305,37,193,43,22,171,196,103,15,199
305,38,163,93,132,127,175,201,118,139
305,39,138,122,1,246,183,70,215,250
306,0,226,68,117,185,198,128,171,243
306,1,30,169,133,13,81,202,232,104
306,2,195,56,69,206,18,22,248,254
306,3,42,221,201,105,149,69,85,157
306,4,182,8,152,55,228,28,139,12
306,5,223,58,146,128,173,3,0,61
306,6,147,136,210,0,3,30,145,218
306,7,175,13,225,131,245,237,19,5
306,8,148,85,53,22,40,181,122,252
306,9,19,99,206,109,254,1,204,20
306,10,149,96,1,163,217,142,108,38
306,11,241,116,19,63,18,230,69,139
306,12,137,10,16,106,55,141,168,48
306,13,34,45,1,212,180,27,201,174
306,14,173,132,6,55,73,204,248,157
306,15,190,0,141,241,74,139,103,208
306,16,191,115,126,1,183,232,175,158
306,17,69,58,210,74,198,188,155,100
306,18,58,77,176,158,75,54,102,67
306,19,186,127,212,91,115,1,34,10
306,20,148,85,122,53,68,240,112,184
306,21,19,254,99,206,1,170,109,81
306,22,149,163,217,108,96,247,245,142
306,23,241,19,18,63,117,34,99,230
306,24,10,196,106,16,137,149,229,69
306,25,1,45,34,200,170,183,242,212
306,26,173,132,62,200,232,163,38,254
306,27,141,190,241,139,124,145,103,227
306,28,191,232,1,183,142,126,149,158
306,29,69,58,74,210,65,155,196,128
306,30,77,225,58,158,83,6,175,152
306,31,212,95,115,88,240,127,186,233
306,32,175,37,148,236,17,67,199,255
306,33,117,23,214,87,72,94,51,64
306,34,182,58,246,10,110,45,187,250
306,35,7,14,129,53,202,194,106,11
306,36,245,188,154,78,253,153,166,10
306,37,164,103,199,219,22,115,52,238
306,38,136,239,175,93,118,127,22,177
306,39,70,30,16,23,25,34,116,145
307,0,122,211,62,222,151,203,138,231
307,1,153,48,193,190,28,109,121,125
307,2,47,185,143,3,91,125,56,206
307,3,167,22,243,247,201,42,121,149
307,4,134,175,152,28,180,157,147,121
307,5,3,223,58,164,111,0,110,173
307,6,30,12,145,147,98,237,213,240
307,7,38,133,175,13,245,246,183,225
307,8,50,72,148,53,121,40,181,133
307,9,99,58,221,63,28,1,20,130
307,10,78,10,208,191,154,199,217,108
307,11,218,163,230,148,61,201,166,241
307,12,137,10,16,196,201,91,184,92
307,13,180,34,35,194,170,1,19,119
307,14,132,73,173,17,57,254,193,248
307,15,141,74,139,225,0,6,208,235
307,16,175,126,191,115,177,1,202,183
307,17,69,74,171,210,192,58,144,249
307,18,99,58,77,174,94,102,123,30
307,19,186,114,127,1,99,24,115,125
307,20,172,50,145,53,85,72,148,168
307,21,63,99,214,58,221,1,176,32
307,22,217,78,10,38,154,108,121,199
307,23,241,201,230,40,237,166,239,203
307,24,137,10,196,158,16,149,232,105
307,25,34,170,194,180,1,209,95,242
307,26,173,132,254,248,189,73,17,184
307,27,139,74,170,141,190,6,0,145
307,28,191,115,1,183,24,126,223,102
307,29,69,58,210,99,9,21,74,62
307,30,58,225,77,224,99,175,239,90
307,31,88,115,186,59,114,95,240,85
307,32,148,236,109,104,246,108,123,215
307,33,132,189,86,79,61,181,250,139
307,34,45,10,252,121,240,246,13,191
307,35,129,235,194,14,236,143,202,218
307,36,78,188,154,39,115,245,142,153
307,37,163,199,22,103,219,45,115,102
307,38,127,118,175,239,198,119,189,8
307,39,75,70,248,117,129,169,179,140
308,0,142,97,166,113,150,205,123,210
308,1,199,34,26,59,62,158,132,151
308,2,146,90,62,59,164,64,44,70
308,3,42,211,31,135,146,84,46,142
308,4,161,17,167,251,131,13,14,61
308,5,10,204,14,161,58,146,104,186
308,6,147,167,243,178,43,0,93,135
308,7,40,91,172,175,225,5,108,13
308,8,85,148,89,53,72,214,213,114
308,9,39,99,94,29,30,1,63,233
308,10,142,96,1,149,245,190,108,248
308,11,241,203,20,230,17,44,122,185
308,12,137,10,149,16,12,110,186,21
308,13,34,170,1,211,201,180,183,254
308,14,173,132,73,248,189,154,157,21
308,15,0,139,65,141,190,74,208,90
308,16,115,126,191,183,1,112,175,202
308,17,69,210,58,225,233,244,253,86
308,18,58,224,77,90,53,54,123,156
308,19,127,115,186,1,192,240,129,95
308,20,113,53,85,148,145,33,240,24
308,21,99,39,214,81,170,154,132,231
308,22,245,96,207,149,236,62,83,217
308,23,203,61,230,95,42,23,10,20
308,24,21,10,137,196,43,149,16,186
308,25,34,170,232,211,180,45,183,119
308,26,173,132,248,42,73,184,189,230
308,27,139,74,170,65,235,190,145,193
308,28,191,115,24,183,25,112,1,168
308,29,69,58,210,196,172,222,109,1
308,30,77,175,225,224,58,71,176,83
308,31,115,130,95,88,240,59,129,212
308,32,236,113,246,148,96,99,108,204
308,33,190,86,232,107,79,244,72,28
308,34,88,10,246,252,161,56,97,45
308,35,235,129,14,202,143,93,36,194
308,36,78,188,207,154,152,181,246,153
308,37,163,103,199,22,161,67,177,238
308,38,127,118,175,9,234,30,71,189
308,39,248,250,1,70,246,92,9,203
309,0,144,62,211,188,66,234,92,6
309,1,193,198,76,164,61,14,191,242
309,2,92,64,198,86,87,150,157,230
309,3,201,22,30,149,155,69,157,126
309,4,94,152,98,134,216,28,112,6
309,5,58,81,0,50,177,70,185,84
309,6,43,125,30,92,174,212,12,210
309,7,181,4,175,225,142,40,104,243
309,8,148,85,53,72,181,240,246,214
309,9,99,1,58,28,254,166,68,214
309,10,207,7,250,245,108,149,190,134
309,11,153,186,15,2,230,97,44,98
309,12,137,21,10,190,206,105,92,196
309,13,34,170,183,15,140,238,180,208
309,14,132,173,73,248,57,154,101,21
309,15,74,248,90,139,170,55,190,158
309,16,183,191,230,166,112,115,24,4
309,17,69,210,233,58,236,244,49,169
309,18,77,69,58,224,176,11,225,32
309,19,60,129,115,240,127,88,1,221
309,20,53,148,65,85,145,174,172,143
309,21,99,1,156,214,143,81,154,233
309,22,207,7,0,245,149,108,140,9
309,23,153,186,15,44,230,2,98,99
309,24,106,10,21,137,196,244,233,116
309,25,34,183,170,208,140,45,165,200
309,26,132,173,73,248,42,57,90,232
309,27,139,74,248,170,190,145,90,141
309,28,191,183,230,24,112,54,185,168
309,29,69,65,204,244,58,210,171,233
309,30,225,77,176,83,69,45,64,175
309,31,240,95,88,221,59,60,212,25
309,32,236,195,146,199,7,86,246,255
309,33,36,97,37,61,72,94,217,146
309,34,246,255,212,10,90,187,13,121
309,35,49,129,14,220,202,194,254,13
309,36,147,188,78,234,154,8,92,153
309,37,103,22,199,238,52,193,132,20
309,38,127,118,22,175,217,45,189,215
309,39,23,224,30,70,116,16,34,145
310,0,70,174,223,222,139,211,89,75
310,1,40,48,193,91,153,134,187,162
310,2,19,3,0,143,193,35,205,209
310,3,247,22,201,197,138,53,153,167
310,4,134,180,152,175,145,28,197,147
310,5,19,58,80,122,164,0,154,108
310,6,43,30,125,123,174,240,204,12
310,7,142,38,4,104,225,175,222,33
310,8,53,148,72,213,59,163,85,214
310,9,99,28,1,58,101,163,199,211
310,10,172,242,226,108,38,148,147,149
310,11,218,44,93,230,117,166,4,186
310,12,10,137,83,21,76,55,92,157
310,13,34,170,19,248,215,183,254,165
310,14,132,73,57,248,113,163,115,189
310,15,74,139,235,28,190,90,208,170
310,16,166,191,1,209,183,104,190,112
310,17,69,210,192,233,169,196,217,214
310,18,77,241,224,72,47,209,54,8
310,19,115,85,127,99,240,129,144,221
310,20,53,148,85,145,246,72,24,233
310,21,99,214,101,254,195,176,1,58
310,22,172,242,149,148,38,226,245,7
310,23,218,117,93,44,166,201,4,164
310,24,10,21,11,196,76,233,244,137
310,25,34,170,183,71,82,255,208,215
310,26,132,57,42,163,173,248,1,15
310,27,139,74,28,190,90,239,170,145
310,28,191,183,78,166,24,168,102,254
310,29,69,128,204,244,210,58,233,21
310,30,77,225,83,151,64,176,109,91
310,31,95,85,240,88,18,129,190,25
310,32,109,236,123,7,86,246,87,57
310,33,36,139,95,61,28,118,102,203
310,34,90,10,246,121,240,29,28,238
310,35,129,49,220,14,202,194,156,134
310,36,188,147,78,154,26,227,57,119
310,37,103,219,199,193,22,158,163,11
310,38,239,159,127,205,131,139,215,93
310,39,165,158,14,161,80,196,70,65
311,0,117,226,171,96,233,80,187,11
311,1,13,43,120,169,81,96,232,57
311,2,19,225,35,196,181,212,122,200
311,3,201,170,247,180,138,161,217,22
311,4,123,55,152,119,180,182,145,8
311,5,3,19,80,58,232,146,84,122
311,6,43,125,92,174,178,90,30,12
311,7,4,133,142,181,243,104,225,21
311,8,148,53,112,85,59,214,213,143
311,9,99,19,28,1,178,206,254,211
311,10,163,7,207,108,245,197,190,149
311,11,116,18,186,2,15,44,97,98
311,12,21,10,137,11,190,67,196,168
311,13,34,200,15,170,140,183,148,208
311,14,132,73,173,38,248,101,244,46
311,15,99,74,139,90,241,103,170,248
311,16,191,78,183,166,112,115,4,149
311,17,210,69,128,155,58,22,233,169
311,18,6,77,32,188,58,94,224,11
311,19,129,115,221,233,240,1,190,127
311,20,53,148,112,145,68,24,174,59
311,21,19,99,233,176,214,143,68,101
311,22,108,197,163,245,7,207,149,96
311,23,18,186,230,2,130,142,61,211
311,24,21,137,10,106,244,196,233,201
311,25,34,200,183,170,174,208,201,153
311,26,132,248,130,1,42,38,232,154
311,27,139,190,74,99,170,90,241,145
311,28,191,183,78,197,232,112,185,166
311,29,69,128,155,244,233,210,58,65
311,30,77,6,225,83,145,176,157,109
311,31,240,95,88,212,221,115,233,18
311,32,17,236,89,7,37,255,199,241
311,33,105,117,214,23,94,72,63,87
311,34,58,246,10,187,12,250,177,28
311,35,7,129,14,220,194,156,202,254
311,36,57,253,188,78,154,245,132,28
311,37,158,164,219,199,103,22,163,20
311,38,136,239,106,127,22,175,118,93
311,39,16,23,70,34,145,30,14,25
312,0,211,62,210,144,234,4,186,223
312,1,193,95,48,14,153,190,100,121
312,2,13,143,95,159,61,112,19,125
312,3,201,22,247,180,255,167,86,65
312,4,180,152,134,145,36,28,175,143
312,5,3,58,232,80,0,177,19,223
312,6,43,12,125,7,237,178,240,186
312,7,133,225,142,4,104,85,175,246
312,8,53,148,213,144,59,145,181,72
312,9,99,28,199,1,15,201,130,68
312,10,154,197,233,226,217,245,38,175
312,11,17,230,97,166,2,237,248,117
312,12,10,21,137,83,119,184,168,131
312,13,34,180,170,185,183,194,238,246
312,14,132,73,173,248,154,17,130,21
312,15,74,139,90,221,170,190,208,0
312,16,191,166,201,183,1,112,234,177
312,17,69,210,128,217,249,225,22,244
312,18,77,151,176,123,11,102,96,206
312,19,129,1,115,190,240,49,85,212
312,20,53,68,148,145,172,143,24,195
312,21,99,32,98,176,214,1,28,233
312,22,197,245,233,154,149,108,207,7
312,23,201,40,72,24,166,211,70,117
312,24,10,21,131,11,232,50,158,201
312,25,34,170,183,0,194,19,97,101
312,26,132,173,17,130,73,248,42,228
312,27,74,139,79,170,145,28,190,104
312,28,191,168,193,24,183,115,219,102
312,29,58,210,69,88,21,94,62,1
312,30,77,225,175,58,224,162,83,99
312,31,115,88,59,95,85,183,181,129
312,32,109,236,3,57,157,179,123,140
312,33,132,162,139,36,28,61,79,160
312,34,44,238,10,62,121,103,246,240
312,35,129,44,235,148,14,190,202,114
312,36,188,227,39,78,79,115,142,147
312,37,163,78,101,27,22,199,196,113
312,38,251,215,119,118,132,175,127,135
312,39,158,117,75,122,129,70,58,182
313,0,166,97,142,113,150,205,215,123
313,1,34,26,87,59,187,177,136,5
313,2,146,19,163,26,52,35,227,166
313,3,46,31,211,146,135,84,142,161
313,4,167,161,14,65,13,67,201,170
313,5,204,104,161,58,6,186,224,10
313,6,43,167,174,125,123,9,178,59
313,7,133,91,4,142,29,227,225,185
313,8,33,89,148,85,53,174,192,105
313,9,39,99,132,94,29,228,28,233
313,10,248,207,245,7,149,130,190,96
313,11,20,36,17,90,185,72,98,24
313,12,21,10,63,149,137,205,26,186
313,13,34,33,170,183,232,140,43,104
313,14,173,132,73,147,184,20,154,248
313,15,65,74,139,90,190,170,141,158
313,16,115,191,151,183,24,156,4,1
313,17,210,69,58,172,110,244,61,169
313,18,58,224,148,77,128,112,239,187
313,19,115,129,240,163,186,130,127,1
313,20,33,85,53,148,174,113,89,246
313,21,99,132,39,126,143,81,29,157
313,22,245,248,207,23,113,83,149,190
313,23,36,20,95,161,186,216,22,98
313,24,21,10,137,43,196,149,168,63
313,25,34,33,170,232,142,104,144,45
313,26,173,132,184,42,248,20,73,147
313,27,74,65,139,170,14,145,0,190
313,28,115,191,1,183,168,156,24,25
313,29,58,69,210,172,110,1,17,222
313,30,225,77,175,152,58,71,224,148
313,31,95,115,240,88,59,130,133,12
313,32,113,236,238,99,215,108,158,255
313,33,190,41,87,232,107,244,86,72
313,34,88,62,10,161,97,252,56,246
313,35,129,235,14,53,202,218,46,194
313,36,188,78,207,154,152,246,59,25
313,37,163,199,22,102,103,160,115,67
313,38,127,118,175,93,71,254,191,234
313,39,248,246,1,70,250,92,9,203
314,0,66,188,144,234,106,92,172,186
314,1,198,193,191,3,251,189,255,128
314,2,198,76,87,92,150,86,61,16
314,3,22,201,30,155,180,244,11,177
314,4,94,216,98,152,104,112,132,134
314,5,58,50,84,0,70,210,222,197
314,6,43,19,125,92,204,59,30,174
314,7,142,4,181,175,91,243,227,228
314,8,85,148,195,53,240,246,144,252
314,9,99,156,157,195,1,231,204,28
314,10,161,207,245,96,81,53,121,149
314,11,153,10,95,130,253,44,238,216
314,12,144,137,10,21,186,115,195,176
314,13,34,15,170,183,142,45,86,201
314,14,173,132,73,165,41,55,204,113
314,15,248,139,190,14,235,227,208,0
314,16,115,183,191,160,166,104,34,155
314,17,69,58,233,210,93,22,239,205
314,18,58,224,176,69,60,112,8,241
314,19,174,1,115,127,233,212,186,153
314,20,240,195,148,72,11,181,174,133
314,21,99,156,1,193,254,204,43,214
314,22,149,161,0,96,245,177,121,249
314,23,153,22,238,253,10,61,15,117
314,24,144,10,106,21,149,79,92,14
314,25,34,211,15,183,83,201,170,212
314,26,132,248,62,173,204,73,165,42
314,27,139,227,145,14,248,235,1,90
314,28,191,183,1,209,185,112,230,34
314,29,69,210,58,65,98,192,217,63
314,30,152,225,176,77,69,45,58,8
314,31,240,95,133,115,212,233,88,1
314,32,146,236,195,233,255,7,199,215
314,33,87,97,37,51,36,72,61,94
314,34,255,212,246,10,187,254,66,250
314,35,129,53,14,194,49,67,130,116
314,36,154,188,234,78,166,92,4,153
314,37,199,115,103,213,219,102,52,22
314,38,93,239,175,191,22,106,254,8
314,39,25,23,16,70,225,6,30,249
315,0,116,178,174,159,198,21,170,239
315,1,253,193,40,96,154,209,49,162
315,2,112,178,136,200,148,13,125,3
315,3,201,22,149,69,247,255,243,126
315,4,28,152,147,221,121,182,175,197
315,5,58,19,164,197,84,42,70,0
315,6,204,30,125,43,12,120,113,74
315,7,225,142,4,228,190,90,38,175
315,8,148,53,85,240,11,72,252,181
315,9,99,1,28,254,157,163,101,68
315,10,226,172,38,149,53,96,61,206
315,11,218,117,230,166,44,194,121,217
315,12,10,137,21,83,92,14,185,201
315,13,34,170,15,129,83,30,24,145
315,14,132,73,113,157,232,154,173,149
315,15,183,139,190,141,208,74,235,19
315,16,115,1,191,183,126,192,193,158
315,17,69,58,210,233,192,227,171,116
315,18,58,151,239,250,60,152,99,176
315,19,1,92,85,99,115,10,138,6
315,20,11,195,39,148,240,246,106,85
315,21,99,204,213,101,231,133,157,154
315,22,149,104,242,61,206,167,245,231
315,23,123,218,117,201,148,253,233,45
315,24,10,149,115,21,242,205,144,11
315,25,34,211,97,201,170,171,19,45
315,26,173,184,132,204,171,165,248,92
315,27,0,139,14,170,74,183,227,145
315,28,115,91,191,151,183,193,1,168
315,29,58,210,69,94,225,21,93,119
315,30,58,225,77,0,176,152,175,224
315,31,115,133,163,88,59,85,231,95
315,32,123,236,125,85,108,3,161,31
315,33,87,32,102,61,132,95,139,162
315,34,62,121,240,20,44,10,120,13
315,35,129,14,235,195,194,215,148,128
315,36,185,39,93,115,26,4,227,78
315,37,101,163,27,78,36,102,171,115
315,38,251,61,169,93,175,8,225,119
315,39,231,129,117,163,31,179,122,139
316,0,229,249,196,123,105,7,216,104
316,1,150,225,231,27,20,106,136,246
316,2,163,162,243,227,109,103,4,136
316,3,152,231,187,133,235,84,176,77
316,4,13,142,108,236,222,167,102,15
316,5,104,193,204,186,6,58,42,41
316,6,43,153,167,125,59,174,204,30
316,7,142,29,23,88,4,185,216,228
316,8,85,234,148,195,89,53,59,105
316,9,29,228,99,94,164,195,126,84
316,10,169,130,113,248,198,23,149,207
316,11,189,161,185,241,230,102,148,98
316,12,63,21,10,137,26,149,74,15
316,13,34,147,43,97,170,45,78,183
316,14,173,20,132,184,86,124,73,248
316,15,81,190,139,74,200,0,170,206
316,16,191,115,5,151,196,183,100,195
316,17,69,172,210,58,250,61,76,109
316,18,58,0,77,187,179,57,224,128
316,19,12,130,115,163,1,186,127,240
316,20,85,234,148,33,113,53,145,181
316,21,170,126,29,99,94,164,43,114
316,22,169,245,113,248,83,198,130,193
316,23,36,241,161,189,216,133,185,45
316,24,149,44,137,63,10,21,26,74
316,25,34,33,104,43,232,170,147,45
316,26,173,165,20,147,102,184,132,248
316,27,0,14,200,139,170,190,74,208
316,28,115,151,191,133,156,5,183,100
316,29,58,69,210,172,76,250,1,222
316,30,58,225,77,179,187,176,175,91
316,31,12,130,231,115,59,88,186,1
316,32,98,236,99,245,135,133,46,158
316,33,32,87,126,86,72,232,183,79
316,34,62,84,34,10,250,116,132,252
316,35,129,14,235,30,130,194,171,11
316,36,70,188,78,154,181,25,120,59
316,37,163,199,219,22,58,102,182,190
316,38,71,92,148,175,118,109,127,93
316,39,2,69,189,38,217,248,70,196
317,0,22,66,218,106,212,46,32,157
317,1,124,193,128,112,242,255,86,143
317,2,10,255,60,219,58,133,157,167
317,3,30,177,42,218,113,95,201,157
317,4,67,242,118,122,104,155,138,116
317,5,67,254,100,14,185,58,147,10
317,6,43,183,135,145,0,167,210,175
317,7,88,44,172,66,175,108,225,142
317,8,85,38,7,175,148,113,122,53
317,9,156,240,99,170,217,227,105,15
317,10,161,96,142,62,245,21,108,220
317,11,241,79,133,49,203,195,186,17
317,12,137,32,149,10,12,217,203,21
317,13,34,21,1,170,211,142,11,174
317,14,173,132,73,248,157,184,101,21
317,15,0,74,139,190,79,108,170,14
317,16,115,191,192,183,120,1,158,155
317,17,69,210,58,244,22,79,86,227
317,18,58,77,224,53,90,176,60,123
317,19,186,1,208,127,115,231,12,245
317,20,113,53,85,148,72,7,181,100
317,21,170,99,240,81,204,214,231,143
317,22,21,217,245,161,96,224,167,162
317,23,241,203,230,133,49,61,163,81
317,24,137,149,10,58,203,196,252,43
317,25,34,180,21,254,170,201,236,153
317,26,173,165,248,132,189,184,204,164
317,27,139,0,14,190,173,238,208,193
317,28,191,115,183,158,100,1,60,204
317,29,69,58,210,110,108,226,93,25
317,30,58,77,225,152,123,224,176,60
317,31,186,115,88,231,133,59,240,212
317,32,116,236,245,136,75,148,68,158
317,33,87,182,232,86,79,244,161,132
317,34,9,205,45,10,164,250,223,56
317,35,129,235,14,132,194,180,142,173
317,36,185,78,25,188,166,92,154,7
317,37,163,115,206,199,22,219,102,95
317,38,93,118,127,175,189,58,68,46
317,39,75,248,25,1,246,70,203,92
318,0,234,188,144,186,172,92,111,4
318,1,198,17,193,3,134,255,79,241
318,2,64,134,102,246,92,239,247,150
318,3,147,194,155,201,30,51,22,14
318,4,94,216,98,152,244,17,188,112
318,5,58,50,185,111,0,18,175,70
318,6,43,19,204,59,125,92,135,0
318,7,181,142,175,40,4,66,228,139
318,8,85,148,216,195,53,240,144,106
318,9,99,195,204,157,156,246,1,163
318,10,96,207,121,53,81,245,95,37
318,11,153,140,10,130,164,238,133,230
318,12,10,137,21,142,117,195,190,149
318,13,34,170,21,45,183,141,24,140
318,14,173,132,165,73,26,248,59,154
318,15,248,190,0,139,208,108,221,153
318,16,115,191,166,183,34,160,39,100
318,17,69,58,210,233,22,93,218,44
318,18,58,224,60,77,30,69,83,47
318,19,174,153,1,115,186,231,204,233
318,20,195,148,240,72,216,181,133,85
318,21,246,1,99,204,43,156,201,193
318,22,0,217,177,238,96,149,21,80
318,23,61,153,31,230,130,25,215,63
318,24,137,149,117,92,13,58,195,168
318,25,34,212,254,180,201,246,145,45
318,26,165,248,132,204,62,189,173,157
318,27,139,14,0,190,221,208,55,248
318,28,191,183,112,60,34,115,230,171
318,29,69,58,210,100,1,196,223,108
318,30,152,58,77,225,123,176,69,8
318,31,212,174,133,231,186,115,88,127
318,32,136,195,146,236,31,227,255,128
318,33,87,97,37,61,75,72,36,94
318,34,250,212,255,179,10,246,187,99
318,35,129,14,194,171,53,142,16,49
318,36,185,234,78,188,154,31,25,16
318,37,115,219,102,206,199,83,54,37
318,38,93,175,68,184,252,239,46,159
318,39,25,45,23,108,7,16,185,225
319,0,108,135,101,242,186,89,100,61
319,1,48,139,70,193,62,181,11,59
319,2,112,32,8,136,178,36,177,129
319,3,69,87,211,149,0,126,109,93
319,4,129,155,28,22,251,134,188,240
319,5,4,128,58,185,111,50,70,197
319,6,12,30,204,113,53,74,210,120
319,7,11,225,175,106,72,3,245,16
319,8,148,38,53,85,7,181,240,133
319,9,99,1,20,211,245,28,130,68
319,10,217,184,149,32,245,109,134,148
319,11,105,63,117,11,139,216,230,29
319,12,149,137,10,217,211,201,196,32
319,13,34,180,83,170,45,159,201,120
319,14,165,132,248,173,54,21,163,189
319,15,139,221,0,190,14,208,178,1
319,16,183,160,107,117,172,60,177,115
319,17,69,58,46,44,233,79,100,1
319,18,58,123,182,239,176,152,83,151
319,19,1,174,204,186,133,49,231,122
319,20,195,240,72,38,148,133,47,7
319,21,99,225,1,32,214,204,243,48
319,22,184,70,217,32,148,132,244,134
319,23,61,63,77,105,72,26,33,141
319,24,149,201,50,176,107,255,195,13
319,25,34,0,180,183,45,194,56,212
319,26,165,21,17,228,204,248,132,16
319,27,139,14,221,0,51,134,190,29
319,28,191,183,187,117,234,100,235,162
319,29,69,58,1,94,223,108,14,2
319,30,225,99,176,77,123,151,19,152
319,31,49,204,133,132,231,88,114,95
319,32,149,57,236,31,3,233,25,152
319,33,87,162,30,47,165,108,32,196
319,34,91,179,250,15,183,159,10,191
319,35,129,181,106,64,71,14,9,38
319,36,2,65,92,22,165,25,168,9
319,37,198,206,25,113,36,99,207,219
319,38,61,159,175,77,191,31,143,245
319,39,42,80,164,227,198,175,41,76
320,0,25,42,252,205,12,34,89,39
320,1,157,227,16,15,128,53,31,191
320,2,112,177,95,136,246,242,24,205
320,3,111,216,17,164,14,21,252,49
320,4,155,187,22,28,188,134,143,132
320,5,128,4,111,58,185,42,70,82
320,6,12,30,218,237,204,0,233,43
320,7,142,225,175,88,245,111,11,221
320,8,148,38,53,85,181,145,72,7
320,9,99,204,1,20,15,130,211,48
320,10,217,149,121,23,37,108,104,245
320,11,230,72,31,61,117,143,105,63
320,12,149,137,92,91,83,203,217,10
320,13,180,34,170,49,141,159,201,153
320,14,173,88,184,132,17,21,191,165
320,15,139,0,208,190,221,153,136,14
320,16,126,115,91,183,60,172,166,160
320,17,69,58,233,44,100,79,119,93
320,18,58,123,239,0,151,30,60,99
320,19,1,6,163,186,248,255,115,251
320,20,195,50,38,85,69,26,81,244
320,21,214,204,210,246,213,55,58,105
320,22,23,113,33,245,176,121,166,70
320,23,161,61,136,178,226,230,123,215
320,24,242,149,137,21,10,44,115,201
320,25,34,97,201,121,153,170,185,4
320,26,20,173,171,184,92,165,50,197
320,27,170,139,29,74,0,14,154,190
320,28,91,193,115,235,196,100,85,191
320,29,94,58,119,69,88,61,49,162
320,30,225,162,19,0,60,119,232,123
320,31,183,88,34,59,45,68,223,232
320,32,125,236,3,179,161,227,140,55
320,33,162,247,132,90,87,47,240,152
320,34,241,10,44,183,238,197,246,103
320,35,129,16,148,14,235,190,71,128
320,36,92,188,93,39,115,78,227,25
320,37,101,113,78,27,22,169,199,226
320,38,251,169,243,7,93,175,61,159
320,39,117,231,129,158,122,70,163,37
321,0,196,104,105,229,209,7,216,249
321,1,225,231,150,27,11,6,155,244
321,2,163,112,227,205,103,242,191,136
321,3,133,187,152,231,235,84,189,176
321,4,13,142,108,236,222,128,167,19
321,5,104,193,41,186,6,224,204,58
321,6,43,153,167,135,83,59,125,175
321,7,88,29,23,216,185,106,3,225
321,8,234,195,89,85,148,59,53,105
321,9,29,99,164,228,94,195,126,77
321,10,169,113,248,130,198,133,206,23
321,11,189,161,185,136,102,243,172,230
321,12,63,10,149,26,137,21,74,242
321,13,34,147,43,121,97,45,170,254
321,14,173,132,20,184,124,86,248,50
321,15,139,190,81,200,74,170,235,208
321,16,191,115,126,5,196,100,151,24
321,17,69,172,58,210,250,76,233,95
321,18,77,58,224,179,187,0,60,206
321,19,115,163,130,1,127,10,88,12
321,20,85,234,195,148,53,33,113,100
321,21,29,99,164,94,126,213,43,7
321,22,169,23,198,207,121,113,44,206
321,23,189,161,31,44,226,243,253,230
321,24,21,10,63,44,26,137,74,242
321,25,43,34,147,170,45,153,205,95
321,26,20,184,148,124,204,173,132,91
321,27,108,170,200,81,139,14,147,74
321,28,133,91,5,158,166,43,191,134
321,29,69,76,1,58,250,172,119,93
321,30,179,77,0,60,187,104,225,105
321,31,122,115,158,105,195,1,59,4
321,32,98,3,255,161,54,244,30,181
321,33,126,77,86,137,227,90,19,223
321,34,84,62,96,20,108,130,86,168
321,35,203,194,64,215,47,195,128,245
321,36,165,237,103,233,25,126,93,232
321,37,65,13,61,51,152,243,2,96
321,38,117,159,184,176,191,18,252,237
321,39,228,168,88,48,235,6,80,167
322,0,141,190,235,221,253,47,158,115
322,1,244,93,46,182,47,188,155,197
322,2,57,145,100,103,123,10,74,93
322,3,187,235,231,133,77,130,35,128
322,4,142,236,128,222,95,108,211,102
322,5,47,193,41,90,135,186,78,188
322,6,153,60,43,215,167,210,54,121
322,7,185,23,29,117,78,216,64,88
322,8,116,234,195,99,239,180,52,133
322,9,126,164,116,191,113,38,131,94
322,10,198,169,36,113,125,130,120,25
322,11,161,189,233,128,86,206,205,160
322,12,93,74,63,15,26,128,134,44
322,13,147,45,134,43,154,97,130,32
322,14,20,86,51,124,54,47,50,161
322,15,147,200,81,162,124,98,181,204
322,16,5,133,151,43,170,196,252,174
322,17,69,250,172,76,89,20,44,1
322,18,0,77,179,43,57,187,127,163
322,19,116,12,109,122,191,20,183,205
322,20,195,239,234,179,133,180,148,244
322,21,126,207,164,116,191,85,127,136
322,22,169,198,113,130,36,21,255,50
322,23,161,189,87,86,36,111,128,62
322,24,74,63,93,44,15,26,235,160
322,25,147,43,134,61,104,107,152,6
322,26,20,148,86,51,124,50,147,107
322,27,200,81,147,162,31,181,190,232
322,28,151,43,133,134,5,210,50,158
322,29,57,76,87,69,93,0,91,250
322,30,163,179,216,60,0,104,30,37
322,31,116,109,12,205,122,20,191,4
322,32,119,223,181,252,255,133,161,230
322,33,93,129,210,137,39,83,239,99
322,34,82,74,130,132,108,96,137,43
322,35,27,231,33,195,81,52,64,19
322,36,222,25,165,29,219,16,75,192
322,37,54,229,141,221,24,160,127,36
322,38,64,239,117,125,165,159,241,25
322,39,186,190,88,19,235,208,222,218
323,0,193,38,54,167,44,94,112,53
323,1,122,46,47,117,105,201,140,238
323,2,145,186,100,74,140,128,104,55
323,3,26,103,230,233,91,117,35,34
323,4,67,81,144,45,245,213,6,205
323,5,90,188,47,193,43,224,135,109
323,6,60,215,206,153,68,173,121,43
323,7,176,117,70,106,231,3,221,250
323,8,239,73,104,116,195,179,93,185
323,9,113,126,191,116,30,25,239,85
323,10,115,157,238,248,152,175,36,126
323,11,133,233,36,39,112,38,28,87
323,12,44,93,54,164,212,242,62,92
323,13,33,6,11,121,61,254,15,3
323,14,147,57,86,41,204,132,50,211
323,15,190,166,228,139,74,170,124,235
323,16,151,156,120,172,50,100,255,158
323,17,69,233,44,5,57,110,227,79
323,18,77,128,176,60,123,47,180,94
323,19,12,122,115,208,1,25,120,212
323,20,195,53,239,72,133,148,246,85
323,21,126,99,222,116,203,204,243,195
323,22,21,126,147,248,86,43,157,149
323,23,133,36,63,230,78,140,61,32
323,24,137,21,242,220,44,169,127,201
323,25,104,33,254,180,6,34,45,209
323,26,132,204,147,248,71,232,86,57
323,27,139,97,170,190,74,29,235,208
323,28,172,120,191,158,151,156,160,100
323,29,69,44,233,57,79,131,5,227
323,30,176,77,60,123,128,175,92,47
323,31,122,212,12,180,50,115,1,95
323,32,255,223,132,241,73,54,226,158
323,33,110,67,137,73,64,50,77,72
323,34,186,218,254,108,14,116,40,168
323,35,194,93,14,53,64,130,165,11
323,36,78,201,230,15,64,163,154,220
323,37,163,219,229,62,115,232,152,191
323,38,239,175,140,252,159,65,165,191
323,39,140,238,235,7,208,17,81,115
324,0,43,173,112,238,30,89,200,140
324,1,46,47,188,249,137,156,181,129
324,2,186,140,82,72,245,20,85,55
324,3,117,233,103,26,230,236,210,78
324,4,144,81,245,213,199,193,67,130
324,5,85,220,188,90,255,145,230,111
324,6,118,96,145,230,7,206,160,199
324,7,142,176,225,72,145,47,230,3
324,8,195,148,53,239,85,166,175,144
324,9,126,99,127,113,53,201,1,30
324,10,23,96,78,176,43,21,123,115
324,11,42,58,61,214,253,24,230,221
324,12,137,10,201,21,83,196,58,77
324,13,34,170,180,201,208,238,174,58
324,14,132,73,173,248,154,189,101,95
324,15,74,139,190,90,170,145,235,238
324,16,191,74,24,172,115,195,112,166
324,17,210,69,233,58,169,22,196,244
324,18,77,224,58,102,64,94,47,53
324,19,115,129,240,127,212,1,133,95
324,20,195,53,85,148,174,98,154,30
324,21,99,1,143,214,176,150,243,195
324,22,160,149,245,108,147,207,7,197
324,23,80,32,140,226,61,230,10,216
324,24,137,21,13,10,127,88,91,161
324,25,34,170,180,58,45,248,208,174
324,26,132,189,248,126,164,17,130,154
324,27,139,74,190,170,235,238,124,29
324,28,191,172,74,112,158,60,25,104
324,29,69,233,150,44,58,79,244,86
324,30,77,176,92,224,123,175,138,137
324,31,95,180,212,115,122,25,133,9
324,32,241,255,204,33,108,236,132,246
324,33,110,192,50,123,4,30,67,72
324,34,16,218,254,123,27,120,223,211
324,35,194,53,14,93,235,202,125,220
324,36,110,78,154,188,135,173,245,153
324,37,163,219,52,199,1,129,113,45
324,38,239,175,252,103,68,155,83,135
324,39,140,238,185,25,235,196,216,161
325,0,241,57,88,238,6,108,83,182
325,1,192,140,181,213,249,152,182,125
325,2,8,36,21,82,49,124,62,78
325,3,126,106,226,103,69,110,150,29
325,4,45,140,28,193,235,187,165,171
325,5,50,58,220,87,29,188,22,230
325,6,96,7,255,210,118,14,160,237
325,7,176,142,175,225,5,185,145,3
325,8,195,148,53,133,72,85,239,175
325,9,69,99,126,152,180,1,30,229
325,10,126,21,183,133,199,238,61,121
325,11,133,39,253,171,87,74,205,249
325,12,137,212,164,41,201,126,232,144
325,13,170,180,45,7,145,130,55,201
325,14,204,132,54,30,248,184,164,73
325,15,139,147,235,98,190,245,55,85
325,16,172,250,117,60,234,160,74,158
325,17,69,44,233,1,79,220,211,109
325,18,182,77,123,176,43,239,127,60
325,19,122,115,1,212,125,56,191,79
325,20,133,195,72,53,148,191,150,145
325,21,207,99,214,69,210,1,243,252
325,22,217,126,176,160,234,147,148,156
325,23,80,61,204,56,63,32,224,92
325,24,163,53,91,116,88,87,107,201
325,25,254,212,45,130,216,121,145,70
325,26,54,200,225,204,211,214,0,112
325,27,139,147,228,98,48,154,55,164
325,28,158,172,66,63,100,124,175,194
325,29,69,233,44,79,108,144,131,91
325,30,176,92,123,77,241,60,199,175
325,31,180,212,122,50,166,1,115,125
325,32,60,255,73,204,241,132,71,182
325,33,110,33,50,67,70,229,106,64
325,34,254,218,93,123,27,40,110,244
325,35,194,53,93,14,164,143,80,67
325,36,78,154,135,87,4,228,173,188
325,37,163,219,1,52,170,199,103,237
325,38,239,175,109,60,122,100,125,135
325,39,140,96,110,195,184,185,187,208
326,0,232,236,188,75,195,144,12,211
326,1,167,118,55,176,149,89,248,9
326,2,91,79,187,32,188,92,42,11
326,3,149,56,93,201,22,69,109,126
326,4,28,46,134,147,140,152,203,121
326,5,154,60,111,164,251,22,108,128
326,6,30,7,12,72,113,237,249,212
326,7,175,245,225,72,142,75,183,47
326,8,145,133,53,148,72,181,16,240
326,9,99,1,243,254,28,221,15,186
326,10,217,149,245,108,250,135,82,233
326,11,230,237,61,143,32,125,28,10
326,12,137,21,23,13,92,58,91,50
326,13,180,194,34,248,170,0,119,21
326,14,17,73,191,132,189,113,248,21
326,15,74,139,97,170,190,6,208,235
326,16,88,234,60,172,166,37,230,191
326,17,69,233,144,22,86,44,79,58
326,18,123,129,195,32,182,176,99,77
326,19,239,235,125,115,92,99,48,60
326,20,195,172,50,72,53,145,181,133
326,21,32,99,243,58,68,210,28,204
326,22,217,108,245,135,149,219,21,121
326,23,230,237,61,63,143,226,181,32
326,24,137,21,158,91,50,252,153,13
326,25,180,194,34,174,212,0,145,119
326,26,17,132,189,248,171,191,232,163
326,27,139,74,6,190,97,55,27,235
326,28,160,234,254,158,191,172,120,88
326,29,69,233,44,79,9,253,54,219
326,30,241,123,129,176,99,92,77,152
326,31,114,174,49,122,180,133,115,55
326,32,73,146,92,255,31,67,251,109
326,33,70,61,110,51,229,196,64,250
326,34,254,13,121,166,150,108,138,123
326,35,53,14,44,194,180,67,38,77
326,36,154,138,92,25,240,165,28,201
326,37,165,1,170,109,122,160,85,219
326,38,239,122,87,243,191,252,67,143
326,39,32,208,57,115,224,235,100,90
327,0,70,27,103,211,248,201,76,0
327,1,28,55,237,220,176,24,253,119
327,2,56,37,125,66,229,196,195,178
327,3,109,247,50,22,93,167,209,9
327,4,0,28,134,147,35,24,197,173
327,5,108,111,128,222,84,146,70,246
327,6,30,12,120,237,77,72,113,247
327,7,175,72,142,75,211,225,224,245
327,8,148,53,252,195,145,214,166,106
327,9,99,254,241,231,86,31,1,28
327,10,172,38,108,217,86,135,245,82
327,11,117,218,121,230,61,31,194,249
327,12,137,14,21,201,58,10,113,168
327,13,180,216,135,215,254,201,148,170
327,14,163,132,73,85,140,190,157,232
327,15,190,139,74,28,50,208,27,48
327,16,209,158,166,144,160,100,101,191
327,17,69,42,184,86,22,253,233,219
327,18,241,239,123,30,152,35,60,223
327,19,186,1,248,123,174,173,101,234
327,20,53,145,72,246,241,195,174,199
327,21,99,63,254,71,243,213,136,214
327,22,38,172,78,108,135,224,245,221
327,23,31,230,126,117,163,61,253,34
327,24,58,137,14,21,184,109,90,153
327,25,135,216,34,63,55,146,254,201
327,26,163,132,232,189,91,154,12,9
327,27,139,74,190,29,208,238,34,50
327,28,209,191,160,158,112,204,66,48
327,29,69,233,184,79,44,86,91,131
327,30,241,129,123,239,152,77,99,92
327,31,149,174,114,180,1,133,212,56
327,32,73,31,67,5,251,109,255,241
327,33,70,61,251,51,72,167,66,110
327,34,254,13,150,121,123,219,244,191
327,35,53,14,194,24,171,67,134,77
327,36,154,201,92,238,148,159,164,26
327,37,1,219,122,165,132,205,100,213
327,38,239,175,140,73,122,132,159,191
327,39,75,103,32,57,8,17,112,100
328,0,97,150,166,113,142,215,213,205
328,1,12,160,168,53,65,210,196,67
328,2,37,56,206,195,146,69,25,197
328,3,149,136,88,105,73,69,126,93
328,4,161,28,46,14,61,90,201,6
328,5,108,128,146,154,50,173,0,222
328,6,30,237,210,113,12,120,7,51
328,7,175,225,227,105,5,3,26,224
328,8,195,174,148,53,85,33,181,214
328,9,241,99,132,1,254,39,193,237
328,10,149,126,86,6,208,121,147,245
328,11,36,230,117,63,61,74,20,183
328,12,137,21,83,144,232,10,201,92
328,13,104,171,170,135,33,180,178,215
328,14,163,94,132,73,35,71,204,68
328,15,190,65,139,74,208,240,141,157
328,16,126,172,89,160,104,166,151,100
328,17,69,233,44,79,219,160,227,253
328,18,241,123,128,152,60,30,184,148
328,19,174,1,100,133,203,173,123,92
328,20,195,174,72,53,214,148,145,245
328,21,132,99,241,127,213,43,225,39
328,22,49,249,21,38,44,203,29,179
328,23,22,61,112,224,219,230,126,129
328,24,216,127,232,144,137,100,77,114
328,25,171,104,254,135,167,209,201,114
328,26,163,200,9,71,185,166,232,154
328,27,139,29,124,59,136,208,190,141
328,28,160,158,100,66,209,89,140,204
328,29,69,79,44,45,59,233,100,131
328,30,241,128,123,60,31,152,199,176
328,31,180,1,133,10,208,194,195,122
328,32,31,73,251,82,255,67,54,52
328,33,70,51,227,50,251,64,17,110
328,34,254,150,123,192,223,38,108,88
328,35,194,53,14,96,77,173,130,107
328,36,201,154,165,29,228,148,240,151
328,37,1,219,165,122,240,213,92,152
328,38,239,122,175,140,191,177,117,159
328,39,25,103,115,253,100,17,7,22
329,0,100,178,90,60,245,183,211,137
329,1,173,55,191,248,176,151,39,118
329,2,56,61,198,206,69,195,76,87
329,3,93,28,105,22,149,109,65,69
329,4,203,147,28,134,0,26,200,72
329,5,108,42,222,80,111,70,154,246
329,6,12,30,237,120,7,239,113,72
329,7,142,175,225,72,245,211,206,57
329,8,53,145,148,50,181,214,166,72
329,9,99,1,254,28,243,101,15,20
329,10,38,249,172,217,152,74,135,53
329,11,117,148,34,218,121,22,136,74
329,12,137,21,144,184,90,201,104,10
329,13,180,171,34,170,216,78,58,135
329,14,163,73,113,132,140,136,57,55
329,15,190,74,208,139,124,170,151,183
329,16,175,166,158,160,191,126,209,37
329,17,69,22,210,171,119,184,233,51
329,18,239,99,184,123,60,241,110,206
329,19,99,1,100,92,9,236,246,127
329,20,245,85,50,53,246,195,238,214
329,21,99,58,214,101,204,157,84,77
329,22,249,38,245,48,227,213,182,172
329,23,22,117,34,166,219,186,246,253
329,24,127,21,137,10,144,58,117,90
329,25,34,171,170,58,254,135,71,201
329,26,163,173,132,184,92,248,228,189
329,27,74,139,93,193,183,190,170,235
329,28,191,158,115,172,223,1,25,235
329,29,69,94,79,58,44,210,184,146
329,30,77,99,239,224,197,129,60,225
329,31,115,49,114,122,1,167,183,43
329,32,31,123,67,245,255,54,251,85
329,33,61,102,79,137,64,39,19,157
329,34,13,191,20,108,121,120,254,46
329,35,248,194,119,64,195,245,11,134
329,36,75,93,25,165,80,237,94,7
329,37,100,101,54,80,74,1,232,59
329,38,0,57,18,143,122,140,222,159
329,39,40,57,176,163,208,7,8,139
330,0,91,145,51,179,9,242,249,213
330,1,139,184,227,170,247,168,160,99
330,2,68,37,114,195,44,175,25,18
330,3,149,59,69,88,126,142,93,104
330,4,241,131,15,151,28,230,191,90
330,5,58,108,50,103,154,80,22,175
330,6,30,210,237,249,12,14,54,43
330,7,112,175,225,227,187,26,132,224
330,8,195,148,53,85,72,214,145,252
330,9,203,99,69,77,154,1,195,199
330,10,149,217,86,147,245,250,157,37
330,11,133,174,63,178,230,44,144,32
330,12,220,21,160,116,137,10,201,12
330,13,21,211,45,170,29,87,58,208
330,14,132,73,184,173,86,248,41,140
330,15,74,139,170,172,190,97,27,37
330,16,120,115,172,191,183,255,219,37
330,17,69,210,233,58,109,244,51,44
330,18,58,197,77,224,90,60,176,47
330,19,115,127,167,240,208,192,25,101
330,20,239,53,85,72,148,195,113,145
330,21,203,99,143,68,81,243,38,214
330,22,245,207,83,108,157,96,236,26
330,23,133,230,61,237,42,178,98,241
330,24,220,137,21,10,127,244,62,117
330,25,34,21,165,208,170,180,121,174
330,26,173,132,248,86,232,73,184,189
330,27,74,139,145,190,170,24,172,0
330,28,191,115,24,120,1,183,25,100
330,29,69,58,210,5,196,109,1,222
330,30,225,77,58,224,197,175,176,152
330,31,115,167,88,59,95,240,129,191
330,32,236,245,98,31,108,68,54,67
330,33,86,79,126,85,72,28,64,227
330,34,1,91,27,120,116,46,10,252
330,35,235,129,27,134,107,160,228,33
330,36,165,124,78,16,25,226,143,80
330,37,163,100,160,120,102,54,115,189
330,38,0,61,252,73,122,92,191,21
330,39,189,88,163,37,217,196,235,176
331,0,101,197,179,35,213,130,9,242
331,1,97,62,70,27,47,216,151,75
331,2,68,34,88,40,18,109,164,59
331,3,26,230,233,211,69,80,8,206
331,4,15,245,241,144,102,90,61,108
331,5,90,188,222,103,58,50,220,83
331,6,237,14,215,210,246,43,133,30
331,7,112,185,40,199,175,225,23,24
331,8,239,195,35,148,85,53,179,213
331,9,203,99,180,224,193,119,233,29
331,10,121,157,29,175,61,11,96,189
331,11,42,133,98,185,230,163,203,215
331,12,137,21,10,220,201,51,53,62
331,13,34,29,170,121,112,183,78,180
331,14,132,173,73,248,154,189,244,86
331,15,74,190,139,170,141,90,172,208
331,16,115,191,24,181,112,183,202,126
331,17,69,210,58,109,22,244,196,79
331,18,58,224,77,47,102,54,60,99
331,19,127,115,1,192,125,129,240,212
331,20,53,113,85,145,50,148,57,81
331,21,99,214,254,243,203,143,81,170
331,22,245,108,96,236,149,217,207,249
331,23,61,230,17,23,42,39,241,253
331,24,137,10,21,196,149,220,13,43
331,25,34,170,180,63,165,211,174,45
331,26,173,132,248,232,189,126,29,30
331,27,139,74,145,193,235,190,170,227
331,28,191,115,1,25,24,112,183,223
331,29,69,58,5,210,196,109,244,233
331,30,77,58,224,225,175,176,152,94
331,31,115,240,95,127,101,88,167,130
331,32,236,98,245,31,108,96,67,226
331,33,86,85,126,79,190,232,28,183
331,34,116,10,246,1,27,252,38,235
331,35,235,129,16,153,37,13,242,134
331,36,78,143,16,165,70,124,102,63
331,37,163,120,202,115,160,102,119,232
331,38,148,92,252,73,241,72,65,159
331,39,2,217,189,88,69,38,7,248
332,0,40,22,127,106,236,66,185,157
332,1,124,73,72,193,128,242,226,217
332,2,255,188,87,239,217,68,22,179
332,3,55,166,92,30,200,53,201,121
332,4,122,139,228,152,199,88,106,172
332,5,11,18,114,147,58,111,10,255
332,6,90,43,166,147,14,135,237,144
332,7,172,225,187,101,90,185,26,112
332,8,85,122,148,53,175,35,59,166
332,9,217,178,99,156,30,1,204,233
332,10,142,96,62,245,108,224,26,208
332,11,241,69,247,27,230,98,215,163
332,12,137,10,16,6,228,195,21,211
332,13,34,180,1,201,170,121,183,211
332,14,173,132,154,73,140,181,189,248
332,15,190,120,74,0,139,170,208,141
332,16,115,191,1,103,202,100,175,112
332,17,69,210,58,86,79,244,100,226
332,18,58,77,158,224,60,47,54,102
332,19,127,186,34,1,115,208,233,203
332,20,122,145,85,53,50,113,172,11
332,21,217,99,170,178,254,243,214,235
332,22,245,96,108,62,190,217,142,162
332,23,241,230,61,27,69,181,247,239
332,24,137,196,10,149,106,229,113,21
332,25,34,63,180,170,1,211,254,165
332,26,173,132,248,189,163,228,232,73
332,27,139,74,0,120,190,170,14,50
332,28,191,142,115,13,1,183,158,211
332,29,69,58,65,210,244,188,196,86
332,30,58,77,225,158,152,176,142,83
332,31,34,88,231,240,25,101,95,59
332,32,236,96,31,245,7,42,116,199
332,33,151,87,72,11,232,79,64,58
332,34,12,246,250,10,205,176,239,45
332,35,14,194,67,129,53,93,153,202
332,36,78,188,212,154,49,166,4,10
332,37,103,165,115,199,218,219,52,22
332,38,239,93,159,58,173,69,233,202
332,39,9,25,45,70,30,103,222,67
333,0,70,223,211,41,86,29,89,152
333,1,135,193,153,237,220,121,48,78
333,2,58,101,143,3,224,240,251,113
333,3,184,42,22,167,107,209,201,109
333,4,134,175,225,28,92,179,147,125
333,5,58,189,164,84,72,36,130,246
333,6,145,147,152,144,252,176,41,12
333,7,13,18,225,149,72,230,38,190
333,8,53,106,252,148,166,214,202,189
333,9,99,254,195,163,28,231,146,30
333,10,172,96,38,108,226,228,245,82
333,11,218,117,166,205,31,180,164,102
333,12,137,14,195,10,76,109,70,16
333,13,34,201,254,216,236,63,135,1
333,14,132,85,73,163,140,173,4,157
333,15,190,74,139,28,208,179,225,27
333,16,191,209,175,103,158,1,115,183
333,17,69,210,42,86,74,58,244,253
333,18,58,184,47,60,53,99,144,83
333,19,186,1,127,34,101,236,235,203
333,20,53,145,85,11,50,59,72,202
333,21,99,254,81,214,201,213,195,58
333,22,78,108,38,245,172,104,242,44
333,23,218,253,246,241,230,163,166,126
333,24,137,149,10,196,21,58,229,142
333,25,63,34,1,201,165,236,183,146
333,26,173,132,154,232,248,140,91,228
333,27,139,74,208,190,0,34,238,28
333,28,191,142,183,177,112,115,158,13
333,29,69,58,74,244,86,99,91,210
333,30,58,225,158,77,176,188,123,83
333,31,152,114,186,85,25,88,194,101
333,32,236,109,245,18,123,7,31,48
333,33,87,139,72,61,224,225,253,47
333,34,64,121,175,250,10,246,166,45
333,35,129,14,53,44,194,16,235,142
333,36,4,26,195,78,49,1,154,188
333,37,193,43,219,15,115,20,165,199
333,38,93,163,132,201,239,175,87,73
333,39,138,122,1,72,246,183,215,250
334,0,226,68,117,185,198,171,243,128
334,1,30,169,13,133,81,202,232,66
334,2,195,206,69,56,22,248,18,202
334,3,221,42,201,105,85,161,149,170
334,4,182,55,152,8,164,104,232,239
334,5,223,146,84,3,0,128,232,173
334,6,147,136,145,3,88,178,41,0
334,7,13,225,175,133,131,206,161,132
334,8,85,53,148,166,214,59,40,189
334,9,19,99,206,254,109,1,15,195
334,10,108,149,1,96,163,142,190,7
334,11,241,116,230,18,17,252,44,164
334,12,137,10,228,141,168,76,201,196
334,13,34,1,201,170,80,36,246,174
334,14,173,132,73,190,248,154,189,157
334,15,74,190,0,139,208,241,170,145
334,16,115,191,1,175,126,183,155,158
334,17,69,210,58,74,100,86,195,244
334,18,58,67,47,77,60,176,54,53
334,19,186,127,1,101,158,24,91,115
334,20,53,85,145,148,68,54,50,59
334,21,170,254,19,99,214,206,81,105
334,22,108,245,49,60,96,149,78,217
334,23,241,230,17,116,149,73,18,171
334,24,137,10,149,229,21,196,228,69
334,25,63,211,34,170,1,161,183,242
334,26,173,132,62,228,126,232,91,107
334,27,74,139,190,238,141,24,208,170
334,28,191,115,158,126,175,232,1,112
334,29,69,74,58,210,49,244,128,225
334,30,58,225,60,176,99,158,224,53
334,31,186,88,240,10,129,95,25,115
334,32,175,148,236,37,17,54,7,89
334,33,117,23,214,64,187,136,123,4
334,34,182,110,45,246,58,214,10,108
334,35,7,194,53,129,106,14,166,155
334,36,245,165,143,244,94,124,199,99
334,37,164,165,219,226,54,102,240,120
334,38,136,177,239,31,252,117,173,72
334,39,127,45,235,115,223,67,253,7
335,0,122,211,222,62,151,203,28,138
335,1,153,48,190,193,28,109,121,14
335,2,185,47,143,3,125,206,69,56
335,3,167,22,247,243,121,42,107,105
335,4,134,175,152,157,180,225,194,146
335,5,3,223,58,164,111,252,0,80
335,6,147,30,178,252,41,145,95,136
335,7,133,38,13,225,240,175,183,251
335,8,148,53,50,121,72,85,166,145
335,9,99,58,28,81,183,184,195,15
335,10,154,208,10,78,191,108,199,152
335,11,241,148,218,163,230,166,112,201
335,12,137,10,16,228,92,196,83,195
335,13,34,180,63,170,1,201,24,148
335,14,173,132,73,223,211,248,154,157
335,15,74,190,139,141,0,208,145,170
335,16,175,115,126,191,1,155,202,112
335,17,69,210,58,74,144,244,100,249
335,18,58,99,47,195,53,176,123,54
335,19,186,127,24,1,114,239,203,92
335,20,50,172,145,53,89,244,85,245
335,21,58,214,99,170,254,101,81,195
335,22,96,10,199,21,78,217,108,37
335,23,237,230,203,40,61,205,28,239
335,24,137,21,158,92,10,252,229,196
335,25,63,34,180,194,211,242,170,78
335,26,173,17,132,189,42,254,248,184
335,27,74,139,190,208,24,170,193,6
335,28,191,115,112,162,126,1,131,175
335,29,69,58,210,99,74,9,62,21
335,30,58,99,224,77,225,175,239,90
335,31,186,115,114,240,88,129,95,59
335,32,148,236,108,245,109,115,246,54
335,33,86,79,132,189,72,61,181,64
335,34,45,10,252,128,246,56,240,109
335,35,129,235,14,194,93,13,143,53
335,36,78,188,154,242,153,158,28,245
335,37,163,219,199,22,103,52,45,102
335,38,175,127,118,239,189,188,143,159
335,39,75,70,248,169,127,133,45,223
336,0,166,142,97,113,150,205,123,215
336,1,199,34,26,59,62,158,132,151
336,2,62,146,90,44,64,59,26,70
336,3,42,211,31,135,46,146,142,84
336,4,161,17,167,251,61,131,19,190
336,5,14,204,10,161,83,51,58,189
336,6,147,178,135,167,243,43,93,174
336,7,40,112,172,91,106,225,13,133
336,8,85,148,53,89,69,214,213,163
336,9,39,99,224,195,30,94,170,29
336,10,245,96,142,248,108,149,190,26
336,11,203,241,17,20,230,98,185,122
336,12,137,10,21,149,12,228,186,201
336,13,34,211,1,170,201,141,183,29
336,14,173,132,73,248,189,154,184,157
336,15,74,190,139,65,0,170,79,90
336,16,115,191,126,1,202,235,183,112
336,17,69,210,58,225,244,100,169,233
336,18,58,224,77,53,90,60,176,47
336,19,129,127,240,192,115,186,101,1
336,20,53,145,85,113,148,24,59,98
336,21,99,39,254,170,81,101,214,105
336,22,96,245,207,236,108,190,217,149
336,23,203,61,230,44,23,42,186,22
336,24,21,137,43,10,149,77,229,228
336,25,34,170,211,63,183,45,180,232
336,26,173,132,248,42,126,228,184,232
336,27,74,139,24,170,65,193,190,144
336,28,191,115,24,183,103,1,25,158
336,29,69,58,210,195,141,196,109,233
336,30,77,225,58,175,176,123,71,224
336,31,240,115,130,88,95,1,129,59
336,32,236,148,113,246,108,245,31,99
336,33,190,86,72,232,244,107,79,196
336,34,88,10,246,252,56,161,45,97
336,35,129,235,14,53,93,13,143,202
336,36,78,188,207,154,153,152,244,53
336,37,163,219,199,22,103,158,67,52
336,38,127,118,239,175,234,9,189,188
336,39,248,246,70,1,250,92,9,203
337,0,144,66,92,234,188,62,211,4
337,1,198,193,131,195,128,252,191,144
337,2,92,150,198,64,87,86,134,157
337,3,22,201,30,155,69,126,157,11
337,4,94,216,152,98,134,112,104,182
337,5,58,0,115,60,122,50,222,210
337,6,43,92,125,12,30,237,212,123
337,7,4,181,225,175,40,142,104,3
337,8,85,53,148,181,246,214,72,166
337,9,99,1,120,254,68,28,79,199
337,10,207,190,245,96,9,37,149,250
337,11,153,186,15,230,44,98,22,137
337,12,137,21,10,190,144,92,186,105
337,13,34,183,15,140,170,121,201,78
337,14,132,173,73,140,254,189,21,55
337,15,74,248,190,139,208,170,125,141
337,16,183,191,230,115,112,155,131,235
337,17,69,210,58,51,169,244,99,236
337,18,69,58,53,176,77,224,60,123
337,19,60,240,1,129,115,101,203,88
337,20,53,145,85,148,72,181,24,245
337,21,254,99,81,195,176,156,143,214
337,22,207,96,249,245,0,149,132,9
337,23,22,153,186,15,253,44,61,165
337,24,21,106,10,137,92,144,127,105
337,25,34,183,170,2,121,189,45,211
337,26,132,173,140,73,62,248,254,232
337,27,74,139,248,170,190,145,1,125
337,28,191,183,230,24,185,115,158,155
337,29,69,58,65,210,222,244,236,1
337,30,225,77,69,176,175,45,83,152
337,31,240,88,95,59,115,25,1,60
337,32,146,236,195,86,57,7,199,245
337,33,37,97,36,72,94,51,61,198
337,34,246,255,212,10,182,187,90,250
337,35,129,49,14,67,53,202,11,93
337,36,188,154,78,234,153,166,92,50
337,37,165,219,199,103,52,213,115,22
337,38,239,93,104,191,217,8,72,175
337,39,23,70,16,253,100,34,25,45
338,0,174,62,211,161,204,100,178,116
338,1,40,48,153,193,253,98,209,151
338,2,160,193,3,137,54,192,24,197
338,3,22,216,201,247,184,232,243,167
338,4,134,132,28,49,187,137,225,159
338,5,19,58,84,80,36,197,122,70
338,6,125,123,30,120,7,12,43,161
338,7,4,225,72,230,18,190,175,142
338,8,53,148,85,214,145,181,24,166
338,9,99,1,28,254,20,68,81,101
338,10,172,226,38,96,53,149,45,245
338,11,218,121,194,117,186,230,74,180
338,12,137,21,10,14,168,38,250,76
338,13,34,170,183,201,254,78,144,24
338,14,132,173,73,163,113,154,104,157
338,15,74,190,208,139,27,170,193,168
338,16,166,112,155,183,115,126,193,202
338,17,69,210,58,51,22,253,227,244
338,18,58,250,239,151,123,99,224,176
338,19,1,85,115,240,127,99,101,9
338,20,145,85,50,245,53,246,24,148
338,21,99,101,254,195,58,143,98,204
338,22,207,245,149,96,104,38,224,242
338,23,186,126,218,201,116,40,253,117
338,24,21,10,137,58,87,127,205,11
338,25,34,2,170,183,19,153,4,254
338,26,173,132,42,184,126,228,170,248
338,27,74,139,170,193,190,24,239,168
338,28,115,191,183,24,100,4,168,151
338,29,210,69,58,99,21,244,222,88
338,30,225,77,99,58,175,176,60,250
338,31,115,88,85,129,1,59,183,240
338,32,236,246,123,179,85,57,3,86
338,33,162,102,95,139,61,132,36,28
338,34,121,10,44,240,72,238,62,120
338,35,235,129,236,194,148,11,13,0
338,36,26,78,188,39,227,115,93,226
338,37,163,78,27,59,22,6,169,102
338,38,251,93,215,119,169,8,159,127
338,39,75,117,122,158,179,139,129,70
339,0,142,166,97,113,150,205,215,123
339,1,34,87,26,59,187,199,177,5
339,2,35,26,146,44,65,247,155,174
339,3,46,146,211,135,31,84,98,142
339,4,161,167,14,65,13,67,61,201
339,5,204,104,161,224,10,191,235,58
339,6,43,167,123,125,178,59,215,93
339,7,91,4,112,225,29,5,133,156
339,8,33,85,89,148,53,174,69,105
339,9,39,132,94,29,99,195,228,233
339,10,248,207,212,245,190,149,167,53
339,11,20,36,185,90,186,98,246,95
339,12,21,137,10,186,63,149,232,14
339,13,34,33,170,104,183,15,144,29
339,14,173,147,132,184,73,189,157,140
339,15,74,190,65,139,170,208,0,238
339,16,115,151,191,156,100,126,183,155
339,17,69,210,58,110,172,244,51,225
339,18,58,224,53,77,60,148,128,47
339,19,240,115,129,1,163,72,12,208
339,20,33,53,174,145,113,85,148,24
339,21,99,132,39,81,195,214,176,143
339,22,245,96,207,190,108,83,33,248
339,23,36,20,22,186,246,203,44,61
339,24,21,137,10,43,144,196,92,77
339,25,34,170,183,63,33,153,104,232
339,26,132,173,42,248,140,73,228,232
339,27,139,74,65,170,24,190,193,239
339,28,191,115,156,183,24,168,100,4
339,29,69,58,210,244,110,233,204,172
339,30,77,225,175,148,71,123,60,176
339,31,240,115,88,95,1,129,12,25
339,32,113,238,236,246,54,158,99,245
339,33,190,41,72,107,244,232,28,64
339,34,88,56,97,10,252,161,246,62
339,35,235,129,194,218,46,11,13,202
339,36,78,207,188,152,218,111,169,226
339,37,163,172,67,158,103,20,59,6
339,38,159,117,6,237,8,143,78,9
339,39,248,246,1,250,127,92,161,9
340,0,211,144,62,188,66,234,92,6
340,1,198,193,76,164,61,14,191,170
340,2,92,76,198,86,87,150,61,157
340,3,201,22,30,155,157,209,81,206
340,4,94,152,98,134,216,104,6,38
340,5,58,81,0,136,177,42,122,80
340,6,43,19,125,92,123,174,7,178
340,7,4,142,181,104,225,243,21,175
340,8,85,148,53,246,214,143,72,181
340,9,99,1,28,195,166,15,81,173
340,10,207,7,108,245,161,190,250,149
340,11,153,186,15,230,2,44,97,238
340,12,137,21,10,115,144,228,92,186
340,13,34,15,183,170,140,238,165,201
340,14,132,173,73,154,248,46,101,57
340,15,74,248,90,190,139,170,235,158
340,16,191,183,230,112,166,115,168,24
340,17,210,69,169,58,195,233,99,236
340,18,58,69,77,176,53,224,11,112
340,19,60,129,240,115,1,127,233,221
340,20,53,148,145,65,85,98,24,174
340,21,99,143,233,156,81,72,63,195
340,22,245,207,7,212,149,0,108,140
340,23,153,186,238,15,230,44,22,2
340,24,106,10,21,228,137,115,144,196
340,25,34,183,63,2,170,165,232,140
340,26,132,42,62,171,173,57,232,248
340,27,74,248,139,190,24,170,239,117
340,28,191,230,183,158,166,185,24,54
340,29,69,244,65,204,128,58,210,171
340,30,69,176,225,77,60,83,64,123
340,31,240,60,95,221,25,1,129,88
340,32,146,236,195,199,7,246,86,133
340,33,36,97,37,61,72,136,217,64
340,34,255,246,212,90,10,166,98,109
340,35,49,129,220,194,11,13,202,44
340,36,147,234,188,78,92,154,131,226
340,37,103,36,199,115,165,193,24,219
340,38,93,217,215,22,189,139,239,32
340,39,23,224,30,116,70,127,27,16
341,0,96,117,226,80,171,233,198,187
341,1,96,40,13,209,120,183,81,169
341,2,19,35,65,209,181,136,148,172
341,3,201,170,22,217,53,138,153,247
341,4,55,145,123,152,180,182,119,98
341,5,3,232,58,80,122,84,194,146
341,6,43,125,178,174,19,92,90,106
341,7,133,4,104,181,225,142,243,21
341,8,53,148,85,112,59,214,163,143
341,9,19,99,28,206,178,173,195,211
341,10,163,7,207,108,190,245,197,46
341,11,116,18,15,186,93,2,130,180
341,12,10,21,137,144,196,206,190,186
341,13,34,15,200,183,140,170,148,78
341,14,132,173,73,101,38,6,248,247
341,15,74,99,139,190,170,241,90,248
341,16,78,191,183,166,4,168,149,39
341,17,210,69,128,58,155,244,169,235
341,18,58,11,188,32,6,53,123,77
341,19,129,1,221,240,233,208,115,10
341,20,53,145,148,11,112,68,59,100
341,21,19,99,143,233,81,195,72,7
341,22,245,108,197,7,163,28,33,207
341,23,18,230,186,246,253,61,22,183
341,24,21,10,124,79,137,144,174,62
341,25,34,205,2,183,146,200,153,170
341,26,132,217,154,42,62,162,247,110
341,27,99,74,139,117,190,136,170,168
341,28,191,39,166,183,78,89,215,63
341,29,69,128,155,210,244,249,37,77
341,30,6,60,28,151,145,98,206,176
341,31,221,10,220,158,235,255,208,25
341,32,17,89,133,41,45,172,43,171
341,33,105,117,23,214,64,202,94,223
341,34,58,110,28,159,108,177,223,130
341,35,7,194,11,242,64,156,165,222
341,36,57,253,92,144,226,165,199,132
341,37,158,164,165,245,160,36,102,240
341,38,136,239,252,43,117,159,5,142
341,39,201,47,22,45,235,80,208,253
342,0,211,210,62,144,234,224,4,100
342,1,193,48,95,153,14,100,98,190
342,2,13,143,159,95,19,112,125,136
342,3,22,201,247,65,254,167,255,180
342,4,145,180,134,152,157,188,184,28
342,5,3,232,58,80,177,0,111,86
342,6,43,125,178,7,12,152,240,174
342,7,133,225,104,142,4,183,227,241
342,8,53,148,213,144,145,214,59,163
342,9,99,28,1,183,199,163,15,201
342,10,154,197,233,245,226,175,149,108
342,11,17,97,230,211,2,180,24,15
342,12,10,21,137,228,110,83,131,196
342,13,34,170,174,183,246,238,180,144
342,14,132,73,173,248,101,190,223,29
342,15,74,90,139,170,190,221,79,0
342,16,191,201,4,183,166,1,193,168
342,17,210,69,128,58,244,217,235,249
342,18,77,151,11,123,176,58,102,47
342,19,1,129,115,240,190,49,189,127
342,20,11,18,121,53,148,246,85,68
342,21,99,77,98,34,43,201,72,101
342,22,245,207,23,224,197,61,149,168
342,23,24,201,230,123,246,186,161,40
342,24,21,10,232,228,248,229,131,144
342,25,34,97,171,240,170,63,211,183
342,26,173,184,132,42,232,92,3,20
342,27,74,190,170,139,0,168,208,145
342,28,115,191,151,168,91,193,235,1
342,29,58,210,94,69,99,225,61,21
342,30,58,0,224,77,225,60,99,176
342,31,115,88,255,183,163,129,249,45
342,32,109,245,236,3,161,108,125,92
342,33,132,79,32,86,64,61,242,90
342,34,62,20,10,44,109,120,38,103
342,35,129,235,44,57,209,128,148,11
342,36,93,39,115,78,227,19,80,188
342,37,163,101,160,80,6,169,226,102
342,38,61,159,72,36,180,169,31,252
342,39,231,117,163,133,129,196,235,253
343,0,249,229,196,123,105,216,7,16
343,1,225,150,231,27,20,106,136,54
343,2,163,227,4,19,17,162,146,166
343,3,133,187,152,231,235,84,176,31
343,4,13,142,236,167,108,222,128,191
343,5,104,204,193,6,186,41,224,192
343,6,43,167,153,215,174,123,178,125
343,7,112,133,29,4,216,142,88,172
343,8,85,89,234,148,105,53,219,195
343,9,228,29,94,99,195,126,164,83
343,10,169,248,130,113,245,207,7,28
343,11,189,161,185,17,136,159,98,243
343,12,21,10,63,26,149,137,205,15
343,13,34,43,97,147,183,170,4,140
343,14,173,20,132,184,124,86,147,248
343,15,74,190,139,81,24,170,0,208
343,16,115,191,151,5,196,100,183,24
343,17,210,69,172,58,61,250,51,34
343,18,58,0,179,187,57,77,239,60
343,19,163,12,186,127,130,1,240,115
343,20,85,205,234,113,245,81,244,53
343,21,170,126,29,164,94,99,195,101
343,22,23,169,26,113,43,83,245,78
343,23,161,36,241,189,213,133,92,149
343,24,149,44,242,21,63,10,137,74
343,25,34,104,33,147,43,153,254,2
343,26,173,20,132,147,184,232,91,81
343,27,74,139,0,170,190,200,145,158
343,28,115,191,151,120,24,156,158,43
343,29,58,210,69,57,109,76,108,250
343,30,58,77,225,179,176,224,175,60
343,31,12,115,88,186,130,129,163,59
343,32,98,236,245,99,108,54,161,137
343,33,32,86,79,126,183,87,73,232
343,34,62,84,34,10,252,96,112,116
343,35,235,129,218,93,57,14,164,68
343,36,78,70,188,120,181,59,80,154
343,37,163,190,182,22,199,58,31,59
343,38,92,148,71,118,127,31,109,93
343,39,2,69,189,38,217,70,213,190
344,0,22,66,218,106,212,46,32,157
344,1,124,193,128,112,242,86,143,255
344,2,10,255,219,60,58,133,167,157
344,3,30,177,218,95,42,113,157,63
344,4,67,242,118,155,104,122,199,138
344,5,67,254,100,14,10,185,97,31
344,6,43,183,145,135,0,175,167,198
344,7,44,88,66,172,112,56,175,108
344,8,85,38,7,148,69,122,113,53
344,9,240,156,170,99,227,195,217,105
344,10,161,142,96,245,210,224,108,62
344,11,241,203,79,133,49,195,17,93
344,12,137,32,149,10,12,217,203,228
344,13,34,21,1,211,170,142,11,174
344,14,173,132,73,248,157,184,189,101
344,15,74,79,190,139,0,170,208,108
344,16,115,191,120,183,100,155,4,202
344,17,210,69,58,22,244,25,86,100
344,18,58,224,77,53,47,60,90,102
344,19,1,240,115,101,186,25,212,127
344,20,53,113,148,85,50,145,72,241
344,21,170,99,240,214,254,58,243,143
344,22,108,245,96,21,217,161,236,29
344,23,237,230,133,203,253,163,4,241
344,24,21,137,10,43,58,92,203,149
344,25,34,21,180,170,174,243,11,254
344,26,173,132,189,154,184,248,232,164
344,27,74,139,190,145,170,193,90,235
344,28,191,115,24,1,25,183,4,223
344,29,69,210,58,86,196,109,110,5
344,30,77,58,224,225,71,176,123,175
344,31,115,240,88,129,186,59,127,95
344,32,236,116,108,68,75,245,158,148
344,33,79,182,86,244,85,72,232,107
344,34,9,205,10,56,252,164,27,45
344,35,129,235,14,132,218,13,194,202
344,36,78,188,154,153,152,242,10,246
344,37,163,103,22,199,115,67,161,143
344,38,127,118,0,9,188,198,109,234
344,39,75,248,1,246,92,70,250,9
345,0,40,18,102,185,127,228,21,22
345,1,134,154,158,79,157,241,133,17
345,2,102,246,247,64,239,113,134,108
345,3,147,194,51,164,42,14,92,69
345,4,122,17,139,172,242,105,67,228
345,5,185,114,11,100,58,10,18,147
345,6,135,0,43,166,210,198,3,121
345,7,172,44,88,66,185,175,57,183
345,8,122,85,148,53,69,216,186,35
345,9,178,217,156,240,170,99,183,1
345,10,142,62,96,161,27,37,163,245
345,11,69,241,133,49,247,23,186,238
345,12,137,10,203,212,149,48,195,144
345,13,34,142,21,11,211,1,238,174
345,14,173,132,154,147,248,73,6,189
345,15,120,190,74,139,0,108,170,141
345,16,115,191,151,1,166,171,158,120
345,17,69,210,58,244,100,51,22,110
345,18,58,77,47,102,158,54,53,224
345,19,186,127,34,1,240,208,115,92
345,20,53,122,85,148,145,59,113,57
345,21,170,99,178,217,231,143,81,243
345,22,108,251,245,96,62,190,163,142
345,23,241,69,247,234,23,18,238,140
345,24,137,10,196,149,92,21,106,244
345,25,34,1,170,165,180,174,144,183
345,26,173,132,248,154,38,157,101,232
345,27,139,74,120,0,145,190,170,90
345,28,191,142,115,1,183,211,13,158
345,29,69,58,210,244,196,190,65,188
345,30,58,77,158,225,83,186,176,142
345,31,152,231,240,34,88,3,133,25
345,32,236,96,7,116,245,186,42,137
345,33,151,87,11,79,21,28,72,58
345,34,12,250,10,246,205,70,45,34
345,35,99,129,14,194,202,153,40,39
345,36,78,49,188,4,154,244,212,82
345,37,103,193,199,22,15,115,219,20
345,38,239,127,106,118,139,189,205,171
345,39,72,9,70,36,25,30,14,89
346,0,185,117,232,18,171,131,102,15
346,1,135,79,179,35,134,98,241,242
346,2,101,113,58,108,224,251,246,94
346,3,42,201,221,69,22,157,194,95
346,4,152,139,8,17,172,134,55,37
346,5,3,232,114,146,58,0,122,18
346,6,136,147,178,174,3,19,243,194
346,7,26,172,225,174,133,227,11,104
346,8,85,53,148,112,246,214,241,163
346,9,19,99,206,28,245,81,214,178
346,10,163,142,108,7,190,245,197,1
346,11,241,69,18,116,156,15,210,230
346,12,10,137,206,196,12,110,13,67
346,13,34,1,183,200,208,170,238,232
346,14,173,132,154,73,248,189,6,38
346,15,74,190,103,139,0,90,170,145
346,16,191,115,232,183,1,4,235,112
346,17,210,155,69,58,244,128,126,188
346,18,58,77,162,67,188,158,64,47
346,19,91,34,186,190,115,127,233,125
346,20,53,68,85,112,148,225,65,122
346,21,99,19,206,231,81,157,236,67
346,22,108,251,190,163,46,245,142,128
346,23,156,18,241,15,165,210,109,69
346,24,206,137,196,47,12,239,168,10
346,25,1,165,174,183,181,73,200,151
346,26,132,101,232,73,173,194,157,38
346,27,139,103,0,74,190,55,170,134
346,28,183,232,78,142,191,13,15,177
346,29,69,155,58,120,177,74,222,190
346,30,6,83,225,158,1,77,186,69
346,31,233,28,25,231,240,88,3,133
346,32,37,17,7,236,137,148,89,199
346,33,63,117,23,214,94,72,87,21
346,34,58,45,12,246,10,250,182,177
346,35,34,194,14,228,116,129,202,99
346,36,57,253,78,188,138,158,82,154
346,37,103,164,199,219,22,163,94,59
346,38,136,239,106,43,127,189,22,118
346,39,45,16,23,103,146,34,70,237
347,0,122,211,62,50,134,138,163,124
347,1,153,179,193,190,154,165,109,88
347,2,237,13,143,157,47,201,3,45
347,3,132,22,201,42,247,134,197,209
347,4,180,152,134,175,147,36,157,6
347,5,3,58,4,0,173,42,84,111
347,6,136,178,186,145,33,72,12,161
347,7,246,142,187,225,133,174,26,253
347,8,53,148,72,85,252,54,7,50
347,9,99,28,81,186,166,1,231,58
347,10,108,251,217,250,190,233,1,245
347,11,241,121,230,77,166,217,0,117
347,12,137,10,198,92,149,12,217,38
347,13,34,180,194,170,248,2,165,1
347,14,132,173,17,248,101,73,115,4
347,15,190,0,139,74,197,145,206,16
347,16,191,115,178,175,183,1,15,112
347,17,210,69,58,244,208,162,74,177
347,18,58,77,151,239,66,64,250,123
347,19,186,54,189,127,85,3,133,49
347,20,53,145,72,89,85,135,50,168
347,21,99,170,143,214,78,58,28,32
347,22,108,251,142,233,135,190,38,104
347,23,241,203,116,201,77,230,216,151
347,24,10,137,149,21,196,92,109,32
347,25,34,170,0,165,1,19,183,174
347,26,173,132,248,42,101,184,157,162
347,27,74,139,90,145,170,190,0,193
347,28,191,115,4,1,24,102,183,25
347,29,210,69,58,21,74,244,49,165
347,30,58,77,90,225,224,176,99,64
347,31,240,95,186,115,88,129,59,25
347,32,148,236,7,123,245,109,215,108
347,33,102,132,95,28,181,61,86,79
347,34,45,10,56,252,5,240,121,246
347,35,14,129,235,194,103,218,220,202
347,36,78,188,154,15,39,242,153,211
347,37,163,199,103,22,45,59,219,83
347,38,127,239,175,118,198,189,69,101
347,39,75,235,248,70,140,161,169,103
348,0,97,166,142,113,205,150,123,118
348,1,199,34,59,158,26,62,151,132
348,2,64,174,44,138,62,26,90,146
348,3,42,211,132,31,135,46,84,142
348,4,17,161,167,251,105,190,131,19
348,5,14,10,204,161,172,58,191,6
348,6,135,178,243,147,167,93,136,172
348,7,40,172,91,112,187,26,106,108
348,8,85,7,89,148,53,69,33,214
348,9,39,99,94,29,227,170,233,63
348,10,96,250,142,245,190,235,1,251
348,11,203,241,216,17,122,20,95,238
348,12,137,10,149,217,12,21,198,32
348,13,34,1,170,21,183,246,156,211
348,14,173,132,73,248,101,184,189,154
348,15,74,190,0,139,65,170,90,145
348,16,115,191,4,112,1,100,24,183
348,17,210,69,244,58,169,116,213,22
348,18,58,77,224,90,60,30,47,156
348,19,129,115,186,1,212,127,240,199
348,20,53,148,113,98,85,145,54,59
348,21,99,39,170,143,214,1,43,157
348,22,245,108,96,207,217,197,190,104
348,23,216,203,98,230,88,61,23,247
348,24,137,21,43,10,196,195,77,92
348,25,34,180,170,174,216,45,208,205
348,26,132,173,248,189,42,130,164,73
348,27,74,139,90,145,170,190,65,193
348,28,191,115,24,183,25,1,112,47
348,29,69,210,213,196,58,204,109,244
348,30,77,58,71,225,224,176,175,123
348,31,240,95,115,186,130,129,88,59
348,32,236,148,7,108,113,158,31,96
348,33,190,72,86,244,107,232,79,41
348,34,88,56,10,252,161,246,97,45
348,35,129,235,14,194,218,103,220,143
348,36,78,188,154,207,152,246,10,153
348,37,163,103,199,22,67,161,158,45
348,38,127,118,198,175,239,9,225,189
348,39,248,246,250,1,92,9,70,203
349,0,144,188,111,234,92,66,4,232
349,1,198,3,83,251,193,14,71,255
349,2,92,150,64,86,198,239,76,87
349,3,22,201,30,155,209,156,81,182
349,4,94,152,216,134,98,112,132,189
349,5,58,111,60,42,84,136,207,0
349,6,43,125,123,30,178,113,92,19
349,7,4,228,181,142,175,225,183,104
349,8,38,53,148,85,246,240,72,143
349,9,99,1,28,68,254,231,101,211
349,10,207,190,149,245,250,108,134,7
349,11,216,153,230,44,97,15,137,98
349,12,137,21,10,190,13,32,92,89
349,13,34,170,183,180,201,140,165,15
349,14,132,173,73,248,189,35,21,153
349,15,74,248,0,190,139,170,208,90
349,16,191,115,230,183,112,1,4,24
349,17,210,69,169,58,233,244,196,22
349,18,176,77,224,69,102,58,53,123
349,19,129,115,233,1,212,60,240,190
349,20,38,53,148,85,72,145,133,98
349,21,99,1,156,254,143,243,72,195
349,22,207,245,149,0,108,9,96,147
349,23,216,153,15,61,230,98,130,44
349,24,137,21,106,10,196,105,184,244
349,25,34,216,180,208,200,183,170,174
349,26,132,248,173,130,126,62,73,189
349,27,74,248,139,90,145,190,170,29
349,28,191,183,230,24,185,125,112,166
349,29,69,65,210,244,128,204,102,146
349,30,77,176,225,45,69,83,64,123
349,31,95,240,233,60,190,25,88,115
349,32,146,195,7,236,86,31,199,245
349,33,97,37,217,94,36,75,72,118
349,34,212,246,10,255,187,211,70,206
349,35,129,220,194,14,202,103,49,16
349,36,78,188,154,234,119,10,82,187
349,37,103,199,219,22,158,200,94,224
349,38,127,239,22,118,106,59,14,189
349,39,16,34,23,145,45,30,70,25
350,0,211,62,163,29,138,222,75,223
350,1,153,48,193,40,132,34,11,26
350,2,112,56,193,157,205,7,3,115
350,3,201,22,14,197,247,180,243,81
350,4,134,152,147,157,180,132,28,187
350,5,19,58,232,0,122,177,128,86
350,6,123,125,43,240,7,12,30,25
350,7,4,246,228,225,183,175,142,104
350,8,53,148,59,72,133,214,213,144
350,9,99,28,1,183,199,176,186,68
350,10,197,226,233,245,108,149,172,38
350,11,216,230,211,166,2,117,241,201
350,12,137,10,21,131,133,198,168,38
350,13,34,180,195,216,170,194,144,183
350,14,132,17,173,248,189,115,73,130
350,15,74,90,139,190,97,0,145,170
350,16,191,201,1,100,4,88,131,115
350,17,210,69,244,217,101,128,214,169
350,18,77,47,66,151,176,8,236,209
350,19,115,129,127,144,1,190,99,125
350,20,53,148,145,172,38,59,24,68
350,21,99,32,143,7,98,195,176,214
350,22,245,197,233,149,38,226,135,108
350,23,216,211,180,2,230,166,201,77
350,24,10,21,131,137,166,244,195,55
350,25,34,216,194,0,83,183,170,208
350,26,132,248,130,173,42,1,17,216
350,27,74,90,79,139,145,190,28,170
350,28,191,201,56,1,24,183,53,254
350,29,69,210,19,128,204,244,62,217
350,30,77,225,151,83,209,176,66,143
350,31,95,83,240,85,157,60,190,59
350,32,236,109,7,157,14,92,179,87
350,33,84,250,161,139,162,61,47,202
350,34,121,246,10,109,44,18,11,249
350,35,129,44,220,202,53,194,14,103
350,36,79,78,4,154,188,39,44,147
350,37,196,56,199,171,103,22,27,162
350,38,190,132,52,127,118,239,59,87
350,39,99,77,70,87,30,116,224,231
351,0,174,13,70,139,224,159,211,89
351,1,80,23,141,134,17,193,91,10
351,2,52,207,0,205,218,19,138,229
351,3,161,14,22,86,180,53,222,200
351,4,44,148,134,221,152,175,28,187
351,5,19,58,132,232,89,164,0,42
351,6,43,2,240,123,125,41,30,100
351,7,38,4,206,142,228,225,33,104
351,8,148,53,59,214,38,7,62,163
351,9,99,28,199,211,130,218,101,15
351,10,242,172,226,149,37,197,245,108
351,11,216,218,220,222,44,79,117,35
351,12,10,137,21,133,83,168,176,157
351,13,34,216,170,195,183,144,208,148
351,14,132,173,248,73,115,189,216,4
351,15,74,190,0,90,139,92,170,235
351,16,191,1,115,131,4,193,100,201
351,17,210,69,58,169,233,196,244,21
351,18,224,77,58,175,228,53,151,239
351,19,115,127,1,240,99,85,186,25
351,20,53,85,148,38,89,72,57,145
351,21,99,254,1,231,28,210,129,143
351,22,245,242,172,207,108,149,38,7
351,23,216,220,218,180,117,201,222,31
351,24,21,10,11,137,184,196,105,128
351,25,34,216,170,101,183,19,247,97
351,26,132,173,42,73,248,157,243,184
351,27,74,28,90,145,170,139,190,193
351,28,191,115,193,24,168,183,1,4
351,29,210,88,21,58,94,69,61,225
351,30,77,225,232,162,63,175,228,173
351,31,115,59,88,85,240,34,95,129
351,32,236,109,179,123,86,140,125,7
351,33,139,36,132,162,95,104,28,151
351,34,62,44,10,238,240,252,246,121
351,35,235,129,148,190,14,74,37,114
351,36,78,188,39,227,115,142,26,147
351,37,163,78,27,56,22,101,103,238
351,38,251,215,118,119,127,169,117,69
351,39,158,231,75,117,70,122,31,58
352,0,166,97,142,113,150,205,215,123
352,1,34,26,59,187,87,177,199,229
352,2,146,225,90,44,161,162,35,28
352,3,146,31,211,46,135,84,161,142
352,4,161,167,14,65,13,67,248,251
352,5,204,104,161,224,6,191,10,235
352,6,43,123,167,178,125,93,9,52
352,7,4,91,228,206,29,142,225,172
352,8,33,89,148,85,53,59,7,214
352,9,39,132,94,99,29,30,228,233
352,10,248,207,245,130,140,23,149,7
352,11,216,20,36,98,185,95,186,90
352,12,21,10,137,63,149,133,201,168
352,13,34,33,170,140,104,97,144,208
352,14,173,132,184,147,248,73,20,189
352,15,74,65,190,139,90,0,170,145
352,16,115,191,151,156,168,24,4,131
352,17,210,69,110,58,172,169,244,22
352,18,224,58,77,60,148,239,53,187
352,19,115,240,163,129,1,186,130,212
352,20,33,53,113,145,85,148,57,12
352,21,132,99,39,1,29,254,143,68
352,22,108,245,207,248,96,23,147,83
352,23,36,216,20,98,95,61,44,178
352,24,21,10,137,43,196,244,77,195
352,25,34,170,33,144,45,216,104,43
352,26,132,173,42,184,248,189,147,73
352,27,74,65,139,90,193,145,170,235
352,28,191,115,24,156,168,1,151,183
352,29,210,69,58,172,110,244,109,204
352,30,77,58,148,225,175,71,224,187
352,31,115,240,130,95,12,59,88,129
352,32,113,238,236,99,7,108,158,245
352,33,190,41,232,107,28,86,72,244
352,34,62,88,252,161,97,10,56,246
352,35,235,129,14,218,194,80,103,202
352,36,207,78,188,246,152,154,120,153
352,37,163,22,67,103,161,190,135,143
352,38,127,71,118,9,234,30,175,198
352,39,248,70,92,250,1,69,246,9
353,0,144,111,66,188,234,4,92,232
353,1,198,189,144,255,193,191,240,186
353,2,76,198,92,61,86,150,87,134
353,3,22,201,30,155,209,180,14,157
353,4,94,188,216,152,98,112,199,134
353,5,58,0,42,18,84,13,185,5
353,6,43,19,125,92,178,193,7,126
353,7,4,181,142,104,206,133,225,243
353,8,148,53,85,24,214,246,181,59
353,9,99,28,254,1,211,157,68,79
353,10,207,161,7,149,190,53,245,108
353,11,153,15,186,130,238,98,125,44
353,12,137,21,10,115,168,144,6,201
353,13,34,15,21,183,170,142,140,174
353,14,132,173,73,248,189,35,46,154
353,15,74,248,235,190,170,139,90,125
353,16,191,230,166,183,168,158,207,4
353,17,210,69,169,58,22,197,244,233
353,18,69,224,77,112,176,58,60,64
353,19,240,115,129,233,1,25,101,212
353,20,53,148,65,145,85,72,174,166
353,21,99,254,156,1,81,143,67,233
353,22,161,0,207,245,108,9,149,7
353,23,153,15,238,95,186,130,98,44
353,24,21,106,10,137,115,12,144,6
353,25,34,21,15,140,183,170,165,208
353,26,132,173,73,248,42,154,232,162
353,27,74,248,139,190,235,145,90,170
353,28,191,24,230,183,168,197,185,158
353,29,69,210,244,65,58,204,86,128
353,30,77,69,225,176,45,175,83,64
353,31,240,95,88,115,25,233,59,129
353,32,195,146,236,245,7,199,86,255
353,33,217,97,37,36,94,72,87,202
353,34,212,246,255,10,188,109,54,206
353,35,129,49,194,14,220,202,254,103
353,36,188,78,234,154,92,242,153,244
353,37,103,22,199,94,238,52,219,90
353,38,127,22,118,189,69,12,175,87
353,39,16,30,34,23,70,145,116,62
354,0,29,41,86,223,65,60,4,212
354,1,40,209,234,48,96,98,153,193
354,2,56,192,54,112,125,178,95,115
354,3,22,201,247,15,209,95,30,81
354,4,216,149,152,134,104,248,180,182
354,5,19,213,58,0,146,148,84,3
354,6,43,178,125,19,41,7,126,240
354,7,4,142,225,61,133,169,104,26
354,8,157,148,53,85,59,246,214,24
354,9,99,28,254,30,179,233,195,157
354,10,226,190,245,108,149,207,250,38
354,11,17,186,15,238,44,207,252,4
354,12,137,21,10,166,157,168,176,90
354,13,34,15,170,183,21,140,42,174
354,14,132,154,173,73,247,29,157,150
354,15,74,116,190,235,208,136,170,139
354,16,191,4,166,183,168,29,201,197
354,17,210,69,169,244,58,49,22,217
354,18,237,172,77,60,47,58,164,53
354,19,206,240,1,115,129,237,101,246
354,20,157,53,148,11,85,246,50,72
354,21,99,201,254,246,67,101,195,143
354,22,245,108,17,104,172,226,21,233
354,23,4,209,93,186,253,238,162,22
354,24,21,10,166,157,127,106,234,244
354,25,34,183,21,243,146,205,170,135
354,26,154,132,173,42,62,248,73,217
354,27,74,235,139,190,170,79,116,239
354,28,191,183,24,201,197,138,166,168
354,29,69,128,210,244,204,157,222,219
354,30,77,237,225,151,83,176,145,175
354,31,88,95,240,59,85,25,18,190
354,32,236,75,7,197,245,86,14,157
354,33,161,103,36,18,5,206,72,59
354,34,227,246,10,11,121,238,44,18
354,35,129,220,194,202,103,11,254,13
354,36,148,188,48,78,154,251,187,242
354,37,103,22,240,199,162,52,94,165
354,38,124,132,127,118,185,93,189,239
354,39,77,30,116,70,34,13,166,177
355,0,70,211,134,139,207,231,138,37
355,1,137,101,91,187,193,230,134,116
355,2,54,192,3,56,77,222,112,225
355,3,194,22,15,32,216,255,167,206
355,4,44,134,175,221,225,188,182,197
355,5,19,164,58,80,111,0,248,72
355,6,43,7,125,178,30,240,204,126
355,7,38,4,72,225,133,142,104,126
355,8,53,148,216,59,214,24,156,213
355,9,99,28,211,163,199,101,238,1
355,10,172,242,108,149,148,226,147,245
355,11,4,218,186,220,164,44,117,197
355,12,137,10,21,83,157,168,76,250
355,13,34,170,135,21,165,246,180,248
355,14,154,132,189,73,173,29,248,57
355,15,74,235,190,139,208,28,2,90
355,16,191,166,104,1,158,115,155,24
355,17,69,210,169,233,196,192,21,244
355,18,77,224,151,99,47,102,172,58
355,19,1,115,85,129,240,144,189,25
355,20,53,148,11,50,85,145,18,24
355,21,99,201,246,210,195,43,143,74
355,22,108,242,245,44,207,7,22,95
355,23,4,218,116,201,123,238,220,95
355,24,21,10,137,11,76,195,244,115
355,25,34,135,170,21,146,174,15,183
355,26,154,132,173,130,1,248,232,42
355,27,74,139,190,90,28,145,235,170
355,28,191,24,183,168,197,193,187,115
355,29,69,128,210,244,21,204,99,88
355,30,77,225,151,145,28,162,176,83
355,31,85,240,95,18,129,88,115,25
355,32,123,109,236,86,179,7,246,87
355,33,36,95,139,102,104,202,61,132
355,34,238,44,240,10,121,28,90,246
355,35,129,220,194,254,202,148,190,235
355,36,147,227,188,26,78,39,142,131
355,37,78,27,193,102,103,22,94,163
355,38,215,251,93,5,119,139,8,117
355,39,158,122,165,80,216,14,188,70
356,0,117,226,171,233,128,80,96,187
356,1,13,169,43,133,81,120,2,232
356,2,54,225,22,107,254,169,196,125
356,3,170,221,95,255,161,201,216,91
356,4,182,55,119,8,152,123,216,2
356,5,61,19,3,0,29,146,80,84
356,6,43,125,3,90,92,59,16,178
356,7,133,181,4,243,104,206,145,131
356,8,148,53,112,85,59,24,214,251
356,9,19,99,206,211,195,28,68,254
356,10,163,207,7,108,140,212,197,190
356,11,18,116,186,142,15,98,159,10
356,12,21,10,137,67,83,11,106,168
356,13,34,200,15,183,140,174,170,153
356,14,132,38,154,173,73,248,29,46
356,15,74,190,241,99,103,139,235,90
356,16,191,149,183,78,168,24,158,232
356,17,210,69,128,155,169,244,58,24
356,18,6,77,60,176,32,64,188,123
356,19,129,233,1,115,221,240,220,255
356,20,148,68,112,53,145,154,81,98
356,21,99,19,206,236,74,233,7,246
356,22,108,197,245,163,44,141,7,33
356,23,18,142,230,4,238,211,126,232
356,24,21,10,137,127,174,106,91,83
356,25,34,200,21,205,121,172,174,254
356,26,132,38,1,29,130,42,62,154
356,27,74,190,99,139,241,61,124,170
356,28,191,197,149,140,232,78,183,185
356,29,69,128,155,210,65,244,102,204
356,30,77,6,145,225,176,125,83,157
356,31,221,95,129,115,220,233,240,25
356,32,17,89,37,236,199,7,43,175
356,33,105,117,214,23,94,64,19,239
356,34,58,177,28,12,187,246,10,159
356,35,7,194,129,220,14,156,11,242
356,36,57,253,75,165,92,188,226,61
356,37,158,164,165,102,240,59,245,115
356,38,136,239,5,43,117,252,8,159
356,39,201,47,23,22,235,16,222,253
357,0,211,210,62,144,224,234,100,4
357,1,95,193,48,14,153,190,173,100
357,2,13,159,143,54,61,125,95,185
357,3,22,201,167,123,254,255,247,3
357,4,134,188,61,152,132,225,180,146
357,5,3,232,58,0,80,177,226,223
357,6,43,125,12,7,9,186,214,178
357,7,133,145,225,4,104,38,183,85
357,8,148,53,213,144,121,156,59,214
357,9,99,28,211,183,163,15,48,201
357,10,154,197,172,226,233,245,38,149
357,11,211,17,201,126,230,166,125,30
357,12,10,137,21,131,168,90,96,244
357,13,34,144,183,170,246,15,146,208
357,14,132,173,248,73,29,189,190,115
357,15,74,139,190,90,221,235,79,97
357,16,191,201,183,4,1,197,168,24
357,17,210,69,128,217,169,244,233,58
357,18,77,176,60,66,151,123,96,125
357,19,129,1,115,240,49,189,255,212
357,20,148,68,53,246,11,158,85,98
357,21,99,101,43,34,233,74,236,77
357,22,197,154,245,233,108,207,7,149
357,23,201,72,211,77,24,2,43,4
357,24,10,21,131,248,137,234,79,195
357,25,34,146,240,170,144,183,192,82
357,26,132,248,173,92,42,130,184,171
357,27,74,190,170,90,139,145,29,235
357,28,191,193,115,168,24,183,219,158
357,29,210,58,69,88,94,99,62,244
357,30,77,175,225,58,99,224,162,64
357,31,115,88,95,59,240,129,25,85
357,32,125,236,109,179,161,246,140,86
357,33,132,28,139,86,102,181,72,160
357,34,62,44,10,109,240,238,252,20
357,35,235,129,14,148,80,44,190,161
357,36,78,188,115,39,227,93,196,120
357,37,163,22,101,103,27,143,102,78
357,38,118,127,251,169,61,72,119,202
357,39,231,117,70,75,129,163,179,139
358,0,229,249,123,196,105,216,7,100
358,1,225,150,231,27,20,136,106,54
358,2,163,227,4,103,162,54,166,19
358,3,133,187,152,231,235,84,176,27
358,4,13,142,236,128,108,21,222,211
358,5,104,186,193,41,6,224,204,83
358,6,153,167,43,54,123,83,215,125
358,7,29,88,112,216,4,142,23,225
358,8,234,89,85,53,148,105,59,73
358,9,29,228,99,94,164,195,68,126
358,10,130,169,113,23,248,207,198,49
358,11,161,189,185,136,172,243,178,186
358,12,21,10,137,63,26,74,149,242
358,13,34,147,43,97,170,45,183,208
358,14,20,173,132,184,124,248,50,92
358,15,190,74,81,200,139,0,170,90
358,16,115,5,191,100,196,120,255,91
358,17,210,172,119,69,250,58,76,61
358,18,0,77,58,179,57,187,224,60
358,19,115,130,163,6,1,220,255,191
358,20,234,85,195,148,53,244,200,113
358,21,164,99,29,94,126,195,7,43
358,22,169,248,130,245,113,198,207,23
358,23,161,189,36,98,140,216,136,31
358,24,21,10,44,63,242,26,74,137
358,25,34,43,147,61,170,153,254,183
358,26,132,20,173,248,148,184,124,232
358,27,74,170,139,200,145,90,81,0
358,28,133,115,191,5,168,24,4,183
358,29,58,210,76,172,69,250,1,222
358,30,58,179,225,77,187,175,0,224
358,31,115,88,59,130,12,163,109,95
358,32,98,236,99,245,181,161,159,137
358,33,86,126,183,232,28,238,32,79
358,34,84,62,10,252,96,207,34,56
358,35,235,129,57,218,160,153,80,202
358,36,78,70,120,181,188,153,226,119
358,37,163,190,58,22,182,31,103,67
358,38,92,71,148,118,127,213,12,209
358,39,2,189,69,248,38,70,213,147
359,0,22,66,218,106,212,32,46,157
359,1,124,193,128,112,86,143,255,242
359,2,10,255,60,219,58,133,167,80
359,3,30,177,218,113,95,42,157,63
359,4,67,242,118,244,199,122,155,104
359,5,67,254,100,14,224,10,185,147
359,6,183,135,43,0,175,198,145,114
359,7,88,44,172,66,210,176,101,225
359,8,85,38,113,7,148,122,33,216
359,9,240,156,170,99,126,217,105,227
359,10,96,142,161,245,224,27,62,26
359,11,133,241,49,79,203,195,93,139
359,12,10,149,32,137,12,203,198,110
359,13,34,11,21,1,142,208,7,170
359,14,173,132,248,184,147,50,101,189
359,15,190,79,74,0,139,170,90,208
359,16,115,191,4,120,1,100,151,178
359,17,210,58,69,244,110,226,169,253
359,18,58,77,90,53,228,64,157,30
359,19,115,240,163,129,25,112,101,208
359,20,53,85,113,148,59,188,251,50
359,21,170,99,240,231,233,156,214,81
359,22,108,161,245,250,23,26,27,96
359,23,133,203,241,237,178,253,36,140
359,24,21,203,10,137,149,127,43,32
359,25,34,170,11,21,208,174,232,165
359,26,173,132,248,184,42,73,44,189
359,27,74,139,190,170,90,145,0,24
359,28,191,115,120,24,168,13,4,183
359,29,58,210,110,244,5,165,69,109
359,30,58,77,71,225,175,224,112,176
359,31,115,240,88,95,129,59,120,12
359,32,116,236,245,158,246,75,148,96
359,33,182,232,72,86,107,58,244,79
359,34,9,205,252,56,10,45,97,161
359,35,235,129,132,218,14,202,194,16
359,36,78,188,181,152,246,153,165,166
359,37,163,22,67,103,115,161,199,143
359,38,127,9,118,234,30,101,93,189
359,39,248,1,250,246,92,70,9,203
360,0,144,111,234,188,4,100,92,223
360,1,198,255,79,144,193,134,215,186
360,2,92,86,64,150,102,113,239,246
360,3,201,22,155,147,30,157,96,194
360,4,94,152,216,98,188,134,244,17
360,5,58,84,0,111,18,160,60,42
360,6,43,92,125,19,178,113,152,52
360,7,181,225,142,104,66,243,183,4
360,8,148,85,53,216,24,181,59,214
360,9,99,28,254,246,1,157,68,211
360,10,207,149,7,195,53,190,245,37
360,11,153,15,230,164,130,98,186,238
360,12,21,137,10,168,89,201,195,186
360,13,34,170,21,183,140,15,174,238
360,14,132,173,73,248,189,154,190,46
360,15,74,248,190,139,90,208,235,170
360,16,191,230,183,115,166,202,24,112
360,17,210,69,169,86,99,58,22,244
360,18,69,77,58,224,60,64,125,176
360,19,129,240,233,115,1,25,186,101
360,20,53,216,148,65,72,50,145,85
360,21,99,254,156,81,246,143,195,238
360,22,108,0,207,245,21,96,9,132
360,23,153,15,17,133,230,98,4,253
360,24,21,10,106,203,137,127,12,142
360,25,34,183,170,21,174,2,115,63
360,26,190,132,173,73,83,248,232,42
360,27,74,24,248,139,145,170,90,190
360,28,191,230,183,24,166,13,120,4
360,29,65,69,195,244,128,58,204,210
360,30,69,77,225,176,45,83,64,145
360,31,240,95,25,88,129,233,190,59
360,32,146,195,236,86,7,245,199,6
360,33,36,97,37,217,136,94,72,189
360,34,255,212,109,10,246,90,238,98
360,35,49,129,202,194,11,220,19,16
360,36,234,188,75,227,165,78,147,92
360,37,103,165,22,102,199,115,78,226
360,38,215,93,22,189,127,118,87,205
360,39,23,30,16,116,145,70,36,241
361,0,29,86,41,223,65,4,60,212
361,1,40,209,234,96,48,153,98,134
361,2,56,54,192,112,178,125,95,205
361,3,22,201,15,247,95,60,9,194
361,4,216,149,152,248,4,211,188,182
361,5,213,19,0,58,84,148,118,21
361,6,178,41,43,125,126,252,240,204
361,7,4,142,225,72,61,169,13,211
361,8,157,148,53,85,216,251,59,214
361,9,99,28,254,163,30,195,157,227
361,10,226,245,108,190,250,149,160,69
361,11,17,186,164,4,44,117,252,30
361,12,137,21,10,228,166,157,90,142
361,13,34,170,243,24,201,144,183,246
361,14,190,132,154,173,73,247,157,81
361,15,74,190,208,116,235,170,139,193
361,16,166,191,101,155,183,4,100,115
361,17,210,69,169,99,58,244,10,214
361,18,60,47,58,239,100,237,49,77
361,19,10,240,246,115,1,186,220,129
361,20,157,11,53,216,81,246,148,50
361,21,99,246,201,195,101,7,74,67
361,22,245,108,44,17,210,21,104,29
361,23,4,164,209,46,184,253,224,17
361,24,21,10,142,166,76,92,90,137
361,25,63,34,205,2,135,174,243,254
361,26,154,190,132,232,173,217,247,162
361,27,74,24,190,29,139,170,45,145
361,28,191,166,138,183,201,102,134,197
361,29,128,69,157,244,195,210,204,99
361,30,237,151,77,225,66,173,130,60
361,31,190,129,85,32,25,95,220,144
361,32,75,236,173,43,7,86,246,54
361,33,161,103,36,18,5,136,27,206
361,34,227,11,53,108,223,245,90,211
361,35,129,194,11,202,134,225,215,184
361,36,148,75,48,165,199,251,92,149
361,37,165,240,120,172,36,102,226,42
361,38,124,72,132,93,185,164,117,222
361,39,166,235,6,100,77,222,80,22
362,0,70,211,134,139,207,231,151,224
362,1,137,101,91,187,193,230,134,116
362,2,54,192,56,77,3,112,225,1
362,3,194,32,216,15,153,162,22,255
362,4,44,134,188,225,182,221,218,187
362,5,19,111,80,164,58,248,42,29
362,6,43,125,178,252,126,9,174,240
362,7,72,4,38,225,145,133,190,13
362,8,53,148,216,24,59,213,40,156
362,9,99,53,28,163,246,101,199,195
362,10,242,172,22,69,104,37,108,195
362,11,4,218,186,164,220,44,117,197
362,12,137,21,10,83,76,157,168,228
362,13,34,170,246,135,24,243,174,180
362,14,154,132,73,173,248,29,157,190
362,15,74,190,235,139,208,90,170,2
362,16,166,191,115,112,202,24,1,104
362,17,69,210,169,125,233,253,25,116
362,18,99,77,102,123,125,60,224,252
362,19,1,115,129,125,85,246,220,144
362,20,53,148,216,50,152,72,81,127
362,21,99,246,53,201,58,143,74,195
362,22,108,245,197,44,207,7,242,29
362,23,4,116,218,123,31,162,230,237
362,24,21,10,76,184,233,137,142,77
362,25,34,63,174,170,243,146,24,246
362,26,154,132,190,173,1,42,232,130
362,27,74,190,24,29,90,139,61,170
362,28,191,166,24,183,168,30,102,78
362,29,128,69,210,49,195,244,21,99
362,30,77,151,225,145,162,28,173,189
362,31,240,129,85,95,32,25,18,190
362,32,123,109,86,236,179,7,246,87
362,33,36,95,139,104,136,102,27,64
362,34,238,44,240,245,28,98,121,229
362,35,129,33,11,134,208,246,114,209
362,36,75,227,147,165,92,26,113,32
362,37,78,120,36,183,172,102,54,59
362,38,117,215,159,43,5,252,72,8
362,39,165,158,80,253,65,235,22,196
363,0,117,226,171,233,128,96,80,11
363,1,13,169,133,2,81,43,120,232
363,2,54,225,196,22,181,125,169,200
363,3,221,170,60,161,244,122,216,95
363,4,182,55,8,119,2,139,64,152
363,5,29,25,61,21,229,3,189,215
363,6,214,90,139,43,3,16,248,125
363,7,133,206,181,247,211,225,145,195
363,8,148,112,53,216,85,59,18,24
363,9,19,99,206,53,246,135,209,12
363,10,78,23,163,96,144,255,14,160
363,11,18,135,24,58,61,116,42,126
363,12,137,10,21,201,127,196,83,106
363,13,34,200,208,146,170,238,78,174
363,14,132,73,173,248,154,189,101,204
363,15,74,139,190,90,145,170,235,99
363,16,191,74,166,24,195,126,16,183
363,17,210,69,58,233,169,244,196,235
363,18,77,224,58,32,225,53,175,60
363,19,115,212,127,1,221,220,88,95
363,20,85,53,148,112,245,143,11,195
363,21,99,19,178,206,233,1,211,143
363,22,163,245,108,132,29,207,44,14
363,23,18,44,2,10,142,98,80,216
363,24,21,10,137,88,116,244,127,106
363,25,34,146,208,200,183,63,170,174
363,26,154,132,243,38,29,245,142,55
363,27,99,74,103,190,241,29,170,231
363,28,191,149,166,232,78,6,194,89
363,29,155,128,69,99,180,169,65,204
363,30,6,77,225,145,32,45,83,157
363,31,240,221,129,233,95,25,220,158
363,32,17,89,236,199,37,7,245,87
363,33,105,117,214,23,94,64,136,27
363,34,58,159,110,28,177,108,43,182
363,35,7,170,209,215,64,194,134,8
363,36,57,75,253,165,132,245,144,163
363,37,158,164,240,165,245,160,119,218
363,38,136,43,5,117,252,173,159,37
363,39,201,47,235,106,22,222,127,253
364,0,211,210,62,144,224,234,100,207
364,1,95,193,48,14,153,190,100,121
364,2,13,159,54,143,225,125,185,196
364,3,22,167,123,247,201,121,254,3
364,4,188,134,225,180,152,244,211,146
364,5,3,232,0,58,226,223,177,80
364,6,43,125,214,40,178,9,7,12
364,7,133,225,145,4,183,104,38,190
364,8,148,53,216,213,144,59,214,156
364,9,99,53,15,28,201,163,183,157
364,10,154,197,245,149,7,233,61,175
364,11,43,237,164,17,211,140,201,159
364,12,10,21,228,137,90,66,168,201
364,13,34,170,174,4,183,140,238,144
364,14,132,190,173,73,248,29,154,247
364,15,74,190,139,90,79,170,221,168
364,16,191,183,201,1,4,115,202,24
364,17,210,69,128,244,217,51,253,195
364,18,77,151,66,239,60,123,225,96
364,19,129,1,115,49,246,224,125,190
364,20,216,53,148,89,85,152,18,121
364,21,99,53,154,201,43,233,34,77
364,22,197,108,245,207,82,154,210,233
364,23,201,237,43,17,77,211,72,116
364,24,21,10,131,198,137,229,228,177
364,25,34,246,144,240,174,170,63,208
364,26,132,190,173,248,184,42,232,162
364,27,74,190,170,90,29,139,145,92
364,28,191,193,168,115,91,219,151,183
364,29,58,210,88,94,69,62,21,99
364,30,77,58,162,225,0,224,64,99
364,31,115,88,183,129,25,34,133,59
364,32,125,236,161,109,179,140,157,159
364,33,132,79,161,86,187,139,102,181
364,34,20,44,109,43,238,10,157,229
364,35,235,129,164,190,148,107,44,209
364,36,93,115,19,39,78,227,16,75
364,37,163,101,16,54,19,6,102,108
364,38,105,61,159,18,252,202,81,72
364,39,231,117,163,235,179,223,133,169
365,0,229,249,105,123,196,216,7,100
365,1,225,150,231,27,20,136,229,54
365,2,163,227,162,166,4,54,19,151
365,3,133,152,187,231,235,60,84,78
365,4,13,142,128,236,108,85,234,21
365,5,41,224,104,193,204,186,6,78
365,6,153,167,43,54,83,123,135,41
365,7,88,216,29,225,112,106,90,23
365,8,234,89,53,85,148,59,105,93
365,9,164,29,99,94,228,195,77,168
365,10,169,130,113,23,248,198,61,207
365,11,161,189,136,140,243,185,172,178
365,12,21,242,10,63,74,137,248,26
365,13,147,34,43,97,45,170,61,208
365,14,173,20,50,184,92,132,124,171
365,15,190,81,74,200,139,208,0,141
365,16,115,5,91,196,191,100,204,133
365,17,69,172,210,119,76,58,250,95
365,18,77,0,179,57,58,187,224,30
365,19,115,130,163,6,109,220,195,255
365,20,234,85,195,148,53,139,26,244
365,21,164,29,99,94,85,126,207,43
365,22,130,169,113,198,23,207,248,36
365,23,161,189,136,98,215,233,243,184
365,24,44,242,63,74,26,21,10,142
365,25,147,43,61,45,34,254,6,153
365,26,20,132,148,50,124,248,184,173
365,27,170,74,200,139,81,147,154,158
365,28,133,5,191,43,172,91,151,196
365,29,76,1,119,69,58,250,44,172
365,30,77,179,0,187,225,91,104,60
365,31,122,115,59,205,88,109,4,95
365,32,255,181,98,161,47,236,54,125
365,33,126,86,43,183,238,227,215,64
365,34,84,96,207,74,20,62,10,132
365,35,160,235,57,232,167,173,47,128
365,36,70,165,153,188,248,171,78,181
365,37,65,58,163,61,96,6,86,19
365,38,159,180,70,150,191,237,186,18
365,39,2,248,228,189,127,38,190,91
366,0,141,190,235,221,47,125,253,115
366,1,244,93,46,155,197,182,47,188
366,2,100,145,57,103,93,123,82,74
366,3,187,235,231,133,158,77,130,103
366,4,128,236,142,95,222,211,144,87
366,5,193,47,41,90,78,135,224,79
366,6,153,54,60,43,206,215,167,192
366,7,29,23,185,216,117,78,142,64
366,8,234,116,195,180,99,52,239,23
366,9,164,126,116,191,36,94,38,99
366,10,169,198,130,113,36,125,248,23
366,11,161,189,133,86,233,128,140,136
366,12,63,74,26,242,93,44,21,15
366,13,147,43,45,97,134,130,170,145
366,14,20,50,124,51,132,54,184,224
366,15,200,81,147,190,139,98,162,206
366,16,133,5,196,172,174,100,117,43
366,17,119,172,250,69,76,44,61,1
366,18,77,0,179,57,187,43,50,138
366,19,116,109,191,130,20,205,122,183
366,20,234,195,239,133,179,148,207,180
366,21,164,207,29,94,116,191,126,85
366,22,130,198,169,113,116,100,178,248
366,23,161,189,62,86,128,206,22,136
366,24,74,63,26,93,44,160,15,209
366,25,147,43,134,6,97,95,152,61
366,26,20,124,148,51,32,41,54,132
366,27,200,81,147,181,162,206,58,3
366,28,133,5,43,196,170,32,7,189
366,29,76,87,172,250,119,1,0,20
366,30,179,187,77,163,16,0,91,43
366,31,116,4,205,109,39,191,122,30
366,32,181,119,178,90,47,223,161,131
366,33,93,43,86,129,83,183,210,215
366,34,82,74,132,96,26,207,21,1
366,35,27,160,239,57,42,72,84,64
366,36,222,20,192,70,165,232,98,191
366,37,39,229,2,101,24,54,96,221
366,38,64,202,151,200,191,220,180,249
366,39,186,190,154,11,133,91,234,60
367,0,38,54,167,193,112,44,238,244
367,1,188,58,122,46,201,152,140,20
367,2,29,74,100,27,140,219,186,85
367,3,26,230,233,103,34,128,91,35
367,4,128,45,144,91,95,58,205,81
367,5,90,193,188,78,65,47,127,43
367,6,60,153,206,68,54,22,138,215
367,7,117,23,229,64,29,78,185,123
367,8,116,239,234,104,99,180,23,52
367,9,191,164,126,116,59,36,2,239
367,10,198,125,169,65,157,36,185,27
367,11,161,189,86,128,206,62,233,39
367,12,74,44,93,54,254,134,63,26
367,13,147,134,97,43,6,32,154,105
367,14,51,124,148,20,50,86,47,32
367,15,162,200,81,148,181,147,58,31
367,16,133,5,43,196,252,134,9,170
367,17,76,89,172,250,87,0,20,198
367,18,179,187,0,43,57,124,50,163
367,19,109,116,205,191,20,183,30,195
367,20,234,239,207,99,133,179,20,180
367,21,164,191,116,207,94,126,29,127
367,22,198,169,125,130,234,236,247,248
367,23,189,161,62,86,128,206,111,193
367,24,93,74,44,63,26,15,78,39
367,25,6,134,147,93,43,154,182,95
367,26,148,51,124,20,86,32,88,167
367,27,200,162,58,81,181,147,31,232
367,28,43,133,170,5,9,24,252,250
367,29,76,5,20,89,87,172,250,0
367,30,179,226,135,163,187,139,43,16
367,31,30,109,39,116,226,12,205,167
367,32,223,181,119,178,47,185,90,159
367,33,83,93,129,86,74,183,73,16
367,34,186,21,1,82,96,207,116,252
367,35,167,160,57,36,218,235,42,22
367,36,70,248,120,74,153,188,129,181
367,37,58,124,229,143,190,62,48,86
367,38,180,245,21,233,159,72,16,78
367,39,238,95,235,186,189,190,80,37
368,0,140,173,43,112,238,200,95,67
368,1,46,47,188,249,137,58,20,181
368,2,186,29,20,27,140,72,67,165
368,3,117,103,233,26,230,119,64,229
368,4,144,193,213,245,58,140,81,249
368,5,90,188,43,78,248,255,127,76
368,6,206,60,68,118,208,160,96,53
368,7,176,221,54,117,142,55,65,207
368,8,239,104,73,116,23,175,133,195
368,9,126,113,25,171,191,30,201,53
368,10,115,157,27,195,215,238,183,240
368,11,47,39,133,181,51,140,41,183
368,12,44,54,62,212,144,102,213,93
368,13,6,11,168,206,103,138,212,134
368,14,147,86,9,200,148,41,106,167
368,15,46,162,181,117,132,217,62,147
368,16,133,170,252,156,151,43,0,250
368,17,5,20,89,166,15,57,142,108
368,18,226,192,204,203,159,77,179,139
368,19,120,191,109,30,226,88,12,205
368,20,133,239,234,207,104,148,23,180
368,21,207,191,116,155,1,164,73,126
368,22,236,234,161,157,248,199,191,10
368,23,140,111,47,189,39,193,181,98
368,24,39,44,113,127,93,209,220,78
368,25,6,93,219,35,66,212,145,251
368,26,204,231,179,214,52,167,67,88
368,27,147,206,3,181,162,169,228,46
368,28,170,72,43,250,24,252,51,156
368,29,5,89,20,158,1,76,142,8
368,30,77,91,226,192,139,135,16,170
368,31,30,59,167,39,12,122,120,139
368,32,223,47,178,206,185,181,119,255
368,33,74,83,81,190,93,40,129,183
368,34,116,21,1,186,82,34,33,252
368,35,167,202,36,244,160,212,235,224
368,36,70,188,153,129,181,74,120,248
368,37,58,124,104,22,147,190,103,48
368,38,92,148,118,127,27,12,79,212
368,39,243,38,70,78,248,2,242,69
369,0,88,238,173,189,114,248,89,108
369,1,152,140,47,192,70,181,46,33
369,2,8,165,49,197,20,204,82,214
369,3,117,233,106,103,150,26,110,38
369,4,45,193,235,165,62,58,114,9
369,5,230,188,87,239,248,72,220,85
369,6,118,208,96,122,68,65,131,217
369,7,176,145,238,142,221,207,106,117
369,8,239,104,73,179,23,116,148,230
369,9,126,113,69,84,53,119,180,1
369,10,157,215,183,238,100,115,122,227
369,11,181,39,47,51,28,183,41,253
369,12,102,62,154,212,213,104,254,232
369,13,6,145,34,168,5,212,251,35
369,14,132,204,9,41,214,54,244,88
369,15,147,139,206,3,190,117,136,46
369,16,170,250,248,119,32,191,0,252
369,17,69,8,1,89,5,44,158,20
369,18,77,91,159,22,226,16,192,204
369,19,115,59,212,183,88,122,1,4
369,20,133,148,195,23,53,104,207,107
369,21,207,1,99,229,53,69,161,117
369,22,236,234,116,161,132,157,59,49
369,23,140,80,78,60,141,170,47,111
369,24,116,176,138,127,143,39,24,79
369,25,145,168,6,219,93,142,5,212
369,26,204,132,214,96,154,231,179,44
369,27,3,206,147,169,110,139,233,46
369,28,170,72,51,189,250,156,195,47
369,29,1,158,5,69,89,20,8,26
369,30,77,91,192,226,170,139,128,175
369,31,59,122,120,166,30,139,88,115
369,32,60,223,47,178,206,255,158,185
369,33,74,190,81,41,83,40,33,92
369,34,116,82,21,1,34,213,246,188
369,35,167,244,202,36,224,214,212,14
369,36,70,188,129,153,239,74,78,181
369,37,104,58,124,147,22,103,48,57
369,38,92,148,27,118,127,79,212,12
369,39,110,243,38,78,70,242,12,248
370,0,62,124,211,236,155,231,4,152
370,1,120,195,124,193,202,83,33,233
370,2,60,3,193,77,255,248,157,208
370,3,11,197,30,167,177,159,25,56
370,4,154,152,160,88,200,90,192,121
370,5,153,251,50,170,62,115,91,58
370,6,82,79,14,156,49,161,183,68
370,7,185,76,142,32,35,175,184,145
370,8,133,148,23,53,220,72,207,16
370,9,207,99,1,161,229,61,143,41
370,10,234,122,207,132,157,165,242,116
370,11,85,59,47,111,3,231,164,60
370,12,191,210,116,39,208,220,193,176
370,13,219,93,212,168,6,113,45,145
370,14,231,52,167,204,214,54,198,106
370,15,147,181,49,162,71,124,204,54
370,16,170,252,190,230,35,9,0,250
370,17,89,20,15,158,96,1,69,19
370,18,204,43,250,226,77,203,91,130
370,19,30,226,212,19,88,201,75,85
370,20,133,207,99,23,195,148,180,224
370,21,207,156,73,151,1,255,229,59
370,22,234,157,242,9,165,122,196,247
370,23,85,59,181,195,60,218,15,111
370,24,39,81,191,220,15,155,167,210
370,25,219,93,113,6,155,66,71,20
370,26,231,52,214,86,67,167,189,106
370,27,147,217,162,58,49,71,54,242
370,28,170,190,230,252,189,47,250,24
370,29,19,20,89,158,21,15,96,142
370,30,226,250,139,135,204,192,91,197
370,31,30,183,39,226,157,228,145,59
370,32,12,19,146,123,47,185,85,162
370,33,75,56,74,139,72,81,84,16
370,34,195,191,21,72,33,18,48,121
370,35,43,185,167,210,36,214,244,136
370,36,125,26,129,44,68,74,39,188
370,37,124,58,48,162,14,153,229,22
370,38,92,120,79,0,119,118,84,127
370,39,44,189,197,77,78,242,107,203
371,0,199,62,204,174,124,13,161,211
371,1,49,162,245,33,174,193,23,141
371,2,252,253,207,95,71,20,23,191
371,3,17,173,25,79,73,11,177,43
371,4,148,154,44,152,192,221,90,43
371,5,153,115,236,2,251,183,50,81
371,6,157,79,14,161,57,49,156,209
371,7,185,158,76,223,171,7,167,199
371,8,220,133,159,164,224,207,52,148
371,9,207,197,98,99,198,255,61,131
371,10,122,234,157,19,9,165,132,219
371,11,85,111,220,3,47,209,59,222
371,12,191,116,210,220,237,39,193,208
371,13,219,113,6,168,199,20,145,93
371,14,167,52,231,93,214,106,54,53
371,15,71,181,33,233,147,206,54,162
371,16,170,0,231,47,190,136,252,32
371,17,89,158,78,8,142,16,20,164
371,18,130,192,226,197,91,77,22,204
371,19,183,30,59,70,226,4,191,39
371,20,207,4,239,133,159,148,99,180
371,21,207,151,156,229,197,102,5,1
371,22,157,234,19,165,9,116,63,122
371,23,85,111,220,47,3,195,59,145
371,24,191,220,39,15,81,209,138,208
371,25,113,20,168,6,219,93,154,155
371,26,231,52,86,167,51,214,67,179
371,27,162,181,33,58,172,242,71,147
371,28,170,190,47,189,51,111,72,48
371,29,20,164,89,158,21,15,78,166
371,30,250,197,204,16,226,91,192,139
371,31,183,30,39,4,59,252,228,145
371,32,19,123,76,185,47,159,85,90
371,33,234,95,56,74,5,166,75,86
371,34,191,72,1,21,240,195,20,14
371,35,43,167,235,191,185,71,190,97
371,36,248,19,142,225,39,188,124,153
371,37,229,124,58,143,16,126,175,54
371,38,92,169,0,212,96,35,119,88
371,39,129,189,197,179,122,182,117,248
372,0,101,35,79,197,179,140,34,161
372,1,62,47,155,20,97,75,70,146
372,2,109,210,43,249,130,38,149,106
372,3,26,230,233,226,236,150,211,37
372,4,102,15,142,200,241,245,87,144
372,5,236,188,220,90,43,153,218,202
372,6,79,157,14,182,156,133,52,196
372,7,185,23,76,14,64,79,171,199
372,8,35,239,180,164,116,52,83,207
372,9,203,207,29,85,98,197,131,41
372,10,196,157,234,132,88,122,72,178
372,11,42,98,111,47,185,95,183,251
372,12,193,116,220,191,154,39,223,81
372,13,6,113,219,168,212,29,34,45
372,14,132,204,44,231,41,52,214,248
372,15,147,235,139,74,190,120,124,169
372,16,181,191,170,96,47,117,172,72
372,17,69,1,8,44,89,166,210,51
372,18,77,22,91,138,197,204,224,159
372,19,115,59,212,88,183,117,1,122
372,20,195,148,133,35,85,239,53,180
372,21,99,1,203,207,180,31,39,233
372,22,236,116,132,157,34,234,207,147
372,23,42,98,39,80,12,32,111,60
372,24,116,10,220,176,43,191,39,137
372,25,145,45,168,34,29,6,208,146
372,26,132,204,44,96,248,231,214,228
372,27,139,3,169,147,206,177,158,172
372,28,47,96,72,195,191,5,24,48
372,29,5,1,250,69,8,229,89,141
372,30,77,91,197,16,170,205,71,179
372,31,59,130,115,109,39,88,95,191
372,32,98,47,255,96,99,90,247,186
372,33,126,86,238,232,183,190,215,81
372,34,116,252,207,1,10,96,180,21
372,35,167,235,218,160,36,202,212,57
372,36,188,70,153,181,248,120,78,166
372,37,65,58,143,22,190,124,31,199
372,38,92,148,71,118,127,212,213,175
372,39,248,189,2,38,69,70,213,78
373,0,141,190,235,208,115,253,221,158
373,1,62,217,182,152,70,146,155,113
373,2,109,43,255,123,95,167,106,248
373,3,117,35,128,229,150,190,34,26
373,4,45,102,142,222,95,54,15,165
373,5,90,188,135,43,47,65,127,184
373,6,79,157,182,14,138,133,75,156
373,7,117,23,64,78,123,185,229,76
373,8,116,239,180,52,99,104,35,23
373,9,116,191,203,197,59,239,208,2
373,10,157,88,125,198,185,65,196,169
373,11,111,47,42,128,233,62,86,108
373,12,93,220,193,15,254,74,128,81
373,13,134,6,154,32,74,29,105,182
373,14,52,47,86,51,41,125,88,32
373,15,162,148,181,172,58,147,242,165
373,16,134,43,170,252,9,51,174,5
373,17,198,250,89,0,87,20,5,16
373,18,204,197,43,170,163,124,226,134
373,19,116,109,191,20,195,205,36,167
373,20,239,99,116,164,207,4,20,137
373,21,116,191,203,127,239,207,38,35
373,22,88,125,247,198,65,157,185,234
373,23,39,62,128,86,111,206,47,63
373,24,93,220,15,209,54,74,235,0
373,25,134,107,112,154,6,147,182,93
373,26,86,88,51,10,52,214,149,41
373,27,147,58,162,172,165,181,31,87
373,28,43,238,5,117,189,24,51,47
373,29,5,87,250,0,1,89,69,20
373,30,170,163,43,197,77,179,16,226
373,31,116,109,20,167,4,205,39,191
373,32,119,90,223,134,252,53,185,47
373,33,93,83,86,129,210,92,85,183
373,34,132,82,1,186,74,26,86,96
373,35,84,27,160,72,57,42,239,235
373,36,222,20,192,70,120,83,102,153
373,37,39,229,24,88,233,58,182,61
373,38,64,151,249,62,67,159,206,16
373,39,186,190,218,235,154,11,159,88
374,0,193,38,54,167,44,94,112,244
374,1,140,122,62,117,217,105,201,47
374,2,167,43,106,173,109,20,217,154
374,3,26,236,91,12,117,233,128,35
374,4,144,54,5,45,213,120,205,159
374,5,188,239,90,220,32,229,160,255
374,6,65,14,237,43,7,81,182,230
374,7,185,175,47,142,225,140,5,183
374,8,148,53,35,239,195,23,133,72
374,9,99,203,1,116,88,207,211,229
374,10,132,240,115,61,108,29,231,96
374,11,239,42,230,32,181,98,253,111
374,12,10,137,176,83,116,220,250,163
374,13,34,58,212,83,45,112,208,146
374,14,132,204,44,248,173,29,71,88
374,15,139,235,190,74,124,141,147,238
374,16,172,191,112,117,104,24,183,74
374,17,69,44,210,233,196,152,1,226
374,18,77,102,224,138,123,58,92,54
374,19,115,212,1,9,127,95,180,129
374,20,195,133,148,85,53,72,172,50
374,21,99,214,1,150,243,176,58,233
374,22,217,149,147,162,245,176,207,108
374,23,80,32,105,140,61,162,239,237
374,24,137,21,13,10,161,142,254,201
374,25,34,45,170,58,180,145,194,146
374,26,132,126,204,164,248,55,189,17
374,27,139,74,190,170,235,147,238,98
374,28,191,172,112,24,176,104,74,25
374,29,69,44,233,150,5,109,60,1
374,30,77,123,138,224,175,225,176,197
374,31,212,122,95,115,180,88,133,59
374,32,255,226,223,241,236,33,246,119
374,33,85,192,86,93,190,174,238,110
374,34,186,10,246,1,252,116,16,27
374,35,235,14,167,36,202,16,220,163
374,36,188,78,70,153,248,120,100,181
374,37,58,39,163,22,238,124,190,103
374,38,92,148,249,118,127,168,212,43
374,39,189,248,154,38,70,2,69,217
375,0,43,173,238,112,30,140,200,89
375,1,62,217,140,146,47,46,181,70
375,2,167,72,43,20,217,121,11,106
375,3,236,233,117,26,230,226,169,229
375,4,54,193,45,144,245,205,61,199
375,5,90,188,135,43,166,65,248,255
375,6,65,14,157,182,237,143,122,89
375,7,70,176,117,185,47,78,204,54
375,8,239,35,104,179,116,173,23,52
375,9,113,191,85,203,169,116,180,197
375,10,157,88,238,183,115,27,22,196
375,11,39,111,42,181,162,98,155,41
375,12,154,220,62,0,193,116,191,53
375,13,112,138,212,6,145,29,103,5
375,14,86,204,52,93,132,231,41,167
375,15,147,120,166,169,3,162,36,55
375,16,181,170,231,47,0,24,96,72
375,17,5,1,69,166,8,89,44,20
375,18,77,197,22,91,204,159,226,170
375,19,115,59,122,88,205,109,212,167
375,20,239,195,148,133,35,53,85,212
375,21,116,207,191,1,99,203,229,180
375,22,236,157,132,116,234,34,88,207
375,23,39,42,140,111,98,195,47,60
375,24,116,220,154,43,176,93,39,10
375,25,145,6,29,45,168,142,112,208
375,26,132,86,204,96,44,228,52,214
375,27,147,169,172,139,162,206,120,235
375,28,47,43,72,96,195,191,24,51
375,29,5,1,69,250,89,8,222,44
375,30,77,91,170,71,197,16,225,205
375,31,59,122,115,88,167,95,109,240
375,32,223,255,47,158,96,236,119,247
375,33,190,86,232,183,83,238,81,146
375,34,116,10,252,1,246,207,186,56
375,35,167,36,235,202,14,218,212,160
375,36,188,70,153,181,78,120,248,166
375,37,22,58,163,199,103,124,190,143
375,38,92,148,127,118,71,212,175,213
375,39,189,2,248,70,38,69,213,36
376,0,29,41,254,236,62,222,76,139
376,1,185,32,193,144,83,167,120,153
376,2,188,60,157,58,139,193,3,216
376,3,201,56,22,154,196,149,69,243
376,4,134,152,149,28,208,43,189,88
376,5,251,213,58,50,153,0,60,115
376,6,12,43,125,102,237,30,25,26
376,7,185,175,142,183,227,104,57,3
376,8,148,53,133,72,85,23,38,195
376,9,99,243,1,211,233,183,90,176
376,10,217,233,132,108,148,147,172,54
376,11,97,44,32,105,237,141,70,63
376,12,137,10,149,166,50,157,13,176
376,13,34,180,194,183,0,174,145,170
376,14,132,44,17,248,113,73,173,163
376,15,221,139,190,235,238,74,116,90
376,16,191,234,56,197,158,195,24,183
376,17,69,196,217,169,209,210,51,8
376,18,77,83,225,130,66,32,116,209
376,19,115,125,59,129,48,88,99,133
376,20,148,53,133,145,172,72,24,85
376,21,99,32,48,243,211,1,204,28
376,22,233,132,245,109,19,217,197,135
376,23,44,99,70,209,253,63,117,211
376,24,50,137,166,10,157,149,244,155
376,25,34,0,183,208,145,45,174,20
376,26,132,44,196,17,248,204,130,227
376,27,139,177,79,35,90,190,235,221
376,28,56,191,197,138,183,176,234,47
376,29,69,204,1,78,4,60,19,128
376,30,97,77,66,130,225,90,209,91
376,31,157,83,95,115,59,88,219,85
376,32,28,14,236,19,209,22,255,120
376,33,103,250,143,161,5,54,146,59
376,34,109,246,11,18,10,121,227,166
376,35,129,254,202,8,220,14,36,156
376,36,188,48,153,78,154,118,28,92
376,37,199,103,22,162,163,238,177,196
376,38,127,118,239,124,185,59,205,230
376,39,77,30,116,70,224,34,13,89
377,0,211,62,174,75,231,31,70,13
377,1,193,206,80,14,44,10,101,157
377,2,197,214,242,142,123,21,246,85
377,3,100,123,22,201,14,126,4,72
377,4,152,44,134,175,221,206,28,148
377,5,58,164,64,0,32,251,74,77
377,6,12,237,125,195,30,43,72,26
377,7,246,183,166,175,225,33,227,104
377,8,148,53,133,144,181,172,72,145
377,9,99,1,28,243,32,130,134,176
377,10,217,233,197,108,172,226,61,38
377,11,215,237,222,44,97,117,41,17
377,12,137,10,157,149,38,76,198,55
377,13,34,180,101,183,194,146,215,174
377,14,132,44,73,248,17,164,196,173
377,15,221,139,238,190,235,74,90,28
377,16,191,201,197,183,24,103,158,172
377,17,69,225,128,217,51,196,125,210
377,18,77,209,99,83,102,129,195,225
377,19,115,129,125,114,18,85,9,236
377,20,53,172,148,24,252,145,202,62
377,21,99,32,214,15,48,204,74,28
377,22,197,233,245,135,226,172,38,205
377,23,222,63,211,215,117,167,72,125
377,24,131,137,10,55,198,50,157,244
377,25,211,34,139,183,146,0,101,208
377,26,132,130,248,1,196,228,62,188
377,27,139,90,190,104,79,130,223,221
377,28,191,197,176,183,102,219,254,187
377,29,225,69,204,128,1,19,217,223
377,30,77,225,83,90,66,218,143,64
377,31,95,115,85,152,83,88,49,18
377,32,236,57,109,157,7,87,255,123
377,33,162,61,139,143,47,68,161,146
377,34,121,109,246,10,249,166,191,175
377,35,44,129,14,202,254,235,36,220
377,36,92,188,78,79,154,153,28,158
377,37,208,196,199,103,163,22,113,238
377,38,132,243,93,87,163,239,127,118
377,39,129,224,138,70,99,122,112,100
378,0,37,51,135,128,78,0,217,120
378,1,1,132,11,139,26,232,171,193
378,2,163,76,166,146,61,52,19,36
378,3,161,201,22,157,8,137,16,244
378,4,14,152,203,134,240,129,181,201
378,5,129,142,58,146,235,84,0,225
378,6,255,125,50,25,54,102,210,105
378,7,137,44,66,185,104,175,227,5
378,8,33,148,53,225,47,247,85,233
378,9,132,99,180,233,229,1,140,143
378,10,109,197,132,233,77,108,226,137
378,11,136,167,36,174,211,97,125,121
378,12,242,10,157,160,203,47,55,115
378,13,183,33,101,37,45,121,238,13
378,14,132,44,238,196,227,31,204,1
378,15,177,221,235,130,223,213,178,142
378,16,195,47,191,201,197,183,158,219
378,17,69,188,8,169,60,94,196,217
378,18,97,77,225,109,91,22,128,209
378,19,115,59,249,88,129,144,48,60
378,20,47,33,148,121,195,53,233,252
378,21,132,99,12,214,233,74,98,101
378,22,132,137,19,216,233,34,205,141
378,23,136,70,174,98,164,220,44,159
378,24,157,242,116,155,11,50,55,16
378,25,140,101,183,222,0,19,37,22
378,26,96,44,203,132,213,18,31,228
378,27,3,169,177,178,28,130,223,212
378,28,219,181,102,72,188,195,10,56
378,29,119,1,19,126,229,164,69,132
378,30,232,91,90,77,97,66,18,143
378,31,59,249,88,83,85,15,135,55
378,32,58,248,92,236,47,156,22,140
378,33,167,143,176,47,146,250,147,196
378,34,249,246,121,15,80,10,143,226
378,35,95,176,202,254,2,206,5,220
378,36,228,188,67,78,138,153,79,21
378,37,214,156,22,199,103,43,244,196
378,38,197,141,50,204,24,239,55,127
378,39,83,101,209,112,5,137,251,142
379,0,167,159,240,14,26,52,220,209
379,1,11,132,26,34,70,173,5,114
379,2,76,61,163,16,52,143,166,19
379,3,22,161,244,197,201,137,60,86
379,4,203,152,134,175,147,208,196,36
379,5,58,164,77,80,0,60,232,53
379,6,12,54,30,125,237,72,249,7
379,7,104,246,175,183,33,142,225,227
379,8,148,53,72,133,121,213,195,214
379,9,99,1,243,183,150,28,68,211
379,10,233,217,197,38,108,226,172,135
379,11,136,215,117,97,44,211,121,237
379,12,10,137,242,149,157,38,50,76
379,13,34,180,0,183,170,238,246,252
379,14,132,92,248,73,88,44,171,115
379,15,221,139,74,235,90,97,190,0
379,16,191,201,234,197,1,112,202,175
379,17,69,210,119,128,217,169,196,51
379,18,102,77,97,99,239,83,123,225
379,19,115,249,1,129,125,212,114,235
379,20,172,50,53,148,24,243,72,145
379,21,32,99,214,58,211,204,243,68
379,22,245,197,108,233,217,132,38,44
379,23,136,117,211,44,90,63,218,77
379,24,10,242,157,50,11,158,244,198
379,25,34,183,0,208,71,121,145,194
379,26,132,17,203,1,130,227,248,73
379,27,177,139,28,90,190,169,235,3
379,28,191,102,181,219,193,195,197,183
379,29,69,19,119,21,1,204,88,222
379,30,232,77,91,90,225,97,64,162
379,31,59,85,88,135,249,115,95,18
379,32,109,236,156,48,47,254,21,255
379,33,139,143,47,250,107,167,234,161
379,34,10,175,240,121,109,246,64,195
379,35,2,5,202,167,148,94,36,44
379,36,67,188,153,78,246,79,248,152
379,37,22,60,43,103,78,135,161,199
379,38,163,119,127,118,234,201,215,132
379,39,248,1,30,70,116,215,92,77
380,0,163,232,62,138,144,234,26,195
380,1,123,195,175,178,8,193,120,131
380,2,207,107,110,40,157,92,230,23
380,3,197,30,157,2,201,22,251,155
380,4,152,94,216,71,164,134,98,104
380,5,115,153,27,249,0,58,183,122
380,6,235,92,61,245,54,125,123,154
380,7,181,158,40,187,185,7,199,19
380,8,242,164,86,53,148,85,246,220
380,9,120,207,96,99,85,98,156,229
380,10,218,5,9,117,178,17,132,207
380,11,153,170,114,209,203,151,137,186
380,12,222,160,116,55,56,11,154,59
380,13,116,38,29,113,219,183,111,92
380,14,44,132,18,96,6,93,204,227
380,15,3,39,169,139,190,123,248,206
380,16,195,54,33,191,72,239,13,202
380,17,8,69,236,1,210,218,169,238
380,18,77,232,91,22,237,69,130,225
380,19,115,59,88,60,240,70,129,211
380,20,148,242,85,133,38,53,233,214
380,21,99,120,207,96,214,233,58,204
380,22,132,5,9,108,245,218,116,117
380,23,153,170,151,247,101,209,208,114
380,24,116,222,106,178,137,10,244,43
380,25,34,116,208,199,145,38,183,174
380,26,132,248,73,96,93,21,204,44
380,27,139,74,90,3,169,248,206,170
380,28,191,33,54,195,230,231,116,72
380,29,69,1,236,78,8,204,222,141
380,30,77,91,69,237,175,64,221,225
380,31,59,88,233,70,240,95,115,60
380,32,195,47,146,236,194,199,206,255
380,33,97,37,75,94,81,5,161,21
380,34,187,212,246,10,5,19,255,54
380,35,167,202,244,36,214,14,254,220
380,36,78,188,234,153,0,129,8,34
380,37,22,103,163,199,147,124,220,55
380,38,127,22,118,79,212,239,86,198
380,39,16,34,145,70,30,116,62,23
381,0,211,75,62,223,70,138,231,222
381,1,245,193,143,153,48,40,206,98
381,2,193,157,3,235,207,192,42,228
381,3,201,22,197,76,243,209,157,251
381,4,152,134,175,70,109,180,44,28
381,5,153,19,115,251,0,232,23,58
381,6,168,25,245,123,102,125,26,49
381,7,185,246,187,225,167,57,104,227
381,8,53,148,7,124,133,224,59,62
381,9,99,207,5,61,68,90,154,173
381,10,117,17,132,109,233,5,16,245
381,11,209,170,85,97,59,15,137,151
381,12,116,217,137,10,222,166,76,210
381,13,34,183,199,195,208,155,170,238
381,14,132,173,248,165,21,57,54,95
381,15,221,190,139,0,90,74,123,169
381,16,195,33,191,138,183,107,239,122
381,17,69,210,51,8,58,78,1,222
381,18,58,77,91,225,250,237,214,22
381,19,88,115,34,59,1,70,99,60
381,20,148,53,85,68,47,38,7,24
381,21,99,207,170,22,233,63,98,143
381,22,26,245,109,132,108,19,220,5
381,23,59,85,209,216,241,204,170,79
381,24,210,116,166,178,222,149,244,217
381,25,34,116,208,183,199,19,195,165
381,26,132,248,101,21,73,96,188,93
381,27,139,74,90,0,169,33,146,177
381,28,56,138,191,190,82,201,33,186
381,29,19,126,69,78,1,190,164,8
381,30,151,91,77,130,237,209,143,108
381,31,157,70,59,83,60,99,211,34
381,32,109,14,85,47,123,144,76,120
381,33,133,56,81,102,59,103,161,181
381,34,18,143,11,249,109,195,73,90
381,35,44,167,191,185,202,36,117,8
381,36,79,26,188,44,78,153,138,48
381,37,196,126,162,22,163,55,254,113
381,38,132,127,118,52,87,115,217,198
381,39,99,77,44,224,70,66,203,45
382,0,159,116,174,62,220,231,13,170
382,1,80,23,17,88,162,49,94,10
382,2,146,71,83,155,176,173,102,19
382,3,161,222,30,218,247,201,134,154
382,4,221,44,152,148,134,121,248,36
382,5,19,236,251,115,153,183,2,81
382,6,245,57,123,157,161,49,39,154
382,7,185,158,223,187,57,167,228,7
382,8,7,53,148,220,246,242,59,85
382,9,207,99,68,85,204,61,143,98
382,10,19,5,132,178,26,233,165,242
382,11,170,59,85,220,209,151,97,137
382,12,222,116,217,178,210,137,51,157
382,13,183,199,92,50,34,219,113,25
382,14,18,132,173,44,214,54,96,228
382,15,190,169,3,33,139,0,221,206
382,16,33,193,195,191,72,170,239,138
382,17,69,8,164,78,1,51,21,210
382,18,250,77,232,151,91,22,130,58
382,19,70,85,59,88,211,183,171,124
382,20,220,148,7,85,133,207,38,121
382,21,207,98,99,85,131,214,151,174
382,22,216,5,19,242,132,220,178,26
382,23,170,85,59,220,201,186,116,151
382,24,222,128,116,178,11,210,119,217
382,25,116,19,140,97,101,113,98,195
382,26,96,18,93,153,132,44,6,203
382,27,3,33,169,28,177,249,139,146
382,28,193,190,33,196,82,195,186,219
382,29,21,164,88,61,1,69,78,2
382,30,250,162,77,63,91,232,50,64
382,31,34,59,70,211,88,28,218,95
382,32,179,76,125,236,123,86,156,140
382,33,95,234,104,56,21,36,6,11
382,34,44,72,240,10,238,70,246,20
382,35,148,191,202,235,190,220,74,219
382,36,78,188,115,227,142,34,119,39
382,37,103,199,22,27,78,163,113,169
382,38,127,118,119,169,135,215,189,251
382,39,231,122,117,70,158,243,165,179
383,0,123,229,196,249,105,216,7,104
383,1,225,231,150,27,62,20,246,155
383,2,210,17,109,249,4,162,55,62
383,3,187,133,152,31,231,235,84,176
383,4,13,142,167,222,236,102,15,251
383,5,104,204,186,193,235,161,6,236
383,6,167,123,61,153,245,154,52,125
383,7,23,29,185,158,14,187,199,7
383,8,234,89,86,180,83,85,212,7
383,9,29,94,85,207,99,164,98,131
383,10,169,130,216,132,26,198,34,178
383,11,189,161,248,98,236,170,185,174
383,12,63,26,116,222,10,15,160,74
383,13,43,147,222,183,29,219,97,45
383,14,44,20,132,124,18,224,173,204
383,15,81,139,235,200,147,221,3,169
383,16,191,5,196,195,47,24,117,170
383,17,69,8,172,250,61,210,1,255
383,18,77,57,187,0,179,22,50,239
383,19,130,115,88,59,183,205,117,129
383,20,234,89,148,207,195,86,133,53
383,21,29,164,94,99,126,86,85,68
383,22,130,169,198,132,23,113,34,108
383,23,189,161,98,44,186,17,236,250
383,24,63,26,74,160,15,128,10,32
383,25,147,43,97,45,61,130,50,160
383,26,20,132,124,148,44,51,86,228
383,27,200,81,147,139,169,145,90,170
383,28,133,5,191,196,43,239,7,195
383,29,69,76,172,250,1,61,204,151
383,30,77,179,64,187,91,205,225,22
383,31,115,59,95,109,4,205,88,130
383,32,98,99,186,236,54,255,254,47
383,33,126,86,238,183,215,27,64,28
383,34,84,207,96,180,10,62,246,101
383,35,235,160,202,64,194,57,134,254
383,36,78,166,188,165,70,120,163,80
383,37,65,163,86,61,74,6,190,58
383,38,117,159,252,239,25,21,182,70
383,39,228,2,227,159,148,191,133,88
384,0,141,190,221,235,125,253,115,158
384,1,93,46,244,47,21,155,182,197
384,2,10,57,109,123,17,121,145,53
384,3,174,190,231,187,158,150,162,235
384,4,236,142,222,95,67,144,163,15
384,5,47,90,193,188,135,32,214,78
384,6,153,215,60,167,43,75,192,138
384,7,176,23,185,117,29,78,64,55
384,8,116,239,234,180,137,52,57,104
384,9,126,191,116,164,94,113,85,131
384,10,248,169,198,36,216,130,115,120
384,11,233,189,161,36,86,98,47,133
384,12,93,74,26,63,15,128,44,160
384,13,33,147,43,154,134,29,107,97
384,14,86,147,124,51,167,18,20,214
384,15,3,166,81,200,181,147,162,71
384,16,156,170,0,5,196,231,133,47
384,17,8,172,250,61,76,89,166,110
384,18,179,187,128,77,57,0,22,16
384,19,120,12,109,183,4,205,59,116
384,20,239,234,148,4,207,133,212,164
384,21,126,116,207,164,94,191,29,99
384,22,248,169,236,130,198,116,161,132
384,23,189,36,161,42,47,62,111,170
384,24,93,63,74,26,44,160,39,15
384,25,33,6,147,43,61,154,145,142
384,26,147,132,86,124,51,204,148,20
384,27,200,181,81,3,206,169,147,102
384,28,43,156,133,5,72,212,47,189
384,29,1,172,76,5,250,57,89,87
384,30,77,91,179,187,16,205,163,139
384,31,59,116,109,12,122,115,205,88
384,32,119,223,47,255,181,186,90,96
384,33,93,86,238,183,129,83,215,73
384,34,82,96,207,1,252,21,132,62
384,35,160,235,167,36,202,14,57,27
384,36,222,70,188,153,78,248,20,120
384,37,39,58,163,229,2,86,175,232
384,38,64,239,70,202,180,245,16,220
384,39,186,190,222,142,11,118,169,249
385,0,193,38,54,167,44,94,112,36
385,1,46,47,122,105,117,238,201,140
385,2,128,121,241,186,10,104,55,53
385,3,26,230,233,117,91,12,35,34
385,4,67,144,81,45,245,179,213,145
385,5,90,188,239,109,47,220,43,32
385,6,215,60,118,131,96,89,179,198
385,7,176,70,109,47,117,231,106,185
385,8,239,104,73,33,179,233,167,237
385,9,113,126,30,85,191,116,154,88
385,10,115,166,11,183,238,104,227,219
385,11,133,41,181,233,28,149,224,51
385,12,212,154,102,137,51,117,116,62
385,13,6,142,33,168,145,138,34,212
385,14,132,147,204,44,93,86,18,41
385,15,3,166,139,169,74,147,206,190
385,16,156,191,181,212,195,47,170,72
385,17,69,110,8,1,57,5,166,210
385,18,77,91,22,159,128,225,171,123
385,19,115,59,212,88,120,122,12,1
385,20,148,195,85,53,133,239,35,23
385,21,99,207,1,120,126,116,217,233
385,22,236,161,132,116,248,147,157,34
385,23,140,42,98,101,36,32,111,10
385,24,116,43,10,176,137,154,39,21
385,25,145,34,45,33,142,168,208,6
385,26,132,204,147,248,73,238,44,96
385,27,74,139,170,147,102,206,98,145
385,28,191,156,47,172,72,24,96,117
385,29,69,1,5,44,222,233,204,57
385,30,77,91,225,175,123,71,138,128
385,31,122,59,115,88,212,95,12,233
385,32,223,255,158,236,47,96,98,247
385,33,190,86,232,41,238,73,183,93
385,34,116,246,10,186,82,207,1,252
385,35,14,36,235,167,202,224,160,212
385,36,188,153,78,70,181,248,120,154
385,37,58,163,22,103,39,238,199,124
385,38,92,118,127,148,175,212,12,189
385,39,189,70,238,38,248,2,242,89
386,0,43,173,112,238,30,89,200,90
386,1,46,47,249,188,181,137,129,20
386,2,186,140,20,82,72,78,245,62
386,3,117,233,26,236,230,226,210,103
386,4,144,245,193,62,199,249,246,213
386,5,220,145,230,32,248,85,255,239
386,6,118,96,160,230,89,7,98,63
386,7,176,185,47,142,109,72,3,225
386,8,148,53,239,195,85,175,133,59
386,9,99,126,113,1,68,30,154,233
386,10,115,183,240,231,215,29,93,21
386,11,181,253,42,41,28,215,22,58
386,12,137,10,176,102,212,83,154,116
386,13,34,183,208,145,142,6,170,83
386,14,132,73,248,173,204,44,147,71
386,15,190,139,74,90,235,170,238,145
386,16,191,195,172,112,183,202,228,151
386,17,69,210,44,58,233,8,1,235
386,18,77,58,91,225,224,47,64,22
386,19,115,212,1,88,59,129,95,133
386,20,195,148,85,53,98,174,24,133
386,21,99,1,233,214,150,176,84,243
386,22,147,149,108,236,245,132,207,162
386,23,140,32,80,230,63,45,216,44
386,24,137,21,10,116,43,232,254,6
386,25,34,45,145,170,208,183,146,174
386,26,132,204,248,130,154,238,73,189
386,27,139,74,190,170,98,147,235,177
386,28,191,172,112,159,158,183,47,24
386,29,69,44,233,5,1,204,60,158
386,30,77,175,138,225,123,176,92,97
386,31,122,115,212,95,88,59,180,233
386,32,255,223,158,236,96,241,98,226
386,33,190,41,220,110,232,86,85,50
386,34,116,246,10,82,161,1,218,97
386,35,14,235,36,224,167,202,93,129
386,36,78,188,153,70,181,154,239,120
386,37,163,58,22,103,199,238,39,124
386,38,92,118,127,148,71,175,212,12
386,39,189,70,2,38,248,69,213,25
387,0,211,29,236,62,138,139,191,254
387,1,193,100,75,14,124,153,145,180
387,2,193,60,3,58,157,188,166,49
387,3,201,69,30,22,199,56,197,196
387,4,152,216,134,28,121,189,2,197
387,5,50,153,58,251,213,115,108,22
387,6,30,12,210,237,43,14,25,168
387,7,185,142,175,183,32,225,3,104
387,8,148,195,85,53,72,133,145,246
387,9,99,207,243,1,229,68,143,161
387,10,132,217,147,234,86,233,228,116
387,11,32,98,44,204,209,137,15,223
387,12,157,10,137,116,161,166,176,191
387,13,34,170,145,45,183,212,208,168
387,14,204,132,44,238,173,248,191,253
387,15,139,98,235,147,190,74,116,90
387,16,172,191,117,104,24,228,47,138
387,17,69,44,233,1,78,210,103,108
387,18,77,130,224,22,175,138,91,92
387,19,115,122,59,180,212,88,95,70
387,20,195,85,148,53,133,72,145,152
387,21,99,1,207,193,150,156,143,84
387,22,147,132,217,157,149,242,207,135
387,23,32,63,209,98,111,44,59,85
387,24,157,166,116,137,21,161,10,176
387,25,145,45,34,168,208,170,155,183
387,26,204,132,191,44,253,238,214,248
387,27,98,139,74,147,177,170,235,116
387,28,190,47,138,117,201,73,172,191
387,29,69,1,19,78,44,222,185,157
387,30,77,130,91,97,225,175,90,66
387,31,122,157,59,88,212,115,85,70
387,32,255,123,14,47,19,236,76,146
387,33,103,139,61,56,84,161,59,110
387,34,18,246,11,121,10,72,191,227
387,35,36,14,129,114,202,167,210,143
387,36,188,153,78,26,48,154,44,79
387,37,163,162,22,238,199,52,126,196
387,38,127,118,0,175,185,132,87,198
387,39,77,70,99,44,34,116,30,196
388,0,62,211,138,174,37,75,231,178
388,1,193,23,80,17,49,10,16,88
388,2,31,132,166,71,163,75,38,3
388,3,216,229,119,149,137,126,232,79
388,4,44,28,152,221,148,121,90,184
388,5,50,58,153,251,164,22,0,115
388,6,30,57,210,237,39,12,43,26
388,7,175,223,185,142,183,3,5,57
388,8,195,148,85,53,133,72,23,246
388,9,99,1,207,229,243,199,68,143
388,10,19,242,132,217,147,234,228,86
388,11,85,44,220,218,32,223,111,222
388,12,157,116,161,10,176,21,137,201
388,13,145,170,45,183,212,34,176,37
388,14,204,132,44,253,231,173,248,214
388,15,33,98,235,74,147,177,139,190
388,16,190,172,117,191,72,104,24,47
388,17,44,69,233,1,164,21,8,72
388,18,77,91,175,22,176,224,225,250
388,19,122,115,85,59,88,212,70,180
388,20,195,148,85,133,53,72,23,145
388,21,99,207,98,1,229,193,84,174
388,22,19,242,132,147,207,165,34,116
388,23,220,44,85,59,98,63,32,218
388,24,116,157,11,15,10,128,39,220
388,25,145,45,101,140,19,222,37,183
388,26,204,96,44,203,132,86,231,214
388,27,177,33,98,28,169,3,147,139
388,28,190,47,72,117,73,181,193,26
388,29,164,21,1,69,88,222,204,44
388,30,232,77,250,91,90,122,63,204
388,31,59,122,88,95,85,115,183,143
388,32,255,123,76,236,47,246,179,156
388,33,234,95,220,110,143,50,146,11
388,34,72,240,10,218,123,246,44,121
388,35,14,235,194,36,191,210,53,93
388,36,188,78,142,154,26,153,39,227
388,37,163,199,52,115,22,219,200,238
388,38,0,239,175,93,119,118,127,243
388,39,122,129,140,70,165,196,25,161
389,0,101,35,242,11,197,9,146,214
389,1,62,97,27,155,20,47,231,151
389,2,249,210,149,43,109,130,253,38
389,3,226,211,37,26,230,236,106,233
389,4,102,15,142,222,105,61,200,54
389,5,153,220,236,188,161,235,90,170
389,6,182,157,39,14,57,52,79,43
389,7,185,2,23,76,199,40,158,171
389,8,35,195,148,239,85,86,164,180
389,9,180,207,203,29,98,229,131,99
389,10,88,132,19,157,34,193,234,196
389,11,98,42,111,20,186,185,32,85
389,12,220,116,15,157,161,10,191,39
389,13,112,29,145,183,45,113,170,6
389,14,204,132,44,86,214,52,41,173
389,15,166,74,98,36,190,139,235,147
389,16,172,96,191,24,181,117,103,176
389,17,69,233,44,1,102,210,72,60
389,18,77,176,175,170,148,122,197,60
389,19,115,180,122,212,95,167,129,233
389,20,195,85,148,53,174,145,35,239
389,21,99,180,203,1,243,152,176,150
389,22,88,147,149,217,245,126,207,108
389,23,32,39,63,61,111,20,49,230
389,24,137,21,13,220,10,161,43,229
389,25,34,112,211,170,180,45,208,174
389,26,132,204,248,164,232,189,253,86
389,27,139,74,170,190,166,98,235,147
389,28,191,172,112,124,104,96,160,155
389,29,69,233,44,5,58,53,204,79
389,30,77,175,176,92,170,138,224,122
389,31,212,115,122,180,95,50,167,25
389,32,255,241,98,158,204,149,73,99
389,33,110,50,126,190,220,106,30,174
389,34,116,218,123,254,161,1,10,37
389,35,194,14,53,235,93,143,36,164
389,36,188,78,154,153,207,4,135,110
389,37,163,219,199,52,115,1,129,103
389,38,239,175,135,93,46,159,198,60
389,39,25,140,129,161,70,216,103,243
390,0,57,88,108,241,135,238,182,83
390,1,192,217,140,146,182,11,152,193
390,2,36,8,43,253,188,249,255,20
390,3,226,106,126,69,29,110,149,151
390,4,45,28,171,140,90,247,129,5
390,5,50,58,87,220,146,153,22,182
390,6,255,182,210,237,14,30,43,75
390,7,175,185,176,142,5,227,39,204
390,8,195,148,85,53,133,23,72,179
390,9,69,99,180,152,1,229,169,143
390,10,88,126,86,217,132,147,194,148
390,11,39,63,32,188,98,111,150,239
390,12,137,10,21,161,16,83,144,201
390,13,112,170,34,58,180,45,145,208
390,14,132,204,41,248,113,173,73,253
390,15,139,190,74,235,98,90,141,166
390,16,172,124,191,104,112,24,176,103
390,17,69,233,44,210,79,86,51,116
390,18,77,92,224,102,54,176,60,170
390,19,115,180,212,1,9,95,125,127
390,20,195,174,53,172,85,133,72,50
390,21,99,69,214,176,150,1,243,143
390,22,217,126,149,162,147,108,245,88
390,23,32,39,61,230,63,179,105,237
390,24,137,13,21,161,169,120,10,88
390,25,34,180,112,170,58,248,194,211
390,26,132,248,164,189,253,126,243,204
390,27,139,74,190,170,235,147,145,29
390,28,191,172,124,112,104,159,160,158
390,29,69,233,44,58,86,152,53,79
390,30,77,92,176,138,175,224,241,123
390,31,212,180,122,115,95,133,50,174
390,32,60,255,241,204,73,67,108,132
390,33,110,50,33,106,229,123,66,85
390,34,218,254,123,27,93,244,37,66
390,35,14,194,53,93,202,143,235,239
390,36,78,135,154,188,4,2,153,110
390,37,163,219,199,1,129,52,103,104
390,38,239,175,60,109,135,122,133,68
390,39,140,96,110,195,187,184,150,243
391,0,211,236,144,75,60,232,77,188
391,1,167,186,144,118,176,55,240,248
391,2,91,79,188,32,92,187,182,6
391,3,56,93,149,201,126,69,22,109
391,4,28,46,134,147,140,132,216,152
391,5,154,60,111,22,108,164,58,251
391,6,30,7,12,113,72,69,210,249
391,7,175,225,142,183,245,72,3,104
391,8,53,148,133,145,72,181,195,85
391,9,99,243,1,81,28,254,186,130
391,10,217,149,135,147,207,250,190,108
391,11,230,15,4,32,35,143,61,204
391,12,137,13,10,21,83,201,38,51
391,13,170,34,180,215,194,248,246,238
391,14,132,73,248,173,17,154,189,205
391,15,190,74,139,248,170,90,208,6
391,16,172,230,191,107,166,112,254,104
391,17,69,86,233,210,22,253,44,225
391,18,129,77,54,102,108,92,241,224
391,19,180,219,115,1,114,212,125,246
391,20,172,145,53,195,133,174,98,72
391,21,99,58,243,150,214,68,143,176
391,22,217,149,135,108,147,245,21,7
391,23,32,230,61,179,15,4,237,33
391,24,137,21,13,158,240,83,10,229
391,25,34,194,211,170,180,215,248,174
391,26,132,164,248,205,4,154,189,253
391,27,139,190,74,235,170,6,29,55
391,28,191,172,254,104,112,234,166,230
391,29,69,233,86,44,225,128,192,219
391,30,92,77,241,129,176,99,175,224
391,31,180,114,95,115,212,174,49,25
391,32,73,241,255,204,57,146,143,67
391,33,110,61,229,36,118,146,70,50
391,34,13,254,109,218,121,246,123,250
391,35,14,53,194,220,202,143,254,16
391,36,154,78,188,135,213,4,153,164
391,37,122,132,219,199,1,170,52,103
391,38,239,175,87,122,217,60,68,133
391,39,8,32,57,140,103,224,184,176
392,0,77,37,52,93,232,117,96,26
392,1,209,96,40,195,183,120,144,254
392,2,56,95,192,118,77,125,91,115
392,3,201,163,224,22,132,56,170,247
392,4,55,134,147,46,152,28,8,165
392,5,111,154,42,0,64,3,22,122
392,6,7,30,72,12,125,195,249,212
392,7,142,225,181,175,104,3,222,26
392,8,53,148,72,59,143,85,23,112
392,9,99,19,1,243,28,68,206,81
392,10,135,149,163,217,147,207,190,108
392,11,167,18,32,15,230,44,237,116
392,12,10,137,21,13,83,38,201,240
392,13,170,34,215,200,248,238,174,101
392,14,132,73,244,248,173,71,17,38
392,15,74,190,139,241,99,103,235,90
392,16,166,172,191,112,89,149,230,254
392,17,69,233,210,155,86,22,128,112
392,18,129,32,102,6,77,99,176,92
392,19,221,180,1,115,114,129,212,219
392,20,172,112,53,68,195,148,145,98
392,21,19,99,243,214,176,206,233,143
392,22,149,108,135,163,217,197,207,245
392,23,32,167,61,4,18,230,237,112
392,24,83,137,13,21,240,58,106,10
392,25,211,34,215,194,170,248,180,203
392,26,132,71,248,164,244,130,205,189
392,27,139,190,74,99,29,170,55,6
392,28,191,166,172,254,112,124,158,104
392,29,69,233,128,225,44,155,192,244
392,30,92,77,176,129,241,138,99,145
392,31,180,221,212,95,115,114,133,25
392,32,73,255,241,89,204,37,236,17
392,33,105,110,117,167,63,23,61,118
392,34,254,13,218,58,246,28,123,177
392,35,14,194,53,7,220,254,202,34
392,36,154,188,57,78,253,132,135,173
392,37,219,122,199,132,158,170,103,1
392,38,239,175,43,122,136,60,135,217
392,39,8,32,201,103,113,184,57,243
393,0,211,50,77,210,44,151,239,70
393,1,95,154,98,190,48,214,217,145
393,2,13,56,159,95,192,115,77,143
393,3,167,163,201,22,161,112,247,182
393,4,165,187,206,134,61,147,152,46
393,5,111,3,64,223,222,0,9,80
393,6,7,195,72,125,30,43,178,186
393,7,133,166,225,142,4,145,5,187
393,8,148,53,72,172,133,214,144,59
393,9,99,1,32,243,221,176,199,163
393,10,217,197,154,233,135,245,208,149
393,11,237,4,148,230,213,61,239,163
393,12,83,10,137,21,91,13,23,77
393,13,34,194,180,170,78,174,215,248
393,14,17,132,154,248,56,73,164,173
393,15,139,6,190,74,48,90,221,208
393,16,166,191,172,234,201,126,88,158
393,17,69,144,210,233,128,79,116,235
393,18,99,195,77,123,199,94,129,241
393,19,239,1,115,9,129,246,114,234
393,20,172,145,195,50,174,146,245,24
393,21,32,58,99,201,176,214,150,243
393,22,29,217,10,176,108,208,255,213
393,23,237,4,148,213,180,90,61,187
393,24,83,21,158,91,58,137,195,131
393,25,194,34,119,170,254,121,180,78
393,26,17,132,126,130,248,154,0,164
393,27,139,74,190,6,48,170,141,238
393,28,191,166,172,254,234,158,151,112
393,29,69,233,225,9,44,94,209,62
393,30,99,77,241,129,92,116,239,224
393,31,114,49,180,115,95,212,133,149
393,32,73,255,57,109,67,143,157,204
393,33,61,110,167,70,162,229,51,146
393,34,254,13,121,109,191,218,123,244
393,35,53,14,194,171,44,202,129,36
393,36,154,188,78,213,153,4,240,135
393,37,170,1,100,199,132,219,163,52
393,38,175,243,239,122,143,67,198,18
393,39,32,57,184,176,150,195,112,169
394,0,139,70,224,222,27,28,162,199
394,1,91,55,187,24,28,118,176,144
394,2,37,91,143,32,175,188,6,195
394,3,93,22,56,69,126,201,149,209
394,4,134,147,28,175,182,197,121,152
394,5,108,222,0,60,22,251,111,122
394,6,30,12,72,113,210,249,7,240
394,7,142,175,225,72,245,75,183,104
394,8,53,148,72,195,133,214,40,144
394,9,99,241,1,28,163,166,243,101
394,10,38,172,135,148,217,147,226,86
394,11,218,117,4,166,118,230,239,32
394,12,10,240,137,13,38,161,21,109
394,13,34,215,170,248,171,148,174,180
394,14,163,132,57,94,248,73,164,157
394,15,235,74,139,193,190,28,90,208
394,16,104,172,191,1,25,209,166,254
394,17,69,233,192,210,171,44,184,196
394,18,241,239,77,129,99,8,54,164
394,19,115,180,127,99,1,144,174,246
394,20,195,245,53,145,238,85,30,146
394,21,99,214,201,58,176,110,238,231
394,22,38,172,148,135,147,226,44,108
394,23,117,166,218,31,118,197,148,40
394,24,21,10,109,240,58,144,83,148
394,25,34,215,170,241,71,45,178,248
394,26,163,132,57,85,154,0,55,94
394,27,74,235,29,139,141,170,190,208
394,28,172,254,191,104,209,151,89,158
394,29,233,94,69,225,44,184,171,192
394,30,241,239,77,129,99,92,224,0
394,31,49,115,99,149,180,212,163,114
394,32,255,57,123,67,109,3,73,5
394,33,61,162,110,70,90,251,47,66
394,34,13,254,121,191,244,20,166,218
394,35,14,53,24,246,64,194,184,235
394,36,154,93,4,78,171,153,188,225
394,37,100,101,163,1,127,132,169,123
394,38,57,175,122,239,143,158,96,67
394,39,57,40,176,163,32,22,140,8
395,0,91,145,51,9,179,213,242,119
395,1,139,184,227,170,176,194,99,87
395,2,37,175,225,25,195,68,146,164
395,3,149,69,59,126,88,245,142,93
395,4,241,131,230,15,151,90,28,129
395,5,58,108,50,154,22,103,0,146
395,6,30,210,249,72,125,237,255,240
395,7,175,142,227,26,11,133,5,225
395,8,53,148,195,85,59,72,187,213
395,9,99,69,77,203,233,1,195,228
395,10,149,147,135,207,245,113,137,217
395,11,178,32,174,63,167,7,44,99
395,12,10,21,38,240,137,83,160,201
395,13,34,170,58,215,211,148,248,101
395,14,132,184,73,173,248,204,56,253
395,15,74,90,139,235,190,170,124,98
395,16,172,191,24,104,112,230,25,254
395,17,69,210,233,225,44,94,169,226
395,18,77,224,129,241,54,58,239,92
395,19,115,129,163,127,180,240,212,95
395,20,195,50,53,113,148,85,72,24
395,21,99,233,150,69,214,38,110,84
395,22,149,217,108,137,135,245,23,207
395,23,32,178,63,174,230,123,90,167
395,24,21,50,38,131,158,10,233,229
395,25,211,45,34,170,174,215,0,58
395,26,132,184,204,248,173,232,147,86
395,27,74,23,170,139,90,235,212,190
395,28,151,172,191,255,212,183,117,6
395,29,69,44,233,94,225,57,1,204
395,30,77,239,99,0,176,175,224,5
395,31,115,49,12,122,163,212,95,183
395,32,255,57,3,132,241,52,5,54
395,33,90,110,162,126,137,108,47,210
395,34,91,218,191,254,20,27,120,244
395,35,14,235,58,86,64,129,0,134
395,36,93,78,4,154,2,171,232,101
395,37,101,163,100,123,61,127,51,219
395,38,61,175,239,122,143,202,67,196
395,39,57,163,176,140,196,112,253,169
396,0,179,113,197,166,142,97,182,213
396,1,87,34,26,5,59,64,97,227
396,2,68,40,88,34,164,18,114,25
396,3,84,37,211,46,146,142,135,31
396,4,14,161,67,241,167,15,131,230
396,5,58,50,103,235,6,22,191,175
396,6,210,30,215,237,255,180,249,75
396,7,176,185,175,91,72,2,57,227
396,8,195,33,148,85,53,174,233,213
396,9,132,126,39,99,180,207,229,193
396,10,248,137,86,193,126,113,70,147
396,11,36,174,63,32,99,20,178,7
396,12,160,242,10,21,116,15,161,28
396,13,33,45,112,170,58,145,29,104
396,14,204,147,132,184,224,253,86,44
396,15,98,147,235,65,166,92,139,155
396,16,172,156,151,117,176,208,24,191
396,17,233,44,69,94,110,1,57,60
396,18,128,77,0,92,148,224,122,60
396,19,12,122,115,180,120,163,212,236
396,20,195,33,148,174,85,72,53,145
396,21,126,132,99,214,39,213,143,38
396,22,248,126,23,86,147,208,217,37
396,23,36,32,63,78,178,22,90,161
396,24,242,21,44,13,161,137,229,10
396,25,104,33,61,34,254,45,208,174
396,26,132,147,184,232,248,154,91,130
396,27,74,139,170,190,97,166,65,29
396,28,151,191,172,255,156,124,120,112
396,29,69,44,233,57,79,53,58,40
396,30,77,176,92,239,224,128,138,123
396,31,180,115,212,9,1,122,95,12
396,32,241,255,132,204,54,52,73,113
396,33,50,110,190,123,41,219,64,72
396,34,254,123,218,91,88,27,93,97
396,35,194,235,53,14,93,46,236,20
396,36,78,110,188,154,135,173,136,207
396,37,163,219,199,129,52,229,103,237
396,38,239,68,135,175,159,60,117,133
396,39,140,25,243,175,223,7,208,169
397,0,241,6,57,88,108,135,83,61
397,1,192,170,74,38,216,191,246,99
397,2,76,8,198,36,108,87,61,222
397,3,226,106,126,110,29,151,250,236
397,4,67,244,45,171,28,235,224,62
397,5,220,87,58,50,237,85,159,145
397,6,30,19,7,255,237,199,210,118
397,7,176,142,175,225,5,72,3,104
397,8,195,53,148,85,33,72,59,214
397,9,99,126,69,132,53,152,30,169
397,10,126,23,43,255,29,189,217,183
397,11,32,133,39,36,249,74,4,78
397,12,10,137,21,212,144,83,201,51
397,13,34,170,58,201,33,208,238,180
397,14,132,248,73,147,173,154,189,184
397,15,139,74,90,190,170,235,141,238
397,16,172,151,191,166,74,234,24,156
397,17,69,233,210,44,226,57,79,58
397,18,77,176,60,94,58,92,224,54
397,19,115,180,1,12,212,129,246,95
397,20,195,174,145,50,53,245,85,30
397,21,99,176,214,243,150,132,126,143
397,22,108,217,149,162,245,126,176,44
397,23,140,32,237,230,36,179,61,204
397,24,137,13,21,196,212,10,88,23
397,25,34,180,33,170,58,194,254,247
397,26,132,126,154,147,248,164,243,42
397,27,74,139,190,170,145,238,235,97
397,28,191,172,151,124,158,159,156,140
397,29,69,233,44,57,58,40,79,53
397,30,77,176,92,224,54,138,74,175
397,31,180,212,95,115,50,25,9,122
397,32,241,204,255,132,60,73,108,246
397,33,110,50,123,33,219,190,66,67
397,34,218,254,123,93,27,40,250,223
397,35,194,14,235,53,93,236,143,134
397,36,78,154,135,188,110,173,2,136
397,37,163,219,199,129,237,52,103,1
397,38,239,60,175,135,133,198,109,159
397,39,140,110,96,195,184,243,187,175
398,0,211,236,195,60,4,188,77,111
398,1,3,71,251,83,55,100,167,61
398,2,91,79,61,76,92,32,6,188
398,3,201,22,56,93,149,126,69,224
398,4,46,134,203,147,28,140,216,132
398,5,60,154,111,108,0,22,164,122
398,6,30,113,7,69,72,249,12,19
398,7,228,175,4,142,225,104,183,5
398,8,53,38,148,85,72,133,195,145
398,9,99,28,1,68,101,243,30,176
398,10,135,149,217,147,207,190,245,69
398,11,216,230,32,153,204,15,44,61
398,12,13,137,10,21,38,51,252,83
398,13,34,170,215,180,21,87,248,201
398,14,132,73,248,30,113,55,4,56
398,15,190,74,139,97,208,170,90,124
398,16,191,166,172,230,112,254,202,104
398,17,69,233,210,44,226,86,58,22
398,18,77,129,102,54,241,176,99,224
398,19,115,180,246,1,125,9,127,129
398,20,172,38,145,50,195,174,53,168
398,21,99,58,214,176,143,32,150,110
398,22,217,149,135,245,108,105,21,162
398,23,237,216,179,230,32,221,204,22
398,24,13,137,21,158,252,127,195,229
398,25,34,180,194,215,87,170,254,162
398,26,132,126,55,189,164,248,154,4
398,27,74,190,139,97,170,173,141,6
398,28,191,166,172,120,254,112,158,159
398,29,69,233,44,86,51,128,40,79
398,30,92,241,176,129,77,99,138,123
398,31,180,114,212,95,174,115,1,195
398,32,241,73,255,146,143,204,67,104
398,33,110,61,71,37,50,118,219,70
398,34,254,13,121,218,246,123,108,155
398,35,194,53,14,202,220,143,163,226
398,36,154,78,188,135,187,173,213,169
398,37,122,170,132,219,165,1,199,103
398,38,239,175,122,217,63,143,60,31
398,39,8,32,103,57,185,224,140,22
399,0,77,70,211,139,37,151,222,50
399,1,40,209,214,48,96,98,135,91
399,2,112,205,56,192,7,148,191,178
399,3,14,247,192,216,163,194,123,109
399,4,134,46,147,188,69,216,206,28
399,5,19,111,64,42,0,154,68,80
399,6,30,7,125,72,123,195,240,249
399,7,4,228,183,175,142,72,166,245
399,8,53,148,72,133,38,106,241,145
399,9,99,130,1,28,221,199,68,243
399,10,217,135,149,172,37,147,102,242
399,11,4,218,216,230,31,237,167,32
399,12,83,137,13,10,21,58,38,91
399,13,34,194,170,243,180,215,248,216
399,14,132,57,17,4,164,189,73,248
399,15,190,74,139,208,6,53,124,141
399,16,166,172,191,126,182,88,48,112
399,17,69,144,233,210,171,127,79,22
399,18,99,77,129,195,102,54,241,199
399,19,115,239,114,99,1,212,180,144
399,20,172,145,50,245,195,38,146,133
399,21,58,99,201,32,221,214,176,243
399,22,217,108,6,37,231,61,149,208
399,23,180,4,31,237,187,215,96,78
399,24,58,83,21,158,91,216,167,137
399,25,194,34,243,216,180,170,215,146
399,26,17,57,132,248,126,55,232,25
399,27,190,74,139,6,235,170,97,124
399,28,166,191,254,172,112,223,162,234
399,29,69,233,9,225,180,44,144,128
399,30,99,129,241,77,92,176,242,127
399,31,114,180,174,212,95,115,133,99
399,32,143,73,255,241,67,109,123,104
399,33,61,110,70,118,50,66,51,36
399,34,254,13,121,123,40,108,222,142
399,35,53,14,194,171,202,46,134,0
399,36,154,29,240,143,171,186,225,165
399,37,1,170,165,132,199,219,80,173
399,38,239,243,175,122,67,143,31,206
399,39,32,57,103,8,22,185,169,249
400,0,139,70,27,222,224,28,162,199
400,1,91,28,187,173,55,176,24,71
400,2,37,175,222,225,91,32,188,195
400,3,93,126,69,22,39,193,149,63
400,4,28,134,147,90,244,40,121,26
400,5,108,222,0,36,246,140,42,22
400,6,30,12,72,113,249,237,210,123
400,7,175,75,4,228,225,72,142,18
400,8,53,195,216,148,214,59,108,202
400,9,99,1,241,28,31,117,204,237
400,10,38,172,135,148,147,226,221,37
400,11,117,218,180,118,216,32,244,43
400,12,10,21,240,109,176,148,58,38
400,13,34,170,215,148,58,208,248,115
400,14,132,163,248,85,190,73,94,113
400,15,74,139,190,235,193,28,208,170
400,16,191,1,172,104,209,101,166,89
400,17,69,233,210,217,192,44,171,209
400,18,241,77,239,64,8,228,28,104
400,19,115,127,129,246,95,144,180,1
400,20,195,216,50,53,85,245,146,246
400,21,99,58,214,77,110,101,143,210
400,22,38,172,108,245,226,221,149,208
400,23,180,117,166,216,244,152,123,118
400,24,21,109,58,10,240,102,144,148
400,25,34,201,215,167,115,45,170,172
400,26,163,132,184,232,85,92,199,55
400,27,74,170,29,190,97,139,239,235
400,28,151,172,212,255,191,91,168,89
400,29,44,233,94,184,69,95,127,10
400,30,239,77,0,99,176,129,127,5
400,31,163,115,49,23,95,249,148,90
400,32,255,3,57,54,52,123,246,41
400,33,61,90,19,46,137,110,147,187
400,34,20,13,108,6,120,31,38,41
400,35,46,24,194,236,64,155,0,11
400,36,93,225,190,25,15,143,63,18
400,37,101,100,127,152,74,169,123,80
400,38,57,143,239,158,31,96,35,112
400,39,57,40,176,88,193,163,22,235
401,0,91,145,51,9,179,213,119,227
401,1,139,184,194,170,227,99,176,106
401,2,225,37,68,175,161,181,146,25
401,3,59,126,69,149,142,245,88,39
401,4,131,241,230,151,15,191,90,28
401,5,58,22,50,108,175,138,103,206
401,6,30,249,123,72,210,125,237,54
401,7,4,228,175,5,26,227,142,225
401,8,53,195,148,85,59,213,72,214
401,9,99,77,69,1,68,154,228,233
401,10,149,147,135,207,23,113,86,217
401,11,216,136,178,32,174,133,44,230
401,12,21,242,10,160,38,252,115,201
401,13,34,170,58,215,21,208,248,241
401,14,132,184,171,50,92,113,173,56
401,15,190,139,74,124,235,97,170,90
401,16,172,191,24,104,25,255,92,100
401,17,69,233,119,210,44,51,226,169
401,18,77,224,239,0,60,102,92,129
401,19,115,163,249,129,23,181,127,246
401,20,195,113,38,50,145,199,24,146
401,21,99,126,110,38,233,214,118,150
401,22,23,149,137,217,207,108,105,147
401,23,136,178,32,216,123,45,174,63
401,24,21,242,115,38,50,10,44,158
401,25,61,104,58,170,87,34,174,208
401,26,50,92,184,132,171,232,147,248
401,27,74,170,189,139,190,97,145,239
401,28,151,172,255,191,100,236,23,212
401,29,69,44,233,57,79,53,40,253
401,30,77,239,176,0,175,138,60,99
401,31,163,115,95,23,12,122,25,181
401,32,255,132,54,3,52,246,241,244
401,33,110,27,123,61,187,64,140,137
401,34,91,20,136,223,218,74,41,120
401,35,194,46,236,134,235,47,225,14
401,36,93,15,159,167,169,190,110,58
401,37,101,100,163,127,123,61,232,59
401,38,143,61,175,239,237,31,196,252
401,39,196,57,169,123,107,163,223,204
402,0,179,197,113,166,142,213,145,104
402,1,87,64,5,34,227,26,59,139
402,2,68,34,88,40,225,18,114,30
402,3,46,146,97,160,98,142,84,238
402,4,14,161,67,241,167,131,81,15
402,5,224,235,191,85,50,175,6,58
402,6,54,215,237,30,210,255,180,249
402,7,176,91,185,175,72,5,3,238
402,8,195,33,148,174,233,85,53,100
402,9,126,132,39,99,195,30,229,154
402,10,248,126,49,213,86,37,61,192
402,11,36,136,20,32,133,63,74,140
402,12,242,144,160,252,253,161,10,115
402,13,33,104,34,170,112,45,58,145
402,14,147,132,50,204,184,113,248,86
402,15,166,98,190,139,65,235,74,147
402,16,172,156,151,191,100,24,176,104
402,17,69,44,110,233,57,1,210,72
402,18,77,128,176,60,224,175,92,138
402,19,115,12,180,122,212,120,129,220
402,20,195,145,33,85,24,148,53,98
402,21,99,126,132,214,243,213,39,143
402,22,248,149,217,126,162,147,108,207
402,23,140,36,32,133,230,78,61,104
402,24,137,21,13,212,242,252,44,229
402,25,33,34,104,174,254,61,170,15
402,26,132,248,147,232,50,189,55,154
402,27,139,74,190,170,97,145,90,235
402,28,191,172,151,156,124,112,120,159
402,29,69,233,57,44,53,40,79,244
402,30,77,176,175,138,224,92,54,128
402,31,180,115,212,95,122,12,50,220
402,32,241,255,132,204,52,54,158,227
402,33,110,50,190,123,41,219,64,174
402,34,218,123,254,88,27,136,56,97
402,35,194,235,14,46,93,53,236,96
402,36,78,110,188,154,173,207,187,169
402,37,163,199,219,52,83,129,177,191
402,38,175,239,135,133,159,217,68,109
402,39,140,25,243,208,248,169,223,216
403,0,241,6,57,88,108,135,83,61
403,1,192,216,136,99,36,74,246,20
403,2,76,8,198,108,36,28,200,225
403,3,106,126,226,110,250,29,210,236
403,4,67,45,244,235,28,64,199,23
403,5,87,220,224,85,159,22,58,175
403,6,7,30,118,19,140,237,255,12
403,7,176,175,142,225,5,3,72,104
403,8,195,53,148,85,33,72,233,59
403,9,99,126,69,30,152,132,53,86
403,10,126,183,61,104,37,11,227,215
403,11,133,32,39,253,224,183,215,249
403,12,212,137,144,10,211,41,201,21
403,13,34,170,58,33,142,208,201,238
403,14,132,147,248,73,41,113,173,189
403,15,139,74,190,235,170,98,166,90
403,16,172,151,191,156,124,104,166,112
403,17,69,233,44,210,57,110,86,58
403,18,77,176,60,54,92,224,94,47
403,19,115,180,1,12,212,50,246,95
403,20,195,145,24,98,133,53,146,245
403,21,99,176,243,214,126,143,150,7
403,22,217,108,149,162,245,147,248,21
403,23,140,237,32,230,204,61,179,180
403,24,137,13,21,212,196,127,10,43
403,25,34,170,180,194,58,254,33,248
403,26,132,248,126,164,55,29,232,147
403,27,139,190,74,170,145,173,90,235
403,28,191,172,124,159,112,104,23,140
403,29,69,233,44,40,57,53,58,244
403,30,77,176,54,92,224,138,175,123
403,31,180,95,212,115,50,122,1,25
403,32,241,255,204,60,132,246,108,227
403,33,110,50,123,33,219,27,174,72
403,34,218,254,123,27,250,93,136,56
403,35,194,14,93,53,235,236,163,143
403,36,78,110,188,154,135,173,169,153
403,37,163,199,129,52,1,103,219,177
403,38,239,175,60,135,109,133,69,217
403,39,140,110,96,195,184,243,187,150
404,0,211,236,195,163,188,232,75,245
404,1,55,76,61,164,118,167,176,191
404,2,79,91,92,76,6,188,32,150
404,3,201,149,93,56,22,224,69,126
404,4,46,134,147,216,28,152,140,197
404,5,154,60,22,251,108,0,177,81
404,6,7,30,113,12,72,69,210,19
404,7,4,175,142,225,104,245,3,227
404,8,53,148,72,85,240,143,59,195
404,9,99,1,243,176,28,68,81,15
404,10,149,135,245,207,217,147,7,250
404,11,230,32,15,186,153,2,105,97
404,12,137,13,10,21,38,51,196,83
404,13,34,170,194,215,180,248,238,87
404,14,132,73,248,154,173,57,17,21
404,15,74,139,90,190,6,170,55,248
404,16,166,172,230,191,254,112,56,182
404,17,69,233,210,171,22,58,44,86
404,18,77,129,54,176,241,32,102,92
404,19,180,115,60,99,240,221,9,1
404,20,172,145,53,174,24,195,72,85
404,21,99,58,176,143,214,243,32,1
404,22,135,149,217,7,245,108,21,207
404,23,32,237,179,15,105,61,153,186
404,24,13,21,137,158,240,252,10,196
404,25,34,194,170,215,248,180,208,174
404,26,132,57,248,126,164,189,232,55
404,27,139,190,74,170,237,255,239,145
404,28,191,166,254,172,112,234,230,159
404,29,69,171,233,91,252,244,58,128
404,30,92,77,176,129,99,54,241,123
404,31,180,114,221,212,99,95,115,25
404,32,241,73,204,143,255,236,246,227
404,33,61,110,118,36,37,50,219,123
404,34,13,218,254,121,246,90,28,123
404,35,14,53,194,93,44,163,49,220
404,36,154,188,78,173,147,110,135,169
404,37,132,199,113,55,219,52,1,23
404,38,239,175,173,60,217,132,133,87
404,39,224,8,103,32,140,57,161,185
405,0,96,198,52,226,77,117,128,233
405,1,96,40,209,37,134,61,183,120
405,2,19,181,209,35,30,136,7,173
405,3,201,149,217,22,247,53,138,180
405,4,145,134,55,46,147,152,28,157
405,5,80,3,232,154,0,74,122,177
405,6,7,30,72,125,174,12,249,43
405,7,142,4,133,181,104,225,175,243
405,8,53,148,59,112,72,85,214,143
405,9,99,19,243,28,1,150,176,86
405,10,135,7,149,163,217,245,147,207
405,11,230,237,18,32,167,15,187,186
405,12,137,21,13,10,83,38,51,41
405,13,34,170,215,180,248,200,238,194
405,14,132,73,217,113,248,244,56,154
405,15,99,74,139,190,90,141,170,2
405,16,166,172,78,191,254,104,126,230
405,17,69,233,210,22,155,128,44,58
405,18,32,129,77,241,176,92,94,199
405,19,180,221,115,99,1,240,129,60
405,20,145,112,53,172,174,24,50,195
405,21,19,99,214,176,58,143,119,233
405,22,7,149,108,102,135,163,144,217
405,23,187,167,32,18,179,102,237,78
405,24,21,137,83,13,124,58,158,240
405,25,34,170,215,203,248,194,254,132
405,26,132,217,236,248,228,126,250,232
405,27,139,74,190,99,170,239,29,237
405,28,166,191,254,172,89,112,158,78
405,29,69,233,128,244,91,53,253,99
405,30,92,77,241,129,176,99,32,123
405,31,221,180,114,95,212,1,190,99
405,32,73,255,241,7,204,41,171,89
405,33,105,110,117,167,118,61,63,171
405,34,13,58,28,254,29,110,218,246
405,35,34,220,14,194,53,7,64,11
405,36,57,154,169,78,253,173,132,188
405,37,132,158,170,113,219,199,1,19
405,38,239,175,136,43,252,143,135,117
405,39,8,201,32,103,113,22,57,223
406,0,211,50,77,44,210,151,70,76
406,1,95,154,98,190,48,214,253,166
406,2,13,19,159,136,35,59,205,181
406,3,247,65,167,254,217,180,22,138
406,4,145,180,46,134,9,147,206,152
406,5,3,80,111,42,232,159,132,0
406,6,7,125,195,72,43,178,152,30
406,7,133,142,166,225,4,241,145,175
406,8,53,148,172,121,145,133,72,59
406,9,99,32,221,28,176,173,199,1
406,10,217,245,149,233,208,197,154,135
406,11,237,187,230,24,221,97,213,17
406,12,83,137,21,10,158,13,38,23
406,13,194,34,180,170,248,215,174,204
406,14,17,132,190,73,248,154,113,189
406,15,139,74,6,190,90,238,221,97
406,16,166,172,191,234,101,126,201,112
406,17,69,144,233,210,79,22,128,180
406,18,195,99,77,129,94,32,176,199
406,19,239,115,221,176,48,129,1,212
406,20,172,145,50,245,195,133,24,146
406,21,32,58,201,99,214,176,150,97
406,22,108,192,102,208,213,82,29,217
406,23,187,237,24,213,180,102,148,4
406,24,83,21,58,142,158,126,167,91
406,25,194,63,146,34,180,243,78,135
406,26,17,132,217,29,164,126,55,189
406,27,190,74,139,6,48,170,44,208
406,28,166,191,172,254,203,234,101,162
406,29,69,233,9,225,44,62,94,40
406,30,99,241,129,77,92,123,116,176
406,31,114,174,180,49,212,95,115,149
406,32,73,143,255,67,57,241,109,157
406,33,61,118,110,167,70,203,66,36
406,34,254,13,121,40,38,109,123,108
406,35,53,14,194,46,171,44,64,41
406,36,154,240,135,213,230,78,225,151
406,37,1,170,132,120,199,113,100,165
406,38,243,175,122,239,67,143,132,31
406,39,32,57,184,176,8,150,195,22
407,0,139,70,222,27,224,28,20,199
407,1,91,187,28,55,144,71,204,161
407,2,37,19,175,181,91,18,166,125
407,3,126,93,57,69,254,181,96,63
407,4,28,134,147,40,198,100,35,182
407,5,108,36,222,246,140,0,84,42
407,6,30,12,72,174,249,210,237,104
407,7,142,90,175,72,133,38,26,104
407,8,195,216,148,53,202,108,54,59
407,9,99,31,195,201,241,237,141,1
407,10,38,172,135,148,147,221,245,226
407,11,117,218,154,43,244,118,197,232
407,12,21,10,240,109,148,228,205,176
407,13,170,34,215,58,148,248,208,174
407,14,163,132,190,73,188,248,85,113
407,15,74,235,139,170,193,90,190,48
407,16,172,104,191,101,25,1,166,209
407,17,69,233,210,192,44,217,169,121
407,18,241,239,77,129,224,99,60,54
407,19,115,127,180,1,144,240,174,95
407,20,195,216,85,245,246,145,202,53
407,21,99,77,110,214,101,143,204,231
407,22,38,224,172,148,192,245,208,135
407,23,117,166,244,43,123,152,32,45
407,24,21,10,109,58,242,148,240,201
407,25,170,34,215,58,45,87,115,184
407,26,163,184,92,132,171,50,85,232
407,27,74,170,97,139,222,239,190,106
407,28,151,172,212,255,91,193,191,120
407,29,94,44,233,119,184,69,36,99
407,30,239,0,99,77,176,31,241,137
407,31,23,49,115,95,163,122,183,139
407,32,255,3,57,138,52,132,54,130
407,33,61,110,90,19,123,77,64,70
407,34,20,13,6,128,41,254,38,136
407,35,46,235,236,194,14,64,134,19
407,36,93,110,225,169,7,4,78,190
407,37,101,100,163,127,123,74,169,80
407,38,57,175,143,122,158,202,96,239
407,39,57,40,163,176,140,32,8,169
408,0,91,145,51,9,179,213,119,227
408,1,139,184,194,170,148,99,227,74
408,2,19,68,225,146,181,44,37,99
408,3,59,126,142,69,204,149,88,208
408,4,131,241,151,230,191,15,83,120
408,5,224,175,22,58,138,78,50,41
408,6,30,54,249,210,72,125,43,174
408,7,90,3,26,227,4,216,175,142
408,8,195,53,148,85,59,213,93,6
408,9,77,99,228,69,195,68,233,154
408,10,135,149,245,147,207,23,113,137
408,11,136,32,178,174,230,2,186,97
408,12,21,10,38,160,242,115,201,240
408,13,170,34,58,215,87,101,248,21
408,14,132,171,184,73,196,173,248,92
408,15,74,170,139,97,90,98,235,190
408,16,172,191,25,120,104,255,166,254
408,17,69,233,210,44,169,94,119,60
408,18,77,239,224,176,58,0,129,54
408,19,115,163,240,129,127,181,180,1
408,20,195,85,245,113,53,148,145,72
408,21,99,126,69,77,38,166,143,233
408,22,23,207,149,135,113,137,245,190
408,23,178,32,161,136,186,174,44,237
408,24,242,21,50,38,115,44,10,158
408,25,61,87,170,215,58,0,240,45
408,26,50,184,171,92,44,132,20,3
408,27,189,170,74,97,98,23,190,139
408,28,151,255,172,91,212,191,228,50
408,29,44,57,119,94,233,69,36,95
408,30,239,176,0,77,175,138,60,99
408,31,163,115,23,95,122,249,148,49
408,32,255,52,3,132,54,157,146,159
408,33,61,110,189,158,248,123,64,90
408,34,13,218,136,20,223,109,108,25
408,35,46,235,194,236,245,134,64,20
408,36,110,93,78,58,15,169,233,232
408,37,163,101,100,123,232,86,45,74
408,38,175,61,143,239,159,122,196,245
408,39,163,140,176,57,196,208,107,201
409,0,179,197,113,166,142,145,213,104
409,1,87,5,64,227,34,26,59,139
409,2,68,163,34,114,227,88,18,19
409,3,46,97,142,160,98,146,84,238
409,4,14,161,67,241,81,224,167,72
409,5,224,235,85,191,192,113,175,76
409,6,54,215,210,237,30,158,246,75
409,7,176,185,72,175,91,3,5,216
409,8,195,33,174,24,233,73,192,100
409,9,132,126,39,68,99,154,195,29
409,10,248,126,129,49,61,83,213,37
409,11,36,136,20,32,63,133,140,243
409,12,242,144,160,252,115,175,21,10
409,13,33,45,104,61,58,145,78,112
409,14,50,147,204,132,171,253,184,224
409,15,166,98,147,190,189,65,235,139
409,16,156,172,151,255,212,191,208,100
409,17,110,69,44,233,57,1,116,51
409,18,128,77,176,60,0,224,92,112
409,19,115,12,122,180,120,235,208,212
409,20,195,33,148,85,145,174,72,81
409,21,126,99,132,213,214,243,39,7
409,22,248,126,162,217,147,149,86,61
409,23,36,140,32,133,45,230,78,63
409,24,137,242,21,44,13,212,10,252
409,25,33,61,104,34,254,170,208,174
409,26,132,50,147,248,232,55,164,204
409,27,74,139,190,170,145,235,98,65
409,28,191,172,151,156,124,158,255,203
409,29,69,233,44,57,53,79,40,58
409,30,77,176,175,138,92,128,54,224
409,31,115,180,95,122,212,12,1,220
409,32,241,255,132,204,52,158,54,227
409,33,110,50,123,190,41,64,19,140
409,34,123,218,88,254,161,97,136,223
409,35,194,93,46,235,14,53,134,164
409,36,78,110,188,154,173,207,135,169
409,37,163,219,199,52,103,229,129,1
409,38,239,175,68,135,159,60,133,143
409,39,140,25,243,195,187,216,169,208
410,0,241,6,57,88,108,135,83,61
410,1,192,216,136,36,99,74,249,246
410,2,76,8,108,36,198,186,28,200
410,3,106,126,244,226,145,110,246,250
410,4,67,45,64,235,244,224,140,23
410,5,87,220,159,85,189,231,224,175
410,6,118,140,7,199,19,239,110,98
410,7,176,175,142,5,72,3,225,106
410,8,195,53,148,33,85,233,59,106
410,9,126,99,69,30,53,132,152,127
410,10,126,183,61,11,104,238,215,37
410,11,133,253,32,39,224,249,215,140
410,12,212,137,144,10,211,21,201,88
410,13,34,33,170,58,208,142,238,135
410,14,147,132,248,113,73,189,41,173
410,15,139,74,190,170,98,235,166,90
410,16,172,151,191,156,166,158,104,124
410,17,69,233,57,210,44,110,226,51
410,18,77,176,60,54,92,94,199,224
410,19,115,180,12,1,246,50,212,129
410,20,145,195,24,98,133,53,72,245
410,21,99,176,214,243,126,150,7,143
410,22,217,108,149,162,245,21,248,126
410,23,140,237,32,230,155,204,61,179
410,24,13,137,21,196,212,127,10,43
410,25,34,170,58,180,254,194,33,247
410,26,132,126,248,29,55,164,232,147
410,27,139,190,74,170,145,90,235,102
410,28,191,172,124,48,203,151,104,158
410,29,69,233,44,40,57,53,167,128
410,30,77,92,176,54,138,224,60,241
410,31,180,95,115,212,50,1,129,181
410,32,241,204,60,255,132,108,137,54
410,33,110,50,123,33,72,118,30,27
410,34,218,254,123,27,93,250,136,223
410,35,194,14,53,235,93,220,96,236
410,36,78,110,154,188,135,4,173,169
410,37,163,199,237,1,52,129,104,55
410,38,239,175,60,135,133,109,198,173
410,39,140,96,110,195,184,187,243,150
411,0,211,236,75,232,195,217,60,163
411,1,149,9,55,89,167,118,176,1
411,2,79,91,76,92,42,150,6,187
411,3,201,149,22,93,56,69,126,224
411,4,28,46,134,197,147,140,187,152
411,5,60,154,108,164,111,74,84,136
411,6,30,7,12,72,113,69,237,210
411,7,175,228,225,142,5,72,4,104
411,8,53,148,85,22,59,72,195,143
411,9,99,1,243,254,20,81,199,186
411,10,149,217,135,147,207,250,245,190
411,11,216,230,15,32,97,44,117,153
411,12,13,137,21,10,38,196,244,176
411,13,34,170,180,215,248,194,87,83
411,14,132,73,248,4,21,189,173,220
411,15,74,190,139,170,238,6,90,141
411,16,172,191,107,230,104,254,56,112
411,17,69,86,233,210,44,196,58,244
411,18,77,176,129,54,224,92,175,60
411,19,115,180,60,212,219,129,1,246
411,20,172,145,133,98,53,148,195,72
411,21,99,58,214,176,1,243,143,233
411,22,149,217,135,245,102,21,147,162
411,23,230,32,216,237,179,15,155,105
411,24,13,21,137,127,158,10,196,240
411,25,34,194,170,215,180,87,177,203
411,26,132,55,189,126,248,164,205,4
411,27,139,190,74,124,255,6,170,18
411,28,191,158,172,254,234,112,88,107
411,29,69,233,86,99,128,44,196,40
411,30,92,129,77,241,176,99,54,224
411,31,180,60,114,212,95,115,221,219
411,32,241,73,92,255,204,109,143,7
411,33,110,61,118,50,250,189,70,37
411,34,13,254,121,218,123,246,109,177
411,35,53,14,77,220,194,44,180,103
411,36,154,78,135,188,57,153,110,169
411,37,132,1,199,122,219,103,170,237
411,38,239,175,149,60,132,135,122,217
411,39,8,224,32,103,161,140,91,57
412,0,211,26,77,29,44,138,37,130
412,1,40,214,132,11,209,26,34,96
412,2,229,4,17,197,66,172,73,67
412,3,86,156,247,201,22,163,192,188
412,4,206,134,46,147,175,152,28,36
412,5,64,42,19,173,111,8,80,122
412,6,195,125,72,30,2,123,240,9
412,7,166,228,175,4,142,183,104,5
412,8,53,148,172,72,133,213,121,181
412,9,99,201,1,243,221,28,199,214
412,10,149,217,233,226,135,197,245,102
412,11,216,237,230,104,97,215,2,211
412,12,137,83,21,10,91,158,13,38
412,13,34,194,170,216,180,101,215,248
412,14,132,17,248,21,73,113,189,191
412,15,6,139,74,190,97,90,170,79
412,16,166,191,88,172,201,158,234,100
412,17,69,233,210,144,244,51,44,101
412,18,99,77,195,129,176,60,92,54
412,19,239,115,114,1,180,212,129,9
412,20,172,50,195,145,53,148,72,133
412,21,58,201,99,246,32,214,176,150
412,22,6,14,217,61,102,192,82,49
412,23,104,155,34,180,215,31,90,230
412,24,167,137,158,83,58,91,120,195
412,25,34,194,139,216,78,243,170,254
412,26,126,17,55,132,154,166,248,113
412,27,139,6,124,190,79,74,117,170
412,28,191,166,172,88,254,158,162,210
412,29,69,233,9,44,94,99,51,192
412,30,99,129,77,241,92,224,239,116
412,31,114,49,115,180,95,212,149,174
412,32,255,143,109,73,157,92,104,67
412,33,110,70,250,61,118,167,102,161
412,34,13,121,254,109,244,163,103,191
412,35,44,53,46,14,64,129,171,9
412,36,154,4,153,93,25,79,188,16
412,37,1,100,170,101,132,160,212,123
412,38,143,122,175,243,191,87,202,18
412,39,57,32,176,8,163,184,22,56
413,0,179,130,213,197,48,145,79,114
413,1,139,64,0,216,106,59,75,78
413,2,37,175,229,25,66,88,40,114
413,3,59,69,142,88,149,129,136,205
413,4,241,131,230,28,15,129,46,90
413,5,50,58,154,22,128,108,103,80
413,6,30,210,249,72,255,237,12,218
413,7,175,228,227,26,5,4,190,142
413,8,148,195,53,85,213,72,22,59
413,9,99,69,77,1,243,30,233,143
413,10,149,135,147,207,245,217,250,70
413,11,216,178,32,174,63,90,44,167
413,12,21,10,160,38,137,176,66,244
413,13,170,58,34,215,238,101,208,248
413,14,132,184,171,248,173,73,21,153
413,15,74,90,139,170,145,97,130,193
413,16,172,191,25,24,104,117,1,120
413,17,233,69,210,44,94,196,209,1
413,18,77,224,239,176,92,129,58,175
413,19,115,163,180,127,129,122,240,212
413,20,195,85,148,72,53,121,113,145
413,21,99,69,77,38,214,129,118,58
413,22,149,137,207,70,147,135,217,245
413,23,174,32,136,178,44,216,63,133
413,24,21,242,115,50,38,10,161,28
413,25,45,170,87,215,183,83,201,58
413,26,50,132,204,171,44,184,92,20
413,27,23,98,147,74,170,3,169,235
413,28,193,219,72,26,117,172,32,196
413,29,119,94,1,88,61,21,44,69
413,30,232,91,77,0,225,16,162,22
413,31,59,183,249,88,49,218,122,39
413,32,255,125,254,3,47,161,140,63
413,33,90,126,132,143,47,162,167,166
413,34,91,67,20,120,10,220,44,175
413,35,235,46,129,2,167,64,128,210
413,36,2,93,39,188,32,171,219,153
413,37,101,65,27,78,22,163,16,169
413,38,61,251,163,35,168,143,96,21
413,39,117,129,139,248,163,235,31,197
414,0,141,190,235,221,140,125,253,158
414,1,93,244,182,47,155,152,46,68
414,2,34,145,88,68,103,17,57,59
414,3,187,235,133,231,130,37,77,152
414,4,142,236,222,128,15,13,95,87
414,5,193,186,90,47,41,58,135,50
414,6,54,153,43,167,60,215,210,180
414,7,185,29,23,64,216,78,117,76
414,8,89,234,195,180,116,148,239,72
414,9,164,94,126,116,191,29,228,131
414,10,169,130,198,113,248,132,125,137
414,11,189,161,136,233,174,98,32,19
414,12,242,63,74,15,93,26,161,10
414,13,45,147,43,212,97,145,154,170
414,14,20,204,50,124,44,132,51,224
414,15,147,98,200,81,235,177,139,92
414,16,5,172,117,196,133,72,24,191
414,17,44,69,250,1,76,172,119,233
414,18,0,77,179,57,187,138,50,43
414,19,122,115,116,109,88,130,59,20
414,20,195,234,239,72,179,133,148,89
414,21,164,29,207,94,116,126,191,99
414,22,130,169,198,113,23,132,116,248
414,23,161,189,136,98,174,62,111,44
414,24,63,74,26,160,44,15,242,128
414,25,61,43,147,45,97,145,37,6
414,26,20,148,124,204,132,51,50,214
414,27,200,147,81,181,169,3,74,98
414,28,133,43,5,196,170,32,189,49
414,29,76,172,250,119,1,87,69,61
414,30,179,77,187,91,163,89,16,24
414,31,116,109,4,205,39,122,115,183
414,32,181,119,223,90,47,185,161,255
414,33,93,86,43,83,129,215,183,238
414,34,82,132,96,74,207,26,21,62
414,35,27,160,239,57,42,186,84,33
414,36,222,20,192,70,248,101,232,22
414,37,39,229,2,74,221,163,19,80
414,38,64,200,151,202,249,180,159,67
414,39,186,190,154,11,234,222,218,133
415,0,38,167,54,193,244,112,44,16
415,1,188,58,122,46,140,152,201,20
415,2,29,100,74,27,219,140,186,145
415,3,26,230,233,103,34,128,91,35
415,4,45,144,91,128,255,163,205,213
415,5,90,193,78,188,47,65,127,43
415,6,60,153,54,206,68,215,138,75
415,7,117,23,29,64,229,216,76,185
415,8,116,239,234,104,180,99,23,52
415,9,164,191,126,59,116,36,239,2
415,10,198,125,169,36,157,65,185,27
415,11,161,189,86,128,233,206,133,140
415,12,74,93,44,54,134,63,128,15
415,13,134,147,43,6,32,154,97,212
415,14,51,148,124,86,50,20,32,47
415,15,162,200,81,147,181,148,58,217
415,16,133,43,134,5,252,196,174,0
415,17,76,89,172,250,20,87,0,5
415,18,179,187,0,43,204,124,57,50
415,19,109,116,205,191,20,195,183,19
415,20,234,239,207,99,133,180,15,20
415,21,164,191,116,94,127,207,126,29
415,22,198,169,130,248,125,234,247,10
415,23,189,161,62,86,128,206,47,111
415,24,93,74,63,44,15,26,209,78
415,25,6,134,147,43,154,93,167,251
415,26,148,124,51,20,86,32,88,191
415,27,200,162,81,58,181,147,31,217
415,28,43,133,5,170,252,9,24,189
415,29,76,87,20,5,172,250,89,0
415,30,179,135,163,226,187,43,89,139
415,31,39,109,30,116,205,226,167,4
415,32,223,119,181,185,90,178,47,159
415,33,93,83,86,129,183,73,9,74
415,34,186,82,21,96,1,207,252,116
415,35,160,57,167,218,235,84,22,145
415,36,70,120,74,248,181,83,188,68
415,37,229,58,124,143,190,182,62,48
415,38,151,233,168,159,78,21,245,16
415,39,238,2,154,95,186,235,189,190
416,0,140,43,173,112,238,200,95,67
416,1,46,47,188,249,181,58,20,137
416,2,186,140,29,27,20,67,72,85
416,3,117,233,26,103,230,119,64,78
416,4,193,144,245,213,45,140,246,58
416,5,188,90,78,127,248,43,255,145
416,6,206,60,118,68,208,89,96,230
416,7,221,176,117,65,54,207,142,55
416,8,239,104,73,116,23,185,175,179
416,9,126,113,25,53,171,30,201,2
416,10,157,115,27,238,215,195,100,183
416,11,47,39,133,140,51,41,193,112
416,12,44,62,54,212,102,144,93,232
416,13,6,11,206,61,134,33,103,168
416,14,9,147,86,148,41,200,47,106
416,15,46,181,162,132,189,200,58,29
416,16,133,156,252,43,151,170,134,88
416,17,5,20,57,89,15,166,108,76
416,18,226,204,192,159,203,179,124,77
416,19,120,109,191,12,30,226,19,205
416,20,133,239,234,104,207,23,148,175
416,21,207,191,155,116,126,73,164,53
416,22,234,161,236,157,248,199,10,183
416,23,140,47,111,189,193,181,39,102
416,24,44,39,209,93,113,58,78,224
416,25,6,93,219,251,66,33,35,212
416,26,231,179,147,214,167,204,189,191
416,27,147,181,206,217,200,162,46,3
416,28,43,170,250,133,252,156,51,24
416,29,5,89,20,1,158,76,142,230
416,30,226,91,77,139,192,135,170,179
416,31,30,167,39,12,59,226,109,122
416,32,223,47,185,178,181,119,206,159
416,33,83,74,93,190,81,129,40,183
416,34,116,21,1,186,82,252,132,33
416,35,167,160,36,22,218,202,57,235
416,36,70,188,120,74,181,153,248,129
416,37,124,58,190,229,143,104,48,22
416,38,148,92,212,71,118,127,151,168
416,39,2,248,38,243,70,69,78,189
417,0,88,238,173,189,114,16,89,248
417,1,140,152,47,70,192,181,46,33
417,2,8,197,49,165,60,20,11,204
417,3,117,233,106,103,150,38,26,110
417,4,193,45,235,199,62,114,135,165
417,5,188,230,87,248,189,239,221,198
417,6,118,208,68,96,122,131,65,89
417,7,176,145,117,238,207,221,142,157
417,8,239,104,73,179,116,245,133,23
417,9,113,126,53,84,69,119,180,25
417,10,215,157,100,183,227,238,129,199
417,11,181,39,51,47,140,183,133,28
417,12,102,62,212,232,154,104,174,144
417,13,6,251,212,145,167,168,34,5
417,14,9,204,41,132,214,54,244,191
417,15,147,206,139,3,46,190,117,136
417,16,250,170,248,252,119,88,215,172
417,17,69,89,1,20,8,124,5,158
417,18,77,91,159,226,138,204,89,43
417,19,122,212,88,59,115,30,183,221
417,20,133,148,195,23,72,104,53,207
417,21,207,1,53,229,99,69,34,136
417,22,234,161,236,132,157,59,116,156
417,23,140,60,78,215,193,47,126,39
417,24,116,127,39,176,174,199,143,212
417,25,6,168,93,145,219,142,212,146
417,26,204,179,214,211,231,96,132,54
417,27,147,206,3,169,139,110,46,233
417,28,72,250,170,51,189,156,80,47
417,29,1,89,158,5,69,20,8,26
417,30,77,91,226,192,170,139,128,175
417,31,122,59,166,120,167,30,212,139
417,32,60,223,47,178,206,158,255,185
417,33,74,81,83,190,41,40,92,33
417,34,116,82,21,1,34,213,132,33
417,35,167,202,36,244,22,224,14,84
417,36,70,188,129,74,153,120,239,181
417,37,104,124,58,48,143,103,22,147
417,38,148,27,92,212,118,127,79,71
417,39,110,243,38,248,78,70,12,69
418,0,70,191,236,211,199,124,62,180
418,1,245,33,124,193,118,52,211,233
418,2,60,3,193,49,188,71,248,157
418,3,197,25,243,11,199,177,159,56
418,4,154,192,160,152,175,90,28,88
418,5,153,251,218,120,62,50,58,136
418,6,79,14,168,156,183,171,177,69
418,7,185,35,76,32,175,78,5,38
418,8,133,23,220,72,224,148,16,99
418,9,207,255,161,99,1,229,84,137
418,10,234,132,242,122,165,157,187,111
418,11,47,59,3,85,218,231,60,111
418,12,208,39,116,81,145,193,180,191
418,13,93,219,212,19,45,168,66,113
418,14,231,167,106,198,52,159,214,204
418,15,147,162,217,54,71,92,85,181
418,16,252,190,170,51,80,35,250,28
418,17,20,89,15,230,19,158,153,167
418,18,204,43,203,226,219,250,139,192
418,19,99,226,85,30,247,201,212,88
418,20,133,99,224,23,185,207,72,71
418,21,207,255,156,73,137,1,151,67
418,22,234,157,242,187,165,247,78,122
418,23,218,59,85,181,60,231,47,99
418,24,39,81,191,209,155,220,210,11
418,25,219,93,113,66,6,71,20,19
418,26,231,106,57,189,214,67,86,52
418,27,217,147,28,162,54,71,58,49
418,28,170,190,252,189,250,56,47,24
418,29,19,20,89,158,230,171,15,142
418,30,226,135,250,204,139,91,219,43
418,31,99,226,30,183,228,39,59,60
418,32,19,85,123,47,185,109,144,235
418,33,139,74,189,72,95,68,56,102
418,34,195,191,249,21,33,72,18,48
418,35,43,185,77,167,210,36,191,5
418,36,26,125,37,44,129,74,79,68
418,37,124,58,196,48,153,162,229,14
418,38,132,92,0,120,79,127,118,212
418,39,44,189,197,99,78,77,242,129
419,0,62,174,159,13,211,204,131,138
419,1,107,193,141,49,33,94,162,23
419,2,226,169,207,39,241,253,90,20
419,3,75,25,30,197,6,43,199,79
419,4,148,152,154,221,192,90,44,89
419,5,153,115,243,251,50,202,136,165
419,6,161,79,49,14,77,82,156,52
419,7,185,158,76,35,171,49,32,183
419,8,133,220,16,148,23,53,224,72
419,9,207,229,98,137,99,161,197,1
419,10,234,132,122,165,8,9,232,242
419,11,111,85,59,47,220,222,15,202
419,12,210,116,39,208,55,191,219,143
419,13,219,113,93,145,168,6,45,212
419,14,231,204,106,52,93,167,198,214
419,15,147,133,54,233,195,169,114,71
419,16,170,190,252,231,47,181,0,26
419,17,89,78,1,20,158,15,142,69
419,18,204,130,250,91,226,203,77,192
419,19,226,122,59,88,70,212,30,22
419,20,133,4,185,23,148,195,99,207
419,21,207,137,229,1,151,255,73,156
419,22,234,157,9,187,165,49,132,242
419,23,85,111,220,47,59,60,3,222
419,24,39,81,209,191,220,210,116,15
419,25,93,219,113,20,155,168,154,6
419,26,231,86,52,106,67,189,214,167
419,27,147,162,54,217,172,177,181,58
419,28,252,170,190,47,111,189,55,72
419,29,20,89,21,1,158,15,230,166
419,30,250,197,204,226,91,135,139,232
419,31,183,39,30,226,228,59,252,132
419,32,19,123,85,185,47,76,237,159
419,33,56,95,74,139,166,181,72,252
419,34,191,195,72,1,21,240,33,185
419,35,43,185,36,191,71,167,59,97
419,36,26,153,125,188,68,99,142,74
419,37,229,124,58,16,48,66,54,175
419,38,0,92,212,87,169,119,251,143
419,39,129,189,197,122,44,179,182,117
420,0,101,35,197,79,179,108,34,114
420,1,62,47,97,155,20,70,75,146
420,2,109,210,149,130,253,122,43,90
420,3,26,230,233,236,211,37,78,130
420,4,102,15,142,245,200,241,87,144
420,5,220,188,236,90,153,43,202,235
420,6,79,14,157,182,52,156,161,133
420,7,23,185,171,76,14,64,199,35
420,8,35,239,180,164,116,52,207,179
420,9,203,207,29,98,197,180,85,131
420,10,234,157,196,132,88,187,122,21
420,11,111,47,42,98,185,255,168,95
420,12,193,220,116,39,191,254,154,81
420,13,219,112,6,212,113,168,93,29
420,14,41,231,204,106,52,198,159,214
420,15,147,172,29,98,195,235,217,181
420,16,170,181,252,117,96,72,32,75
420,17,1,89,69,20,5,152,15,44
420,18,138,197,77,204,91,43,226,170
420,19,122,212,143,164,115,167,59,88
420,20,133,195,72,23,239,148,185,35
420,21,207,1,203,180,255,229,99,243
420,22,234,88,156,132,236,157,78,187
420,23,39,60,98,47,63,181,111,204
420,24,39,116,220,209,81,154,193,199
420,25,93,145,219,45,212,112,113,253
420,26,204,231,106,214,41,86,189,67
420,27,147,172,98,177,114,217,169,228
420,28,24,96,47,117,72,252,170,250
420,29,1,89,5,20,250,69,230,152
420,30,170,197,91,77,139,16,43,135
420,31,39,122,130,212,30,59,22,228
420,32,98,185,47,90,255,99,247,237
420,33,126,86,92,166,232,190,224,183
420,34,116,1,21,252,33,132,86,207
420,35,84,212,36,167,235,39,14,160
420,36,70,49,188,120,153,74,181,68
420,37,65,58,190,124,143,209,15,22
420,38,92,148,71,213,212,118,93,18
420,39,189,2,248,38,69,36,213,78
421,0,141,190,208,235,115,253,158,221
421,1,62,217,182,152,146,70,47,113
421,2,109,43,95,255,106,167,128,123
421,3,117,35,128,34,190,150,26,229
421,4,45,142,102,95,222,236,15,54
421,5,90,188,135,43,65,47,127,79
421,6,79,14,182,157,138,156,75,133
421,7,117,23,64,78,185,123,229,76
421,8,116,239,180,99,52,104,4,35
421,9,116,191,203,208,197,239,59,2
421,10,88,157,125,198,185,65,21,196
421,11,47,111,128,62,233,86,42,108
421,12,93,193,220,15,254,74,128,81
421,13,134,154,6,32,176,182,74,112
421,14,51,41,47,52,189,125,86,32
421,15,58,162,148,172,147,181,165,242
421,16,252,134,43,9,51,170,231,238
421,17,250,198,0,87,89,20,5,241
421,18,204,170,43,197,163,124,134,161
421,19,116,109,195,20,167,191,36,86
421,20,99,239,137,116,164,4,20,179
421,21,116,191,203,255,239,127,38,2
421,22,247,88,125,65,198,185,169,234
421,23,128,39,86,62,63,206,47,181
421,24,93,220,209,15,151,74,54,235
421,25,134,112,182,147,253,105,154,107
421,26,88,10,86,51,149,47,41,103
421,27,147,58,172,165,162,31,87,181
421,28,238,43,117,252,144,106,75,134
421,29,87,250,0,5,153,69,1,20
421,30,43,170,163,197,15,77,144,37
421,31,116,20,109,26,122,57,167,191
421,32,119,53,90,252,112,134,223,226
421,33,93,210,92,83,129,86,85,184
421,34,132,82,1,26,74,86,113,186
421,35,84,27,72,239,42,160,57,135
421,36,222,20,192,83,45,70,102,238
421,37,39,229,88,124,221,72,182,61
421,38,64,151,249,62,145,175,143,67
421,39,186,154,190,11,218,159,60,249
422,0,193,38,54,44,167,94,112,53
422,1,122,140,117,62,217,105,201,47
422,2,167,106,43,153,20,128,109,173
422,3,26,236,91,128,35,12,34,230
422,4,144,159,5,45,213,174,120,54
422,5,188,239,160,220,153,251,90,50
422,6,77,14,65,43,237,26,182,7
422,7,185,175,47,5,142,245,140,78
422,8,133,148,72,195,239,35,23,53
422,9,99,203,207,229,1,116,168,85
422,10,126,88,132,115,240,86,61,217
422,11,239,32,42,204,162,253,111,187
422,12,161,220,199,163,209,145,53,116
422,13,112,212,45,58,145,93,219,180
422,14,204,54,41,231,164,57,52,214
422,15,147,139,98,235,165,204,190,238
422,16,172,250,117,252,160,39,51,112
422,17,69,1,44,109,248,152,211,5
422,18,138,77,43,204,137,122,60,37
422,19,212,122,221,26,115,143,246,11
422,20,133,195,72,148,23,53,113,191
422,21,1,99,38,210,207,116,7,255
422,22,65,27,217,148,234,88,157,156
422,23,63,239,32,193,204,80,226,39
422,24,199,220,163,161,151,209,91,176
422,25,45,212,145,93,138,146,112,34
422,26,204,41,55,214,57,88,54,253
422,27,147,98,139,172,165,195,29,228
422,28,172,238,117,160,191,112,24,35
422,29,69,5,109,1,152,248,44,171
422,30,77,138,170,197,43,60,44,15
422,31,122,212,166,116,115,167,234,192
422,32,255,119,90,223,226,241,63,47
422,33,93,92,83,32,85,86,231,99
422,34,186,1,132,82,26,86,27,116
422,35,84,14,36,57,42,160,66,235
422,36,20,102,70,120,153,188,166,74
422,37,124,39,190,182,58,229,194,233
422,38,151,249,175,64,92,71,148,93
422,39,154,2,38,189,69,217,95,11
423,0,238,43,229,140,7,112,200,173
423,1,152,140,233,182,146,143,217,70
423,2,72,167,11,8,217,121,43,49
423,3,106,130,199,69,236,226,110,41
423,4,45,205,54,90,195,5,129,58
423,5,65,58,188,153,218,50,90,69
423,6,182,79,65,22,14,138,31,169
423,7,117,78,185,49,35,123,229,76
423,8,116,99,180,23,173,239,133,104
423,9,255,38,191,161,59,2,208,169
423,10,88,125,27,247,65,157,234,196
423,11,39,108,206,128,47,63,160,86
423,12,93,220,145,151,81,85,54,193
423,13,112,103,134,182,93,212,45,32
423,14,125,10,51,137,32,189,198,52
423,15,147,172,162,165,58,87,242,31
423,16,238,252,106,43,170,231,51,75
423,17,5,87,0,89,20,198,241,109
423,18,170,43,204,197,163,134,15,33
423,19,116,192,215,167,109,20,195,36
423,20,99,113,239,137,179,23,116,20
423,21,38,191,116,203,255,169,2,35
423,22,247,65,125,88,27,243,185,150
423,23,63,39,128,86,206,160,181,62
423,24,151,93,220,145,54,169,209,34
423,25,112,134,45,103,182,105,93,138
423,26,88,10,149,103,51,41,214,137
423,27,172,147,165,58,162,217,87,31
423,28,238,144,35,117,172,134,75,160
423,29,109,5,87,69,0,153,124,44
423,30,43,170,15,163,77,138,197,144
423,31,116,122,192,26,20,57,212,167
423,32,53,226,90,119,60,252,255,241
423,33,210,85,43,92,93,83,110,127
423,34,132,186,27,85,91,26,74,133
423,35,72,84,27,42,14,36,142,135
423,36,45,20,192,222,153,83,221,238
423,37,72,124,39,89,88,182,134,111
423,38,249,175,223,212,210,248,131,17
423,39,63,162,96,222,187,95,175,173
424,0,225,140,98,173,69,95,23,71
424,1,94,16,234,127,224,154,233,172
424,2,106,167,153,241,129,184,189,49
424,3,196,69,17,28,38,130,255,11
424,4,195,28,90,233,140,205,217,175
424,5,153,50,58,218,60,251,22,79
424,6,203,210,169,143,138,173,14,192
424,7,175,185,49,78,5,245,39,72
424,8,133,23,113,148,72,99,53,195
424,9,38,99,255,1,229,161,251,203
424,10,27,65,156,88,59,217,87,61
424,11,63,60,144,239,37,141,204,71
424,12,145,220,163,161,208,116,199,189
424,13,212,45,112,93,58,202,145,66
424,14,204,231,103,10,54,214,225,106
424,15,147,165,172,87,12,95,98,4
424,16,172,219,117,238,250,252,51,160
424,17,225,109,5,69,89,1,152,20
424,18,43,138,204,77,197,182,15,229
424,19,212,192,167,122,215,26,143,11
424,20,133,72,195,113,23,239,148,235
424,21,38,1,203,2,193,243,116,169
424,22,65,27,88,217,156,150,126,243
424,23,239,63,32,188,204,193,39,60
424,24,220,161,93,169,163,151,54,145
424,25,45,58,212,112,11,145,93,182
424,26,204,41,10,88,49,253,103,225
424,27,98,165,147,172,139,195,235,87
424,28,172,238,160,35,229,112,104,191
424,29,69,109,44,248,152,5,149,233
424,30,138,77,197,43,15,175,227,224
424,31,212,122,115,192,116,26,167,163
424,32,241,226,255,2,90,104,119,53
424,33,110,85,130,30,79,210,66,93
424,34,132,27,128,244,74,37,85,93
424,35,14,27,239,36,194,53,80,171
424,36,20,222,192,45,188,153,154,78
424,37,72,39,219,5,89,65,199,130
424,38,249,175,64,109,196,150,159,18
424,39,173,238,222,73,91,223,76,218
425,0,190,253,158,237,95,140,141,208
425,1,94,235,172,113,137,203,224,58
425,2,153,41,241,106,231,172,167,217
425,3,35,91,128,34,69,130,9,41
425,4,28,153,195,90,187,184,145,97
425,5,135,22,79,251,132,180,215,145
425,6,7,26,12,254,210,249,30,21
425,7,142,175,245,185,49,225,154,140
425,8,133,72,53,148,145,113,23,123
425,9,99,243,116,203,1,68,207,186
425,10,176,217,156,243,61,148,76,134
425,11,204,32,12,239,42,56,143,9
425,12,137,163,201,199,145,221,39,18
425,13,180,212,205,130,202,194,58,208
425,14,41,54,17,148,30,10,44,248
425,15,139,147,238,12,87,204,85,229
425,16,59,114,234,252,172,40,160,229
425,17,69,211,170,220,89,79,124,64
425,18,77,182,127,176,33,123,43,229
425,19,30,11,122,118,239,241,124,137
425,20,133,145,72,50,19,224,245,53
425,21,99,214,43,32,252,67,243,54
425,22,160,176,187,162,243,42,225,20
425,23,80,204,56,61,71,141,12,108
425,24,163,81,125,97,137,39,91,201
425,25,157,126,93,192,130,254,219,167
425,26,59,106,54,214,159,146,182,17
425,27,139,204,100,206,26,190,245,157
425,28,74,73,252,158,87,170,215,162
425,29,69,150,211,201,89,79,156,220
425,30,182,176,195,122,77,177,123,31
425,31,11,30,14,7,239,132,195,122
425,32,33,104,50,13,240,252,30,117
425,33,192,67,81,166,29,5,12,220
425,34,16,251,40,181,105,114,107,22
425,35,194,104,36,77,167,95,165,89
425,36,110,188,214,10,74,198,235,134
425,37,219,39,124,105,89,116,192,11
425,38,249,64,103,149,70,177,109,159
425,39,186,190,173,191,222,218,11,159
426,0,193,38,167,54,44,112,94,176
426,1,201,122,117,58,105,103,188,249
426,2,11,106,41,153,241,80,253,184
426,3,91,35,34,128,69,12,129,250
426,4,159,153,195,90,179,58,187,235
426,5,159,239,132,50,166,69,79,22
426,6,65,7,210,169,233,118,12,192
426,7,175,185,49,142,47,78,5,75
426,8,113,195,133,72,148,175,53,23
426,9,38,203,99,116,1,208,229,168
426,10,88,126,27,231,115,157,76,93
426,11,239,253,63,204,32,168,162,88
426,12,220,199,145,209,16,254,161,53
426,13,112,58,45,138,212,5,11,251
426,14,41,52,49,10,12,204,54,57
426,15,147,165,87,162,172,98,235,190
426,16,172,238,229,75,35,51,43,252
426,17,109,69,5,248,44,0,87,64
426,18,138,77,43,197,204,122,137,40
426,19,212,195,26,192,122,167,154,116
426,20,195,113,133,72,245,239,53,148
426,21,38,203,99,1,214,116,222,7
426,22,27,217,65,148,162,176,150,88
426,23,239,32,204,193,81,23,63,228
426,24,220,199,137,161,252,13,120,169
426,25,58,138,11,112,45,34,145,180
426,26,41,55,204,88,132,248,49,189
426,27,139,98,147,165,190,235,172,195
426,28,172,191,238,104,160,35,144,112
426,29,69,44,109,248,233,152,192,5
426,30,138,77,224,92,176,175,182,227
426,31,212,122,115,192,195,180,26,167
426,32,241,226,255,2,104,119,63,90
426,33,85,110,50,93,130,39,67,79
426,34,27,244,132,123,186,37,254,218
426,35,14,194,239,53,36,11,202,93
426,36,20,188,154,78,135,153,10,28
426,37,219,39,199,89,52,129,103,149
426,38,249,109,239,175,64,60,223,232
426,39,187,25,195,184,154,150,140,230
427,0,169,173,211,236,60,43,7,200
427,1,124,129,172,224,112,189,147,19
427,2,11,188,153,49,217,6,255,219
427,3,245,93,69,193,56,196,38,126
427,4,140,28,195,205,88,187,90,235
427,5,60,22,108,251,50,152,166,0
427,6,210,7,205,12,169,68,69,30
427,7,175,142,245,39,78,185,75,5
427,8,195,133,53,148,72,175,23,145
427,9,99,193,243,45,1,229,38,48
427,10,27,126,217,65,148,50,157,61
427,11,239,23,63,32,204,188,150,81
427,12,16,199,137,220,145,13,169,144
427,13,58,180,45,212,112,145,11,254
427,14,204,30,55,41,164,40,107,54
427,15,147,46,139,98,235,190,92,27
427,16,172,124,160,112,208,238,117,100
427,17,69,248,44,109,1,152,185,167
427,18,138,77,122,92,60,37,227,43
427,19,212,122,180,143,1,192,115,26
427,20,133,195,72,53,245,148,54,241
427,21,99,38,193,1,210,243,45,214
427,22,27,148,126,217,65,147,162,229
427,23,204,32,81,239,61,193,228,63
427,24,137,13,169,199,220,161,252,120
427,25,180,58,138,145,11,34,167,208
427,26,248,204,132,253,55,164,88,54
427,27,139,98,46,190,147,235,92,255
427,28,172,191,160,124,104,159,144,100
427,29,69,44,192,248,108,79,209,149
427,30,77,138,92,176,102,182,37,227
427,31,180,212,122,50,143,195,125,239
427,32,104,2,241,255,251,63,219,132
427,33,110,50,130,30,61,67,91,32
427,34,244,123,254,37,218,211,27,250
427,35,194,14,53,202,93,79,11,87
427,36,135,154,188,153,78,10,82,28
427,37,219,1,199,52,89,129,103,165
427,38,239,175,60,217,249,159,100,109
427,39,140,25,187,230,184,195,150,169
428,0,211,195,70,159,191,77,116,37
428,1,167,172,118,201,91,102,17,176
428,2,170,216,143,253,237,223,32,79
428,3,252,56,163,224,212,196,93,126
428,4,140,28,134,175,147,197,6,233
428,5,71,22,108,60,251,164,154,64
428,6,12,249,30,72,7,195,26,233
428,7,142,175,72,39,75,245,225,183
428,8,53,148,133,72,145,214,144,143
428,9,99,1,28,199,221,243,163,68
428,10,148,217,172,135,147,86,242,38
428,11,32,218,239,237,204,230,4,253
428,12,137,13,10,239,199,168,16,38
428,13,180,34,58,215,20,194,248,170
428,14,132,57,30,17,248,164,204,73
428,15,190,139,235,238,208,6,141,92
428,16,172,191,104,234,60,254,112,166
428,17,69,44,171,192,248,86,108,209
428,18,77,138,129,99,92,199,102,195
428,19,99,9,180,115,212,144,114,246
428,20,195,172,133,145,148,245,53,72
428,21,99,1,32,176,174,204,214,58
428,22,148,217,172,135,147,224,38,64
428,23,32,237,239,218,166,61,204,117
428,24,137,158,240,50,199,195,120,161
428,25,34,58,215,145,180,20,248,201
428,26,0,57,55,132,204,17,154,253
428,27,139,190,235,98,238,141,6,173
428,28,172,191,160,254,104,234,84,158
428,29,69,44,171,192,9,209,167,51
428,30,77,138,129,92,209,99,241,239
428,31,212,122,99,180,114,115,144,14
428,32,255,241,19,109,123,104,67,250
428,33,110,61,70,67,102,39,252,91
428,34,244,13,254,121,48,166,163,218
428,35,14,53,239,171,162,114,191,225
428,36,154,26,153,60,25,69,192,47
428,37,5,1,132,219,170,199,165,221
428,38,0,175,217,239,43,143,96,191
428,39,174,57,32,237,22,6,196,109
429,0,118,169,119,227,214,9,243,35
429,1,102,172,147,142,127,30,94,210
429,2,225,217,164,161,25,175,66,231
429,3,161,245,252,212,126,69,193,93
429,4,140,15,28,108,205,90,195,189
429,5,108,71,22,0,251,50,56,139
429,6,12,249,30,210,203,237,26,218
429,7,175,39,75,118,245,142,104,26
429,8,195,148,53,72,133,123,187,243
429,9,99,203,1,38,154,229,251,208
429,10,148,217,86,147,172,126,135,49
429,11,32,178,63,239,144,188,174,254
429,12,240,220,10,161,199,176,239,38
429,13,58,45,145,215,211,20,16,34
429,14,204,132,196,44,184,164,253,68
429,15,235,147,98,139,130,172,92,193
429,16,172,117,104,25,213,191,208,114
429,17,44,69,109,1,225,192,209,112
429,18,138,77,92,239,129,227,224,197
429,19,212,122,115,180,192,144,246,161
429,20,195,148,113,245,72,150,133,53
429,21,38,1,193,229,99,238,60,203
429,22,148,27,137,70,118,147,65,217
429,23,32,178,63,174,44,239,173,197
429,24,240,220,161,199,38,50,176,201
429,25,45,145,58,211,215,240,11,20
429,26,204,154,55,44,228,253,133,184
429,27,98,235,147,179,130,195,223,86
429,28,172,238,160,104,92,215,100,36
429,29,44,109,69,209,112,125,246,36
429,30,77,239,60,138,42,227,37,104
429,31,122,192,212,163,115,197,46,236
429,32,250,255,226,241,235,13,212,45
429,33,110,85,27,67,112,19,52,210
429,34,74,27,244,132,130,91,189,108
429,35,239,27,14,33,64,97,156,65
429,36,222,76,165,60,25,171,192,63
429,37,5,72,160,65,88,86,6,96
429,38,193,117,153,248,159,252,8,206
429,39,228,196,117,91,86,137,6,225
430,0,190,253,141,235,158,115,208,221
430,1,113,203,217,7,179,145,82,21
430,2,217,167,123,109,98,232,43,46
430,3,35,91,128,34,252,99,126,69
430,4,140,153,28,205,163,189,6,195
430,5,135,22,108,222,111,152,50,71
430,6,210,12,249,203,169,237,30,218
430,7,175,118,78,245,39,123,117,75
430,8,195,113,23,133,123,245,116,99
430,9,116,38,1,99,191,203,208,143
430,10,27,65,125,13,126,148,217,36
430,11,63,23,32,233,178,108,81,188
430,12,93,220,151,199,145,85,161,53
430,13,45,212,58,105,11,145,103,112
430,14,204,184,41,164,51,47,226,86
430,15,147,172,98,162,165,87,235,195
430,16,238,172,117,144,112,51,208,114
430,17,109,44,69,1,225,248,152,209
430,18,138,43,197,227,77,163,127,137
430,19,212,192,122,116,215,115,167,195
430,20,195,113,133,72,23,245,148,239
430,21,116,38,1,203,191,193,248,43
430,22,65,27,36,125,247,217,126,148
430,23,239,81,32,178,23,63,193,86
430,24,93,220,151,161,169,87,199,54
430,25,105,45,11,212,58,145,138,254
430,26,149,41,204,253,0,55,88,200
430,27,139,147,98,172,235,229,165,190
430,28,172,238,144,160,104,191,112,158
430,29,44,69,109,152,108,192,233,209
430,30,77,227,60,144,197,138,17,37
430,31,212,122,192,116,115,26,238,167
430,32,250,226,241,255,119,63,218,204
430,33,85,110,93,210,51,79,67,27
430,34,27,132,74,244,254,130,235,218
430,35,27,239,14,53,156,36,64,33
430,36,20,222,154,192,76,102,165,110
430,37,39,88,5,199,129,219,106,1
430,38,64,109,239,200,175,32,134,117
430,39,186,249,190,109,67,91,11,102
431,0,193,167,38,54,94,112,76,72
431,1,201,117,122,105,217,140,179,184
431,2,217,167,43,46,6,20,239,237
431,3,91,34,35,128,252,99,69,126
431,4,140,205,28,153,235,189,6,195
431,5,152,222,108,154,239,22,109,111
431,6,12,98,7,237,30,96,118,210
431,7,175,75,225,142,221,118,5,39
431,8,195,53,148,113,106,166,214,144
431,9,99,116,1,203,63,53,239,38
431,10,29,189,21,76,14,255,148,231
431,11,239,78,74,32,253,73,4,42
431,12,137,10,77,83,176,254,16,201
431,13,34,58,208,180,5,236,78,238
431,14,132,248,193,73,204,41,191,166
431,15,190,139,235,70,48,74,93,208
431,16,172,191,16,112,107,104,74,14
431,17,69,44,192,209,106,125,171,217
431,18,77,199,125,60,138,102,152,99
431,19,115,1,212,246,9,90,180,234
431,20,195,148,245,133,53,145,72,30
431,21,99,1,214,248,7,238,204,174
431,22,148,217,160,116,147,231,78,41
431,23,80,32,78,239,204,230,81,162
431,24,137,176,195,77,199,10,48,254
431,25,34,145,208,58,45,247,254,228
431,26,132,55,0,248,204,252,193,130
431,27,139,190,98,206,26,70,53,173
431,28,191,172,160,74,66,18,247,173
431,29,69,44,150,192,248,45,36,106
431,30,77,60,104,199,165,180,92,238
431,31,212,122,238,166,180,246,220,102
431,32,250,255,226,127,95,251,241,63
431,33,85,110,51,32,67,39,79,227
431,34,186,27,244,254,218,130,132,123
431,35,53,14,239,194,36,225,162,64
431,36,154,20,165,64,76,60,240,53
431,37,39,199,219,1,149,36,163,102
431,38,239,109,175,200,249,5,168,117
431,39,25,187,195,140,230,184,162,6
432,0,169,173,236,60,43,147,23,193
432,1,189,142,112,147,217,129,172,124
432,2,217,72,153,11,167,195,43,233
432,3,245,193,137,252,126,73,161,121
432,4,140,205,193,28,235,187,189,195
432,5,110,166,109,152,108,51,237,130
432,6,7,98,12,192,118,69,30,237
432,7,175,75,3,188,110,225,5,142
432,8,195,148,53,245,214,59,144,24
432,9,99,1,121,45,195,163,84,193
432,10,27,126,37,61,65,217,148,227
432,11,239,23,81,78,188,32,253,224
432,12,176,16,104,105,169,10,250,137
432,13,145,58,34,170,208,212,45,149
432,14,204,132,193,12,248,71,73,253
432,15,190,139,235,74,147,59,239,231
432,16,172,191,104,74,112,25,117,19
432,17,69,44,233,210,1,192,169,181
432,18,77,224,138,175,60,125,152,91
432,19,115,212,122,246,59,90,9,175
432,20,195,148,85,133,245,53,23,72
432,21,99,1,229,233,220,143,214,237
432,22,217,147,43,126,148,160,149,116
432,23,239,80,32,44,105,10,205,81
432,24,176,161,116,254,10,21,88,102
432,25,34,45,145,58,146,170,231,239
432,26,132,55,204,193,68,41,227,216
432,27,139,235,183,48,74,212,190,173
432,28,172,112,236,191,89,18,21,31
432,29,44,69,150,245,116,36,112,191
432,30,77,60,13,113,199,144,40,165
432,31,212,122,246,204,238,115,195,197
432,32,250,255,95,218,63,241,175,66
432,33,110,32,231,67,108,50,4,17
432,34,218,254,108,40,27,110,244,38
432,35,8,14,194,33,178,106,246,38
432,36,126,76,75,105,165,31,60,113
432,37,219,165,144,205,1,163,119,160
432,38,239,175,165,252,177,125,159,117
432,39,140,25,100,235,208,6,185,108
433,0,21,102,228,225,131,169,239,15
433,1,217,35,127,170,54,31,190,73
433,2,253,167,199,21,224,217,174,211
433,3,252,126,161,100,121,131,69,169
433,4,140,92,28,227,193,120,114,187
433,5,110,89,108,111,29,190,160,162
433,6,7,12,98,118,237,199,160,97
433,7,142,3,225,175,75,72,145,141
433,8,53,148,195,106,72,144,59,127
433,9,99,1,243,60,195,200,119,238
433,10,44,126,183,127,148,78,109,214
433,11,239,78,22,34,92,61,32,135
433,12,113,213,77,137,174,104,68,91
433,13,231,114,139,55,167,209,64,132
433,14,193,71,166,254,211,12,197,209
433,15,72,117,190,228,126,225,70,93
433,16,74,16,107,45,227,166,170,224
433,17,150,175,8,171,159,30,96,89
433,18,174,94,201,169,24,77,52,91
433,19,238,194,221,204,90,246,41,207
433,20,11,127,175,17,139,217,18,245
433,21,184,72,210,53,246,71,248,201
433,22,120,100,175,78,50,82,219,199
433,23,180,41,87,82,132,187,96,149
433,24,53,24,216,124,144,8,62,174
433,25,167,52,139,221,119,236,189,234
433,26,81,57,217,211,150,181,244,223
433,27,247,225,191,153,117,187,82,53
433,28,107,203,158,126,88,16,93,182
433,29,171,106,125,112,249,96,25,86
433,30,31,174,94,75,24,32,44,155
433,31,204,207,238,194,186,221,154,236
433,32,33,15,142,205,30,60,175,63
433,33,90,144,237,77,71,32,241,4
433,34,16,202,219,225,105,63,122,120
433,35,102,170,225,203,198,213,66,96
433,36,161,102,106,199,59,231,165,126
433,37,71,219,116,69,160,176,119,242
433,38,144,37,175,132,252,239,177,11
433,39,162,140,175,96,127,185,208,86
434,0,228,98,14,239,69,240,225,93
434,1,172,142,147,94,127,224,154,64
434,2,167,237,253,153,196,176,129,217
434,3,99,164,245,193,126,150,161,107
434,4,140,27,132,197,189,205,195,57
434,5,111,110,166,109,108,60,29,154
434,6,98,237,69,12,252,143,160,179
434,7,175,39,75,142,110,245,225,5
434,8,195,148,53,106,59,24,175,144
434,9,99,193,1,25,45,229,86,143
434,10,126,217,27,37,21,4,13,71
434,11,239,81,74,32,123,23,13,224
434,12,169,6,48,41,16,199,195,201
434,13,58,34,145,149,212,45,121,132
434,14,204,35,71,41,253,102,123,55
434,15,235,141,190,139,178,98,229,158
434,16,172,107,104,158,18,160,112,192
434,17,44,69,233,227,51,192,167,109
434,18,241,77,60,199,227,40,99,110
434,19,24,212,115,192,1,180,122,90
434,20,195,245,127,174,148,81,235,158
434,21,193,232,99,135,60,1,7,238
434,22,126,127,217,44,21,27,10,43
434,23,239,81,74,13,32,230,90,82
434,24,137,6,120,224,195,252,83,92
434,25,34,180,254,58,212,145,121,172
434,26,0,55,253,132,219,107,205,170
434,27,190,139,235,229,141,173,59,223
434,28,172,160,191,112,104,209,100,18
434,29,69,44,233,192,108,152,131,165
434,30,241,77,152,223,60,199,102,99
434,31,212,174,133,122,180,161,114,115
434,32,67,73,255,241,251,175,52,250
434,33,110,70,61,51,4,221,237,39
434,34,244,254,219,105,108,122,110,222
434,35,198,43,162,65,106,33,248,194
434,36,60,75,76,245,237,80,69,252
434,37,170,1,240,92,243,53,152,160
434,38,177,11,252,159,165,241,185,132
434,39,166,8,193,57,162,6,249,66
435,0,228,21,102,14,93,210,194,130
435,1,179,217,234,127,39,90,253,77
435,2,196,176,238,217,171,151,241,225
435,3,164,232,255,161,150,43,123,137
435,4,140,193,189,146,184,21,132,229
435,5,111,25,159,0,108,248,234,139
435,6,12,98,249,30,237,7,118,230
435,7,75,142,39,225,13,236,237,104
435,8,50,53,148,195,143,144,24,219
435,9,99,221,58,163,45,169,204,195
435,10,21,162,148,4,217,172,199,44
435,11,239,74,81,237,78,5,168,183
435,12,137,13,16,213,164,6,184,41
435,13,180,34,58,132,194,242,3,149
435,14,30,55,0,223,71,41,4,17
435,15,190,139,141,208,235,196,6,150
435,16,107,60,172,175,104,192,126,158
435,17,69,86,44,112,248,192,108,125
435,18,199,99,241,77,110,195,60,102
435,19,24,1,90,141,114,239,125,246
435,20,195,172,127,245,133,50,145,174
435,21,99,204,214,58,213,174,238,45
435,22,217,148,44,21,104,126,37,176
435,23,81,239,237,179,5,74,233,40
435,24,137,158,120,252,195,199,169,229
435,25,34,180,194,254,58,246,145,248
435,26,0,17,55,132,126,30,4,154
435,27,190,139,235,6,238,141,208,229
435,28,191,172,160,209,60,75,104,187
435,29,69,44,192,233,86,108,91,131
435,30,241,77,99,152,199,223,92,102
435,31,212,174,114,133,180,90,115,125
435,32,251,67,73,143,241,255,63,104
435,33,70,110,51,50,66,87,118,30
435,34,254,150,123,244,13,218,192,154
435,35,53,14,38,176,106,136,248,194
435,36,154,60,252,165,53,31,103,148
435,37,1,219,199,240,243,118,214,53
435,38,144,115,175,37,239,73,222,68
435,39,162,96,166,10,100,41,136,6
436,0,228,239,225,21,102,93,14,23
436,1,28,127,142,94,119,102,172,147
436,2,217,41,171,167,153,185,231,106
436,3,137,244,229,193,126,255,200,245
436,4,140,195,184,28,90,185,20,189
436,5,108,22,251,111,0,110,143,215
436,6,12,249,30,254,21,26,210,212
436,7,175,142,245,75,251,225,39,154
436,8,133,53,72,148,145,23,195,59
436,9,99,243,1,207,48,8,173,15
436,10,217,176,185,243,247,148,156,134
436,11,204,12,32,239,9,128,160,108
436,12,145,163,137,120,221,199,82,18
436,13,180,45,212,118,130,26,93,58
436,14,54,167,41,148,0,137,204,64
436,15,139,204,147,238,87,85,206,165
436,16,40,74,114,172,250,252,229,170
436,17,211,69,89,220,170,124,64,20
436,18,77,127,43,115,182,177,13,33
436,19,30,11,122,20,132,124,241,137
436,20,133,72,145,224,220,61,151,19
436,21,99,207,117,255,67,61,7,243
436,22,160,187,225,42,234,176,243,116
436,23,80,56,204,9,141,12,157,254
436,24,163,125,81,87,222,18,111,88
436,25,66,93,157,118,219,95,221,26
436,26,159,106,60,167,146,54,182,214
436,27,139,206,204,26,100,110,242,245
436,28,74,167,150,73,215,252,170,0
436,29,69,150,201,211,200,79,124,89
436,30,195,77,174,182,229,31,191,123
436,31,195,204,11,241,132,14,7,77
436,32,127,33,27,13,8,101,240,15
436,33,67,70,4,60,203,39,208,2
436,34,254,105,16,120,169,155,192,128
436,35,194,53,202,14,162,38,222,130
436,36,154,164,75,80,59,103,165,7
436,37,1,219,199,165,125,213,122,66
436,38,239,175,165,192,137,49,218,159
436,39,75,235,100,57,204,249,56,234
437,0,97,150,166,113,210,142,10,205
437,1,196,102,111,67,247,85,137,172
437,2,196,9,14,97,154,176,102,191
437,3,137,73,126,121,255,136,100,158
437,4,101,61,185,120,193,140,248,92
437,5,108,222,159,0,56,154,83,85
437,6,12,98,30,237,118,249,160,193
437,7,75,175,188,72,237,142,225,251
437,8,195,53,148,106,174,72,214,181
437,9,99,241,169,1,195,204,193,214
437,10,126,231,214,21,118,183,76,217
437,11,239,205,92,73,183,78,61,81
437,12,137,164,83,6,104,102,232,254
437,13,34,58,171,132,149,5,146,121
437,14,132,71,41,136,0,163,35,254
437,15,190,139,141,70,235,27,65,59
437,16,107,172,191,104,192,248,89,209
437,17,69,44,192,112,233,209,10,253
437,18,241,152,77,60,199,40,104,223
437,19,180,1,174,246,90,115,100,255
437,20,195,174,245,53,145,148,241,127
437,21,99,254,68,135,174,193,213,176
437,22,44,126,148,60,172,127,11,10
437,23,81,92,5,90,230,226,173,205
437,24,137,120,83,164,254,195,168,77
437,25,34,254,58,246,209,248,121,132
437,26,163,132,0,254,230,154,41,236
437,27,139,190,70,168,141,34,235,238
437,28,209,172,191,160,100,158,104,210
437,29,69,44,192,131,233,25,226,45
437,30,241,77,152,199,223,92,102,60
437,31,180,212,174,133,161,115,125,90
437,32,67,73,241,52,255,251,63,193
437,33,51,70,110,87,50,66,32,109
437,34,150,254,123,192,88,120,223,235
437,35,53,14,194,67,248,238,41,164
437,36,154,135,164,78,188,213,53,4
437,37,1,199,219,213,52,165,240,115
437,38,239,175,68,60,93,192,111,245
437,39,25,230,100,103,195,225,184,65
438,0,211,195,70,41,37,137,86,60
438,1,118,55,237,220,248,176,28,78
438,2,195,143,198,91,217,32,47,87
438,3,137,22,93,56,126,180,182,41
438,4,189,147,134,185,140,233,197,61
438,5,222,108,82,164,25,154,111,122
438,6,12,98,30,120,237,69,72,36
438,7,75,72,236,175,203,142,155,183
438,8,50,53,172,145,181,133,252,148
438,9,99,58,221,1,28,243,204,174
438,10,217,21,44,172,249,76,199,38
438,11,5,239,117,22,218,249,121,205
438,12,137,13,232,104,6,184,78,23
438,13,180,194,132,171,34,209,35,91
438,14,0,17,136,71,30,166,248,73
438,15,70,190,139,141,6,208,238,28
438,16,88,209,191,162,175,158,107,144
438,17,86,69,44,42,192,144,184,47
438,18,199,129,239,54,241,99,123,152
438,19,24,114,203,174,1,9,246,90
438,20,172,53,195,145,72,133,241,146
438,21,99,254,58,45,32,204,214,174
438,22,78,44,38,172,217,135,148,224
438,23,121,117,22,166,5,239,40,205
438,24,137,14,158,195,213,90,164,58
438,25,34,180,171,254,246,35,64,132
438,26,163,0,55,132,136,4,126,232
438,27,139,70,190,141,66,59,208,173
438,28,191,209,172,160,112,254,215,104
438,29,69,44,86,192,225,209,217,184
438,30,77,239,241,129,99,152,199,60
438,31,174,212,114,149,133,180,115,125
438,32,67,73,136,251,109,241,63,123
438,33,87,61,70,66,30,110,118,135
438,34,244,13,254,154,121,150,179,211
438,35,53,14,171,77,64,23,68,194
438,36,213,164,154,60,4,148,26,99
438,37,1,219,132,199,122,66,165,184
438,38,68,175,132,239,73,93,0,202
438,39,211,57,32,75,112,8,184,56
439,0,119,243,129,169,214,5,227,96
439,1,102,172,147,142,108,127,176,160
439,2,37,25,195,175,206,56,69,138
439,3,93,149,109,71,126,69,105,136
439,4,28,200,121,140,90,134,132,205
439,5,108,128,154,222,152,146,197,4
439,6,12,237,120,113,30,98,210,249
439,7,175,75,245,78,72,24,26,33
439,8,195,148,53,145,59,72,240,106
439,9,99,1,109,143,195,193,150,241
439,10,217,126,54,76,148,214,78,108
439,11,239,117,139,11,22,121,230,105
439,12,149,10,232,240,14,51,48,188
439,13,171,58,145,180,215,34,212,45
439,14,164,132,163,204,0,94,41,21
439,15,221,139,190,92,141,45,238,173
439,16,160,172,191,158,104,144,112,164
439,17,69,44,209,108,1,152,192,125
439,18,85,77,241,152,193,99,54,174
439,19,24,174,1,212,115,114,90,122
439,20,195,148,145,233,245,174,150,72
439,21,99,214,193,1,238,243,143,150
439,22,10,217,126,148,184,44,60,179
439,23,105,19,230,5,81,61,139,129
439,24,137,149,144,211,90,232,120,13
439,25,171,34,180,208,91,254,139,247
439,26,132,4,94,164,55,0,236,126
439,27,139,190,221,56,11,141,70,61
439,28,191,160,112,34,172,158,57,209
439,29,69,44,13,42,152,167,209,125
439,30,241,77,182,152,85,123,8,223
439,31,174,212,133,194,238,114,92,1
439,32,251,136,73,149,67,63,233,43
439,33,87,70,30,204,118,106,165,110
439,34,244,154,91,192,179,223,38,136
439,35,14,171,53,107,134,71,194,164
439,36,213,164,60,29,225,237,25,140
439,37,1,25,102,239,221,122,54,108
439,38,68,175,239,63,222,16,252,115
439,39,113,96,136,201,80,46,91,175
440,0,42,252,12,25,165,83,100,180
440,1,240,60,186,184,160,145,180,12
440,2,56,69,211,206,248,146,124,30
440,3,105,73,85,93,245,224,149,126
440,4,28,140,134,227,61,187,146,19
440,5,128,108,222,82,4,173,154,122
440,6,12,120,30,218,212,237,72,202
440,7,72,175,237,33,142,11,245,5
440,8,53,148,50,38,195,145,172,59
440,9,99,58,243,1,225,20,221,45
440,10,78,214,76,152,217,21,199,191
440,11,183,239,237,143,73,61,33,173
440,12,149,158,23,137,13,201,199,229
440,13,180,194,171,121,60,58,254,34
440,14,17,136,0,166,248,132,164,66
440,15,6,139,221,238,190,70,141,189
440,16,60,191,172,160,144,162,58,100
440,17,69,144,44,248,79,42,86,208
440,18,99,195,239,77,123,79,32,125
440,19,239,24,114,9,246,23,90,92
440,20,172,145,195,174,50,133,146,168
440,21,99,221,58,214,32,150,235,176
440,22,78,176,217,44,148,126,76,118
440,23,237,81,72,40,173,239,77,5
440,24,137,158,149,213,23,195,229,232
440,25,194,34,180,254,121,171,24,247
440,26,17,0,164,184,126,254,132,4
440,27,139,221,6,190,70,238,141,202
440,28,191,151,172,162,160,187,159,91
440,29,69,44,91,13,108,100,209,40
440,30,99,239,77,241,152,123,253,79
440,31,133,114,174,236,115,203,1,23
440,32,251,5,67,73,31,104,143,63
440,33,70,118,30,51,87,247,243,110
440,34,241,254,150,192,179,222,198,123
440,35,53,170,14,194,13,222,171,246
440,36,154,53,164,29,254,149,7,30
440,37,1,199,25,219,165,185,6,207
440,38,239,7,175,131,159,191,188,8
440,39,75,100,253,74,201,139,97,56
441,0,150,97,113,166,142,210,219,205
441,1,102,41,177,142,6,247,15,116
441,2,24,113,146,226,206,30,114,176
441,3,146,189,136,46,73,88,84,80
441,4,161,61,14,10,67,167,227,33
441,5,108,128,173,222,154,237,130,243
441,6,12,120,237,30,202,240,218,212
441,7,75,72,33,175,142,5,26,104
441,8,195,174,53,148,33,59,251,214
441,9,99,132,39,195,211,193,1,233
441,10,172,76,148,126,217,78,214,152
441,11,117,36,178,73,239,183,121,254
441,12,10,149,14,240,73,109,137,176
441,13,104,58,34,171,215,33,121,254
441,14,163,132,147,105,248,68,94,204
441,15,139,65,235,16,141,190,238,221
441,16,151,172,158,104,160,191,209,25
441,17,44,69,192,160,209,110,253,212
441,18,241,128,239,77,60,152,125,252
441,19,90,115,24,1,246,12,180,100
441,20,174,195,33,245,145,241,217,146
441,21,132,99,214,238,222,39,204,7
441,22,44,195,148,126,11,10,60,38
441,23,36,81,73,173,121,129,117,61
441,24,149,92,144,87,209,195,133,229
441,25,104,171,254,34,161,58,121,153
441,26,163,219,8,55,45,228,210,211
441,27,139,190,141,65,223,212,158,66
441,28,151,209,172,160,158,66,255,191
441,29,44,131,69,23,192,57,110,209
441,30,241,77,152,128,239,228,222,12
441,31,133,1,236,238,180,100,158,212
441,32,251,67,73,0,132,52,193,63
441,33,70,51,50,87,242,221,77,243
441,34,254,223,150,88,211,151,123,192
441,35,53,194,14,222,38,173,64,128
441,36,154,7,53,29,165,80,149,240
441,37,1,219,165,199,115,242,180,240
441,38,239,175,191,98,117,222,159,111
441,39,25,253,100,204,222,133,164,35
442,0,211,178,12,6,100,245,195,137
442,1,118,55,151,39,173,176,72,191
442,2,61,198,76,195,143,206,69,91
442,3,22,93,189,105,65,85,109,28
442,4,203,200,147,134,140,61,193,189
442,5,222,82,154,42,108,91,111,237
442,6,12,120,237,98,30,239,36,113
442,7,142,75,237,175,72,225,26,104
442,8,53,175,145,148,50,72,133,213
442,9,99,58,45,221,28,243,1,101
442,10,78,249,104,199,38,118,172,152
442,11,74,117,121,173,34,148,87,22
442,12,137,144,92,10,158,184,201,13
442,13,171,180,194,34,215,20,149,78
442,14,17,132,57,163,113,248,136,55
442,15,66,139,97,141,208,189,190,238
442,16,227,203,160,191,158,209,162,234
442,17,69,171,44,192,144,208,247,79
442,18,123,99,239,129,77,195,241,54
442,19,24,23,9,1,99,90,92,246
442,20,172,195,174,145,50,252,146,245
442,21,58,214,99,248,176,204,150,210
442,22,249,78,104,44,121,118,38,199
442,23,22,74,173,121,61,5,82,132
442,24,105,144,92,137,158,146,232,242
442,25,171,194,34,209,132,254,215,149
442,26,0,57,163,209,92,126,4,136
442,27,66,139,93,190,141,97,70,69
442,28,191,162,57,160,203,158,172,18
442,29,69,44,171,208,100,215,99,13
442,30,99,77,129,241,123,239,152,74
442,31,114,133,174,236,90,23,1,45
442,32,67,136,251,73,63,123,31,193
442,33,61,87,30,66,110,118,165,70
442,34,244,179,13,154,108,254,121,150
442,35,248,64,171,225,53,33,40,117
442,36,29,75,140,60,25,126,32,31
442,37,1,240,160,219,132,54,120,25
442,38,68,18,239,37,131,252,111,176
442,39,211,21,10,57,22,66,67,35
443,0,119,169,243,214,133,227,9,118
443,1,102,176,156,127,142,147,104,108
443,2,37,25,65,138,247,175,195,14
443,3,242,93,71,212,209,109,85,5
443,4,200,28,181,249,19,187,61,140
443,5,108,128,222,197,154,4,111,122
443,6,12,120,237,30,98,113,202,72
443,7,72,175,225,73,75,26,104,11
443,8,195,53,148,166,240,59,144,54
443,9,99,109,195,233,143,238,63,157
443,10,78,148,172,144,123,43,160,53
443,11,135,80,11,24,254,45,61,117
443,12,137,10,176,77,216,167,90,250
443,13,146,234,208,34,78,64,236,119
443,14,132,248,73,204,84,101,54,65
443,15,139,74,170,145,235,190,1,238
443,16,74,191,195,104,235,172,215,4
443,17,69,8,1,222,58,244,238,209
443,18,91,77,152,225,16,58,119,144
443,19,59,115,212,122,34,100,137,211
443,20,148,53,133,85,181,240,233,72
443,21,207,1,229,99,254,225,231,179
443,22,160,26,132,59,148,53,134,205
443,23,80,141,170,162,60,44,223,205
443,24,176,116,178,168,250,137,143,144
443,25,145,212,146,183,58,98,166,76
443,26,204,132,96,194,163,21,59,211
443,27,1,139,3,169,206,14,134,16
443,28,74,122,72,45,191,235,112,172
443,29,150,1,69,89,152,222,115,198
443,30,91,77,175,64,152,144,119,225
443,31,212,59,95,88,132,135,122,100
443,32,33,236,47,255,117,31,156,139
443,33,192,81,146,142,206,254,21,110
443,34,16,246,10,87,244,23,108,43
443,35,14,36,171,202,167,235,71,89
443,36,188,110,153,60,78,10,154,172
443,37,238,103,124,199,8,93,55,1
443,38,103,233,175,206,191,112,0,245
443,39,42,113,120,101,255,136,118,91
444,0,42,252,12,165,25,100,34,83
444,1,240,60,180,145,186,228,160,184
444,2,247,65,211,124,2,222,177,24
444,3,242,209,85,111,239,138,39,203
444,4,244,61,146,187,19,22,28,35
444,5,128,108,4,222,111,82,173,122
444,6,12,120,30,237,218,202,72,240
444,7,72,142,11,175,33,26,24,237
444,8,53,216,148,195,38,72,145,175
444,9,99,243,1,77,20,28,68,163
444,10,217,148,172,38,184,108,74,53
444,11,117,140,136,143,74,239,43,105
444,12,149,10,242,144,248,137,22,201
444,13,34,58,180,171,254,215,83,24
444,14,132,163,0,136,248,113,223,50
444,15,139,190,238,221,134,189,208,1
444,16,158,191,192,100,160,172,200,215
444,17,69,44,119,79,209,192,160,10
444,18,239,123,77,152,241,99,60,125
444,19,23,163,133,115,1,100,186,249
444,20,195,72,174,216,146,145,245,148
444,21,214,99,225,77,7,235,222,150
444,22,148,212,217,44,70,127,23,211
444,23,178,61,233,136,173,123,40,26
444,24,149,137,242,73,224,201,144,195
444,25,171,254,180,58,121,119,201,34
444,26,184,41,163,132,92,4,223,45
444,27,139,190,179,221,235,158,141,223
444,28,172,151,191,91,100,160,209,175
444,29,44,69,119,108,209,192,131,40
444,30,241,77,239,152,99,183,0,102
444,31,115,163,133,23,1,212,220,196
444,32,67,73,255,193,251,52,0,250
444,33,70,110,79,118,51,64,87,0
444,34,254,241,244,150,198,115,27,211
444,35,53,14,194,239,27,222,170,64
444,36,154,7,252,81,93,53,60,149
444,37,1,5,219,122,199,25,86,125
444,38,239,0,175,5,176,159,117,222
444,39,57,75,40,100,225,164,201,74
445,0,91,118,9,227,101,179,119,35
445,1,102,142,147,172,184,127,176,227
445,2,34,59,24,205,50,65,68,99
445,3,212,77,88,189,183,126,245,69
445,4,108,241,15,151,131,140,19,28
445,5,108,154,128,173,152,50,22,222
445,6,12,120,30,249,237,240,54,218
445,7,75,33,175,72,26,104,39,142
445,8,53,148,195,72,213,59,145,214
445,9,99,77,203,195,235,211,1,205
445,10,148,23,126,113,172,118,217,121
445,11,178,117,32,73,239,136,243,183
445,12,10,137,149,176,242,240,41,109
445,13,34,58,180,170,171,215,83,45
445,14,184,132,35,204,223,30,163,88
445,15,139,235,238,190,221,141,102,147
445,16,172,158,104,191,114,192,160,29
445,17,69,44,192,111,109,53,233,209
445,18,239,77,60,216,125,138,42,99
445,19,115,90,1,246,9,163,24,220
445,20,195,217,113,245,148,81,39,210
445,21,38,214,99,235,7,150,72,248
445,22,148,23,217,44,11,200,113,27
445,23,81,178,32,129,239,123,113,205
445,24,41,137,254,120,246,114,229,161
445,25,34,58,254,121,180,201,145,4
445,26,184,223,0,55,4,204,91,132
445,27,139,190,141,235,223,156,22,238
445,28,172,115,191,158,160,100,25,148
445,29,69,44,109,108,40,45,91,23
445,30,77,239,224,58,60,38,227,228
445,31,192,212,127,236,115,1,196,238
445,32,108,67,251,241,226,250,63,204
445,33,79,85,66,27,1,110,51,187
445,34,27,74,91,244,52,254,189,130
445,35,27,239,194,248,33,64,156,225
445,36,222,60,25,237,149,225,245,99
445,37,5,160,88,25,241,240,86,98
445,38,193,239,176,117,252,206,105,153
445,39,228,235,208,84,95,50,225,86
446,0,190,141,253,235,221,115,158,47
446,1,113,179,203,7,217,145,188,180
446,2,239,127,217,68,109,129,153,174
446,3,35,128,34,91,48,190,69,77
446,4,153,187,28,205,140,163,6,0
446,5,222,135,108,152,154,111,99,50
446,6,12,237,210,249,30,98,203,218
446,7,175,118,78,142,39,123,245,5
446,8,195,113,123,104,175,40,59,53
446,9,116,38,203,191,99,84,30,1
446,10,13,27,36,65,125,11,126,121
446,11,178,233,23,239,81,73,123,173
446,12,93,41,169,199,85,151,201,87
446,13,58,121,105,11,149,45,180,212
446,14,184,41,204,132,30,88,223,57
446,15,235,139,172,190,141,55,147,98
446,16,172,158,238,112,204,18,144,104
446,17,69,44,109,233,167,116,160,108
446,18,77,227,224,60,197,47,110,125
446,19,192,24,115,212,1,90,246,153
446,20,195,113,174,245,243,133,145,252
446,21,116,38,72,214,193,99,1,235
446,22,36,27,44,217,127,83,126,65
446,23,81,239,178,205,193,23,123,125
446,24,199,254,93,137,224,195,169,92
446,25,34,180,105,11,201,254,121,149
446,26,0,41,149,223,55,184,88,30
446,27,229,139,190,141,235,147,69,223
446,28,238,172,191,18,115,100,75,140
446,29,69,44,109,108,45,23,196,91
446,30,77,227,224,58,51,228,60,157
446,31,212,192,238,122,127,115,26,236
446,32,226,108,241,251,250,204,67,63
446,33,79,85,51,66,93,77,27,210
446,34,27,74,132,254,130,52,244,137
446,35,239,27,53,14,194,156,64,242
446,36,222,20,192,102,149,60,53,190
446,37,39,88,129,5,98,160,118,184
446,38,64,190,109,239,193,134,100,108
446,39,186,84,235,196,115,131,208,17
447,0,193,167,38,54,94,44,112,130
447,1,122,117,201,140,105,179,217,84
447,2,217,239,127,167,173,64,129,68
447,3,91,35,34,128,48,73,90,220
447,4,187,205,159,120,153,80,18,246
447,5,239,159,152,222,111,160,130,226
447,6,98,12,97,118,237,30,7,124
447,7,142,75,237,175,230,225,110,221
447,8,113,195,53,148,175,144,166,214
447,9,99,116,7,163,205,235,203,195
447,10,189,76,115,175,182,212,121,104
447,11,239,253,41,162,183,74,73,80
447,12,137,10,16,70,104,254,126,41
447,13,34,58,5,119,227,78,180,209
447,14,132,248,0,57,227,193,223,71
447,15,235,139,190,74,238,158,55,70
447,16,172,191,74,104,160,182,49,103
447,17,69,44,209,116,192,125,210,109
447,18,77,199,125,224,110,138,65,252
447,19,115,1,9,246,95,212,234,125
447,20,133,195,245,30,72,148,145,53
447,21,99,214,1,150,176,243,28,211
447,22,160,148,217,200,108,44,147,78
447,23,61,80,32,117,81,78,213,162
447,24,10,137,201,91,195,176,161,82
447,25,34,58,145,180,247,121,119,254
447,26,132,0,126,130,236,227,248,254
447,27,139,235,238,190,141,90,227,196
447,28,191,74,172,176,158,209,197,203
447,29,69,150,125,44,79,204,40,192
447,30,77,123,182,97,224,252,238,152
447,31,212,95,238,133,246,220,207,115
447,32,127,33,251,168,241,74,163,255
447,33,51,219,50,187,192,91,242,60
447,34,254,123,186,16,150,27,142,38
447,35,194,53,14,164,137,162,238,41
447,36,154,252,80,169,173,165,53,240
447,37,129,219,165,118,199,180,120,70
447,38,190,239,109,175,115,11,222,100
447,39,235,25,86,222,87,164,225,173
448,0,71,200,21,102,33,57,58,147
448,1,147,172,129,127,189,224,103,112
448,2,217,72,11,174,239,68,233,219
448,3,48,137,193,121,245,246,73,96
448,4,140,187,193,205,114,132,28,189
448,5,166,108,111,154,227,248,75,109
448,6,98,12,7,205,237,96,69,252
448,7,142,175,75,110,237,225,230,104
448,8,195,53,148,24,106,59,214,245
448,9,99,193,148,45,163,195,60,1
448,10,126,76,175,6,21,189,104,37
448,11,239,74,81,213,253,171,205,192
448,12,16,169,254,92,144,120,70,10
448,13,34,58,5,180,121,149,145,3
448,14,223,0,41,88,4,30,132,102
448,15,141,235,139,190,229,196,27,69
448,16,124,107,104,172,191,34,160,236
448,17,44,69,192,125,209,26,108,116
448,18,77,199,227,60,32,125,224,54
448,19,115,1,180,192,24,90,9,212
448,20,195,245,174,252,53,148,145,133
448,21,99,72,148,235,193,1,214,210
448,22,126,127,11,212,44,21,217,182
448,23,239,81,45,233,205,213,61,168
448,24,137,16,126,169,254,120,70,142
448,25,34,5,251,180,149,246,58,254
448,26,0,4,126,154,132,236,223,232
448,27,139,190,141,42,235,69,203,238
448,28,191,172,124,104,158,209,100,34
448,29,69,44,192,26,45,131,40,111
448,30,77,92,123,152,227,223,40,234
448,31,180,212,1,133,95,115,235,102
448,32,251,241,204,108,227,67,74,233
448,33,51,50,66,110,106,204,32,177
448,34,254,150,123,66,218,223,192,138
448,35,53,194,14,238,67,106,246,41
448,36,154,99,53,135,163,240,7,149
448,37,218,219,165,199,171,136,1,213
448,38,239,190,175,77,67,100,111,49
448,39,87,32,140,103,56,65,123,153
449,0,211,70,37,77,0,26,217,176
449,1,55,237,220,118,115,65,78,125
449,2,195,72,199,91,143,221,191,79
449,3,137,22,93,182,126,180,209,96
449,4,147,134,140,200,197,28,46,132
449,5,154,91,80,60,72,237,164,76
449,6,12,7,120,30,237,98,72,40
449,7,72,75,203,175,252,142,183,120
449,8,50,53,133,148,108,252,181,145
449,9,99,58,221,1,28,150,243,163
449,10,199,172,21,217,162,37,133,135
449,11,239,117,171,121,74,168,144,218
449,12,137,254,142,126,70,104,14,13
449,13,180,34,251,78,115,194,201,35
449,14,223,0,112,17,29,88,132,110
449,15,141,190,139,153,238,196,6,208
449,16,203,162,75,191,16,48,209,192
449,17,69,45,86,44,42,243,192,108
449,18,129,99,123,77,54,199,195,51
449,19,1,114,24,90,9,92,246,174
449,20,172,195,145,53,50,252,245,146
449,21,99,72,58,150,235,214,121,176
449,22,78,21,44,199,172,189,11,38
449,23,45,121,239,74,117,61,102,40
449,24,214,142,14,126,254,158,137,10
449,25,34,251,201,243,146,35,64,215
449,26,0,4,110,163,112,126,223,236
449,27,141,139,42,190,6,208,243,153
449,28,191,158,209,162,254,203,48,100
449,29,44,69,45,225,59,209,131,86
449,30,99,129,77,152,8,239,241,238
449,31,114,149,174,133,90,127,236,250
449,32,233,251,109,227,123,73,136,67
449,33,61,106,87,204,66,27,91,110
449,34,154,13,66,189,108,254,121,130
449,35,77,188,246,173,14,19,64,41
449,36,213,148,224,190,164,150,230,137
449,37,1,24,132,254,160,30,54,66
449,38,132,73,239,193,186,191,62,202
449,39,57,100,235,211,193,253,32,84
450,0,119,9,227,118,125,186,59,85
450,1,102,160,196,127,207,65,57,176
450,2,37,25,69,206,175,56,197,14
450,3,105,65,85,193,141,88,96,67
450,4,247,200,16,181,28,19,62,111
450,5,154,108,197,75,109,175,173,189
450,6,120,30,12,98,237,210,249,106
450,7,175,118,251,178,225,24,75,5
450,8,195,240,53,59,106,148,24,213
450,9,193,195,99,83,60,163,1,109
450,10,4,118,199,224,76,83,172,152
450,11,121,239,178,144,117,188,254,123
450,12,69,240,10,48,14,201,142,188
450,13,34,58,152,121,215,4,253,106
450,14,0,4,68,219,236,107,104,45
450,15,243,141,27,190,196,187,223,193
450,16,158,18,109,66,247,144,131,16
450,17,44,227,121,34,134,192,45,225
450,18,8,40,193,104,129,51,37,3
450,19,174,90,158,1,94,246,254,46
450,20,195,223,150,106,127,246,245,211
450,21,222,193,60,121,184,195,109,190
450,22,127,11,212,44,43,49,210,118
450,23,129,45,224,152,239,24,26,226
450,24,16,214,184,224,254,69,177,87
450,25,34,161,64,184,251,2,172,136
450,26,0,110,200,142,185,219,215,107
450,27,42,243,141,137,127,187,196,70
450,28,89,109,174,66,16,18,158,194
450,29,59,45,44,161,40,69,118,183
450,30,40,30,238,193,140,146,86,42
450,31,194,94,197,90,1,168,236,158
450,32,227,233,251,149,64,79,135,133
450,33,204,106,87,32,4,108,27,137
450,34,66,154,192,108,189,137,76,157
450,35,215,193,69,246,195,188,140,137
450,36,230,106,64,240,47,99,85,133
450,37,160,243,171,166,218,51,137,240
450,38,252,68,239,192,65,137,62,193
450,39,47,115,222,132,25,86,84,100
451,0,195,137,211,170,0,248,99,103
451,1,55,173,220,237,248,103,125,28
451,2,222,211,69,206,32,56,248,214
451,3,184,66,207,239,18,181,96,41
451,4,207,225,218,40,52,226,212,223
451,5,36,196,108,33,197,173,168,130
451,6,120,12,218,30,179,131,98,253
451,7,18,149,251,86,175,230,11,168
451,8,195,26,108,106,9,146,128,53
451,9,99,204,60,62,121,7,163,48
451,10,172,152,38,37,191,28,168,224
451,11,117,121,166,239,243,30,200,26
451,12,10,14,149,109,184,114,168,240
451,13,34,4,208,254,24,144,109,215
451,14,163,85,132,248,115,0,232,247
451,15,139,190,1,193,208,158,28,48
451,16,209,191,158,1,155,204,25,104
451,17,42,192,69,217,44,209,210,79
451,18,239,223,152,123,180,199,182,8
451,19,133,174,238,95,127,149,101,234
451,20,53,148,72,145,195,240,213,54
451,21,99,225,254,77,236,233,1,43
451,22,172,38,148,168,138,41,160,191
451,23,117,163,88,180,172,252,166,78
451,24,14,109,104,27,107,195,216,90
451,25,254,237,67,83,82,181,85,246
451,26,163,132,85,200,236,232,35,141
451,27,139,208,134,220,142,29,62,59
451,28,151,209,210,204,191,66,100,91
451,29,44,225,45,69,23,246,10,248
451,30,239,0,180,125,206,12,77,178
451,31,163,160,158,250,58,213,100,197
451,32,3,227,5,66,0,250,40,94
451,33,79,195,27,90,137,4,39,225
451,34,74,27,108,184,6,20,189,192
451,35,239,27,64,217,245,248,33,105
451,36,25,93,222,165,237,190,229,233
451,37,5,171,160,144,65,205,125,54
451,38,193,5,131,73,191,42,252,125
451,39,115,228,235,168,84,208,222,180
452,0,190,253,235,141,208,158,115,221
452,1,184,113,7,180,145,247,188,121
452,2,206,17,69,4,30,114,25,138
452,3,91,35,77,34,231,128,181,183
452,4,187,135,179,214,140,234,163,39
452,5,145,99,189,107,166,78,227,130
452,6,12,120,218,98,30,202,121,0
452,7,118,175,33,75,70,72,123,104
452,8,195,24,106,53,200,158,175,113
452,9,116,38,195,99,7,83,118,60
452,10,191,76,83,118,210,199,175,13
452,11,127,36,74,239,233,205,81,73
452,12,87,69,112,48,93,175,49,5
452,13,104,121,253,33,70,58,152,68
452,14,200,35,0,147,211,70,91,110
452,15,196,141,190,27,42,128,243,124
452,16,151,218,158,18,204,216,109,192
452,17,44,227,45,53,40,55,116,121
452,18,128,193,88,60,125,113,37,47
452,19,90,12,246,94,1,220,242,161
452,20,195,174,127,245,246,81,223,150
452,21,116,126,132,60,184,190,7,195
452,22,127,44,212,69,21,13,118,210
452,23,74,129,36,239,113,233,26,184
452,24,214,195,16,204,87,29,184,95
452,25,104,251,34,241,172,136,184,246
452,26,0,110,219,236,215,142,200,154
452,27,190,141,59,229,139,243,42,196
452,28,151,255,89,218,158,100,187,194
452,29,44,59,57,45,23,69,181,55
452,30,40,238,77,12,37,228,125,42
452,31,10,238,236,161,111,1,68,197
452,32,226,251,250,40,163,95,32,0
452,33,137,225,85,51,243,115,4,227
452,34,108,192,74,6,234,27,189,194
452,35,239,64,27,38,238,246,225,248
452,36,222,190,149,163,165,61,59,233
452,37,160,144,240,172,165,241,37,54
452,38,193,239,252,131,32,188,126,254
452,39,186,115,95,218,208,190,22,159
453,0,193,167,38,54,94,130,112,44
453,1,122,117,201,105,58,238,249,140
453,2,241,53,6,16,208,176,186,140
453,3,91,35,34,128,183,74,220,122
453,4,179,187,159,246,80,237,41,145
453,5,145,239,159,130,226,255,160,56
453,6,98,124,199,239,118,96,160,198
453,7,237,155,141,142,230,241,225,75
453,8,53,195,113,166,175,24,106,163
453,9,99,63,235,248,194,127,184,201
453,10,144,176,23,78,127,44,123,79
453,11,42,135,61,58,181,239,45,204
453,12,137,10,201,196,176,22,90,51
453,13,34,180,208,170,174,201,153,238
453,14,132,248,44,73,189,54,154,223
453,15,139,190,238,74,223,206,147,12
453,16,234,191,172,114,74,59,195,100
453,17,69,170,211,8,79,220,10,116
453,18,77,209,32,91,52,176,127,138
453,19,59,115,30,118,1,212,234,9
453,20,133,148,53,174,145,195,245,194
453,21,99,214,207,176,7,67,127,204
453,22,116,160,176,108,205,162,194,208
453,23,204,80,56,230,61,141,146,78
453,24,137,195,13,91,39,163,82,87
453,25,34,216,145,254,78,180,153,172
453,26,132,78,54,17,248,126,232,228
453,27,139,238,190,206,208,102,59,223
453,28,191,74,234,158,16,228,247,129
453,29,69,150,79,1,100,165,9,144
453,30,77,123,176,52,122,182,60,252
453,31,67,204,95,122,238,137,221,220
453,32,33,255,47,54,151,208,219,101
453,33,192,203,81,67,161,12,220,91
453,34,16,247,128,246,244,109,108,189
453,35,79,202,194,167,36,125,171,8
453,36,110,134,188,78,153,169,154,173
453,37,219,199,103,148,238,165,8,52
453,38,103,190,175,239,109,191,105,91
453,39,120,25,208,87,20,159,148,118
454,0,71,21,102,58,57,200,33,194
454,1,147,129,172,189,127,103,142,224
454,2,28,72,241,67,206,245,135,54
454,3,193,121,150,137,48,194,96,181
454,4,140,193,244,114,21,246,187,41
454,5,109,166,227,72,248,75,24,130
454,6,98,239,179,160,252,96,199,205
454,7,237,142,225,188,141,230,110,72
454,8,195,53,24,106,245,216,148,202
454,9,99,163,53,148,195,60,201,7
454,10,21,255,126,6,76,183,199,212
454,11,74,140,183,61,22,239,80,205
454,12,126,137,216,10,104,212,77,24
454,13,34,71,209,227,234,26,78,255
454,14,132,150,248,193,73,0,154,71
454,15,139,170,190,74,235,145,206,90
454,16,74,191,172,195,186,100,235,250
454,17,69,8,238,58,12,244,44,222
454,18,77,91,64,171,58,73,233,119
454,19,54,59,3,43,115,211,34,25
454,20,53,148,85,133,22,163,165,171
454,21,99,245,207,231,243,81,204,233
454,22,251,160,108,235,250,168,26,53
454,23,80,241,170,92,252,202,251,183
454,24,198,148,137,2,238,31,178,12
454,25,165,208,216,1,183,98,166,131
454,26,101,132,176,76,72,194,163,35
454,27,48,206,134,139,0,222,106,197
454,28,74,15,178,173,162,16,186,63
454,29,150,69,208,199,26,177,36,204
454,30,180,172,61,171,60,174,156,252
454,31,154,10,56,158,186,237,255,118
454,32,251,66,30,63,224,152,127,40
454,33,32,177,96,137,64,227,254,218
454,34,254,108,110,99,192,15,223,120
454,35,194,238,162,225,215,64,107,106
454,36,165,59,75,80,106,163,190,167
454,37,165,119,244,242,180,152,120,219
454,38,190,239,193,37,73,252,177,164
454,39,87,56,204,123,234,24,103,171
455,0,255,199,100,55,90,59,152,245
455,1,55,151,39,118,65,72,111,37
455,2,195,61,143,91,79,72,33,221
455,3,137,22,180,147,96,209,182,10
455,4,203,147,134,140,200,197,193,132
455,5,154,91,222,82,80,42,237,248
455,6,12,98,120,30,179,237,7,97
455,7,142,75,237,225,236,168,104,175
455,8,50,53,148,175,213,72,108,145
455,9,99,58,221,45,163,28,195,119
455,10,21,78,199,152,191,133,4,38
455,11,74,121,117,171,239,237,34,143
455,12,137,184,92,247,126,214,13,104
455,13,34,180,78,194,251,243,149,201
455,14,0,223,113,110,112,17,57,136
455,15,141,247,139,93,190,97,6,208
455,16,203,16,100,75,191,177,162,158
455,17,69,44,171,45,144,192,108,79
455,18,99,195,123,129,77,60,110,51
455,19,1,239,24,90,99,9,114,246
455,20,172,50,195,146,245,252,24,174
455,21,58,235,248,99,150,121,204,214
455,22,21,78,199,44,104,182,127,38
455,23,74,45,132,61,219,92,239,226
455,24,214,137,158,254,105,184,126,247
455,25,34,78,243,209,194,201,251,132
455,26,0,4,57,126,17,46,232,92
455,27,141,247,139,93,190,6,97,113
455,28,203,162,158,75,159,191,187,100
455,29,44,69,171,9,59,45,131,215
455,30,99,129,239,77,238,40,114,178
455,31,114,133,174,90,131,45,68,111
455,32,233,251,136,32,40,94,227,123
455,33,61,204,87,66,106,225,102,160
455,34,108,13,154,66,244,120,163,61
455,35,215,117,195,208,248,140,107,234
455,36,230,92,47,163,75,240,237,60
455,37,24,160,54,252,165,125,137,152
455,38,193,184,207,206,126,252,37,235
455,39,193,22,107,196,123,180,211,204
456,0,119,9,227,125,118,186,85,59
456,1,102,160,65,104,207,57,127,99
456,2,37,138,65,25,14,247,116,197
456,3,102,137,5,138,239,242,60,240
456,4,247,16,181,62,191,136,114,211
456,5,75,109,56,197,231,166,37,255
456,6,98,81,179,160,96,95,223,217
456,7,225,230,188,73,75,143,141,213
456,8,195,53,166,54,144,59,39,24
456,9,248,122,155,194,136,12,71,63
456,10,44,78,144,127,79,160,249,123
456,11,135,152,34,80,22,45,226,58
456,12,167,124,247,126,153,251,127,235
456,13,57,64,146,208,52,139,145,161
456,14,204,132,165,54,73,248,0,9
456,15,139,3,235,147,206,227,74,190
456,16,172,74,250,195,191,117,100,49
456,17,69,1,238,8,58,44,12,233
456,18,91,77,182,171,73,144,175,133
456,19,122,212,115,59,54,88,43,132
456,20,148,133,53,23,72,71,195,240
456,21,207,1,99,229,254,243,88,124
456,22,160,251,250,132,53,168,156,116
456,23,80,60,225,170,54,134,141,150
456,24,176,250,116,147,238,222,30,144
456,25,212,93,145,208,199,165,166,27
456,26,204,200,96,132,214,194,54,67
456,27,206,3,147,139,182,98,169,53
456,28,74,72,250,112,122,33,178,19
456,29,150,1,89,152,12,36,69,216
456,30,91,77,175,73,139,16,80,144
456,31,212,59,33,137,132,43,122,108
456,32,33,47,156,210,175,255,61,236
456,33,192,81,40,21,75,63,142,89
456,34,16,108,87,70,246,251,184,105
456,35,167,14,36,89,202,212,194,235
456,36,110,188,10,245,78,80,102,7
456,37,165,103,105,8,144,108,254,21
456,38,103,175,182,252,184,115,233,37
456,39,120,25,134,173,204,132,222,164
457,0,137,178,195,245,211,12,201,248
457,1,55,151,173,39,28,248,118,125
457,2,222,211,61,65,191,45,116,69
457,3,184,138,107,102,33,185,239,181
457,4,203,207,255,217,117,226,11,218
457,5,36,197,209,203,196,38,138,75
457,6,12,98,120,106,218,95,253,130
457,7,18,149,230,33,236,251,225,60
457,8,195,26,9,158,53,108,214,211
457,9,99,77,118,163,195,157,7,34
457,10,23,172,38,152,148,28,53,168
457,11,74,117,136,121,34,26,166,243
457,12,10,242,184,149,90,137,201,109
457,13,34,58,4,241,153,2,254,129
457,14,184,132,0,163,81,68,223,85
457,15,247,139,235,34,59,193,190,128
457,16,191,91,104,209,204,187,158,100
457,17,44,69,192,119,209,210,146,186
457,18,239,77,60,125,152,252,167,228
457,19,1,163,115,90,246,220,100,214
457,20,195,53,241,245,111,148,146,75
457,21,99,190,150,7,74,195,204,101
457,22,23,127,105,210,43,212,148,211
457,23,123,178,74,226,45,113,162,233
457,24,10,104,242,201,87,73,133,66
457,25,34,104,241,119,54,201,58,4
457,26,0,184,132,232,15,236,141,206
457,27,139,141,190,235,247,158,154,189
457,28,151,91,191,172,100,194,158,18
457,29,44,69,109,23,56,10,40,55
457,30,77,239,125,12,104,0,224,180
457,31,163,115,212,192,220,23,1,158
457,32,108,226,0,204,227,193,255,32
457,33,79,27,177,225,85,64,4,112
457,34,74,27,6,108,20,171,120,184
457,35,239,194,215,27,225,33,156,200
457,36,222,93,190,61,144,29,229,233
457,37,5,120,0,234,144,172,240,252
457,38,193,252,207,248,18,131,63,66
457,39,86,228,115,84,97,196,223,218
458,0,190,253,235,208,141,158,221,115
458,1,184,113,180,7,145,188,247,47
458,2,4,138,162,53,14,65,114,247
458,3,231,91,35,83,77,181,34,32
458,4,187,179,81,234,7,128,130,135
458,5,224,145,78,255,99,85,41,135
458,6,12,218,98,120,30,121,54,202
458,7,118,33,175,207,70,72,123,75
458,8,195,113,158,123,167,21,24,93
458,9,116,38,164,195,118,7,56,126
458,10,23,152,212,118,83,191,113,76
458,11,74,183,178,127,73,243,161,123
458,12,93,87,22,5,70,73,27,112
458,13,104,121,58,153,68,118,253,241
458,14,184,211,223,200,105,35,68,91
458,15,196,190,59,247,128,220,150,235
458,16,151,18,216,172,204,66,100,247
458,17,44,53,161,109,69,227,95,116
458,18,60,77,128,252,104,47,125,42
458,19,163,115,90,246,10,158,220,212
458,20,195,174,245,113,241,60,131,54
458,21,116,99,74,38,195,238,126,1
458,22,127,69,44,11,100,179,175,21
458,23,74,226,45,81,205,233,26,243
458,24,126,252,195,224,201,10,254,169
458,25,34,104,254,121,136,153,132,246
458,26,0,154,132,107,55,223,142,232
458,27,139,141,235,190,173,192,154,220
458,28,172,191,151,158,100,104,236,125
458,29,44,69,109,45,192,55,73,23
458,30,77,104,38,125,40,216,60,224
458,31,212,220,115,197,238,192,102,1
458,32,226,108,63,241,227,204,212,115
458,33,51,85,79,27,44,112,219,64
458,34,74,27,192,254,130,6,122,108
458,35,239,27,194,156,225,246,238,19
458,36,222,20,190,75,149,61,105,53
458,37,39,5,241,98,172,184,160,148
458,38,64,252,193,239,177,131,109,32
458,39,186,218,86,208,97,93,196,128
459,0,193,167,38,54,94,130,44,112
459,1,122,201,117,105,58,238,42,46
459,2,186,53,54,208,140,55,16,245
459,3,91,35,34,128,220,74,122,183
459,4,179,237,41,80,145,187,246,81
459,5,239,145,224,255,159,85,226,166
459,6,98,96,124,118,198,97,164,221
459,7,237,230,141,155,162,73,71,153
459,8,195,113,175,158,106,200,84,12
459,9,116,126,99,235,7,38,192,205
459,10,115,175,21,212,182,152,231,100
459,11,23,183,205,36,224,253,162,239
459,12,4,144,92,184,126,70,137,10
459,13,34,104,121,33,5,11,58,4
459,14,223,0,132,147,71,41,110,70
459,15,190,141,139,235,59,157,93,158
459,16,151,16,191,158,18,100,192,66
459,17,44,69,171,209,192,116,109,210
459,18,77,199,60,224,54,125,252,61
459,19,115,246,1,90,158,24,220,255
459,20,195,174,245,53,241,113,199,54
459,21,99,116,238,235,36,7,233,74
459,22,127,44,212,11,175,211,69,78
459,23,81,121,226,239,74,113,233,61
459,24,126,252,195,10,254,137,144,133
459,25,34,5,121,254,119,149,246,201
459,26,132,0,154,236,223,55,130,126
459,27,139,141,190,69,238,235,229,192
459,28,191,172,209,100,158,203,218,194
459,29,69,44,192,10,45,167,40,56
459,30,77,123,199,40,104,97,165,125
459,31,212,180,220,115,166,197,192,1
459,32,251,108,241,74,95,244,227,115
459,33,51,50,32,219,85,44,110,242
459,34,254,150,123,186,27,16,29,218
459,35,53,14,194,93,143,137,220,164
459,36,154,78,135,173,30,188,252,178
459,37,219,199,1,118,213,52,165,23
459,38,239,190,175,109,159,100,125,68
459,39,25,103,235,185,56,222,87,164
460,0,71,200,21,102,194,57,225,33
460,1,129,147,172,103,127,189,224,142
460,2,85,28,156,67,135,138,245,68
460,3,121,150,48,200,193,137,138,194
460,4,140,193,114,244,21,41,246,179
460,5,166,72,109,227,75,24,248,229
460,6,98,96,179,252,205,7,160,239
460,7,237,142,225,141,162,230,72,188
460,8,195,53,24,245,106,148,216,202
460,9,99,163,148,53,195,43,192,224
460,10,21,104,126,6,76,175,61,212
460,11,253,205,183,140,74,162,213,239
460,12,144,126,212,92,10,4,137,254
460,13,34,58,5,251,26,78,4,84
460,14,223,0,132,71,41,110,95,35
460,15,141,139,190,93,235,59,223,69
460,16,203,191,151,124,104,75,172,100
460,17,44,69,192,26,209,235,116,10
460,18,77,199,54,125,60,47,110,32
460,19,115,1,180,246,90,9,24,220
460,20,195,245,53,174,241,145,252,148
460,21,99,248,235,148,150,72,204,176
460,22,127,21,126,44,182,217,212,148
460,23,81,205,140,162,121,61,239,233
460,24,137,126,254,10,252,144,195,70
460,25,34,5,254,251,121,149,180,201
460,26,0,132,126,236,154,223,130,4
460,27,139,141,190,69,238,203,235,208
460,28,191,203,124,172,158,209,210,104
460,29,69,44,192,45,91,167,26,111
460,30,77,92,123,199,12,152,40,182
460,31,180,1,212,220,115,50,25,95
460,32,241,251,74,132,204,255,115,63
460,33,51,50,110,66,219,177,30,106
460,34,254,150,123,218,66,16,29,235
460,35,53,14,194,238,63,67,93,162
460,36,154,135,78,173,188,238,252,4
460,37,219,199,1,205,213,52,173,103
460,38,239,190,175,60,100,67,200,211
460,39,87,32,103,140,184,57,185,195
461,0,29,211,77,24,26,225,65,137
461,1,92,55,118,120,149,9,22,251
461,2,195,91,143,79,61,221,72,6
461,3,22,137,201,93,167,126,182,81
461,4,147,134,200,132,28,140,233,38
461,5,154,60,108,222,136,0,111,177
461,6,12,30,7,237,72,120,233,212
461,7,75,142,225,175,104,141,252,72
461,8,53,148,72,195,133,144,251,143
461,9,99,1,176,211,233,150,68,28
461,10,217,21,135,38,175,197,233,11
461,11,121,117,183,4,73,205,166,17
461,12,10,137,13,126,240,38,70,50
461,13,34,180,148,215,58,0,171,248
461,14,17,132,55,223,30,248,29,73
461,15,190,139,97,90,74,235,6,102
461,16,191,201,107,203,176,158,159,172
461,17,69,44,18,225,210,192,128,217
461,18,129,77,199,102,54,239,123,125
461,19,219,24,141,115,125,1,9,165
461,20,145,195,172,53,24,146,148,245
461,21,99,32,121,58,214,150,1,68
461,22,217,38,245,135,197,21,233,104
461,23,166,61,117,121,239,237,230,40
461,24,10,126,158,131,246,195,92,240
461,25,34,180,215,201,172,177,71,91
461,26,0,132,130,126,55,163,4,17
461,27,139,190,141,90,238,173,235,167
461,28,191,158,34,203,254,172,209,104
461,29,44,69,225,45,192,217,111,210
461,30,129,77,99,152,123,239,92,199
461,31,114,219,174,212,149,115,180,133
461,32,157,67,233,115,136,31,241,108
461,33,87,61,66,106,110,204,30,161
461,34,13,244,154,15,121,254,128,66
461,35,180,53,14,246,194,73,38,206
461,36,213,154,164,75,149,190,92,240
461,37,1,132,92,219,118,86,207,185
461,38,239,175,185,68,37,222,143,67
461,39,166,57,32,235,8,91,22,7
462,0,119,9,227,125,118,186,59,85
462,1,102,160,207,159,57,127,99,65
462,2,37,25,229,175,218,66,163,205
462,3,216,186,5,138,229,102,96,122
462,4,181,62,114,16,111,198,200,187
462,5,154,108,149,75,175,197,56,42
462,6,30,12,98,72,120,249,237,95
462,7,175,104,118,142,75,33,225,26
462,8,195,53,148,240,213,59,106,24
462,9,99,193,233,211,109,1,195,163
462,10,21,38,11,135,231,4,214,172
462,11,121,178,183,117,188,144,92,4
462,12,10,240,92,89,188,5,69,204
462,13,34,58,215,121,171,117,152,253
462,14,132,0,107,223,55,236,68,200
462,15,235,141,158,193,93,139,173,27
462,16,34,104,247,158,160,172,66,191
462,17,44,192,69,209,186,225,32,121
462,18,77,8,40,129,241,3,60,239
462,19,115,174,212,90,238,127,1,24
462,20,195,245,148,106,252,127,53,54
462,21,193,209,1,99,222,192,43,36
462,22,127,11,21,217,43,126,61,93
462,23,129,74,45,139,81,173,205,239
462,24,149,10,70,92,126,144,211,176
462,25,34,172,201,121,91,146,149,119
462,26,0,132,154,200,55,126,94,107
462,27,141,139,190,221,196,69,238,223
462,28,191,34,158,104,75,100,203,125
462,29,69,44,13,125,225,210,45,217
462,30,77,8,51,40,241,125,152,25
462,31,174,212,115,156,238,220,158,127
462,32,233,73,136,251,63,108,227,95
462,33,87,204,106,30,32,66,108,187
462,34,154,244,66,192,216,130,189,218
462,35,14,194,41,246,164,199,137,19
462,36,213,149,164,163,99,36,252,64
462,37,1,129,219,102,37,171,172,24
462,38,68,175,239,115,165,193,37,228
462,39,25,230,97,140,166,91,7,191
463,0,212,218,169,136,122,65,1,40
463,1,184,28,119,94,91,240,160,65
463,2,25,205,37,218,211,94,177,175
463,3,245,216,193,19,136,212,138,93
463,4,140,187,134,205,28,155,163,22
463,5,128,108,154,173,4,42,0,13
463,6,12,30,218,98,237,202,69,249
463,7,175,33,142,39,104,118,183,26
463,8,195,38,53,148,24,145,106,213
463,9,99,121,45,1,77,211,222,68
463,10,148,21,23,217,38,37,126,61
463,11,178,117,239,139,183,105,166,121
463,12,10,149,240,51,176,73,109,32
463,13,34,58,180,20,148,170,215,144
463,14,184,132,223,30,0,55,71,227
463,15,235,139,190,221,173,90,158,74
463,16,191,104,172,91,25,192,29,1
463,17,69,44,192,210,217,47,169,181
463,18,239,77,199,125,104,60,58,111
463,19,163,115,127,246,1,125,212,90
463,20,195,245,38,53,252,85,127,241
463,21,99,77,214,7,71,1,222,121
463,22,127,23,38,217,245,11,76,189
463,23,117,178,166,105,28,180,123,162
463,24,10,149,21,195,252,88,126,61
463,25,34,121,170,144,161,163,71,58
463,26,184,132,163,188,0,55,249,133
463,27,141,139,190,228,243,235,173,83
463,28,91,151,191,172,63,158,66,115
463,29,44,69,109,53,114,191,32,237
463,30,239,0,40,77,171,125,173,12
463,31,163,197,115,220,156,212,102,238
463,32,139,3,5,66,212,235,130,227
463,33,79,182,137,90,27,60,177,123
463,34,74,108,234,20,27,6,100,122
463,35,239,64,27,246,194,195,245,156
463,36,252,163,233,93,25,149,190,76
463,37,5,160,65,171,172,96,4,215
463,38,193,5,25,131,248,252,165,143
463,39,228,115,48,97,235,180,196,86
464,0,190,253,235,208,141,158,221,115
464,1,184,180,113,145,58,7,47,21
464,2,229,176,225,54,163,98,245,17
464,3,35,91,34,83,128,231,77,181
464,4,187,140,183,163,81,135,130,6
464,5,145,224,78,13,255,41,72,184
464,6,12,218,98,30,237,210,202,121
464,7,175,118,88,33,72,5,104,251
464,8,195,53,24,113,93,59,158,160
464,9,116,38,99,126,228,77,195,163
464,10,21,76,191,23,83,11,210,248
464,11,183,243,205,36,178,233,127,171
464,12,93,10,87,92,201,112,149,126
464,13,104,34,121,117,4,58,254,5
464,14,223,35,50,184,107,200,228,114
464,15,189,220,141,173,243,235,245,158
464,16,151,158,218,66,208,16,192,18
464,17,44,255,97,191,45,161,71,186
464,18,128,104,239,155,193,60,230,40
464,19,158,161,32,220,197,12,90,160
464,20,245,223,195,127,174,199,54,56
464,21,116,132,126,7,190,60,0,219
464,22,127,36,212,69,70,86,210,179
464,23,129,172,233,152,74,240,92,227
464,24,242,195,87,49,16,201,224,23
464,25,104,159,161,172,132,193,184,121
464,26,50,142,219,0,197,9,46,249
464,27,243,42,137,29,132,141,189,156
464,28,89,66,208,151,246,203,255,194
464,29,45,32,160,131,44,191,59,125
464,30,104,40,193,155,60,216,128,42
464,31,10,197,1,177,238,142,160,220
464,32,226,66,130,212,227,30,5,52
464,33,137,98,242,153,225,19,138,85
464,34,74,108,234,27,6,194,192,122
464,35,239,27,38,64,222,225,33,203
464,36,222,20,149,61,163,233,220,60
464,37,160,59,241,0,37,240,184,227
464,38,239,131,190,193,32,109,64,117
464,39,186,208,218,190,41,196,86,97
465,0,193,167,38,54,94,130,44,53
465,1,122,201,117,58,105,238,249,20
465,2,54,176,225,186,200,229,140,208
465,3,91,35,34,128,183,122,74,220
465,4,187,179,237,145,80,246,183,114
465,5,145,224,239,255,226,85,245,29
465,6,98,124,12,118,96,239,219,145
465,7,142,230,88,206,225,162,33,222
465,8,53,195,113,59,163,24,158,214
465,9,99,235,126,127,116,210,194,163
465,10,23,176,144,43,127,145,44,78
465,11,204,56,135,42,214,61,90,134
465,12,137,10,90,176,168,143,201,70
465,13,34,180,78,208,130,238,153,201
465,14,132,44,248,54,189,17,30,73
465,15,139,190,12,238,147,235,85,3
465,16,234,191,59,114,170,72,100,24
465,17,69,8,79,170,89,211,220,144
465,18,77,91,209,65,138,52,127,17
465,19,59,30,115,14,137,9,1,234
465,20,133,148,145,53,245,72,174,195
465,21,99,214,207,61,67,7,104,238
465,22,116,160,205,194,108,119,165,132
465,23,204,80,56,141,78,230,60,248
465,24,137,39,116,125,82,238,16,244
465,25,145,34,64,219,208,28,130,222
465,26,78,132,54,44,167,96,138,67
465,27,139,206,100,238,190,3,26,59
465,28,191,74,72,228,89,129,165,170
465,29,69,150,1,89,8,200,36,101
465,30,77,91,52,176,122,97,65,118
465,31,137,59,95,30,135,14,67,195
465,32,33,47,104,236,219,101,208,255
465,33,192,81,5,161,12,203,220,146
465,34,16,246,247,251,169,141,109,10
465,35,202,79,167,36,100,125,171,226
465,36,134,188,110,153,78,154,10,169
465,37,199,219,113,103,238,105,235,121
465,38,103,190,109,175,239,37,191,192
465,39,120,25,87,107,118,191,208,225
466,0,71,21,200,225,102,57,23,33
466,1,147,129,172,189,103,127,224,142
466,2,54,245,156,67,135,196,28,241
466,3,121,194,48,200,138,150,193,246
466,4,140,193,114,244,21,83,187,32
466,5,166,13,72,109,29,24,248,108
466,6,98,96,239,179,252,12,103,205
466,7,142,206,230,225,22,237,213,110
466,8,195,53,245,24,106,216,202,59
466,9,99,163,53,148,195,43,246,45
466,10,21,104,199,183,44,255,37,126
466,11,140,253,205,152,74,183,213,34
466,12,126,167,212,216,79,24,77,10
466,13,34,234,221,119,255,64,71,5
466,14,132,248,193,150,204,73,227,115
466,15,74,235,139,170,90,190,145,158
466,16,74,172,191,104,25,24,225,89
466,17,210,69,169,233,196,217,209,44
466,18,77,224,54,60,64,125,138,109
466,19,115,129,127,212,240,95,133,246
466,20,245,53,50,247,233,195,241,24
466,21,99,150,22,233,214,1,148,237
466,22,160,245,149,105,207,231,140,96
466,23,80,32,61,213,216,105,44,162
466,24,21,10,116,88,161,94,176,233
466,25,34,58,170,45,163,208,238,83
466,26,132,55,134,227,126,248,173,15
466,27,139,74,190,235,90,170,147,212
466,28,191,172,74,112,25,176,158,239
466,29,150,69,204,233,165,56,226,44
466,30,77,5,173,64,176,123,238,47
466,31,95,115,25,212,129,135,59,240
466,32,33,101,236,66,157,246,111,63
466,33,192,198,248,133,77,12,60,122
466,34,16,155,254,109,198,34,41,15
466,35,53,235,202,220,14,236,32,254
466,36,154,78,188,173,110,245,59,206
466,37,199,219,163,165,237,113,171,103
466,38,190,239,175,109,63,88,67,164
466,39,87,140,32,22,185,254,56,24
467,0,29,131,212,15,65,140,218,1
467,1,55,91,187,118,198,65,252,164
467,2,195,61,221,91,79,72,225,218
467,3,22,137,138,19,126,189,180,81
467,4,203,147,134,200,197,140,132,233
467,5,154,108,13,248,0,74,136,222
467,6,12,30,72,152,98,7,237,205
467,7,142,104,175,225,145,72,26,33
467,8,53,148,213,145,195,181,144,143
467,9,99,211,199,28,130,176,195,150
467,10,21,135,217,38,197,104,245,11
467,11,121,74,144,180,117,2,237,230
467,12,10,137,13,92,51,168,41,167
467,13,34,180,148,215,21,201,171,58
467,14,92,132,30,171,29,248,113,223
467,15,97,190,139,208,90,74,48,235
467,16,203,191,201,182,159,92,131,158
467,17,44,69,210,192,119,215,217,128
467,18,77,199,239,129,123,99,60,54
467,19,1,115,235,24,125,141,23,90
467,20,245,50,195,127,24,172,11,146
467,21,99,58,201,214,121,28,71,119
467,22,21,104,127,217,38,249,245,231
467,23,74,239,61,237,45,51,233,166
467,24,126,16,91,10,102,184,242,254
467,25,34,243,78,119,132,180,121,135
467,26,0,55,29,92,133,126,132,236
467,27,141,139,97,190,247,168,66,69
467,28,203,158,16,191,218,66,194,75
467,29,59,69,44,45,167,51,226,111
467,30,99,129,123,77,40,239,74,60
467,31,114,201,238,220,248,197,246,170
467,32,157,63,233,251,136,32,54,115
467,33,87,137,112,236,66,204,19,39
467,34,108,13,163,192,99,170,120,136
467,35,140,33,64,38,215,246,206,156
467,36,75,148,224,163,233,230,81,151
467,37,119,180,172,54,165,118,252,183
467,38,132,193,11,164,165,206,143,117
467,39,193,166,211,57,185,255,109,235
468,0,119,9,227,125,118,131,186,15
468,1,102,207,159,160,65,57,99,134
468,2,218,37,25,225,54,175,197,52
468,3,5,186,60,102,240,239,173,254
468,4,62,181,114,248,16,72,166,211
468,5,75,166,17,13,108,25,29,124
468,6,98,12,95,222,219,30,221,179
468,7,206,225,162,142,33,104,75,222
468,8,195,53,24,148,166,240,163,236
468,9,99,193,109,248,201,135,205,195
468,10,44,78,21,127,23,249,14,203
468,11,152,226,45,193,148,90,34,74
468,12,79,52,24,167,68,126,78,113
468,13,34,234,146,119,64,209,52,78
468,14,132,0,248,193,254,154,230,71
468,15,235,190,139,74,170,90,158,145
468,16,191,74,172,104,158,195,89,225
468,17,69,210,209,217,44,1,253,233
468,18,77,64,91,152,224,174,175,125
468,19,115,95,212,54,59,127,133,58
468,20,148,53,85,240,11,241,133,22
468,21,99,1,254,236,231,78,90,238
468,22,251,160,149,108,183,50,46,140
468,23,80,117,105,162,215,34,205,78
468,24,10,137,196,127,198,102,90,144
468,25,34,208,170,83,165,183,234,146
468,26,132,248,115,59,29,170,193,232
468,27,139,145,190,141,90,124,134,74
468,28,74,191,15,177,183,192,172,210
468,29,69,150,177,208,204,101,36,1
468,30,77,64,11,176,45,225,181,175
468,31,3,95,133,59,138,54,88,115
468,32,33,236,7,34,255,175,219,31
468,33,192,95,102,146,46,72,5,64
468,34,16,246,136,110,120,108,23,254
468,35,53,202,116,66,235,14,95,38
468,36,110,78,188,154,245,134,165,244
468,37,165,199,103,8,180,116,109,238
468,38,239,68,103,175,252,115,18,182
468,39,25,120,230,10,185,41,22,67
469,0,212,218,136,206,169,67,250,122
469,1,94,184,28,119,91,127,240,154
469,2,218,177,37,25,211,205,175,54
469,3,245,57,185,139,193,240,212,96
469,4,187,140,244,134,155,62,146,199
469,5,13,4,80,173,128,42,29,108
469,6,12,218,98,30,237,0,53,240
469,7,33,175,104,88,142,225,183,206
469,8,195,53,216,148,24,38,213,145
469,9,99,77,222,121,163,195,43,211
469,10,23,21,148,11,217,105,69,231
469,11,74,178,140,136,243,183,121,26
469,12,242,10,149,248,176,73,70,22
469,13,34,58,180,170,153,171,144,4
469,14,184,30,132,223,0,50,164,248
469,15,235,139,238,92,98,190,173,208
469,16,172,91,104,191,187,182,18,203
469,17,44,69,109,192,116,248,209,95
469,18,239,77,138,60,0,110,199,125
469,19,163,115,90,212,1,246,9,235
469,20,195,113,245,53,145,133,241,210
469,21,99,38,150,164,1,214,28,168
469,22,148,23,217,44,11,147,113,105
469,23,32,178,239,81,161,61,117,74
469,24,161,10,137,199,158,195,201,246
469,25,34,58,145,180,254,121,246,78
469,26,184,132,204,126,0,148,17,223
469,27,139,235,98,238,190,200,147,34
469,28,172,91,191,151,104,133,210,75
469,29,44,69,109,248,36,51,76,79
469,30,138,239,0,77,60,104,99,224
469,31,122,163,115,212,90,158,1,220
469,32,255,241,226,63,139,104,3,35
469,33,43,110,85,27,79,61,60,46
469,34,74,27,132,244,20,241,130,108
469,35,239,27,14,156,19,64,17,0
469,36,20,222,192,101,29,93,225,171
469,37,72,5,65,96,2,39,185,74
469,38,64,177,18,193,62,180,254,143
469,39,228,154,115,234,11,253,100,133
470,0,132,158,190,125,141,237,115,81
470,1,184,201,58,188,180,145,24,172
470,2,74,27,29,145,225,100,54,93
470,3,128,34,35,91,69,77,83,64
470,4,130,140,28,187,58,153,163,128
470,5,78,41,47,193,76,152,132,65
470,6,60,7,210,12,218,121,98,54
470,7,175,117,118,78,39,49,5,123
470,8,195,113,99,123,234,116,93,53
470,9,239,164,38,99,191,77,195,208
470,10,113,27,198,36,125,65,23,169
470,11,178,161,63,233,32,23,189,108
470,12,93,44,74,63,145,1,201,87
470,13,58,147,45,97,43,153,254,134
470,14,20,184,204,54,51,105,164,64
470,15,147,200,139,238,98,235,81,92
470,16,172,238,91,117,114,5,133,100
470,17,69,109,44,76,255,116,172,1
470,18,138,0,77,43,239,179,57,88
470,19,163,116,212,122,36,195,115,220
470,20,195,113,133,56,245,179,72,150
470,21,38,164,126,191,1,99,239,6
470,22,148,65,27,113,70,23,125,198
470,23,161,178,32,193,204,63,129,86
470,24,93,161,44,199,74,252,54,63
470,25,45,152,11,58,104,153,172,161
470,26,20,184,148,204,107,149,71,55
470,27,98,147,200,235,139,165,31,195
470,28,172,238,151,91,43,133,104,216
470,29,44,109,69,76,57,0,248,36
470,30,138,239,77,163,37,60,224,0
470,31,122,116,212,192,163,115,236,7
470,32,226,255,241,181,119,104,63,2
470,33,110,85,93,210,27,43,67,44
470,34,74,132,27,244,234,36,130,192
470,35,239,194,27,19,14,156,225,55
470,36,20,222,192,232,101,61,190,149
470,37,39,5,183,219,148,118,88,0
470,38,64,249,109,252,254,239,202,222
470,39,186,190,115,218,208,151,209,19
471,0,193,38,167,54,44,53,30,36
471,1,201,58,122,188,117,20,140,184
471,2,49,74,20,29,219,129,100,245
471,3,34,35,128,91,103,99,245,64
471,4,58,130,128,159,153,187,140,205
471,5,78,15,65,152,145,180,47,127
471,6,60,210,7,206,68,22,138,98
471,7,175,117,118,39,78,49,142,245
471,8,195,113,175,104,73,123,133,72
471,9,239,38,164,99,191,126,1,208
471,10,27,125,65,36,157,113,198,126
471,11,23,63,233,178,183,161,32,224
471,12,93,44,151,54,161,74,199,85
471,13,45,58,11,105,212,145,254,153
471,14,184,204,147,57,86,30,164,185
471,15,147,98,235,162,139,190,200,195
471,16,151,172,238,43,156,208,133,117
471,17,109,69,44,5,116,248,152,79
471,18,138,77,43,199,60,37,47,0
471,19,122,212,1,116,163,12,115,192
471,20,195,133,113,245,72,241,239,179
471,21,38,99,126,1,116,7,191,135
471,22,27,148,65,217,36,44,86,21
471,23,193,32,204,140,74,24,243,173
471,24,199,93,220,137,195,44,48,161
471,25,11,58,121,64,153,45,138,254
471,26,41,4,55,185,204,232,132,193
471,27,139,98,147,190,235,29,165,154
471,28,172,160,104,238,158,100,191,151
471,29,69,44,109,248,79,36,233,57
471,30,138,77,183,176,13,60,37,92
471,31,122,212,180,115,143,196,158,7
471,32,2,104,241,226,255,119,63,218
471,33,110,85,93,67,50,130,140,44
471,34,186,244,123,27,132,234,37,74
471,35,194,14,79,239,225,47,19,134
471,36,20,217,188,101,153,135,136,244
471,37,219,39,89,199,148,165,52,129
471,38,239,249,109,175,102,100,159,82
471,39,25,187,140,58,91,218,67,247
472,0,169,173,211,7,200,58,143,43
472,1,129,172,189,224,147,124,112,142
472,2,72,49,219,245,11,20,255,233
472,3,245,193,103,121,93,239,38,126
472,4,140,28,205,187,195,90,235,88
472,5,108,22,152,50,251,111,29,154
472,6,7,68,60,205,210,69,203,12
472,7,142,175,39,245,145,225,78,13
472,8,195,53,175,148,72,133,145,24
472,9,99,1,193,243,45,7,55,195
472,10,27,148,126,217,65,50,182,157
472,11,32,23,133,140,253,188,204,74
472,12,212,144,169,199,137,220,201,252
472,13,58,11,251,180,145,45,212,254
472,14,41,30,4,204,223,132,164,88
472,15,46,139,235,98,190,147,141,247
472,16,172,124,100,151,158,160,191,112
472,17,69,248,44,109,185,125,32,209
472,18,138,77,92,122,60,37,47,125
472,19,122,180,212,50,115,1,143,187
472,20,133,195,245,241,145,53,72,54
472,21,99,150,45,238,7,243,135,214
472,22,148,126,27,217,21,44,78,147
472,23,204,32,81,140,61,193,74,230
472,24,137,199,13,212,169,91,195,168
472,25,180,58,34,254,145,64,202,251
472,26,41,132,164,232,4,248,126,55
472,27,139,98,46,190,147,238,235,137
472,28,172,160,158,191,124,104,159,100
472,29,69,44,79,248,35,192,253,209
472,30,138,77,92,176,60,13,123,183
472,31,180,122,143,212,239,1,75,67
472,32,104,2,255,27,241,209,95,63
472,33,110,67,50,130,32,221,91,140
472,34,244,37,123,254,169,218,38,247
472,35,194,87,14,79,202,97,226,156
472,36,188,153,78,73,10,135,154,82
472,37,219,1,199,20,89,103,148,52
472,38,239,175,102,60,100,159,109,83
472,39,25,140,230,218,187,185,58,2
473,0,211,37,195,254,120,8,184,75
473,1,167,163,108,243,21,55,215,201
473,2,170,91,42,79,25,253,175,216
473,3,252,249,154,224,56,126,196,45
473,4,140,134,147,152,187,28,175,157
473,5,22,0,251,71,108,70,64,173
473,6,249,12,173,102,30,195,72,7
473,7,39,142,175,225,33,154,137,132
473,8,53,148,59,72,133,145,225,175
473,9,99,30,3,150,15,97,251,1
473,10,109,148,77,217,233,116,135,146
473,11,32,230,71,141,97,204,70,237
473,12,137,50,251,163,47,38,201,199
473,13,180,203,0,19,215,13,20,204
473,14,144,44,30,54,138,223,105,66
473,15,139,12,238,147,35,178,98,129
473,16,59,102,172,234,158,53,40,105
473,17,54,170,69,248,4,27,116,91
473,18,92,138,183,129,137,66,60,52
473,19,37,219,180,35,118,137,48,89
473,20,133,72,195,47,53,54,21,145
473,21,99,214,252,251,177,32,119,150
473,22,148,77,109,135,20,87,116,156
473,23,204,32,61,157,70,56,146,71
473,24,163,240,137,47,50,38,20,199
473,25,203,215,64,13,244,202,254,20
473,26,144,196,191,78,55,54,225,170
473,27,139,12,35,98,188,147,112,182
473,28,172,254,160,234,105,59,40,158
473,29,69,54,44,170,126,4,91,35
473,30,92,129,138,209,77,176,60,18
473,31,180,55,219,37,212,75,83,15
473,32,120,235,202,78,173,58,27,255
473,33,110,198,67,203,176,47,191,235
473,34,164,185,121,128,13,166,254,37
473,35,194,101,14,202,87,164,77,121
473,36,103,228,188,153,158,78,154,73
473,37,219,181,113,109,132,156,244,199
473,38,239,175,204,102,197,217,156,50
473,39,174,141,218,226,198,112,8,58
474,0,8,26,164,156,132,167,38,159
474,1,49,56,163,243,71,100,59,79
474,2,0,204,168,243,170,51,91,227
474,3,147,45,224,89,163,189,173,132
474,4,206,175,134,28,233,140,75,121
474,5,64,77,251,22,71,56,0,103
474,6,195,249,173,12,102,72,36,212
474,7,145,175,137,245,142,39,166,252
474,8,72,133,148,53,121,63,172,145
474,9,99,32,243,1,130,44,221,20
474,10,77,82,146,250,233,176,217,148
474,11,237,230,215,141,97,32,61,71
474,12,137,50,251,23,91,13,38,51
474,13,180,0,194,201,185,34,13,126
474,14,17,132,223,73,113,35,248,189
474,15,139,190,6,238,12,178,191,208
474,16,234,60,59,102,75,38,191,172
474,17,69,54,144,79,9,208,112,185
474,18,123,32,176,66,195,77,116,209
474,19,48,37,9,54,239,255,15,1
474,20,53,172,72,50,91,133,145,244
474,21,32,99,58,214,72,204,68,119
474,22,108,77,82,109,195,148,176,217
474,23,61,237,230,204,32,92,71,187
474,24,137,251,91,23,50,62,163,158
474,25,180,203,194,5,0,216,254,119
474,26,17,132,144,35,54,125,113,196
474,27,139,12,191,6,178,92,35,190
474,28,234,172,59,254,158,105,175,191
474,29,69,54,9,44,170,79,125,4
474,30,116,129,92,77,138,60,66,52
474,31,37,180,55,15,47,236,133,153
474,32,27,78,235,143,255,209,120,173
474,33,110,167,203,67,250,198,47,70
474,34,128,164,185,121,13,244,166,254
474,35,101,121,77,194,176,8,180,14
474,36,228,73,138,103,21,17,126,94
474,37,156,244,219,1,214,110,132,243
474,38,182,50,24,141,197,204,175,0
474,39,141,174,83,142,112,157,209,136
475,0,167,193,48,240,5,19,159,26
475,1,214,80,58,131,166,109,100,51
475,2,204,51,111,161,168,155,0,227
475,3,147,45,123,232,163,173,28,86
475,4,206,175,134,28,140,221,121,253
475,5,56,71,22,230,251,77,64,108
475,6,249,195,12,30,72,233,173,113
475,7,175,142,39,145,38,166,245,201
475,8,145,133,53,72,121,148,217,59
475,9,99,32,243,221,45,1,30,174
475,10,148,217,176,82,199,195,179,50
475,11,237,230,32,215,125,148,33,61
475,12,137,251,23,199,91,50,120,13
475,13,180,194,58,248,20,119,0,26
475,14,17,223,113,41,132,73,57,0
475,15,139,235,6,229,12,141,137,53
475,16,160,172,234,60,88,126,175,104
475,17,69,44,144,9,79,248,21,171
475,18,32,182,99,138,129,176,123,195
475,19,99,239,1,125,114,122,204,115
475,20,195,172,50,72,133,245,108,145
475,21,32,99,58,243,45,214,63,204
475,22,148,217,60,195,176,50,137,87
475,23,193,61,32,204,237,33,230,226
475,24,199,137,120,251,158,252,78,23
475,25,180,58,194,20,26,254,167,248
475,26,17,189,57,132,191,0,88,200
475,27,139,238,235,98,229,6,190,34
475,28,160,172,234,254,104,158,75,159
475,29,69,44,79,9,209,125,248,91
475,30,77,129,138,44,116,99,51,92
475,31,122,212,239,114,99,115,1,246
475,32,255,143,27,250,109,144,19,241
475,33,110,167,61,102,70,250,203,67
475,34,244,13,128,121,109,254,222,48
475,35,194,14,102,225,77,162,134,101
475,36,60,138,47,190,94,244,61,76
475,37,5,219,1,132,2,19,105,170
475,38,0,175,143,239,96,180,254,43
475,39,174,32,57,100,253,235,225,22
476,0,169,119,118,243,227,9,214,35
476,1,102,172,147,142,123,127,30,210
476,2,175,25,164,217,62,40,37,6
476,3,245,212,130,183,252,77,126,89
476,4,140,15,102,108,214,28,189,90
476,5,22,108,251,71,0,50,56,177
476,6,249,30,210,12,26,203,72,8
476,7,39,175,142,154,26,245,57,118
476,8,195,145,133,148,53,72,59,24
476,9,99,203,38,45,199,211,1,243
476,10,148,217,137,147,135,4,156,87
476,11,32,204,178,61,230,193,125,63
476,12,199,137,220,163,50,201,38,161
476,13,180,58,45,248,215,145,121,130
476,14,41,223,30,54,204,17,132,55
476,15,139,235,229,98,147,238,12,102
476,16,160,172,234,114,92,104,100,59
476,17,69,44,248,109,220,62,233,209
476,18,77,138,40,43,123,176,182,60
476,19,122,115,212,26,191,1,220,144
476,20,195,133,72,113,243,21,148,32
476,21,38,99,32,45,1,177,232,193
476,22,148,217,27,176,136,137,65,126
476,23,193,32,61,81,178,204,71,78
476,24,199,220,48,201,87,161,120,235
476,25,180,212,58,145,254,45,153,20
476,26,41,204,17,200,191,228,253,55
476,27,139,235,98,147,229,29,154,223
476,28,160,172,92,104,238,100,247,164
476,29,69,44,109,79,248,144,125,36
476,30,77,227,239,44,60,138,197,51
476,31,122,212,204,192,163,115,239,207
476,32,250,255,226,13,235,27,63,184
476,33,110,85,52,67,203,79,210,195
476,34,74,244,27,132,136,130,128,108
476,35,194,239,27,9,156,33,64,162
476,36,222,60,76,20,143,77,190,59
476,37,5,72,96,74,80,18,2,25
476,38,23,180,8,109,197,193,210,153
476,39,228,37,17,137,66,98,91,196
477,0,190,141,253,208,221,235,115,158
477,1,113,203,179,7,217,145,100,73
477,2,167,98,217,123,232,174,43,109
477,3,35,91,128,252,34,126,99,190
477,4,140,153,163,189,28,205,195,214
477,5,22,108,135,222,50,152,111,166
477,6,203,210,249,12,30,237,169,26
477,7,175,39,78,118,117,123,245,5
477,8,195,113,23,133,175,245,145,123
477,9,38,116,203,99,191,1,243,118
477,10,27,65,13,125,217,126,148,36
477,11,63,23,233,32,144,178,108,74
477,12,93,220,145,199,151,161,54,201
477,13,45,212,58,105,11,145,134,103
477,14,41,204,184,51,55,88,10,54
477,15,172,147,165,98,162,235,87,173
477,16,172,238,117,112,51,43,160,120
477,17,69,44,109,1,152,0,87,5
477,18,197,43,77,227,138,163,60,204
477,19,212,122,192,116,26,109,115,167
477,20,195,113,133,72,23,245,243,239
477,21,38,116,203,1,193,191,99,214
477,22,65,27,125,36,247,217,126,148
477,23,23,32,81,178,63,193,239,74
477,24,220,93,151,87,54,161,199,169
477,25,105,11,58,45,212,145,138,254
477,26,41,204,149,253,184,55,228,132
477,27,165,98,139,147,235,172,190,229
477,28,172,238,160,112,104,191,107,100
477,29,69,44,109,233,108,152,36,192
477,30,77,227,60,155,176,197,88,140
477,31,212,122,192,116,115,162,207,238
477,32,250,226,255,241,119,63,90,13
477,33,85,110,93,67,52,79,66,210
477,34,27,132,74,254,244,123,40,130
477,35,27,239,194,33,162,134,14,156
477,36,20,222,192,76,190,77,165,113
477,37,39,5,219,88,137,221,120,6
477,38,109,239,64,134,249,165,32,17
477,39,186,190,249,151,109,93,128,22
478,0,193,167,38,54,94,112,76,44
478,1,201,122,117,140,105,217,179,152
478,2,217,167,43,46,6,154,153,14
478,3,91,34,35,128,252,183,126,99
478,4,140,205,28,153,189,20,195,145
478,5,22,160,108,239,109,229,143,56
478,6,12,30,98,249,7,96,237,26
478,7,175,225,142,39,72,104,5,3
478,8,53,195,148,113,145,133,59,175
478,9,99,1,203,116,201,166,53,243
478,10,29,189,108,231,217,43,148,115
478,11,239,32,253,230,162,42,183,181
478,12,137,10,51,83,220,201,168,199
478,13,58,34,180,5,170,119,204,201
478,14,132,41,223,30,248,191,136,113
478,15,139,235,190,238,208,48,124,141
478,16,172,191,112,60,107,175,104,234
478,17,69,44,109,226,248,192,9,209
478,18,77,199,110,138,102,99,125,60
478,19,9,115,125,212,1,114,90,180
478,20,195,245,133,145,174,30,172,87
478,21,99,214,243,1,150,176,204,174
478,22,217,148,183,162,176,108,50,128
478,23,239,179,32,61,81,193,40,230
478,24,137,13,199,195,161,10,229,246
478,25,58,180,34,194,201,254,5,247
478,26,126,0,17,132,248,4,164,253
478,27,139,238,235,190,223,122,147,98
478,28,172,191,160,223,25,209,107,104
478,29,69,44,109,79,192,233,226,40
478,30,77,227,123,102,14,51,224,26
478,31,212,122,115,133,246,92,9,192
478,32,255,250,241,226,251,204,63,213
478,33,85,110,51,30,50,67,91,221
478,34,27,254,123,186,244,218,132,38
478,35,194,53,14,162,239,134,164,246
478,36,20,110,154,244,190,76,165,113
478,37,219,39,163,199,54,129,189,120
478,38,239,109,249,175,165,196,159,117
478,39,25,140,187,166,91,22,171,167
479,0,169,173,43,23,143,147,60,236
479,1,189,142,147,112,172,129,217,224
479,2,217,153,72,167,43,233,174,127
479,3,245,193,137,252,178,169,126,48
479,4,140,193,205,235,195,189,255,245
479,5,166,109,110,160,207,227,108,248
479,6,7,98,8,104,69,131,112,143
479,7,175,3,72,225,142,110,230,39
479,8,195,245,148,53,175,145,106,133
479,9,99,1,45,243,30,195,84,199
479,10,27,126,217,183,10,65,37,71
479,11,239,81,171,230,162,23,32,144
479,12,137,104,199,124,120,243,52,161
479,13,58,145,52,170,238,208,45,5
479,14,132,204,248,41,12,228,229,73
479,15,139,190,147,34,74,235,228,238
479,16,172,74,75,191,49,160,100,50
479,17,69,44,233,109,125,95,211,79
479,18,77,224,60,5,111,65,47,38
479,19,115,122,212,246,9,220,1,107
479,20,195,245,85,133,148,81,30,246
479,21,99,214,150,7,110,36,1,174
479,22,224,160,147,217,43,165,126,105
479,23,239,32,80,210,78,61,226,163
479,24,161,102,252,201,253,21,10,87
479,25,58,34,146,170,145,45,253,114
479,26,132,41,204,59,55,228,193,243
479,27,139,235,203,29,147,98,190,158
479,28,172,191,158,89,104,112,134,100
479,29,44,69,233,150,36,112,116,253
479,30,77,60,176,31,110,227,113,199
479,31,212,122,246,115,195,180,220,238
479,32,250,255,95,63,241,213,175,66
479,33,110,67,32,177,50,231,96,195
479,34,218,254,38,27,136,108,189,40
479,35,194,134,246,162,33,8,152,164
479,36,76,75,165,190,113,105,232,218
479,37,219,165,119,163,232,144,148,176
479,38,239,165,177,252,159,125,37,175
479,39,140,25,100,107,245,123,133,253
480,0,21,102,228,225,131,239,169,15
480,1,217,35,170,127,54,20,190,31
480,2,253,199,21,154,167,217,174,224
480,3,252,121,100,126,169,145,48,161
480,4,140,232,193,114,246,23,92,176
480,5,215,160,143,89,229,29,56,162
480,6,7,231,211,124,41,199,214,139
480,7,148,241,142,72,225,3,194,141
480,8,195,53,148,145,217,92,106,91
480,9,99,127,63,1,200,194,248,71
480,10,78,123,44,14,255,136,217,160
480,11,239,34,22,61,181,204,78,42
480,12,113,167,68,100,77,126,104,247
480,13,55,64,139,132,221,52,161,216
480,14,12,142,197,166,9,211,225,155
480,15,72,3,206,13,238,228,210,132
480,16,170,0,205,74,71,188,51,224
480,17,115,20,255,8,35,15,101,124
480,18,192,16,205,77,13,226,91,119
480,19,150,39,4,137,252,124,30,59
480,20,220,107,56,53,115,207,23,142
480,21,131,207,197,13,177,88,230,35
480,22,160,63,196,14,8,234,168,79
480,23,80,111,57,3,47,78,170,56
480,24,39,237,34,225,59,207,24,220
480,25,13,219,130,95,98,93,109,239
480,26,52,59,167,155,138,96,131,179
480,27,206,3,233,110,123,181,54,85
480,28,74,170,0,80,20,188,215,31
480,29,150,8,124,96,89,187,142,36
480,30,192,226,52,77,91,118,119,115
480,31,138,137,124,108,59,146,171,135
480,32,33,178,156,107,163,34,30,39
480,33,192,81,49,75,74,5,39,12
480,34,16,21,235,141,87,230,189,185
480,35,202,167,245,180,31,36,95,212
480,36,110,188,102,248,233,80,151,220
480,37,145,8,106,116,165,103,6,86
480,38,144,103,37,88,98,21,222,245
480,39,162,255,6,164,113,132,175,42
481,0,228,98,14,69,239,240,225,93
481,1,172,142,147,94,127,224,64,154
481,2,237,167,176,153,196,253,231,129
481,3,164,245,99,193,107,150,200,126
481,4,140,27,197,132,189,195,9,205
481,5,110,111,109,166,29,108,227,154
481,6,237,98,69,252,179,103,7,28
481,7,39,175,142,201,110,225,162,3
481,8,195,148,106,59,53,175,24,133
481,9,99,193,1,86,143,43,25,229
481,10,217,126,27,10,37,48,147,148
481,11,239,81,32,230,23,150,125,35
481,12,137,199,201,220,48,6,167,188
481,13,58,145,180,45,212,254,11,5
481,14,204,253,35,41,71,228,132,102
481,15,235,190,139,98,238,195,173,147
481,16,172,160,112,104,107,100,18,238
481,17,69,44,233,109,227,152,95,225
481,18,241,77,227,40,60,137,99,199
481,19,212,122,115,192,24,180,161,219
481,20,195,174,252,133,72,81,241,9
481,21,193,243,232,99,7,1,72,60
481,22,126,217,27,127,141,10,147,21
481,23,239,81,230,78,13,183,32,61
481,24,137,235,120,224,48,199,158,83
481,25,180,254,58,209,212,121,201,153
481,26,41,253,0,164,163,185,107,205
481,27,139,235,229,190,29,173,238,154
481,28,160,172,104,100,112,107,162,238
481,29,69,44,233,192,152,79,219,25
481,30,241,77,123,227,99,199,60,102
481,31,212,122,133,174,1,180,75,172
481,32,67,255,250,73,251,241,74,30
481,33,110,70,61,67,51,32,236,195
481,34,244,254,105,108,219,110,222,38
481,35,43,194,162,198,170,149,134,65
481,36,60,76,75,221,73,186,80,165
481,37,170,219,1,92,240,53,243,165
481,38,120,241,185,149,177,96,181,252
481,39,166,162,8,107,249,196,57,109
482,0,228,21,102,14,93,210,194,130
482,1,179,234,217,127,39,90,77,54
482,2,196,176,238,217,171,151,241,138
482,3,232,255,43,123,164,9,50,89
482,4,140,193,234,184,189,246,114,229
482,5,108,207,111,56,22,229,160,248
482,6,12,249,98,30,24,173,237,69
482,7,39,142,225,175,145,75,72,245
482,8,50,195,53,145,148,133,59,24
482,9,99,58,221,1,241,45,195,30
482,10,217,148,195,4,162,199,147,37
482,11,230,74,148,193,183,78,81,32
482,12,137,78,251,199,13,70,164,146
482,13,180,58,194,49,149,132,221,35
482,14,41,136,0,223,30,17,181,113
482,15,83,139,229,235,190,208,178,141
482,16,160,107,172,175,164,60,126,88
482,17,69,44,125,86,233,144,112,248
482,18,199,241,99,40,123,32,182,110
482,19,90,24,212,204,1,239,141,114
482,20,195,172,133,92,174,50,252,127
482,21,99,204,214,243,241,232,45,150
482,22,217,176,148,126,127,61,4,214
482,23,81,239,143,61,74,230,183,193
482,24,137,120,199,235,23,13,251,78
482,25,180,254,194,24,201,58,205,55
482,26,17,41,181,46,0,30,113,8
482,27,139,229,6,190,238,235,83,29
482,28,160,172,60,75,164,100,107,223
482,29,69,44,233,192,79,100,144,219
482,30,241,77,199,51,123,92,99,155
482,31,133,212,180,239,174,156,75,236
482,32,73,67,143,251,182,241,63,255
482,33,70,110,51,67,30,50,33,236
482,34,254,123,150,136,244,23,110,216
482,35,194,149,53,14,246,154,38,156
482,36,186,190,165,218,75,240,61,76
482,37,219,1,53,243,185,86,76,36
482,38,144,37,239,105,115,222,73,204
482,39,96,162,41,48,201,127,86,126
483,0,228,239,225,21,93,102,23,14
483,1,28,127,142,119,94,102,172,136
483,2,171,41,217,151,231,167,138,1
483,3,244,229,137,222,255,145,45,85
483,4,184,97,20,23,185,69,66,150
483,5,143,215,21,108,200,25,162,20
483,6,254,21,12,207,24,139,249,211
483,7,142,3,175,194,225,245,251,72
483,8,133,145,53,148,72,59,24,81
483,9,99,243,68,48,195,7,207,222
483,10,176,217,243,136,185,78,160,156
483,11,204,61,12,135,42,58,148,32
483,12,137,91,167,58,120,116,251,126
483,13,180,205,45,171,78,145,91,130
483,14,54,248,204,225,228,223,132,16
483,15,139,147,204,85,229,227,238,102
483,16,74,250,160,172,252,60,40,73
483,17,79,69,1,211,64,152,89,93
483,18,182,123,176,33,138,77,43,127
483,19,122,125,99,30,215,11,234,227
483,20,133,72,145,50,148,195,53,108
483,21,243,99,207,214,117,67,252,68
483,22,160,176,234,217,208,255,42,156
483,23,80,204,61,56,141,106,60,148
483,24,53,163,167,91,216,250,116,201
483,25,93,145,254,216,130,70,238,221
483,26,54,214,225,97,102,248,204,228
483,27,139,204,56,147,48,153,82,93
483,28,74,166,160,66,162,60,57,252
483,29,69,150,144,79,161,124,91,231
483,30,182,174,180,123,61,195,136,172
483,31,154,158,122,238,144,166,236,133
483,32,127,71,27,67,8,73,63,255
483,33,70,110,67,30,51,32,64,60
483,34,254,123,244,150,120,23,46,38
483,35,194,53,14,116,164,225,40,156
483,36,154,164,135,201,232,110,78,163
483,37,219,1,165,199,70,136,66,8
483,38,239,175,117,159,105,176,43,67
483,39,75,100,133,67,201,88,223,249
484,0,97,150,166,113,210,142,10,205
484,1,196,102,111,67,247,85,137,147
484,2,9,196,154,14,176,191,97,234
484,3,137,73,229,100,121,232,255,5
484,4,101,23,120,193,145,185,248,92
484,5,108,56,222,85,83,207,154,109
484,6,12,98,30,41,237,69,249,193
484,7,175,75,72,225,188,142,245,104
484,8,195,53,106,148,174,133,145,72
484,9,99,241,243,1,204,193,169,195
484,10,217,231,126,10,6,183,214,227
484,11,61,239,183,92,28,78,81,143
484,12,137,83,164,232,199,6,10,0
484,13,58,180,171,205,149,5,132,170
484,14,163,41,71,132,223,0,136,113
484,15,139,190,70,235,65,141,34,238
484,16,172,160,107,248,104,49,162,164
484,17,69,44,219,233,152,227,234,96
484,18,241,77,123,60,99,40,167,152
484,19,133,54,246,180,174,212,114,105
484,20,195,174,133,252,245,235,72,92
484,21,99,243,214,7,241,1,204,39
484,22,126,249,10,127,179,148,141,43
484,23,239,61,81,121,22,82,129,230
484,24,137,251,87,120,83,78,4,48
484,25,171,254,180,209,132,167,153,4
484,26,163,41,181,166,230,31,232,30
484,27,139,70,190,53,173,208,78,65
484,28,160,172,100,247,209,175,173,15
484,29,69,44,25,192,79,100,233,227
484,30,241,199,92,77,174,123,60,176
484,31,180,133,1,156,194,75,92,212
484,32,67,73,255,27,227,54,63,71
484,33,70,110,51,67,32,50,30,227
484,34,254,123,150,244,46,88,136,120
484,35,194,53,14,116,164,78,134,173
484,36,154,135,78,232,240,206,165,230
484,37,219,1,165,199,36,173,103,8
484,38,239,175,200,0,117,173,235,159
484,39,25,103,100,133,88,47,169,67
485,0,211,163,195,138,124,232,137,62
485,1,55,118,109,165,68,52,248,83
485,2,143,195,91,198,32,217,87,47
485,3,137,56,163,22,87,93,201,147
485,4,147,200,187,140,28,134,152,189
485,5,222,108,154,111,42,243,122,82
485,6,12,98,30,69,144,72,7,249
485,7,75,72,203,142,225,237,166,252
485,8,50,53,145,175,92,252,181,172
485,9,99,221,58,1,243,235,186,204
485,10,217,249,251,167,108,38,133,10
485,11,239,121,22,117,143,230,61,148
485,12,137,13,78,23,99,16,58,195
485,13,180,194,58,171,49,209,201,20
485,14,17,163,136,0,223,41,181,132
485,15,70,190,139,16,6,229,240,66
485,16,88,178,15,60,234,175,248,172
485,17,69,96,208,44,144,162,25,248
485,18,99,199,239,241,123,129,195,54
485,19,54,133,114,24,239,74,246,9
485,20,172,92,50,135,133,72,245,252
485,21,99,243,214,58,221,32,204,45
485,22,249,38,217,167,108,10,135,4
485,23,239,143,22,61,121,81,230,166
485,24,137,158,232,16,48,120,246,58
485,25,180,194,132,171,254,58,71,205
485,26,163,41,17,55,0,181,102,232
485,27,70,139,6,190,66,173,238,42
485,28,172,160,162,112,15,88,100,191
485,29,69,44,100,79,208,108,53,226
485,30,174,99,241,123,129,199,239,77
485,31,114,133,1,195,246,16,172,75
485,32,67,251,27,85,255,31,30,123
485,33,102,70,110,61,66,30,118,242
485,34,244,13,254,121,46,105,179,5
485,35,171,14,53,40,194,55,184,195
485,36,60,164,75,154,25,65,138,244
485,37,1,219,132,165,36,59,199,66
485,38,0,175,239,68,99,67,93,182
485,39,57,32,91,8,88,211,103,225
486,0,243,35,9,119,214,118,227,242
486,1,142,102,147,172,127,160,30,121
486,2,195,138,37,25,175,206,62,174
486,3,93,71,88,104,149,21,136,193
486,4,140,90,205,233,146,28,200,245
486,5,108,222,152,154,128,50,197,146
486,6,12,237,30,249,210,69,31,173
486,7,175,142,72,39,245,78,191,24
486,8,145,133,195,62,59,175,24,72
486,9,99,243,193,45,180,238,245,199
486,10,65,126,217,148,10,125,70,87
486,11,81,143,239,61,204,200,254,63
486,12,199,137,201,5,73,151,23,252
486,13,180,58,91,171,145,103,45,139
486,14,41,163,136,228,30,40,210,68
486,15,229,139,141,238,190,46,23,16
486,16,160,172,144,192,215,92,164,49
486,17,69,44,18,116,45,46,233,248
486,18,85,40,241,199,94,213,123,77
486,19,122,204,212,246,154,90,238,54
486,20,195,133,72,148,168,41,50,106
486,21,193,243,1,99,214,45,180,232
486,22,126,70,148,65,176,203,4,214
486,23,19,81,239,61,183,143,193,96
486,24,199,48,23,201,151,87,232,120
486,25,180,171,212,139,105,103,126,254
486,26,41,185,163,166,149,116,63,228
486,27,139,229,141,29,238,179,47,55
486,28,160,172,144,164,92,104,247,215
486,29,69,44,144,18,46,152,111,25
486,30,94,174,85,241,123,77,152,199
486,31,204,212,122,133,1,24,153,174
486,32,31,251,149,27,255,67,52,127
486,33,110,30,32,70,0,87,241,27
486,34,244,91,116,199,46,6,114,38
486,35,171,14,165,71,203,143,78,8
486,36,60,102,164,59,105,75,85,12
486,37,1,219,207,36,59,4,172,25
486,38,175,210,222,98,90,17,65,142
486,39,25,48,151,153,41,208,219,95
487,0,60,169,137,211,32,236,189,176
487,1,102,28,217,202,172,142,154,25
487,2,138,206,174,66,62,244,68,165
487,3,21,209,245,200,93,193,40,85
487,4,234,28,140,146,189,132,121,90
487,5,128,108,162,122,157,111,9,167
487,6,12,33,30,237,96,70,106,249
487,7,72,175,11,225,245,98,3,135
487,8,195,53,145,24,148,252,231,59
487,9,99,204,199,1,243,30,236,225
487,10,251,148,38,108,54,10,71,126
487,11,117,121,0,249,163,77,125,183
487,12,137,211,76,89,31,5,66,168
487,13,58,180,83,215,236,201,172,7
487,14,163,132,248,115,54,255,136,232
487,15,190,139,134,225,102,238,193,27
487,16,15,178,160,172,173,100,25,117
487,17,69,18,44,208,227,2,43,91
487,18,239,241,77,119,176,157,137,30
487,19,133,54,137,161,170,246,127,90
487,20,72,195,135,106,252,148,251,9
487,21,99,225,174,245,68,243,43,230
487,22,38,148,108,32,11,134,45,251
487,23,226,123,183,117,241,239,251,163
487,24,149,198,2,48,109,73,200,23
487,25,83,71,2,45,138,226,167,171
487,26,163,248,132,0,71,21,240,173
487,27,139,190,134,34,0,141,243,78
487,28,160,172,15,142,235,175,11,1
487,29,69,44,25,18,100,227,208,34
487,30,239,77,241,94,174,51,99,199
487,31,133,122,195,212,197,115,1,16
487,32,67,31,137,255,251,227,250,66
487,33,110,70,0,30,79,87,66,19
487,34,244,254,46,160,137,179,108,14
487,35,14,64,105,195,80,78,40,171
487,36,60,25,59,47,225,179,143,171
487,37,5,1,219,24,122,144,36,59
487,38,0,177,99,176,180,239,17,111
487,39,57,40,6,235,80,100,24,91
488,0,91,118,9,227,101,119,35,179
488,1,102,172,147,142,227,127,94,224
488,2,138,34,210,50,114,109,31,174
488,3,126,77,212,183,88,245,48,71
488,4,108,241,15,131,151,19,140,245
488,5,108,154,128,107,73,173,22,145
488,6,12,30,249,237,33,72,20,173
488,7,72,245,75,175,39,214,142,104
488,8,195,148,53,145,24,133,252,59
488,9,99,77,203,243,168,38,28,68
488,10,217,148,108,126,23,38,251,80
488,11,178,61,230,117,183,32,143,239
488,12,137,199,201,83,78,21,87,48
488,13,180,58,170,145,83,215,248,171
488,14,163,184,41,132,223,154,204,30
488,15,139,235,147,34,102,229,190,223
488,16,172,160,104,49,224,234,25,15
488,17,69,44,233,112,79,91,116,109
488,18,239,123,40,77,137,174,241,17
488,19,115,122,238,79,197,246,186,234
488,20,195,205,129,199,231,251,168,252
488,21,72,194,214,38,204,177,7,232
488,22,23,210,36,11,33,217,78,148
488,23,178,239,61,26,243,148,230,233
488,24,137,199,87,141,48,73,177,114
488,25,201,254,58,2,121,153,180,206
488,26,41,184,107,230,223,163,154,200
488,27,139,29,190,243,154,235,128,83
488,28,172,160,115,100,57,204,50,148
488,29,69,44,109,25,112,79,95,227
488,30,77,239,224,213,60,199,58,88
488,31,192,122,238,115,127,204,195,133
488,32,67,108,250,226,227,66,251,241
488,33,79,85,195,39,17,0,71,227
488,34,27,74,91,244,105,46,137,234
488,35,239,27,33,80,234,64,38,194
488,36,222,60,165,99,140,86,149,102
488,37,5,227,102,165,86,24,18,59
488,38,176,117,99,191,61,197,66,125
488,39,228,86,95,50,98,6,235,88
489,0,190,141,253,235,221,115,158,237
489,1,113,179,203,7,217,145,82,100
489,2,239,127,109,129,123,68,217,153
489,3,35,128,34,91,190,115,48,82
489,4,153,187,0,163,183,140,211,28
489,5,222,135,108,154,152,111,99,166
489,6,237,12,249,210,30,203,69,173
489,7,175,142,118,39,78,123,72,117
489,8,195,113,145,175,24,59,123,104
489,9,116,99,38,203,191,84,118,30
489,10,27,13,65,36,48,10,191,217
489,11,233,239,178,23,183,81,150,125
489,12,93,220,199,53,87,137,201,5
489,13,58,180,105,11,45,121,145,4
489,14,41,184,30,204,132,228,164,123
489,15,172,235,190,139,98,147,229,162
489,16,172,112,238,160,104,100,204,191
489,17,69,44,109,233,116,95,227,30
489,18,197,224,77,227,40,60,38,110
489,19,192,115,212,116,122,1,238,246
489,20,195,113,133,72,174,252,148,81
489,21,116,38,193,203,99,1,214,243
489,22,36,217,27,65,127,126,141,162
489,23,81,239,23,178,193,1,246,179
489,24,199,137,220,93,48,235,252,120
489,25,105,11,180,58,254,201,34,121
489,26,41,0,107,164,184,88,149,132
489,27,139,235,190,29,147,229,141,193
489,28,172,115,238,191,25,100,160,104
489,29,69,44,109,196,79,33,108,227
489,30,77,224,58,227,51,157,199,213
489,31,192,212,115,127,122,133,238,246
489,32,108,226,67,241,204,250,251,63
489,33,79,85,66,93,195,171,51,17
489,34,27,74,132,254,244,36,130,186
489,35,239,27,14,53,194,242,33,73
489,36,20,222,192,102,154,244,60,190
489,37,39,129,5,88,227,219,165,224
489,38,64,109,190,239,175,134,99,32
489,39,186,235,91,206,136,118,216,93
490,0,167,193,38,54,94,44,53,87
490,1,122,117,201,105,140,179,84,217
490,2,239,217,127,167,173,233,64,6
490,3,91,35,34,220,128,120,48,90
490,4,187,159,120,18,145,80,179,205
490,5,239,160,68,226,145,159,207,130
490,6,98,12,97,124,7,55,237,160
490,7,142,225,175,72,230,252,237,214
490,8,113,53,195,148,175,166,106,59
490,9,99,30,204,1,236,243,7,173
490,10,189,108,115,175,219,76,10,217
490,11,239,183,253,163,162,230,82,213
490,12,137,10,16,0,70,199,53,83
490,13,58,180,34,5,201,170,227,11
490,14,132,41,223,30,248,0,113,173
490,15,190,235,139,141,238,208,131,126
490,16,191,172,112,104,175,100,60,49
490,17,69,44,109,196,192,116,226,209
490,18,77,224,110,199,102,99,60,125
490,19,9,115,1,192,212,125,24,90
490,20,145,113,245,133,174,30,172,195
490,21,99,214,1,243,150,176,204,174
490,22,217,162,148,108,176,96,249,183
490,23,239,81,179,230,61,23,183,40
490,24,137,13,10,195,246,161,120,16
490,25,180,58,34,254,194,11,201,145
490,26,126,0,132,164,248,173,253,17
490,27,139,238,235,190,227,193,221,134
490,28,191,172,115,25,60,1,162,192
490,29,69,109,44,196,79,192,100,209
490,30,77,224,58,123,227,51,54,152
490,31,133,192,212,115,127,238,9,95
490,32,241,108,67,204,226,251,255,63
490,33,51,79,85,66,50,30,91,110
490,34,254,27,123,186,244,211,218,23
490,35,194,53,239,14,202,164,64,73
490,36,154,20,135,188,78,244,213,173
490,37,129,199,219,39,52,165,163,103
490,38,190,239,109,175,60,68,159,117
490,39,25,187,195,184,150,230,87,206
491,0,71,200,21,102,57,33,147,58
491,1,147,129,172,127,189,103,224,142
491,2,217,72,11,239,174,127,68,135
491,3,48,137,245,193,121,194,246,186
491,4,140,187,193,114,205,189,41,68
491,5,166,108,154,109,248,227,226,207
491,6,98,7,205,12,69,96,179,237
491,7,142,175,72,225,110,230,245,252
491,8,195,53,148,24,106,59,252,145
491,9,99,45,148,193,204,163,243,30
491,10,126,6,189,37,224,217,76,48
491,11,239,213,81,183,171,125,16,253
491,12,137,16,169,10,70,201,120,0
491,13,180,58,34,5,201,251,3,149
491,14,0,223,41,30,132,4,136,55
491,15,190,141,139,235,238,203,48,229
491,16,124,107,172,191,104,34,100,144
491,17,69,44,192,109,26,227,209,116
491,18,77,32,224,199,227,110,60,40
491,19,115,180,192,9,1,212,246,220
491,20,195,245,174,252,133,145,53,24
491,21,99,148,150,1,214,193,243,176
491,22,217,126,108,38,162,148,21,27
491,23,239,81,61,45,179,230,210,183
491,24,137,10,120,16,13,169,252,168
491,25,58,180,34,254,5,24,247,251
491,26,0,132,164,126,90,245,88,248
491,27,139,190,235,238,141,203,29,223
491,28,172,191,25,124,209,104,100,107
491,29,69,44,192,196,26,79,209,226
491,30,77,224,92,102,51,227,228,175
491,31,180,212,133,115,50,9,1,95
491,32,241,204,108,67,132,227,255,63
491,33,51,66,50,110,30,79,96,177
491,34,254,123,27,218,176,66,150,211
491,35,53,194,14,202,106,143,36,73
491,36,154,135,188,78,173,153,10,87
491,37,219,199,129,52,1,103,165,224
491,38,239,190,175,60,135,69,133,67
491,39,87,32,184,195,150,187,57,103
492,0,211,124,225,77,138,37,102,21
492,1,165,109,55,68,52,95,118,83
492,2,143,91,195,79,221,206,42,72
492,3,137,167,22,56,87,147,93,209
492,4,147,197,134,200,233,28,140,187
492,5,154,108,122,173,91,164,42,243
492,6,12,7,97,69,131,30,96,98
492,7,203,252,142,72,245,75,225,175
492,8,50,53,145,252,148,181,72,59
492,9,99,58,221,204,1,199,166,30
492,10,217,108,191,162,251,133,93,45
492,11,239,171,74,183,121,45,176,230
492,12,137,16,23,13,62,126,10,4
492,13,180,251,194,58,34,115,201,159
492,14,0,136,17,244,223,112,41,181
492,15,190,6,16,139,141,229,255,208
492,16,203,60,162,172,144,88,112,158
492,17,69,96,44,208,25,45,144,72
492,18,199,99,195,129,77,110,54,123
492,19,9,54,239,90,141,24,133,114
492,20,172,50,252,245,195,146,21,168
492,21,99,32,221,150,58,243,63,214
492,22,199,217,38,224,108,152,133,21
492,23,239,45,74,143,81,237,61,121
492,24,137,158,16,214,23,62,51,13
492,25,251,180,194,78,254,201,34,58
492,26,0,17,46,244,163,132,126,164
492,27,139,6,141,190,229,238,173,42
492,28,162,191,60,172,158,254,15,159
492,29,69,44,9,208,45,96,59,196
492,30,99,129,77,239,38,54,40,92
492,31,114,133,239,127,1,212,174,180
492,32,143,233,67,108,241,123,209,85
492,33,61,66,106,87,30,102,204,110
492,34,154,66,13,179,254,121,244,5
492,35,14,117,64,80,246,215,19,33
492,36,213,230,163,216,125,138,12,240
492,37,165,13,132,160,171,115,127,66
492,38,191,182,239,143,68,206,241,96
492,39,57,235,22,225,131,91,165,100
493,0,119,9,227,125,118,186,59,85
493,1,102,160,57,207,104,12,196,194
493,2,37,25,138,206,175,174,14,62
493,3,5,21,239,254,67,200,138,240
493,4,62,181,247,16,187,111,114,191
493,5,154,108,197,109,231,175,37,75
493,6,12,30,249,120,72,237,98,179
493,7,175,225,118,230,72,24,51,17
493,8,195,53,240,148,24,213,59,252
493,9,193,99,204,195,139,163,109,1
493,10,224,135,38,45,4,152,199,13
493,11,121,239,178,117,183,144,188,249
493,12,48,10,137,240,252,5,69,201
493,13,58,215,144,115,2,121,152,4
493,14,0,163,228,81,8,68,4,70
493,15,193,34,141,190,27,59,223,16
493,16,100,144,34,109,173,49,172,158
493,17,44,227,192,69,196,209,45,136
493,18,40,239,129,77,8,136,3,193
493,19,90,133,158,94,115,127,16,161
493,20,195,223,245,106,252,111,9,211
493,21,193,214,60,222,75,123,195,235
493,22,38,224,127,11,152,212,13,49
493,23,45,166,239,117,129,121,226,178
493,24,87,10,48,16,200,184,27,177
493,25,172,226,102,27,144,201,109,2
493,26,0,163,185,9,142,4,70,107
493,27,141,243,42,187,127,190,59,139
493,28,89,15,100,244,109,34,66,1
493,29,69,44,59,34,254,210,73,45
493,30,77,8,239,40,241,125,140,171
493,31,133,127,194,236,197,158,177,212
493,32,233,227,108,67,41,13,73,137
493,33,106,204,87,30,66,137,225,32
493,34,66,154,179,120,108,192,218,6
493,35,14,194,64,69,215,152,97,78
493,36,213,4,164,230,64,240,185,163
493,37,171,129,165,36,160,1,179,202
493,38,68,239,184,72,175,241,236,70
493,39,25,88,91,140,76,120,201,194
494,0,163,195,211,137,138,245,36,176
494,1,55,109,173,165,248,52,68,78
494,2,222,211,45,61,138,206,91,174
494,3,184,239,57,243,107,185,207,66
494,4,113,226,207,255,217,223,40,212
494,5,36,196,118,216,108,209,130,38
494,6,12,119,252,98,33,253,70,96
494,7,149,18,230,225,86,251,110,224
494,8,195,26,252,9,158,24,166,214
494,9,99,204,163,62,7,157,34,24
494,10,38,251,108,152,172,45,224,183
494,11,117,121,166,77,0,239,30,26
494,12,137,10,109,149,168,2,99,51
494,13,58,215,170,83,208,4,180,85
494,14,132,184,248,154,0,115,163,73
494,15,190,139,102,238,59,70,193,86
494,16,172,178,15,100,158,191,203,25
494,17,69,44,208,96,210,116,79,227
494,18,239,77,58,224,47,54,119,157
494,19,163,54,127,133,115,3,74,246
494,20,135,245,85,113,252,145,163,53
494,21,99,77,194,204,174,231,209,78
494,22,23,38,108,251,210,33,190,152
494,23,178,226,166,34,74,117,45,77
494,24,137,10,198,5,149,48,23,109
494,25,58,71,254,170,172,144,246,247
494,26,0,132,184,163,248,173,232,170
494,27,139,190,141,193,145,235,173,59
494,28,172,151,191,91,25,115,1,100
494,29,69,44,109,196,208,217,192,227
494,30,239,77,224,0,99,51,58,26
494,31,163,115,133,192,127,212,158,245
494,32,108,204,226,67,241,3,41,79
494,33,79,66,61,85,102,249,137,252
494,34,74,27,13,5,120,108,214,66
494,35,64,239,194,27,245,107,246,215
494,36,93,61,185,165,25,171,144,163
494,37,5,171,101,63,96,74,102,18
494,38,241,64,61,5,252,143,191,18
494,39,57,91,88,235,196,218,223,95
495,0,190,253,235,141,221,208,61,158
495,1,184,113,180,145,7,247,121,12
495,2,138,206,62,174,17,4,44,244
495,3,231,91,77,83,181,32,35,80
495,4,187,234,179,135,91,39,214,163
495,5,145,99,227,184,130,190,166,176
495,6,12,218,30,202,98,120,121,131
495,7,118,72,175,225,103,234,252,70
495,8,195,113,175,24,106,158,26,252
495,9,116,38,118,26,56,224,99,30
495,10,191,210,13,224,83,4,175,33
495,11,178,239,127,183,23,233,38,82
495,12,87,10,93,201,112,137,48,5
495,13,104,58,11,153,4,144,67,68
495,14,184,0,132,68,81,70,91,228
495,15,235,190,141,2,27,59,139,34
495,16,151,172,100,49,103,66,208,225
495,17,44,69,109,116,95,227,209,96
495,18,224,77,110,40,60,137,180,54
495,19,115,72,192,163,90,246,220,212
495,20,174,113,195,245,241,39,252,81
495,21,116,38,99,126,193,214,1,43
495,22,127,224,162,217,96,13,189,69
495,23,140,81,23,239,74,45,178,226
495,24,137,10,93,48,252,161,70,229
495,25,58,104,11,251,34,254,138,121
495,26,0,132,204,184,4,164,81,168
495,27,235,139,190,72,147,227,193,173
495,28,191,172,25,151,104,115,209,112
495,29,44,69,109,196,192,57,91,199
495,30,77,224,239,169,14,58,47,228
495,31,212,115,192,163,127,95,220,180
495,32,108,241,226,204,67,132,63,255
495,33,66,79,85,51,50,93,91,171
495,34,27,254,74,123,120,36,108,132
495,35,239,194,53,27,73,246,14,219
495,36,222,20,61,244,190,139,131,64
495,37,39,227,118,160,129,189,148,45
495,38,190,239,64,109,252,134,100,83
495,39,186,235,97,216,208,86,98,190
496,0,193,167,38,54,94,130,44,53
496,1,122,201,117,105,58,238,249,246
496,2,53,241,209,128,208,104,55,6
496,3,91,35,34,128,74,183,220,122
496,4,179,187,159,237,145,41,246,80
496,5,145,239,130,255,226,159,160,227
496,6,98,124,199,118,96,164,239,160
496,7,230,72,141,237,195,155,225,73
496,8,113,175,53,195,166,106,24,214
496,9,99,63,30,53,127,163,7,184
496,10,115,108,189,255,23,96,93,183
496,11,239,162,253,183,61,214,25,4
496,12,137,10,70,126,83,104,117,102
496,13,34,58,180,5,227,78,201,135
496,14,132,248,73,71,223,115,173,0
496,15,190,139,235,74,141,145,238,90
496,16,191,74,172,112,209,39,66,49
496,17,69,210,217,44,80,208,209,128
496,18,77,102,224,64,60,65,47,252
496,19,115,1,95,21,212,125,220,9
496,20,53,148,145,2,24,210,199,241
496,21,99,176,7,143,150,78,243,236
496,22,108,251,197,183,128,44,160,205
496,23,80,41,230,215,226,61,180,162
496,24,137,10,196,24,91,195,124,73
496,25,58,34,146,247,216,177,70,246
496,26,132,15,248,115,0,130,170,168
496,27,190,139,53,235,29,82,34,102
496,28,191,172,74,25,192,159,100,66
496,29,69,44,40,192,45,150,79,91
496,30,77,224,92,125,47,216,14,26
496,31,180,115,212,220,133,9,192,238
496,32,241,204,108,67,226,132,168,63
496,33,50,51,66,85,79,64,91,110
496,34,254,123,27,186,218,29,211,120
496,35,53,194,14,202,73,246,164,96
496,36,135,154,188,173,78,61,190,131
496,37,129,219,199,52,103,1,47,189
496,38,239,190,175,109,60,252,100,69
496,39,25,187,87,195,184,150,235,91
497,0,71,21,102,194,57,33,225,58
497,1,147,129,172,189,103,127,142,224
497,2,241,67,138,62,28,135,245,21
497,3,48,200,121,246,194,193,239,75
497,4,140,193,114,244,41,187,255,21
497,5,109,166,72,227,248,56,226,108
497,6,179,98,96,205,252,7,131,97
497,7,72,225,142,230,188,110,252,201
497,8,195,53,24,245,106,148,252,166
497,9,99,30,148,163,45,224,204,173
497,10,183,6,108,115,255,126,199,93
497,11,183,74,140,239,213,171,224,163
497,12,137,212,10,102,4,144,16,201
497,13,58,251,34,180,84,243,246,26
497,14,0,132,41,223,35,4,30,248
497,15,190,141,139,235,208,2,203,238
497,16,191,124,151,172,100,107,158,104
497,17,69,44,192,26,208,72,209,116
497,18,77,32,224,110,60,54,199,47
497,19,115,9,180,1,212,90,220,246
497,20,174,245,145,195,53,133,252,24
497,21,99,150,148,176,214,236,174,204
497,22,217,108,21,38,162,249,71,126
497,23,81,179,140,45,183,61,239,74
497,24,137,10,13,196,126,195,246,102
497,25,34,58,180,254,251,247,24,26
497,26,0,132,126,164,4,248,232,170
497,27,139,235,190,238,227,141,145,208
497,28,191,172,124,25,209,100,104,155
497,29,69,44,192,196,79,91,209,217
497,30,77,224,92,227,51,175,32,152
497,31,180,212,133,115,9,50,95,192
497,32,241,204,67,108,132,255,63,73
497,33,51,50,66,30,110,79,221,96
497,34,254,27,123,218,150,211,66,23
497,35,53,194,14,202,116,73,143,106
497,36,135,154,188,78,173,10,153,61
497,37,219,199,129,52,1,103,163,109
497,38,239,190,175,60,69,135,133,198
497,39,87,32,184,195,150,187,140,57
498,0,211,77,37,138,124,26,217,20
498,1,118,55,109,165,52,90,25,14
498,2,143,91,195,79,62,221,72,77
498,3,22,167,209,243,93,56,137,87
498,4,147,134,175,197,28,140,200,46
498,5,154,108,164,72,60,91,16,80
498,6,12,7,30,69,72,113,233,98
498,7,142,252,72,175,245,75,246,251
498,8,50,53,145,148,133,59,72,251
498,9,99,30,58,195,176,166,186,243
498,10,93,217,108,135,38,172,255,199
498,11,183,171,239,205,74,61,218,45
498,12,137,13,10,126,70,4,6,92
498,13,34,180,194,185,135,132,115,243
498,14,17,35,0,57,132,136,223,73
498,15,6,139,141,190,238,235,208,66
498,16,88,203,191,60,186,234,16,172
498,17,69,171,45,192,44,144,79,196
498,18,99,77,129,195,141,32,224,123
498,19,9,114,99,24,115,239,1,212
498,20,172,245,145,50,133,72,146,53
498,21,99,32,58,214,176,221,63,150
498,22,21,217,108,38,249,93,183,199
498,23,183,45,61,74,171,40,239,237
498,24,137,126,158,10,70,6,196,92
498,25,194,34,180,78,132,177,243,58
498,26,0,132,17,126,57,248,189,232
498,27,139,6,238,190,227,235,141,145
498,28,191,254,162,172,203,104,34,88
498,29,69,44,171,9,196,192,217,79
498,30,99,77,129,224,241,32,92,141
498,31,114,212,174,99,115,180,9,95
498,32,67,143,241,108,73,109,104,204
498,33,61,66,87,106,118,110,204,54
498,34,244,13,154,121,254,66,109,218
498,35,14,53,171,77,164,194,64,33
498,36,213,164,154,60,26,4,79,138
498,37,132,129,1,219,199,245,109,94
498,38,68,175,239,83,252,132,67,143
498,39,57,32,8,140,100,103,67,131
499,0,119,9,227,125,118,186,59,85
499,1,102,247,196,160,159,12,99,57
499,2,62,37,25,175,206,14,138,38
499,3,200,102,143,254,67,5,141,203
499,4,181,114,111,16,187,198,140,62
499,5,154,108,142,109,197,181,207,175
499,6,30,12,72,205,98,249,7,113
499,7,175,118,142,24,225,251,26,72
499,8,195,148,53,240,59,106,213,166
499,9,193,99,1,109,195,62,30,236
499,10,38,135,172,147,4,108,224,105
499,11,178,117,188,121,230,123,183,243
499,12,137,10,240,5,48,252,201,168
499,13,215,58,16,144,170,201,145,121
499,14,132,0,68,204,81,228,170,250
499,15,235,193,227,190,27,130,238,158
499,16,191,34,104,100,25,172,49,158
499,17,44,69,192,227,196,209,225,217
499,18,77,129,60,224,173,140,64,125
499,19,115,95,212,1,220,158,246,127
499,20,148,53,240,85,195,241,81,245
499,21,1,193,99,254,213,195,228,235
499,22,148,38,172,135,49,168,108,217
499,23,117,166,162,44,205,139,178,45
499,24,137,10,240,48,201,50,120,38
499,25,45,215,58,34,254,121,83,240
499,26,132,204,0,115,182,253,232,107
499,27,235,190,227,139,145,141,173,193
499,28,34,191,104,160,209,112,172,67
499,29,69,44,196,217,192,13,152,125
499,30,77,241,152,224,51,8,125,25
499,31,212,174,127,115,133,95,196,192
499,32,67,73,108,233,241,204,63,30
499,33,106,87,66,204,110,30,64,70
499,34,244,154,218,66,192,91,76,46
499,35,14,171,194,53,64,143,27,164
499,36,213,164,60,171,192,28,154,61
499,37,129,219,1,5,199,224,76,68
499,38,68,175,60,239,190,83,115,252
499,39,140,25,187,230,7,195,184,76
500,0,169,143,182,114,126,133,23,104
500,1,184,119,28,102,156,65,160,240
500,2,62,37,206,44,175,166,25,14
500,3,88,245,93,138,200,136,183,77
500,4,187,28,140,205,241,234,134,189
500,5,108,80,154,173,128,122,152,70
500,6,12,30,218,202,237,249,113,72
500,7,175,118,245,72,105,26,225,24
500,8,148,53,195,145,22,38,213,59
500,9,99,1,254,20,30,243,38,193
500,10,148,217,172,108,38,147,23,28
500,11,139,117,230,178,166,32,44,63
500,12,137,10,240,149,48,176,250,161
500,13,58,180,83,144,215,45,170,201
500,14,132,73,115,204,248,184,94,44
500,15,235,139,227,74,145,193,173,1
500,16,191,1,209,25,104,172,155,112
500,17,69,44,192,210,196,217,227,46
500,18,239,77,99,224,102,32,47,152
500,19,163,212,115,95,127,174,1,192
500,20,240,113,53,148,145,85,172,195
500,21,99,1,193,254,38,77,214,32
500,22,23,148,217,38,172,108,149,54
500,23,117,178,166,183,144,139,32,44
500,24,137,10,48,196,240,158,149,161
500,25,34,58,83,45,145,180,170,215
500,26,132,184,204,0,115,17,248,107
500,27,235,227,139,145,141,193,238,190
500,28,191,91,209,104,151,172,115,1
500,29,69,44,109,192,196,217,125,210
500,30,77,239,224,0,99,152,58,241
500,31,115,163,212,133,95,192,127,114
500,32,67,108,241,3,226,204,255,212
500,33,79,66,85,61,250,118,90,110
500,34,74,27,91,244,223,13,120,254
500,35,239,27,14,53,194,64,73,238
500,36,192,222,2,20,93,190,110,216
500,37,5,72,219,101,221,74,96,116
500,38,64,239,175,168,8,17,131,61
500,39,228,154,37,163,45,117,56,159
501,0,190,253,158,235,221,141,132,208
501,1,184,145,113,180,7,203,58,100
501,2,176,119,140,245,53,138,14,62
501,3,35,91,128,83,34,73,200,64
501,4,187,183,234,81,179,135,0,163
501,5,145,99,134,78,184,224,130,72
501,6,12,218,30,202,210,121,237,0
501,7,175,118,72,24,103,78,33,5
501,8,195,113,24,93,26,40,106,59
501,9,116,38,99,30,126,26,56,163
501,10,23,83,113,224,93,4,210,38
501,11,178,183,23,233,123,127,38,243
501,12,10,93,87,137,149,201,161,22
501,13,58,105,144,104,170,45,11,145
501,14,184,132,204,0,50,55,35,68
501,15,235,147,139,189,190,27,245,98
501,16,151,172,191,100,91,103,117,66
501,17,44,69,109,95,209,255,45,196
501,18,224,239,77,128,60,0,227,137
501,19,163,115,12,192,220,212,246,72
501,20,113,174,195,245,81,33,53,56
501,21,116,126,38,193,99,214,63,1
501,22,23,248,217,36,27,86,127,21
501,23,178,36,23,140,96,161,74,45
501,24,137,93,10,44,48,161,87,70
501,25,104,11,58,61,45,27,33,34
501,26,0,132,184,142,149,173,164,204
501,27,235,72,139,190,193,227,173,147
501,28,191,172,25,151,115,104,100,204
501,29,69,109,44,196,192,57,91,111
501,30,77,224,239,58,14,60,227,123
501,31,115,192,212,133,163,127,220,95
501,32,241,108,204,226,67,63,255,54
501,33,79,85,66,93,50,51,221,174
501,34,27,74,254,132,123,244,120,52
501,35,239,27,53,194,14,146,156,164
501,36,20,222,154,192,169,190,213,110
501,37,39,129,5,199,219,227,37,88
501,38,109,64,239,165,32,202,241,143
501,39,186,190,11,60,133,98,93,97
502,0,193,167,38,54,94,53,44,130
502,1,122,201,117,58,105,238,249,84
502,2,140,78,186,55,245,209,241,200
502,3,91,35,34,128,73,220,183,122
502,4,187,179,246,159,237,184,183,80
502,5,145,239,130,207,255,159,226,85
502,6,124,12,118,145,55,98,96,95
502,7,225,72,230,195,103,142,73,22
502,8,113,53,195,166,175,59,214,148
502,9,99,116,30,126,163,7,38,236
502,10,115,21,93,231,183,108,255,211
502,11,253,183,205,163,162,23,140,112
502,12,137,10,70,117,83,212,102,144
502,13,58,34,5,11,104,33,201,84
502,14,132,0,147,248,173,41,73,223
502,15,190,235,139,141,74,208,2,131
502,16,191,151,172,66,112,100,104,49
502,17,69,44,196,109,192,210,217,116
502,18,77,102,224,60,54,47,64,125
502,19,115,212,1,192,9,125,180,95
502,20,174,245,145,113,24,133,30,195
502,21,99,214,1,150,243,28,176,168
502,22,217,108,21,96,148,162,183,224
502,23,140,230,23,61,179,81,183,32
502,24,137,10,13,195,70,161,246,120
502,25,34,58,180,11,78,254,247,251
502,26,126,0,132,164,248,4,253,55
502,27,139,235,238,190,227,141,90,61
502,28,191,172,25,115,104,192,197,209
502,29,69,44,109,79,196,192,209,100
502,30,224,77,123,58,92,182,97,60
502,31,115,192,212,133,180,163,95,220
502,32,241,108,204,226,67,255,63,132
502,33,79,85,50,51,66,110,221,91
502,34,254,27,123,186,23,244,218,211
502,35,194,53,239,14,202,143,164,254
502,36,154,188,20,110,78,135,213,153
502,37,129,199,219,39,163,52,113,103
502,38,239,190,109,175,60,8,143,69
502,39,25,195,187,184,150,230,154,87
503,0,71,200,21,102,194,33,225,57
503,1,147,129,172,189,103,127,224,142
503,2,140,241,245,119,62,85,28,196
503,3,200,48,75,121,193,246,70,143
503,4,140,193,187,114,246,224,41,49
503,5,166,109,108,72,227,248,154,226
503,6,205,179,96,252,7,12,103,131
503,7,72,225,142,175,230,110,201,162
503,8,195,106,53,24,245,145,166,148
503,9,99,30,148,193,163,224,45,204
503,10,183,199,126,37,231,6,227,224
503,11,140,253,183,213,74,205,125,16
503,12,137,212,10,144,4,117,201,214
503,13,58,34,251,201,2,84,5,246
503,14,0,132,41,223,248,147,73,4
503,15,190,139,141,235,2,208,74,131
503,16,151,191,124,172,131,100,104,49
503,17,69,44,192,116,72,26,196,253
503,18,77,224,32,47,54,60,102,65
503,19,115,180,1,212,9,246,50,192
503,20,245,174,145,195,24,2,241,133
503,21,99,148,150,214,176,248,243,28
503,22,217,21,108,38,148,182,183,224
503,23,140,81,230,45,61,179,117,121
503,24,137,10,13,70,195,169,196,120
503,25,34,58,254,180,251,248,247,26
503,26,132,0,126,164,248,4,253,55
503,27,139,235,238,190,141,203,145,227
503,28,191,172,124,25,209,104,100,159
503,29,69,44,192,196,209,79,91,217
503,30,77,92,224,97,182,241,59,124
503,31,180,115,133,212,50,95,9,25
503,32,241,204,108,67,132,255,63,73
503,33,51,50,66,110,30,79,221,85
503,34,254,27,123,218,66,150,211,23
503,35,53,194,14,202,143,164,116,254
503,36,154,135,78,188,153,173,4,206
503,37,219,129,199,1,163,52,103,171
503,38,239,190,175,60,135,133,69,198
503,39,87,32,184,195,150,187,57,140
504,0,211,77,225,37,1,29,70,0
504,1,55,118,100,145,251,186,171,14
504,2,143,195,91,166,79,72,221,163
504,3,22,137,167,201,56,93,180,38
504,4,147,197,187,134,28,36,189,200
504,5,154,108,0,136,177,164,122,207
504,6,12,30,72,7,205,237,69,233
504,7,225,72,175,183,203,142,227,174
504,8,53,148,145,213,133,181,50,144
504,9,99,1,28,58,30,84,176,130
504,10,217,135,38,162,197,108,172,224
504,11,183,253,205,117,230,143,45,121
504,12,137,13,10,83,38,168,126,51
504,13,34,180,215,194,58,78,246,14
504,14,132,102,29,4,73,164,35,0
504,15,190,139,238,208,221,255,235,90
504,16,191,88,192,172,201,107,1,203
504,17,69,44,196,225,51,217,192,128
504,18,102,77,129,110,99,209,54,199
504,19,9,1,114,125,115,24,239,180
504,20,172,145,245,148,24,133,210,53
504,21,99,32,176,214,58,150,15,1
504,22,217,38,197,135,21,245,231,224
504,23,45,183,179,166,230,40,61,143
504,24,137,158,10,13,195,126,246,120
504,25,34,180,194,215,211,78,58,177
504,26,0,126,132,17,164,4,130,248
504,27,139,238,235,190,6,141,79,221
504,28,191,254,172,34,88,112,104,158
504,29,69,44,225,192,196,217,209,184
504,30,129,77,224,99,92,241,182,123
504,31,114,212,180,115,174,127,133,149
504,32,204,108,67,241,109,233,73,69
504,33,66,61,87,106,204,110,162,225
504,34,244,13,154,121,254,66,218,109
504,35,44,14,53,171,164,114,162,194
504,36,213,79,154,164,224,61,240,94
504,37,132,196,219,1,199,24,109,66
504,38,175,239,190,132,68,143,186,96
504,39,57,8,32,75,140,100,67,112
505,0,119,9,227,125,118,186,59,85
505,1,102,57,207,160,239,159,176,99
505,2,37,25,163,19,166,132,175,52
505,3,5,137,161,244,60,67,162,141
505,4,181,114,82,16,245,111,182,72
505,5,154,108,226,142,207,75,149,139
505,6,30,12,98,72,249,63,115,205
505,7,142,175,118,227,225,104,60,126
505,8,148,195,53,240,213,59,24,144
505,9,99,193,1,211,109,45,195,233
505,10,38,135,172,147,4,197,224,108
505,11,121,178,117,183,188,166,144,35
505,12,10,240,137,89,38,252,177,98
505,13,34,215,58,144,16,201,101,211
505,14,132,0,196,55,188,228,200,107
505,15,235,221,190,193,141,223,130,90
505,16,34,191,172,201,197,104,208,200
505,17,69,225,44,196,192,217,209,128
505,18,77,129,224,40,3,140,109,47
505,19,115,174,192,153,127,212,1,220
505,20,245,202,24,195,145,240,252,148
505,21,99,193,1,214,228,48,252,121
505,22,38,96,224,148,217,43,135,183
505,23,45,139,166,23,117,178,179,173
505,24,10,137,120,240,176,195,169,48
505,25,34,144,172,45,211,180,215,58
505,26,0,132,94,253,130,204,188,228
505,27,235,139,190,221,193,11,141,238
505,28,34,191,104,25,112,1,172,158
505,29,69,196,192,225,233,44,13,217
505,30,241,77,8,224,152,47,51,58
505,31,212,174,192,127,115,133,100,223
505,32,73,204,108,233,241,67,63,13
505,33,204,87,106,66,30,70,110,50
505,34,244,154,66,218,179,192,138,41
505,35,14,194,53,69,225,171,143,164
505,36,213,164,61,135,144,240,94,154
505,37,1,129,170,219,199,180,218,80
505,38,68,175,239,236,77,60,16,115
505,39,25,140,230,115,22,225,195,184
506,0,195,211,191,222,137,70,139,82
506,1,91,167,118,187,55,25,125,248
506,2,170,223,211,32,166,132,163,91
506,3,93,56,244,196,11,136,209,252
506,4,140,28,46,134,111,147,225,197
506,5,71,22,108,0,173,128,122,91
506,6,249,30,218,113,202,199,12,192
506,7,175,18,225,149,39,104,251,168
506,8,53,148,24,59,213,72,251,84
506,9,99,1,163,86,141,7,176,234
506,10,148,172,217,147,37,135,10,200
506,11,166,139,117,32,105,183,218,90
506,12,137,240,10,199,83,164,176,149
506,13,34,20,144,180,248,215,174,4
506,14,94,132,0,204,254,68,164,250
506,15,235,193,141,139,190,158,28,238
506,16,34,104,191,124,197,158,204,247
506,17,69,125,192,44,233,196,253,116
506,18,241,77,8,239,99,125,110,40
506,19,174,188,1,180,115,99,144,24
506,20,174,145,243,127,53,146,241,133
506,21,99,193,214,204,252,238,7,141
506,22,148,217,224,214,138,38,44,103
506,23,139,166,205,129,78,230,117,179
506,24,137,120,184,254,199,83,195,246
506,25,34,180,20,149,144,246,254,248
506,26,0,94,132,4,219,236,55,248
506,27,139,190,141,11,238,221,235,196
506,28,191,34,158,104,124,187,209,194
506,29,69,13,125,233,217,210,100,73
506,30,241,8,77,152,54,182,96,123
506,31,174,133,212,127,165,1,215,115
506,32,73,233,136,123,204,241,109,19
506,33,70,61,106,204,87,30,51,203
506,34,66,154,179,218,13,150,41,122
506,35,14,53,114,162,194,71,134,238
506,36,213,164,154,7,25,29,144,121
506,37,1,5,170,199,219,165,25,205
506,38,68,175,8,184,143,125,61,191
506,39,174,57,32,6,88,210,67,148
507,0,91,247,215,16,49,34,213,119
507,1,184,239,168,160,94,121,148,102
507,2,225,146,54,31,161,114,226,14
507,3,161,88,126,136,77,252,93,212
507,4,140,28,241,230,187,157,146,46
507,5,71,173,128,22,0,237,80,56
507,6,12,30,218,202,249,240,237,98
507,7,175,118,104,227,142,225,245,33
507,8,53,148,195,24,213,145,251,59
507,9,99,77,28,1,69,233,130,254
507,10,217,148,23,172,38,147,61,206
507,11,178,139,166,117,105,183,32,35
507,12,149,10,240,137,198,109,176,120
507,13,34,180,58,144,170,215,145,248
507,14,132,94,0,184,164,17,113,248
507,15,221,235,139,238,141,190,70,124
507,16,158,191,91,1,104,107,34,234
507,17,69,44,51,196,125,192,209,9
507,18,239,77,99,241,102,227,54,125
507,19,115,163,192,125,9,1,203,127
507,20,145,172,53,174,195,252,113,30
507,21,99,38,193,77,214,97,211,28
507,22,217,70,32,23,148,184,38,245
507,23,178,139,166,117,77,230,72,215
507,24,149,120,10,137,254,195,244,159
507,25,34,144,145,45,161,247,246,105
507,26,132,184,4,0,219,164,232,94
507,27,221,235,190,139,141,193,223,187
507,28,191,91,115,158,1,151,25,172
507,29,69,44,109,225,196,210,125,23
507,30,239,77,0,224,58,8,173,222
507,31,163,115,127,131,113,1,223,108
507,32,108,3,226,67,204,212,171,40
507,33,79,66,85,27,90,158,138,210
507,34,91,74,27,223,120,160,170,25
507,35,27,239,220,14,38,206,128,60
507,36,192,222,93,2,47,84,7,131
507,37,5,101,171,37,227,194,33,199
507,38,64,8,61,10,168,175,239,147
507,39,228,154,45,225,37,11,163,97
508,0,190,253,141,221,235,208,158,132
508,1,113,180,145,7,203,184,21,58
508,2,68,14,229,138,30,140,225,123
508,3,35,83,91,128,82,34,231,140
508,4,187,0,234,183,179,135,81,91
508,5,99,145,41,78,207,184,224,166
508,6,218,12,30,202,121,98,210,0
508,7,118,175,72,227,142,104,24,33
508,8,195,148,53,24,113,233,59,213
508,9,99,116,38,77,30,228,26,126
508,10,23,113,38,83,148,199,10,195
508,11,178,183,23,117,243,205,35,139
508,12,10,149,93,161,240,21,137,176
508,13,58,34,144,170,121,45,215,145
508,14,132,184,0,35,164,73,173,204
508,15,235,221,139,193,141,190,124,238
508,16,151,191,25,158,172,91,1,131
508,17,69,44,109,196,192,217,51,45
508,18,224,239,77,0,40,109,97,128
508,19,163,115,192,246,125,212,127,18
508,20,113,174,106,195,252,202,26,168
508,21,38,116,99,126,214,193,43,132
508,22,23,38,70,127,113,200,205,197
508,23,178,117,205,45,166,40,183,129
508,24,10,200,109,195,161,242,48,21
508,25,34,104,144,58,184,45,161,70
508,26,0,184,92,50,132,228,47,219
508,27,235,141,139,190,173,193,151,220
508,28,151,191,25,115,172,246,66,100
508,29,109,44,125,69,196,113,32,232
508,30,239,224,0,77,58,47,252,173
508,31,163,115,192,116,238,246,113,136
508,32,108,226,204,5,67,168,40,49
508,33,79,85,27,93,66,98,138,137
508,34,27,74,192,53,130,122,223,108
508,35,239,27,38,156,33,246,206,195
508,36,222,20,61,29,25,11,94,192
508,37,160,98,45,39,227,128,11,221
508,38,64,131,254,109,244,32,252,241
508,39,186,97,218,216,237,196,208,88
509,0,193,167,38,54,53,94,44,130
509,1,122,201,117,58,105,238,249,20
509,2,200,68,140,55,54,186,14,138
509,3,91,35,34,128,220,183,103,74
509,4,179,237,187,159,145,80,246,183
509,5,145,239,159,226,130,207,255,166
509,6,98,63,124,181,239,131,55,160
509,7,142,237,230,72,225,188,162,60
509,8,113,53,175,195,24,166,158,59
509,9,99,126,30,116,7,53,127,235
509,10,23,43,108,255,115,21,145,29
509,11,24,148,205,4,230,35,90,213
509,12,137,10,70,21,83,233,195,168
509,13,34,58,170,246,201,78,180,5
509,14,132,73,248,184,115,173,15,44
509,15,74,90,139,235,238,190,221,170
509,16,191,1,234,197,201,24,25,4
509,17,69,210,128,217,244,51,204,243
509,18,239,77,64,102,32,233,60,45
509,19,190,95,115,129,125,240,18,10
509,20,148,53,154,199,108,68,142,152
509,21,99,214,81,78,233,236,176,143
509,22,197,108,160,33,205,226,154,41
509,23,80,211,230,2,61,117,251,253
509,24,196,137,10,244,168,94,233,180
509,25,34,208,165,174,183,146,151,246
509,26,132,130,1,73,115,248,15,254
509,27,139,190,102,206,151,182,238,90
509,28,74,191,197,183,39,162,4,176
509,29,69,150,128,204,99,249,151,244
509,30,77,64,45,123,83,195,225,141
509,31,95,240,59,18,25,88,190,125
509,32,33,236,7,87,137,157,54,154
509,33,192,161,5,72,202,64,117,230
509,34,16,246,211,110,10,29,2,111
509,35,125,7,220,254,238,235,202,222
509,36,78,188,110,132,57,245,154,226
509,37,103,199,158,219,113,235,6,165
509,38,190,109,239,191,192,137,53,252
509,39,25,201,48,10,222,225,164,56
510,0,71,200,194,102,21,57,33,225
510,1,129,147,172,189,103,127,224,142
510,2,68,67,28,85,140,245,196,135
510,3,48,200,121,150,194,137,75,193
510,4,140,193,114,224,83,187,41,32
510,5,166,109,226,72,248,108,227,24
510,6,98,205,179,252,131,160,69,103
510,7,142,72,225,188,237,230,110,162
510,8,195,53,24,245,106,148,202,59
510,9,99,30,148,53,43,163,7,224
510,10,199,183,126,37,21,224,255,227
510,11,183,140,205,213,253,224,112,249
510,12,212,137,10,6,214,144,104,120
510,13,34,149,121,58,2,104,253,201
510,14,132,0,147,4,188,154,81,228
510,15,141,190,235,124,89,223,158,56
510,16,158,151,191,208,131,16,107,124
510,17,69,44,237,125,51,253,45,227
510,18,77,40,224,60,128,140,252,109
510,19,115,10,246,12,158,207,139,180
510,20,245,216,235,106,81,11,202,39
510,21,74,148,252,7,43,190,99,184
510,22,127,38,195,200,241,223,21,43
510,23,129,45,233,74,36,168,224,78
510,24,242,195,201,174,200,69,87,204
510,25,104,34,26,141,241,153,133,255
510,26,0,207,9,188,219,142,250,228
510,27,190,29,137,97,141,187,243,70
510,28,158,191,66,151,101,89,200,174
510,29,69,59,232,125,32,44,237,10
510,30,74,128,47,140,40,238,37,60
510,31,10,1,180,220,176,118,246,238
510,32,52,132,45,163,66,212,203,63
510,33,27,66,137,50,96,225,17,177
510,34,254,29,123,105,108,223,211,192
510,35,194,53,162,134,14,164,156,206
510,36,154,135,29,173,78,63,159,165
510,37,219,158,199,13,173,172,59,183
510,38,239,190,175,100,135,125,117,165
510,39,87,32,140,222,22,48,133,105
511,0,211,77,26,241,29,138,48,151
511,1,132,11,55,34,26,118,5,85
511,2,91,195,61,143,79,221,42,16
511,3,22,137,163,201,93,167,180,149
511,4,147,203,197,200,134,140,132,28
511,5,154,108,136,74,0,122,42,164
511,6,12,30,7,72,205,69,237,179
511,7,225,142,75,252,183,104,245,175
511,8,53,50,148,213,145,133,72,59
511,9,99,58,30,204,1,15,130,150
511,10,217,162,135,38,197,233,226,108
511,11,74,205,183,45,237,117,226,121
511,12,137,13,10,70,168,195,198,235
511,13,34,180,194,49,215,227,21,26
511,14,132,0,73,154,30,113,17,92
511,15,190,97,141,139,74,221,244,238
511,16,88,191,131,201,203,192,158,107
511,17,69,51,125,210,128,44,144,100
511,18,102,77,129,99,123,110,199,195
511,19,1,9,115,239,24,90,125,114
511,20,172,50,145,245,235,53,133,148
511,21,99,58,176,150,32,201,214,68
511,22,224,44,21,231,217,183,38,78
511,23,45,74,183,40,90,22,237,179
511,24,137,195,158,246,120,127,184,13
511,25,34,180,194,78,149,177,135,172
511,26,0,126,132,191,92,4,248,17
511,27,139,247,238,97,141,190,90,235
511,28,88,191,203,158,162,172,254,192
511,29,69,44,125,59,9,45,51,253
511,30,99,129,77,239,123,224,74,209
511,31,114,90,133,115,174,212,1,158
511,32,92,109,108,67,52,209,144,69
511,33,66,61,225,87,250,204,27,137
511,34,13,109,121,108,154,164,163,38
511,35,44,162,140,134,38,33,215,194
511,36,224,79,113,230,94,240,97,165
511,37,160,180,120,243,125,191,242,254
511,38,190,186,143,117,239,207,156,206
511,39,193,235,115,171,57,100,227,22
