-37,0,188,112,92,238,66,106,144,43
-36,0,136,14,241,56,78,228,15,95
-35,0,36,134,2,41,151,115,29,72
-34,0,97,166,142,113,205,123,150,210
-33,0,2,41,139,6,223,222,151,81
-32,0,175,70,134,13,55,31,204,177
-31,0,117,226,11,96,233,128,187,93
-30,0,136,241,78,56,44,68,89,14
-29,0,139,134,36,175,151,81,55,222
-28,0,186,242,144,234,111,187,155,188
-27,0,136,78,56,241,89,68,18,33
-26,0,41,36,2,134,86,136,163,65
-25,0,151,222,134,55,65,203,81,211
-24,0,175,13,151,31,178,55,177,204
-23,0,96,117,187,186,11,185,121,242
-22,0,181,107,82,251,39,83,68,255
-21,0,109,24,151,47,177,81,139,222
-20,0,142,97,166,113,123,205,150,215
-19,0,6,66,106,185,117,171,226,147
-18,0,41,2,86,115,223,237,203,163
-17,0,177,222,74,2,151,55,31,203
-16,0,13,178,55,159,204,116,199,175
-15,0,123,229,249,196,216,105,7,104
-14,0,66,106,46,212,32,22,65,110
-13,0,144,186,242,111,234,92,155,188
-12,0,96,194,117,198,52,226,93,187
-11,0,233,40,110,127,147,157,46,250
-10,0,222,5,144,203,234,188,31,224
-9,0,13,175,204,222,177,31,203,213
-8,0,188,234,111,186,144,172,146,242
-7,0,96,117,171,226,185,187,128,80
-6,0,57,110,180,250,50,56,37,157
-5,0,233,2,65,86,223,157,29,110
-4,0,250,80,69,136,52,22,233,96
-3,0,65,41,2,218,212,222,223,1
-2,0,65,212,134,1,110,218,175,157
-1,0,123,249,229,216,196,7,105,101
-37,1,214,112,19,86,167,224,128,198
-36,1,234,40,96,209,134,16,94,171
-35,1,254,205,101,234,245,22,90,70
-34,1,101,34,10,26,87,59,11,132
-33,1,254,191,101,89,206,245,149,205
-32,1,254,44,206,21,245,33,69,111
-31,1,169,133,107,81,232,2,120,66
-30,1,166,95,165,190,205,119,6,186
-29,1,254,22,245,190,101,154,49,50
-28,1,66,43,97,133,239,198,205,251
-27,1,166,183,40,234,209,16,57,96
-26,1,164,254,76,245,101,22,83,61
-25,1,101,254,245,44,206,230,131,49
-24,1,49,235,245,254,206,17,23,88
-23,1,169,81,66,13,133,232,43,223
-22,1,166,119,89,9,183,205,88,234
-21,1,236,70,226,76,164,61,22,190
-20,1,34,11,26,59,132,187,118,75
-19,1,112,250,223,191,86,205,189,128
-18,1,98,153,151,39,72,245,221,37
-17,1,8,245,178,206,44,101,175,67
-16,1,44,49,10,80,23,245,174,69
-15,1,11,231,225,27,155,244,118,93
-14,1,112,124,205,86,118,19,211,250
-13,1,198,3,251,135,205,255,189,134
-12,1,195,96,209,183,40,2,81,16
-11,1,98,81,190,95,234,119,205,48
-10,1,153,245,79,59,49,56,37,135
-9,1,49,174,141,232,245,23,80,61
-8,1,232,43,198,66,255,162,133,123
-7,1,96,40,206,223,13,221,134,157
-6,1,98,166,190,154,135,31,119,221
-5,1,13,111,43,98,158,57,17,66
-4,1,183,88,223,206,209,158,188,13
-3,1,153,98,79,82,143,245,88,42
-2,1,17,44,10,235,230,60,206,158
-1,1,11,225,244,231,27,155,118,93
-37,2,11,60,92,217,49,58,187,255
-36,2,39,106,36,158,80,20,197,226
-35,2,39,158,139,182,95,106,194,120
-34,2,17,235,158,57,93,19,197,145
-33,2,235,76,158,17,77,93,182,139
-32,2,235,77,75,17,4,158,145,3
-31,2,36,39,158,208,118,169,254,200
-30,2,13,158,36,22,159,39,156,125
-29,2,13,36,3,182,158,159,77,153
-28,2,107,158,150,230,212,110,92,200
-27,2,120,253,39,158,55,209,106,21
-26,2,83,158,120,63,182,77,139,208
-25,2,235,3,158,120,83,75,253,183
-24,2,50,4,158,183,46,3,132,7
-23,2,200,22,246,158,90,46,208,242
-22,2,158,13,56,160,125,81,137,1
-21,2,13,3,160,158,185,71,47,125
-20,2,158,26,103,70,249,90,146,164
-19,2,22,158,121,198,87,59,70,217
-18,2,115,158,56,201,83,139,173,93
-17,2,235,83,158,173,75,199,93,33
-16,2,57,173,116,122,71,31,124,55
-15,2,158,210,109,249,100,179,145,4
-14,2,158,219,217,10,255,60,121,80
-13,2,64,92,150,158,230,239,86,76
-12,2,148,246,224,158,35,108,251,33
-11,2,120,158,84,174,39,10,173,13
-10,2,58,89,193,158,179,3,216,84
-9,2,252,38,200,207,208,71,19,35
-8,2,110,23,158,150,249,230,242,173
-7,2,136,173,132,112,23,68,183,158
-6,2,33,115,173,158,81,56,5,136
-5,2,107,115,212,173,252,112,158,35
-4,2,104,158,192,183,83,107,35,235
-3,2,45,237,139,147,177,160,13,5
-2,2,183,235,127,4,46,253,45,83
-1,2,158,4,103,179,109,210,17,249
-37,3,25,225,162,214,191,199,197,159
-36,3,25,173,225,199,159,75,166,4
-35,3,36,25,159,199,225,167,224,58
-34,3,239,21,76,199,105,46,25,211
-33,3,239,21,25,199,215,36,66,94
-32,3,137,44,25,199,12,159,19,36
-31,3,221,81,188,91,44,25,120,122
-30,3,188,67,44,105,19,25,3,225
-29,3,167,44,81,36,188,105,25,132
-28,3,19,44,155,81,25,159,199,188
-27,3,19,50,150,229,228,44,188,153
-26,3,44,36,19,218,199,66,202,101
-25,3,44,0,36,199,61,218,159,197
-24,3,44,90,199,159,218,240,61,239
-23,3,44,221,90,199,86,170,94,122
-22,3,9,158,65,50,49,199,195,44
-21,3,44,36,0,61,167,224,9,218
-20,3,37,211,146,31,199,46,135,84
-19,3,202,25,199,92,218,214,94,159
-18,3,159,199,15,218,215,25,177,36
-17,3,36,159,199,66,243,215,94,218
-16,3,121,94,236,166,15,199,66,78
-15,3,37,133,187,199,235,31,231,152
-14,3,25,159,199,225,214,117,19,92
-13,3,159,25,155,44,199,66,94,81
-12,3,216,25,199,105,86,170,159,208
-11,3,236,25,202,216,19,188,159,199
-10,3,44,197,228,218,155,199,243,157
-9,3,44,153,53,86,36,61,205,215
-8,3,202,116,53,228,113,155,66,101
-7,3,53,170,221,214,138,122,228,188
-6,3,70,44,247,53,138,122,213,9
-5,3,2,247,53,44,216,228,14,66
-4,3,2,53,214,14,138,228,213,76
-3,3,0,132,90,154,248,113,44,66
-2,3,90,132,213,53,218,240,113,202
-1,3,133,187,37,231,199,152,235,31
-37,4,88,98,195,154,94,233,172,87
-36,4,98,192,253,195,89,154,88,156
-35,4,51,192,154,149,253,158,70,93
-34,4,167,161,240,253,154,14,4,65
-33,4,192,2,149,154,253,51,203,60
-32,4,44,253,154,51,192,221,218,30
-31,4,192,55,218,119,60,154,253,2
-30,4,2,253,192,55,133,218,60,154
-29,4,2,253,51,154,192,233,178,218
-28,4,192,94,112,154,60,218,71,98
-27,4,253,192,156,60,2,154,98,159
-26,4,60,149,253,154,51,93,192,212
-25,4,51,190,253,178,44,30,154,137
-24,4,44,51,202,154,148,253,30,27
-23,4,55,202,139,2,60,180,8,182
-22,4,133,82,60,25,139,154,2,202
-21,4,180,178,243,30,51,117,82,169
-20,4,161,167,154,14,65,30,13,170
-19,4,65,118,139,2,8,192,228,60
-18,4,149,192,51,60,93,30,154,169
-17,4,192,149,51,60,44,154,137,158
-16,4,44,213,192,221,148,154,51,93
-15,4,154,142,13,108,222,102,236,167
-14,4,154,118,242,54,192,222,98,122
-13,4,192,94,98,216,112,154,51,93
-12,4,192,119,55,60,98,94,216,154
-11,4,122,60,119,192,98,133,154,172
-10,4,178,51,137,30,94,125,154,169
-9,4,202,148,60,51,30,44,221,93
-8,4,12,71,30,94,164,60,158,216
-7,4,60,12,2,37,71,55,105,8
-6,4,60,2,55,180,30,138,37,164
-5,4,180,30,216,231,164,60,37,190
-4,4,180,105,122,119,123,30,60,139
-3,4,149,30,51,180,190,158,251,93
-2,4,44,180,231,215,138,60,164,30
-1,4,142,13,222,154,108,167,30,15
-37,5,110,64,60,166,15,56,159,165
-36,5,159,165,174,110,166,158,153,251
-35,5,165,66,40,52,213,153,115,251
-34,5,66,165,52,153,131,110,19,213
-33,5,165,66,168,115,52,158,228,2
-32,5,165,158,19,168,110,151,52,144
-31,5,61,165,158,110,19,151,168,194
-30,5,63,174,149,61,250,165,24,3
-29,5,24,63,168,149,228,250,144,165
-28,5,61,165,158,115,69,168,110,194
-27,5,250,174,158,165,151,168,52,61
-26,5,213,250,48,115,168,151,165,52
-25,5,48,81,14,168,250,60,228,89
-24,5,228,48,81,89,168,250,68,102
-23,5,48,61,81,194,102,52,89,168
-22,5,174,48,142,94,68,3,232,194
-21,5,48,232,3,102,228,94,133,223
-20,5,186,104,161,151,235,48,158,6
-19,5,194,158,165,202,151,161,114,18
-18,5,115,213,165,202,102,52,158,66
-17,5,165,102,52,48,40,115,133,158
-16,5,165,115,52,236,110,102,202,40
-15,5,104,186,193,151,165,236,6,158
-14,5,67,254,14,100,147,158,151,44
-13,5,165,115,2,158,40,52,66,81
-12,5,194,165,2,250,61,144,158,69
-11,5,250,31,61,151,2,236,69,114
-10,5,81,151,228,48,168,40,102,52
-9,5,236,151,48,102,168,115,52,81
-8,5,151,169,236,194,66,249,33,48
-7,5,3,151,194,236,61,19,81,33
-6,5,3,144,24,151,236,19,66,82
-5,5,67,81,3,151,254,19,168,66
-4,5,67,18,151,254,3,81,66,194
-3,5,213,81,14,12,168,115,165,33
-2,5,31,12,236,249,14,245,68,151
-1,5,151,186,104,193,6,224,236,235
-37,6,110,138,40,46,91,24,254,173
-36,6,138,196,79,77,232,133,65,22
-35,6,232,245,196,77,25,171,148,79
-34,6,245,196,232,25,171,91,79,126
-33,6,245,196,232,171,25,148,168,59
-32,6,196,126,59,79,245,232,91,25
-31,6,196,126,79,59,52,232,90,245
-30,6,59,196,128,126,174,148,77,58
-29,6,59,128,250,196,77,100,172,174
-28,6,59,196,3,128,79,232,250,69
-27,6,196,232,126,59,172,174,69,16
-26,6,196,245,232,100,172,25,29,157
-25,6,168,100,71,108,174,25,245,126
-24,6,174,126,100,25,71,196,245,172
-23,6,174,3,16,196,126,25,100,114
-22,6,174,108,196,58,71,32,85,232
-21,6,174,108,57,85,71,32,187,25
-20,6,174,196,167,232,126,108,245,100
-19,6,16,196,3,232,90,79,114,59
-18,6,186,232,245,196,115,108,79,243
-17,6,232,168,115,245,196,157,186,25
-16,6,232,186,245,57,157,196,161,115
-15,6,196,232,167,245,153,186,79,243
-14,6,196,167,79,2,52,138,43,178
-13,6,2,232,92,79,200,19,196,52
-12,6,196,79,232,2,19,200,92,52
-11,6,49,157,196,79,232,200,172,84
-10,6,82,174,48,126,52,168,172,232
-9,6,57,172,232,104,49,196,25,157
-8,6,235,61,73,107,196,232,115,57
-7,6,16,115,136,232,235,3,142,61
-6,6,128,48,115,142,136,174,107,241
-5,6,114,245,174,136,48,61,241,142
-4,6,114,61,196,245,90,3,107,136
-3,6,241,48,175,232,29,174,185,19
-2,6,241,175,57,245,232,18,48,185
-1,6,61,167,196,107,153,175,157,123
-37,7,221,191,112,200,142,39,241,165
-36,7,147,36,35,221,229,184,191,116
-35,7,35,147,120,1,220,239,37,7
-34,7,147,91,35,220,120,36,229,239
-33,7,35,120,220,239,7,1,147,167
-32,7,35,37,147,120,116,36,130,38
-31,7,147,181,36,116,35,37,184,131
-30,7,147,217,71,37,36,90,133,239
-29,7,38,37,71,130,129,90,239,36
-28,7,181,90,131,147,171,35,116,36
-27,7,1,90,36,7,220,239,147,71
-26,7,1,7,220,239,71,169,215,90
-25,7,71,16,220,1,130,146,120,246
-24,7,71,220,7,130,146,1,6,167
-23,7,243,220,94,71,146,131,130,219
-22,7,94,220,130,146,202,122,147,1
-21,7,130,223,94,146,220,122,38,133
-20,7,220,147,91,29,36,1,146,37
-19,7,44,91,147,36,220,171,2,37
-18,7,220,240,167,1,171,183,35,7
-17,7,220,1,183,167,35,239,122,240
-16,7,223,183,220,240,167,171,235,35
-15,7,147,29,36,240,220,35,171,184
-14,7,147,44,171,36,37,76,35,229
-13,7,171,76,181,37,35,243,239,147
-12,7,181,76,171,147,36,35,1,37
-11,7,1,79,239,7,101,76,171,36
-10,7,220,130,146,109,1,95,71,122
-9,7,1,223,167,239,220,7,4,68
-8,7,4,56,239,1,40,220,181,243
-7,7,239,1,4,243,131,133,181,220
-6,7,239,4,1,79,217,219,129,122
-5,7,4,1,239,16,7,95,253,219
-4,7,253,66,16,44,239,4,1,219
-3,7,253,66,16,1,239,146,217,220
-2,7,66,253,239,16,1,223,167,169
-1,7,239,29,79,1,253,147,36,199
-37,8,123,175,217,127,17,139,223,157
-36,8,123,157,191,107,180,110,220,52
-35,8,222,123,132,190,107,34,3,164
-34,8,222,33,123,4,191,132,164,218
-33,8,222,123,207,190,132,164,242,69
-32,8,222,190,123,164,3,48,107,191
-31,8,112,191,222,190,107,164,123,207
-30,8,222,157,112,190,207,123,191,107
-29,8,222,207,190,123,88,3,28,107
-28,8,159,222,107,164,190,3,207,191
-27,8,157,222,207,159,107,190,191,184
-26,8,207,222,184,123,107,157,88,28
-25,8,207,222,128,68,183,88,123,232
-24,8,207,222,183,128,109,232,84,107
-23,8,183,207,68,222,112,248,212,128
-22,8,68,183,207,248,222,128,9,73
-21,8,183,68,9,215,128,26,232,73
-20,8,164,207,222,33,183,107,84,4
-19,8,164,4,222,191,107,212,110,3
-18,8,183,19,242,3,164,107,222,207
-17,8,184,3,19,183,248,222,124,110
-16,8,110,159,222,3,19,183,84,107
-15,8,234,164,107,191,19,222,110,84
-14,8,33,234,4,191,164,107,110,19
-13,8,159,19,222,80,34,184,207,164
-12,8,112,159,207,164,107,19,222,184
-11,8,107,207,159,164,88,56,222,212
-10,8,183,88,222,207,107,9,128,215
-9,8,222,207,184,88,107,201,183,28
-8,8,107,88,207,65,222,120,201,184
-7,8,88,112,222,207,201,107,184,34
-6,8,88,184,201,222,107,183,207,68
-5,8,242,88,107,184,222,201,132,207
-4,8,242,38,88,107,49,112,103,201
-3,8,68,88,124,49,201,222,183,242
-2,8,88,49,242,184,222,183,201,124
-1,8,107,88,56,234,242,164,191,207
-37,9,72,95,122,210,246,12,194,45
-36,9,95,45,156,120,47,161,198,73
-35,9,95,234,47,5,237,102,4,128
-34,9,95,47,39,102,132,5,73,11
-33,9,95,234,47,5,237,192,11,54
-32,9,95,234,237,44,47,86,105,8
-31,9,95,19,237,47,234,178,44,206
-30,9,95,237,234,192,19,105,110,227
-29,9,95,237,234,128,22,192,54,44
-28,9,47,95,120,237,86,146,102,234
-27,9,95,105,234,5,120,24,4,47
-26,9,95,5,4,128,234,146,86,24
-25,9,95,234,128,24,192,4,44,65
-24,9,24,95,128,234,105,204,65,44
-23,9,24,19,95,206,178,105,139,5
-22,9,52,95,139,24,19,234,244,86
-21,9,52,139,24,95,75,65,128,196
-20,9,95,24,29,39,94,44,86,132
-19,9,239,95,47,102,178,197,156,24
-18,9,47,95,5,102,107,120,86,24
-17,9,4,95,102,107,86,24,220,146
-16,9,47,95,102,86,107,44,8,146
-15,9,95,29,94,47,164,102,86,44
-14,9,95,240,47,197,156,217,102,132
-13,9,95,47,102,197,198,146,5,107
-12,9,95,47,120,197,102,19,146,198
-11,9,217,95,47,146,197,5,128,234
-10,9,24,234,65,95,75,128,0,192
-9,9,24,95,234,5,146,4,128,0
-8,9,96,5,95,14,145,146,4,24
-7,9,5,19,96,14,234,178,206,215
-6,9,148,234,14,5,146,95,24,11
-5,9,14,240,146,5,24,145,4,95
-4,9,240,95,14,145,217,178,223,19
-3,9,24,146,14,5,4,102,231,234
-2,9,146,24,148,14,95,47,102,4
-1,9,29,94,95,197,164,146,86,13
-37,10,175,120,14,100,249,179,183,203
-36,10,247,187,234,68,12,243,124,91
-35,10,117,143,91,187,12,247,171,17
-34,10,216,187,117,247,12,143,124,171
-33,10,143,91,117,187,165,216,81,119
-32,10,216,91,12,81,187,242,234,111
-31,10,216,91,163,247,12,81,187,124
-30,10,12,73,68,92,91,85,143,223
-29,10,92,12,143,91,73,85,223,124
-28,10,9,81,143,91,247,252,187,12
-27,10,12,68,143,91,246,85,124,234
-26,10,143,246,12,117,31,85,17,40
-25,10,159,31,246,85,170,12,143,216
-24,10,85,246,12,216,31,143,242,7
-23,10,85,163,7,181,12,246,31,59
-22,10,68,181,128,59,154,85,124,170
-21,10,181,146,154,119,85,19,239,170
-20,10,216,85,12,247,130,246,143,91
-19,10,253,187,161,163,62,124,247,167
-18,10,117,17,253,187,143,247,81,204
-17,10,232,143,146,117,204,15,66,247
-16,10,216,19,232,234,187,81,247,143
-15,10,216,169,198,247,187,130,234,253
-14,10,161,247,187,62,234,124,198,142
-13,10,9,91,247,234,187,8,143,171
-12,10,91,163,9,234,187,143,124,247
-11,10,63,62,222,91,171,247,114,143
-10,10,85,146,119,228,7,143,59,97
-9,10,143,19,228,81,232,85,31,246
-8,10,218,143,31,7,24,114,51,171
-7,10,143,163,7,218,9,31,1,114
-6,10,143,73,114,31,51,171,154,7
-5,10,31,114,143,51,1,218,5,252
-4,10,163,218,51,63,114,1,31,171
-3,10,143,31,232,119,117,17,85,187
-2,10,143,31,232,19,81,71,119,216
-1,10,63,198,130,247,169,171,216,31
-37,11,180,41,246,96,152,149,143,46
-36,11,27,64,107,213,3,153,130,88
-35,11,208,209,103,101,107,231,151,84
-34,11,107,36,209,208,151,231,20,103
-33,11,231,101,84,209,154,103,3,208
-32,11,10,3,220,222,106,107,101,98
-31,11,107,18,142,10,3,98,255,116
-30,11,64,154,10,107,143,84,115,101
-29,11,154,84,10,147,37,115,201,101
-28,11,142,3,153,107,130,101,106,255
-27,11,64,250,3,130,225,107,207,145
-26,11,209,250,103,207,208,3,151,101
-25,11,37,109,250,115,212,201,84,94
-24,11,250,222,220,84,157,115,59,225
-23,11,142,18,2,250,116,225,212,115
-22,11,64,131,201,212,107,115,240,55
-21,11,37,212,131,201,2,240,30,94
-20,11,20,107,250,84,147,174,128,225
-19,11,142,20,130,107,195,3,49,101
-18,11,209,3,103,101,137,151,208,238
-17,11,59,231,137,111,3,103,101,37
-16,11,220,59,3,85,103,222,231,191
-15,11,189,3,107,128,103,145,111,191
-14,11,49,195,107,109,98,133,27,36
-13,11,3,153,238,98,137,103,145,95
-12,11,3,18,153,238,111,145,147,106
-11,11,3,111,66,145,27,101,207,106
-10,11,231,59,84,157,37,225,2,164
-9,11,222,59,103,3,220,231,84,250
-8,11,114,103,116,153,207,250,137,208
-7,11,103,116,18,21,208,84,250,114
-6,11,210,147,103,154,116,84,201,207
-5,11,151,103,116,109,186,170,236,147
-4,11,151,103,18,49,142,207,236,79
-3,11,231,209,103,84,207,109,79,137
-2,11,79,103,220,231,85,222,151,84
-1,11,189,103,111,236,145,147,107,250
-37,12,4,124,68,77,24,52,216,167
-36,12,221,60,169,39,68,16,199,1
-35,12,166,181,107,194,221,208,19,121
-34,12,1,166,128,194,221,39,181,208
-33,12,166,194,115,208,121,128,107,68
-32,12,208,194,221,39,107,219,157,121
-31,12,39,194,1,221,128,67,219,68
-30,12,194,221,121,147,107,205,1,106
-29,12,121,205,147,208,194,18,84,107
-28,12,39,194,128,1,67,205,68,107
-27,12,107,39,57,194,121,132,205,46
-26,12,166,132,46,157,39,65,121,246
-25,12,46,208,57,107,166,132,121,246
-24,12,57,46,208,121,230,107,132,125
-23,12,67,57,128,89,230,125,46,107
-22,12,57,107,230,73,36,125,1,89
-21,12,57,230,208,107,246,69,98,27
-20,12,128,57,107,65,160,39,121,205
-19,12,39,128,1,67,194,107,221,65
-18,12,166,39,95,181,157,59,128,134
-17,12,208,39,166,181,107,227,61,172
-16,12,39,157,208,59,52,181,128,3
-15,12,39,74,128,63,26,59,15,181
-14,12,39,74,128,44,63,191,1,221
-13,12,39,191,128,208,194,79,181,1
-12,12,39,191,79,128,132,1,194,154
-11,12,43,132,39,128,19,65,191,79
-10,12,57,208,59,125,210,50,107,230
-9,12,132,210,55,121,208,57,59,125
-8,12,132,206,56,11,7,65,128,22
-7,12,132,206,121,181,7,95,147,59
-6,12,132,56,7,147,121,222,19,59
-5,12,203,132,56,7,222,181,121,55
-4,12,203,56,67,7,132,19,22,128
-3,12,166,46,132,57,203,12,19,121
-2,12,203,56,132,7,46,59,32,19
-1,12,26,74,65,63,128,39,132,19
-37,13,231,119,132,221,167,177,161,216
-36,13,42,47,202,154,243,141,219,180
-35,13,47,18,42,133,154,175,36,122
-34,13,154,47,42,175,33,219,18,202
-33,13,47,18,154,175,42,51,202,67
-32,13,47,154,127,18,175,202,226,42
-31,13,47,154,200,175,127,219,130,66
-30,13,47,42,154,175,18,127,133,122
-29,13,47,18,133,42,30,224,181,226
-28,13,47,154,175,224,18,30,100,226
-27,13,47,42,18,175,137,154,224,122
-26,13,18,47,42,137,224,124,175,122
-25,13,47,122,249,124,42,18,224,137
-24,13,47,124,122,18,137,181,41,224
-23,13,200,47,122,124,224,41,249,238
-22,13,47,164,122,154,249,224,112,239
-21,13,47,122,249,27,174,230,17,117
-20,13,47,43,154,224,124,137,18,175
-19,13,47,175,154,224,66,219,142,134
-18,13,47,175,18,100,154,224,22,249
-17,13,47,249,228,136,154,175,18,122
-16,13,47,175,154,219,100,228,18,123
-15,13,47,43,154,175,147,219,224,18
-14,13,47,33,154,175,142,147,15,43
-13,13,47,175,6,154,15,127,142,226
-12,13,175,47,154,6,18,200,15,142
-11,13,18,154,123,47,137,175,28,6
-10,13,19,47,122,18,239,181,226,137
-9,13,18,47,228,123,181,19,122,175
-8,13,47,18,137,38,123,228,224,48
-7,13,18,228,123,47,51,200,137,175
-6,13,18,47,228,123,51,137,173,133
-5,13,228,123,18,47,51,137,48,38
-4,13,47,200,123,228,76,18,51,137
-3,13,76,195,192,228,123,199,21,47
-2,13,228,192,76,47,123,51,175,195
-1,13,47,43,123,18,154,137,147,175
-37,14,217,57,244,211,136,123,191,181
-36,14,166,88,137,189,51,244,57,71
-35,14,37,16,14,186,64,51,61,159
-34,14,51,137,159,14,147,64,37,224
-33,14,37,60,159,109,16,52,186,61
-32,14,37,52,24,160,61,137,159,51
-31,14,137,51,37,52,64,31,224,160
-30,14,37,61,186,88,178,51,109,160
-29,14,37,186,178,61,160,156,219,89
-28,14,51,37,52,61,137,160,224,88
-27,14,37,61,156,88,172,60,186,178
-26,14,235,156,75,172,186,60,37,129
-25,14,172,156,235,232,186,129,37,16
-24,14,232,172,235,156,178,37,186,152
-23,14,232,156,38,172,152,16,235,51
-22,14,88,232,51,14,156,137,225,16
-21,14,232,152,129,156,172,70,219,1
-20,14,137,51,52,124,235,159,172,61
-19,14,137,88,51,37,159,14,38,52
-18,14,14,16,156,159,203,69,40,52
-17,14,14,174,232,206,156,52,16,129
-16,14,14,52,16,160,159,224,131,231
-15,14,137,51,52,14,124,224,159,64
-14,14,137,51,147,52,224,160,124,159
-13,14,75,52,159,14,60,16,106,37
-12,14,75,156,60,37,186,52,159,16
-11,14,75,52,186,60,156,139,160,37
-10,14,156,232,169,129,11,172,16,152
-9,14,156,235,169,75,206,14,186,232
-8,14,75,206,169,156,186,11,14,129
-7,14,156,75,206,169,186,232,14,172
-6,14,75,206,169,156,186,11,14,129
-5,14,169,156,206,75,186,11,14,146
-4,14,169,146,38,40,11,75,39,156
-3,14,156,146,169,186,206,172,14,39
-2,14,146,169,156,206,75,14,171,186
-1,14,52,137,75,224,124,160,51,60
-37,15,225,247,218,191,117,82,48,83
-36,15,228,150,229,248,165,61,148,225
-35,15,18,148,113,22,61,250,242,71
-34,15,65,148,61,250,63,242,147,85
-33,15,18,250,71,22,61,63,148,113
-32,15,250,148,18,22,6,4,157,154
-31,15,148,250,241,99,242,204,165,87
-30,15,148,241,22,219,99,250,113,101
-29,15,22,101,219,113,250,18,239,84
-28,15,148,248,250,22,242,87,154,204
-27,15,22,148,239,241,71,233,84,242
-26,15,22,71,116,44,26,135,18,209
-25,15,22,18,209,239,148,44,152,219
-24,15,22,209,239,71,44,18,219,245
-23,15,209,103,241,239,17,22,148,18
-22,15,22,148,209,87,71,63,239,154
-21,15,209,18,22,17,239,118,142,95
-20,15,148,22,87,71,65,209,132,63
-19,15,148,250,240,87,63,61,54,242
-18,15,22,116,240,250,71,148,33,54
-17,15,22,209,71,234,177,102,142,18
-16,15,71,250,54,33,22,63,148,135
-15,15,148,228,81,250,71,22,87,165
-14,15,148,250,58,200,162,181,54,204
-13,15,250,248,22,192,174,37,123,148
-12,15,22,148,192,113,71,219,135,84
-11,15,233,22,192,113,71,148,207,63
-10,15,22,209,71,239,157,18,63,220
-9,15,22,71,209,192,135,33,113,63
-8,15,233,22,192,207,135,71,220,13
-7,15,22,209,192,135,71,240,233,239
-6,15,22,192,233,135,207,220,113,71
-5,15,22,135,192,26,13,71,209,113
-4,15,76,192,22,13,157,207,230,26
-3,15,22,79,192,116,207,13,209,76
-2,15,192,22,13,207,135,26,142,71
-1,15,22,220,192,233,87,81,148,71
-37,16,89,245,88,166,203,16,107,141
-36,16,130,252,75,247,28,60,229,166
-35,16,130,233,152,154,21,138,0,28
-34,16,130,28,252,152,154,233,229,170
-33,16,130,138,233,0,46,152,170,205
-32,16,130,252,190,51,233,28,152,59
-31,16,130,233,28,252,149,46,229,170
-30,16,130,233,149,46,229,252,161,167
-29,16,130,233,161,46,167,53,249,247
-28,16,130,233,252,46,170,152,28,147
-27,16,130,233,46,167,149,252,90,152
-26,16,167,233,130,154,46,0,90,138
-25,16,233,22,167,53,130,59,82,140
-24,16,233,167,190,90,130,224,82,46
-23,16,233,130,30,78,167,8,179,90
-22,16,233,130,40,167,46,229,7,152
-21,16,233,30,59,241,53,82,130,167
-20,16,233,130,5,252,46,170,167,152
-19,16,130,252,28,170,233,147,152,174
-18,16,170,21,152,130,0,252,233,138
-17,16,170,82,21,233,140,167,152,252
-16,16,170,0,152,252,130,46,193,233
-15,16,5,170,130,233,196,252,152,0
-14,16,130,252,156,152,170,51,28,233
-13,16,252,170,152,233,230,130,46,168
-12,16,233,46,167,130,152,252,0,136
-11,16,46,188,136,170,233,0,167,152
-10,16,167,233,118,59,42,95,53,90
-9,16,167,95,233,42,186,190,90,118
-8,16,186,188,167,95,233,146,42,21
-7,16,186,21,167,95,180,233,33,188
-6,16,95,188,167,186,42,233,118,193
-5,16,167,95,71,233,146,188,121,21
-4,16,78,233,167,71,95,31,45,42
-3,16,167,138,45,42,2,118,219,31
-2,16,146,71,167,42,31,45,95,121
-1,16,233,5,170,196,167,46,0,150
-37,17,96,106,26,171,150,25,125,86
-36,17,248,35,185,64,125,241,20,226
-35,17,35,185,64,206,78,56,115,226
-34,17,35,185,64,226,110,20,115,248
-33,17,35,185,64,78,201,56,147,191
-32,17,35,201,64,185,17,20,115,21
-31,17,35,64,115,155,17,201,20,87
-30,17,185,35,56,17,64,130,65,147
-29,17,185,130,35,56,64,32,17,214
-28,17,35,64,17,115,20,56,197,236
-27,17,185,35,23,56,115,64,17,147
-26,17,35,185,115,56,49,101,50,206
-25,17,35,23,185,213,19,235,231,191
-24,17,23,35,115,56,21,191,180,185
-23,17,35,155,180,206,23,242,115,191
-22,17,35,64,115,26,255,147,211,87
-21,17,180,164,206,231,62,35,27,45
-20,17,35,64,115,87,147,250,56,20
-19,17,35,64,87,20,115,155,17,147
-18,17,35,206,78,147,115,64,226,49
-17,17,35,206,147,115,19,78,20,231
-16,17,35,164,147,21,115,64,20,77
-15,17,35,250,64,87,115,61,20,147
-14,17,35,64,87,110,115,20,76,17
-13,17,35,197,20,17,147,242,56,142
-12,17,35,50,56,115,236,17,242,23
-11,17,50,35,115,88,56,191,92,147
-10,17,23,115,19,35,191,188,137,231
-9,17,115,164,21,50,56,188,23,35
-8,17,115,50,88,197,229,92,206,35
-7,17,206,50,115,88,56,92,155,191
-6,17,115,50,88,229,56,139,92,35
-5,17,115,88,50,101,143,139,137,92
-4,17,115,102,88,114,139,50,7,35
-3,17,114,23,231,213,50,137,139,7
-2,17,115,114,139,164,143,137,213,21
-1,17,115,35,250,61,50,255,87,64
-37,18,100,201,174,94,141,44,75,172
-36,18,126,13,199,217,161,134,69,155
-35,18,13,87,126,237,190,177,238,211
-34,18,13,126,128,251,177,161,87,148
-33,18,13,130,87,177,126,251,161,9
-32,18,13,126,34,135,134,251,87,116
-31,18,13,126,6,251,2,161,134,177
-30,18,13,9,25,126,28,165,251,211
-29,18,13,126,25,72,9,28,87,211
-28,18,13,126,251,192,69,161,211,12
-27,18,13,165,28,251,87,192,25,21
-26,18,165,251,13,190,72,192,238,87
-25,18,13,165,87,28,21,251,70,116
-24,18,28,21,13,87,165,1,251,192
-23,18,13,28,1,6,165,87,235,21
-22,18,13,251,87,165,192,70,55,134
-21,18,235,116,87,1,70,165,28,13
-20,18,13,57,192,126,251,148,134,87
-19,18,126,13,148,251,134,161,192,2
-18,18,251,13,190,70,87,238,192,237
-17,18,70,219,251,190,13,192,238,87
-16,18,250,251,13,190,126,192,70,161
-15,18,13,126,57,179,134,50,197,161
-14,18,126,13,112,192,251,134,2,179
-13,18,192,13,69,103,251,2,12,126
-12,18,192,13,12,165,103,251,2,249
-11,18,12,192,13,103,205,251,190,165
-10,18,12,165,13,251,219,28,106,238
-9,18,12,251,165,135,238,250,190,246
-8,18,12,188,190,26,165,205,251,94
-7,18,165,12,251,190,238,188,135,70
-6,18,12,251,205,165,13,190,26,94
-5,18,12,251,165,237,190,135,188,162
-4,18,12,214,215,251,135,6,165,190
-3,18,12,165,130,251,190,215,238,214
-2,18,12,251,190,165,26,238,50,215
-1,18,57,205,192,13,197,50,126,2
-37,19,41,204,221,44,142,207,238,173
-36,19,173,221,35,26,207,36,41,75
-35,19,35,75,107,40,42,111,251,31
-34,19,75,42,35,36,173,226,20,107
-33,19,35,42,75,107,111,40,254,114
-32,19,35,75,107,66,36,114,26,151
-31,19,151,35,36,107,75,42,31,66
-30,19,35,151,107,40,175,106,31,111
-29,19,144,107,35,106,75,175,40,66
-28,19,35,51,111,107,40,42,75,36
-27,19,40,35,175,111,106,51,107,31
-26,19,40,111,35,14,107,42,71,70
-25,19,40,247,175,35,38,253,216,111
-24,19,40,175,132,253,111,35,106,85
-23,19,132,35,175,40,216,70,16,14
-22,19,237,35,40,111,215,132,42,216
-21,19,216,132,247,35,179,16,40,114
-20,19,130,111,20,40,42,36,26,75
-19,19,36,42,75,20,26,35,107,162
-18,19,42,70,230,111,247,75,251,228
-17,19,247,251,70,230,111,75,234,216
-16,19,42,70,75,85,26,230,36,111
-15,19,36,20,130,42,26,109,75,162
-14,19,42,36,26,12,162,75,120,20
-13,19,111,42,228,51,113,60,35,107
-12,19,111,51,40,42,113,39,107,35
-11,19,111,51,252,113,42,40,39,107
-10,19,111,247,40,175,48,14,35,71
-9,19,111,40,42,71,113,85,247,35
-8,19,111,113,91,252,178,146,42,60
-7,19,111,91,151,71,178,40,113,42
-6,19,111,113,252,40,42,146,170,162
-5,19,28,111,178,38,71,42,113,40
-4,19,28,111,120,71,40,42,113,107
-3,19,111,71,43,40,113,168,107,218
-2,19,111,113,218,28,249,40,43,190
-1,19,111,26,130,39,252,113,36,20
-37,20,17,127,175,217,18,223,11,8
-36,20,116,197,191,173,23,127,217,224
-35,20,222,190,242,6,124,34,132,3
-34,20,222,33,80,191,190,19,28,141
-33,20,222,190,80,141,19,28,218,132
-32,20,222,190,56,19,191,3,172,48
-31,20,222,112,190,191,4,28,218,115
-30,20,222,190,112,157,28,191,109,4
-29,20,222,190,202,28,109,56,13,84
-28,20,159,222,4,191,3,232,19,190
-27,20,222,186,157,28,207,19,232,107
-26,20,222,207,242,184,159,28,107,19
-25,20,183,222,128,248,232,6,207,28
-24,20,183,222,207,215,82,28,107,56
-23,20,183,68,222,112,215,82,248,207
-22,20,183,248,222,186,124,19,115,207
-21,20,215,183,9,248,68,44,73,167
-20,20,33,191,222,4,56,115,232,19
-19,20,191,33,4,222,19,23,110,232
-18,20,19,242,222,110,248,3,183,124
-17,20,248,184,19,3,201,222,6,47
-16,20,19,110,56,159,191,242,106,222
-15,20,234,191,19,56,23,115,110,116
-14,20,191,33,234,4,110,222,164,232
-13,20,159,19,201,222,80,184,28,218
-12,20,222,201,107,88,112,207,159,19
-11,20,107,88,207,222,201,4,19,186
-10,20,222,183,88,201,207,19,56,215
-9,20,222,88,201,184,107,121,207,56
-8,20,88,107,201,120,242,184,65,132
-7,20,201,88,184,222,68,112,107,19
-6,20,107,201,88,56,184,222,165,19
-5,20,242,88,201,184,222,107,124,132
-4,20,88,222,184,242,201,49,112,61
-3,20,88,222,124,49,184,68,201,109
-2,20,88,242,165,201,184,56,132,49
-1,20,107,191,56,115,88,234,19,52
-37,21,72,246,184,232,210,113,127,122
-36,21,95,184,72,232,18,156,209,45
-35,21,95,234,128,44,47,204,5,237
-34,21,95,39,132,47,44,234,197,102
-33,21,95,234,44,192,47,54,128,237
-32,21,95,237,234,44,47,197,128,72
-31,21,95,234,237,44,19,197,192,206
-30,21,95,234,192,237,128,206,19,72
-29,21,95,234,192,128,237,252,44,54
-28,21,95,47,44,234,197,128,192,24
-27,21,95,234,192,128,24,4,43,105
-26,21,95,234,24,4,128,102,192,86
-25,21,95,128,52,200,24,43,234,110
-24,21,24,95,128,44,105,139,234,204
-23,21,95,24,19,139,52,206,128,234
-22,21,95,52,128,4,24,102,44,43
-21,21,52,95,139,24,128,196,44,43
-20,21,95,39,29,44,197,24,94,102
-19,21,239,95,47,197,44,102,132,5
-18,21,95,102,44,5,47,107,239,4
-17,21,95,4,102,44,5,133,128,190
-16,21,44,95,102,5,47,107,197,86
-15,21,44,95,29,164,197,94,47,102
-14,21,95,47,240,197,44,102,156,132
-13,21,47,95,44,146,102,5,198,156
-12,21,234,95,24,5,192,47,11,197
-11,21,217,95,234,197,11,47,5,146
-10,21,24,95,234,5,4,43,128,146
-9,21,146,95,234,24,5,102,4,43
-8,21,96,146,95,5,14,220,0,43
-7,21,96,146,19,95,239,234,5,220
-6,21,146,148,95,44,197,102,234,24
-5,21,146,240,14,24,95,184,96,145
-4,21,240,146,24,4,231,14,192,95
-3,21,4,146,145,24,102,44,14,234
-2,21,146,44,95,102,4,148,0,234
-1,21,29,197,95,47,44,164,94,13
-37,22,120,175,100,50,192,82,231,90
-36,22,243,182,176,65,133,124,145,50
-35,22,117,40,143,124,17,122,91,12
-34,22,187,124,117,248,143,247,191,95
-33,22,40,143,124,117,187,17,122,249
-32,22,124,40,12,242,187,91,143,122
-31,22,124,163,91,73,143,92,223,185
-30,22,12,124,73,92,68,223,91,143
-29,22,73,92,12,143,124,223,40,91
-28,22,124,9,91,143,0,187,253,40
-27,22,12,68,246,85,124,143,128,122
-26,22,143,17,12,117,40,246,124,122
-25,22,159,47,40,246,146,170,12,85
-24,22,246,85,12,122,242,40,124,216
-23,22,163,85,40,170,124,181,128,7
-22,22,68,143,124,128,59,167,119,176
-21,22,146,181,40,154,19,122,128,119
-20,22,124,198,130,143,246,12,247,137
-19,22,253,124,167,187,161,163,143,247
-18,22,117,253,124,17,40,187,122,143
-17,22,40,122,146,232,124,216,143,109
-16,22,216,124,19,253,40,122,212,167
-15,22,198,167,169,124,130,122,216,65
-14,22,161,124,187,91,185,198,247,234
-13,22,0,124,9,161,40,143,91,122
-12,22,143,63,163,124,91,161,122,167
-11,22,63,62,143,124,40,122,114,222
-10,22,146,228,122,85,246,40,143,119
-9,22,143,19,122,228,146,31,81,242
-8,22,31,0,122,218,143,40,7,63
-7,22,31,0,7,143,140,122,163,218
-6,22,216,122,31,63,143,0,40,222
-5,22,31,143,122,51,17,159,40,114
-4,22,143,31,81,163,232,51,85,159
-3,22,143,17,31,119,85,220,51,159
-2,22,216,122,143,31,19,232,26,1
-1,22,198,169,130,124,63,122,40,234
-37,23,180,41,87,152,96,213,132,92
-36,23,204,88,112,138,221,150,213,89
-35,23,208,209,107,151,50,137,200,59
-34,23,50,36,107,208,22,3,20,16
-33,23,209,231,136,107,3,151,22,59
-32,23,222,107,220,3,59,157,10,204
-31,23,18,142,107,143,130,204,24,3
-30,23,64,143,138,107,154,149,94,101
-29,23,154,37,201,59,157,107,147,94
-28,23,3,153,142,107,66,130,106,111
-27,23,64,107,130,3,250,131,208,252
-26,23,209,208,151,103,3,107,250,14
-25,23,37,109,131,212,157,222,158,94
-24,23,220,222,59,157,85,250,201,231
-23,23,131,18,142,130,177,54,212,107
-22,23,64,131,80,208,106,233,212,162
-21,23,131,37,201,212,59,157,30,94
-20,23,20,128,107,3,206,174,106,111
-19,23,3,20,142,130,107,143,13,128
-18,23,209,3,151,208,59,231,238,103
-17,23,231,59,111,3,113,103,158,222
-16,23,220,85,3,59,231,151,149,222
-15,23,189,128,206,143,107,111,246,62
-14,23,36,128,3,27,206,49,95,225
-13,23,3,153,238,95,66,59,145,106
-12,23,3,66,18,238,162,153,208,101
-11,23,66,247,111,27,106,3,42,208
-10,23,231,157,59,164,84,225,103,37
-9,23,222,231,220,103,59,85,84,218
-8,23,114,15,103,116,109,208,84,153
-7,23,103,116,15,109,114,208,18,113
-6,23,210,116,147,103,111,201,45,84
-5,23,151,103,156,116,109,170,250,49
-4,23,207,49,79,18,36,101,103,84
-3,23,103,231,209,207,84,79,151,109
-2,23,103,201,79,220,151,236,231,72
-1,23,189,62,111,128,206,3,56,108
-37,24,53,216,124,167,4,24,58,62
-36,24,221,60,199,16,126,216,68,167
-35,24,1,221,194,107,166,181,157,165
-34,24,1,194,221,68,39,3,145,107
-33,24,1,194,221,166,115,39,157,68
-32,24,1,221,157,194,39,219,50,55
-31,24,1,221,194,107,121,68,39,147
-30,24,1,221,194,121,107,147,125,18
-29,24,1,147,221,194,121,100,84,107
-28,24,1,221,107,39,194,46,73,181
-27,24,1,107,221,46,57,125,121,194
-26,24,1,166,221,46,107,194,39,121
-25,24,1,46,55,166,107,125,121,57
-24,24,1,57,46,107,221,65,11,55
-23,24,1,125,230,67,57,107,89,221
-22,24,1,107,221,113,36,57,89,53
-21,24,1,57,55,230,107,50,98,36
-20,24,1,74,63,160,221,26,205,15
-19,24,1,39,221,67,107,15,181,53
-18,24,39,166,1,157,59,181,107,210
-17,24,39,166,1,157,221,210,55,50
-16,24,39,1,157,128,15,115,59,62
-15,24,1,74,63,26,221,39,15,160
-14,24,1,39,15,221,44,191,74,43
-13,24,39,1,191,15,181,194,221,95
-12,24,132,1,79,107,39,57,121,142
-11,24,1,138,132,65,39,221,206,19
-10,24,57,11,210,59,65,1,50,132
-9,24,11,65,132,59,1,55,181,7
-8,24,206,1,65,132,152,181,95,7
-7,24,121,132,181,95,65,147,206,7
-6,24,1,128,65,152,11,56,222,132
-5,24,7,132,121,65,1,56,95,206
-4,24,203,219,121,107,7,181,67,59
-3,24,203,166,7,46,217,121,132,57
-2,24,56,128,7,217,11,32,1,65
-1,24,74,1,63,26,160,39,15,242
-37,25,167,52,236,132,221,231,242,119
-36,25,180,44,251,233,167,89,132,182
-35,25,47,42,224,154,175,155,202,74
-34,25,47,175,33,42,66,89,154,190
-33,25,47,42,175,224,66,154,127,67
-32,25,47,42,101,130,224,0,175,221
-31,25,47,127,200,133,26,224,175,173
-30,25,47,42,133,122,181,200,127,74
-29,25,47,42,133,181,74,224,18,30
-28,25,47,224,175,249,122,100,181,133
-27,25,47,42,122,249,137,224,18,181
-26,25,47,224,42,181,18,122,137,249
-25,25,47,249,122,181,42,224,74,155
-24,25,47,101,137,42,124,224,74,18
-23,25,47,122,117,200,239,74,224,181
-22,25,47,249,122,164,48,18,74,181
-21,25,47,230,249,0,122,48,74,244
-20,25,47,147,134,43,154,175,224,182
-19,25,47,175,154,142,224,182,171,134
-18,25,47,175,154,249,74,254,224,155
-17,25,47,228,0,175,154,74,249,130
-16,25,47,101,175,154,130,254,19,74
-15,25,47,147,134,182,43,130,154,175
-14,25,47,175,33,6,134,130,142,219
-13,25,47,175,155,123,168,154,130,224
-12,25,47,18,123,168,175,142,30,221
-11,25,47,18,123,137,175,168,154,228
-10,25,47,18,137,123,239,122,99,0
-9,25,47,18,101,137,123,228,81,51
-8,25,47,228,137,38,123,18,224,48
-7,25,47,18,123,48,38,228,51,224
-6,25,47,228,137,123,18,97,154,48
-5,25,47,228,224,123,18,76,51,81
-4,25,47,228,192,76,195,123,181,51
-3,25,47,192,76,195,123,228,21,81
-2,25,228,47,192,123,97,76,81,101
-1,25,47,43,147,61,134,130,123,182
-37,26,217,57,81,136,181,244,211,150
-36,26,166,88,12,137,189,71,159,244
-35,26,37,159,137,64,166,236,160,16
-34,26,159,37,166,147,137,16,64,14
-33,26,37,159,137,16,106,160,64,236
-32,26,137,37,160,159,24,166,64,61
-31,26,37,160,137,38,178,31,186,61
-30,26,37,178,186,160,38,61,27,166
-29,26,37,178,61,160,186,64,137,224
-28,26,160,137,37,61,178,172,156,52
-27,26,172,160,156,37,16,142,159,244
-26,26,160,172,16,37,156,232,60,186
-25,26,172,160,232,156,16,225,142,89
-24,26,232,160,172,156,137,16,178,152
-23,26,232,152,38,160,156,172,16,91
-22,26,152,232,229,172,14,16,142,160
-21,26,152,160,232,89,218,16,172,129
-20,26,137,160,51,16,124,159,37,14
-19,26,137,160,14,16,51,106,52,37
-18,26,14,16,160,137,236,232,106,159
-17,26,14,16,160,206,174,137,232,64
-16,26,160,137,14,16,224,171,31,52
-15,26,137,160,20,148,124,51,31,16
-14,26,160,137,51,147,54,37,148,106
-13,26,160,16,137,139,52,37,60,61
-12,26,186,160,37,16,156,29,169,142
-11,26,160,83,75,169,37,156,186,16
-10,26,156,169,232,11,129,203,186,152
-9,26,169,203,156,206,186,75,213,11
-8,26,169,206,220,75,160,180,11,156
-7,26,156,220,206,129,186,169,246,75
-6,26,52,160,137,169,197,75,206,203
-5,26,40,146,169,160,72,206,186,156
-4,26,40,146,39,169,156,186,11,206
-3,26,146,40,156,39,169,206,160,186
-2,26,40,146,72,160,206,171,169,75
-1,26,137,160,20,171,148,124,32,52
-37,27,247,191,225,218,83,82,108,117
-36,27,85,150,228,225,204,61,255,185
-35,27,85,250,18,113,218,63,22,61
-34,27,85,65,250,61,63,71,228,54
-33,27,85,250,63,174,71,218,18,152
-32,27,85,250,101,148,63,18,218,21
-31,27,85,99,101,241,219,218,250,152
-30,27,85,101,99,219,22,152,241,113
-29,27,85,101,250,22,113,84,239,21
-28,27,85,248,22,233,71,209,250,218
-27,27,85,22,209,71,132,186,219,241
-26,27,209,85,22,71,116,135,219,9
-25,27,209,18,22,85,152,112,63,239
-24,27,209,85,239,17,22,71,49,148
-23,27,209,85,17,103,241,220,166,218
-22,27,209,22,85,17,103,190,118,228
-21,27,209,18,17,85,22,112,33,118
-20,27,65,250,85,209,87,58,71,22
-19,27,240,85,218,250,54,63,71,103
-18,27,240,54,250,63,209,71,85,116
-17,27,209,5,85,177,18,22,63,190
-16,27,33,54,240,85,71,63,250,218
-15,27,85,228,165,200,181,87,81,58
-14,27,85,54,250,218,63,181,204,200
-13,27,250,248,85,192,71,63,135,218
-12,27,233,22,113,192,71,209,135,85
-11,27,233,71,113,192,13,85,135,22
-10,27,13,209,22,192,71,18,113,142
-9,27,13,135,33,192,22,142,71,113
-8,27,192,142,22,13,123,233,113,248
-7,27,22,142,192,240,113,135,71,63
-6,27,192,203,13,22,220,233,85,135
-5,27,142,22,76,192,135,207,218,13
-4,27,22,135,142,209,166,192,207,76
-3,27,79,22,142,116,209,192,207,18
-2,27,192,13,33,135,22,207,8,197
-1,27,181,200,165,174,81,87,85,23
-37,28,158,107,88,166,93,218,18,89
-36,28,152,252,229,130,247,166,60,63
-35,28,130,152,51,247,138,233,28,143
-34,28,130,152,247,156,51,245,0,147
-33,28,130,138,152,247,252,51,56,80
-32,28,130,252,190,152,51,170,28,80
-31,28,130,149,51,54,152,200,113,176
-30,28,130,149,176,51,147,167,6,8
-29,28,130,200,167,176,249,190,51,152
-28,28,130,54,167,46,51,152,230,233
-27,28,130,167,8,30,0,149,222,247
-26,28,130,138,167,233,51,8,158,201
-25,28,130,56,233,53,167,8,222,113
-24,28,130,190,167,233,51,193,224,30
-23,28,130,30,149,78,179,8,113,233
-22,28,130,30,222,233,179,51,232,140
-21,28,130,30,233,241,193,179,82,59
-20,28,130,170,5,96,152,167,0,51
-19,28,130,170,96,152,119,51,47,252
-18,28,130,138,152,51,170,21,56,20
-17,28,130,56,82,246,138,51,170,152
-16,28,130,190,210,193,212,170,51,82
-15,28,130,133,152,28,5,43,170,252
-14,28,130,252,170,156,168,152,51,229
-13,28,130,230,170,51,252,54,152,168
-12,28,130,167,54,0,118,46,42,51
-11,28,167,130,188,99,0,42,118,46
-10,28,130,99,167,42,118,53,95,59
-9,28,130,99,167,71,188,181,31,42
-8,28,186,21,130,167,99,71,137,230
-7,28,130,21,186,167,99,78,233,218
-6,28,130,193,167,233,99,121,31,81
-5,28,130,45,71,78,167,21,99,121
-4,28,45,167,130,78,21,2,233,147
-3,28,138,130,56,45,201,66,21,167
-2,28,130,71,193,146,42,233,219,66
-1,28,130,133,170,39,43,5,252,80
-37,29,106,96,171,25,86,125,112,42
-36,29,248,64,20,201,100,185,79,241
-35,29,64,185,35,78,201,248,147,238
-34,29,110,201,64,185,247,147,35,226
-33,29,201,185,78,64,242,35,230,25
-32,29,64,201,185,17,21,20,125,56
-31,29,64,130,155,201,56,32,248,236
-30,29,130,185,23,56,32,64,191,155
-29,29,214,185,64,32,56,23,21,17
-28,29,64,236,23,56,231,242,147,115
-27,29,185,23,231,242,191,147,64,50
-26,29,78,23,185,56,231,147,242,64
-25,29,213,19,23,185,62,231,173,235
-24,29,180,23,21,185,88,64,56,115
-23,29,180,155,232,35,236,115,137,64
-22,29,26,180,232,231,155,243,64,240
-21,29,180,62,232,164,88,115,71,231
-20,29,172,64,20,147,87,230,50,17
-19,29,64,155,147,230,20,194,218,110
-18,29,78,147,230,64,137,103,142,221
-17,29,19,147,64,35,28,78,231,187
-16,29,164,88,21,147,64,91,221,20
-15,29,64,87,250,76,20,172,248,91
-14,29,110,64,20,213,17,5,230,142
-13,29,20,142,49,147,139,236,64,187
-12,29,236,56,115,50,147,23,139,187
-11,29,115,50,236,139,23,56,92,229
-10,29,115,19,23,229,21,50,56,137
-9,29,115,164,229,50,21,139,206,92
-8,29,206,115,139,49,50,92,173,218
-7,29,115,155,173,130,206,49,56,92
-6,29,88,115,49,173,214,21,35,62
-5,29,115,49,78,157,173,213,139,102
-4,29,23,102,56,114,139,230,173,110
-3,29,23,78,213,231,56,206,147,115
-2,29,164,88,115,21,112,49,35,61
-1,29,64,250,76,87,20,172,35,248
-37,30,31,174,75,94,32,160,141,217
-36,30,13,134,126,72,161,176,199,177
-35,30,13,72,177,251,66,237,134,135
-34,30,13,128,251,126,177,148,135,221
-33,30,13,130,177,66,72,135,251,87
-32,30,13,135,126,63,99,250,44,25
-31,30,13,6,9,25,242,234,126,135
-30,30,9,13,72,25,87,165,234,242
-29,30,13,9,72,151,25,63,28,21
-28,30,13,192,69,28,9,165,251,21
-27,30,72,13,28,165,9,21,87,206
-26,30,13,28,72,165,9,1,251,87
-25,30,13,28,165,87,72,21,151,9
-24,30,28,151,1,63,192,13,165,21
-23,30,235,13,6,1,122,165,28,145
-22,30,235,55,13,122,165,70,1,28
-21,30,235,151,63,50,28,209,13,1
-20,30,148,135,251,192,187,13,1,163
-19,30,148,1,135,251,13,159,6,192
-18,30,251,13,237,66,221,1,192,2
-17,30,141,219,13,251,66,192,151,70
-16,30,250,251,162,232,99,151,50,63
-15,30,179,134,187,43,13,163,135,44
-14,30,135,159,251,71,13,163,192,112
-13,30,69,192,13,251,135,2,103,12
-12,30,192,12,103,165,13,251,6,106
-11,30,12,103,13,165,205,106,251,190
-10,30,90,165,12,13,103,190,1,251
-9,30,90,190,12,165,13,251,103,188
-8,30,165,190,12,251,103,70,238,188
-7,30,165,12,9,238,69,151,3,103
-6,30,162,165,50,192,12,13,151,251
-5,30,12,237,165,215,251,214,73,50
-4,30,12,214,215,251,135,165,9,6
-3,30,12,165,130,28,238,251,66,151
-2,30,162,192,99,50,63,250,12,94
-1,30,179,192,134,2,187,13,197,111
-37,31,35,75,30,20,162,96,36,60
-36,31,75,162,221,35,41,20,36,207
-35,31,35,40,75,107,42,60,66,226
-34,31,35,42,107,120,75,40,111,162
-33,31,35,40,247,66,249,75,42,107
-32,31,35,66,162,107,106,151,40,42
-31,31,35,106,162,40,66,107,7,175
-30,31,35,175,102,40,7,107,162,66
-29,31,35,144,175,40,107,162,106,66
-28,31,35,51,40,162,175,111,106,107
-27,31,35,40,111,175,107,162,216,38
-26,31,40,35,175,111,107,162,216,14
-25,31,40,35,247,175,38,216,253,111
-24,31,35,132,175,40,253,162,111,106
-23,31,35,132,16,216,162,233,14,8
-22,31,237,132,16,35,216,14,8,40
-21,31,35,216,247,16,132,40,175,70
-20,31,35,130,42,162,111,70,228,96
-19,31,42,35,162,96,107,40,179,70
-18,31,42,35,70,96,247,111,162,107
-17,31,247,35,70,42,96,230,111,162
-16,31,35,42,70,162,96,111,183,228
-15,31,162,20,35,205,109,75,42,130
-14,31,30,42,162,225,12,228,96,35
-13,31,51,42,111,35,162,113,106,60
-12,31,111,51,162,113,35,107,40,106
-11,31,111,252,40,35,107,106,162,175
-10,31,111,252,146,35,247,40,113,108
-9,31,111,252,35,146,113,238,170,40
-8,31,111,113,71,60,35,252,28,251
-7,31,111,151,35,60,38,71,43,28
-6,31,111,35,252,28,113,38,43,170
-5,31,28,111,35,113,170,38,43,71
-4,31,40,111,107,28,120,175,43,113
-3,31,111,247,113,107,40,35,70,170
-2,31,35,111,162,113,146,43,234,252
-1,31,20,162,42,205,109,35,130,30
-37,32,195,68,112,27,146,185,178,252
-36,32,224,252,68,27,112,197,178,71
-35,32,75,14,197,27,144,28,50,61
-34,32,238,113,50,21,158,61,55,217
-33,32,14,197,50,27,61,75,212,217
-32,32,109,76,123,159,50,27,61,179
-31,32,17,89,61,217,212,210,8,27
-30,32,224,61,217,212,197,65,89,81
-29,32,212,179,217,61,18,123,86,28
-28,32,195,146,61,162,194,178,21,217
-27,32,224,61,197,21,206,217,212,89
-26,32,61,28,197,14,217,75,120,66
-25,32,61,14,217,171,176,142,28,66
-24,32,76,61,179,109,171,246,18,86
-23,32,17,171,199,194,176,61,175,232
-22,32,224,171,101,197,176,175,232,37
-21,32,171,179,176,144,28,26,57,246
-20,32,113,99,21,238,159,178,254,55
-19,32,17,247,21,178,50,42,238,55
-18,32,92,14,197,50,75,144,120,55
-17,32,14,144,85,92,50,57,21,117
-16,32,76,179,85,123,57,21,117,55
-15,32,98,99,192,134,68,131,178,112
-14,32,116,192,159,185,238,55,178,68
-13,32,146,195,86,120,178,68,117,50
-12,32,17,178,194,217,89,40,66,61
-11,32,96,186,217,61,116,40,42,21
-10,32,85,22,48,12,21,120,18,144
-9,32,85,48,40,28,144,21,22,18
-8,32,40,146,102,86,21,221,66,195
-7,32,17,40,86,217,61,27,66,203
-6,32,179,86,40,27,125,21,157,66
-5,32,75,40,61,66,116,245,27,217
-4,32,61,75,245,40,116,194,158,217
-3,32,14,61,40,66,197,75,157,117
-2,32,179,27,104,125,76,28,66,40
-1,32,98,192,99,178,134,112,131,49
-37,33,127,189,37,97,217,181,72,36
-36,33,127,63,72,217,156,71,18,16
-35,33,127,161,103,5,63,72,250,181
-34,33,127,41,63,190,72,40,224,219
-33,33,127,103,5,219,63,72,89,59
-32,33,127,189,139,198,11,95,68,143
-31,33,105,127,214,94,23,29,159,117
-30,33,63,127,156,159,18,40,105,142
-29,33,151,127,11,139,104,132,29,225
-28,33,75,127,97,37,94,49,6,189
-27,33,63,127,156,18,40,12,10,206
-26,33,103,5,127,59,18,133,12,75
-25,33,237,68,103,59,127,12,11,10
-24,33,139,11,142,127,56,104,250,36
-23,33,23,117,214,142,94,127,10,173
-22,33,201,117,179,142,156,10,127,197
-21,33,68,234,142,104,132,10,127,162
-20,33,127,190,41,232,104,107,143,72
-19,33,127,23,214,217,94,40,142,12
-18,33,103,54,5,127,250,40,161,181
-17,33,68,103,127,54,133,5,250,181
-16,33,234,95,56,162,11,127,104,181
-15,33,127,86,183,126,238,29,39,0
-14,33,127,182,232,86,72,107,244,28
-13,33,75,133,37,97,127,6,49,181
-12,33,49,23,214,127,94,40,6,159
-11,33,49,11,58,182,238,127,122,116
-10,33,56,49,139,224,143,107,162,253
-9,33,234,49,224,107,56,162,253,122
-8,33,36,97,224,37,168,49,6,122
-7,33,23,117,36,214,49,94,6,217
-6,33,96,49,36,104,132,6,151,127
-5,33,161,198,5,182,6,11,36,104
-4,33,168,182,94,11,23,214,154,12
-3,33,103,5,237,161,59,122,40,133
-2,33,234,49,132,127,104,96,90,95
-1,33,127,183,86,126,49,39,0,129
-37,34,63,51,255,204,212,186,236,90
-36,34,51,152,63,105,204,54,234,188
-35,34,227,109,152,11,102,51,249,29
-34,34,88,34,97,161,51,102,152,29
-33,34,227,152,11,102,18,141,29,51
-32,34,48,51,240,72,44,195,238,155
-31,34,51,12,58,187,149,61,54,155
-30,34,152,149,54,155,51,213,29,170
-29,34,48,240,44,51,61,28,72,238
-28,34,212,255,187,51,19,235,54,102
-27,34,152,54,188,235,102,213,70,225
-26,34,227,152,5,235,11,225,213,188
-25,34,18,225,48,152,11,235,102,173
-24,34,48,44,240,72,28,195,238,51
-23,34,153,58,187,54,47,114,28,19
-22,34,153,49,217,47,58,28,114,202
-21,34,94,48,44,240,28,238,153,72
-20,34,88,51,161,97,252,21,102,62
-19,34,188,51,58,102,12,54,187,21
-18,34,227,109,143,102,11,5,188,202
-17,34,11,18,143,102,227,202,222,8
-16,34,72,44,240,102,51,238,222,220
-15,34,51,84,96,207,26,252,1,102
-14,34,9,51,205,252,45,102,21,56
-13,34,212,255,5,51,238,90,21,102
-12,34,177,187,51,19,102,21,54,202
-11,34,180,205,101,196,102,202,51,95
-10,34,175,195,48,143,64,240,28,220
-9,34,240,175,64,95,220,72,48,195
-8,34,28,90,212,255,95,81,55,64
-7,34,149,28,58,90,187,202,177,54
-6,34,44,238,28,206,202,90,51,173
-5,34,205,227,44,238,28,202,173,177
-4,34,205,34,187,19,54,12,173,188
-3,34,11,143,227,18,235,28,202,222
-2,34,44,240,238,51,20,28,177,40
-1,34,84,51,96,26,62,207,228,1
-37,35,43,44,97,129,22,203,49,135
-36,35,112,129,135,203,84,22,225,28
-35,35,223,44,3,10,83,60,22,229
-34,35,3,39,61,223,10,60,212,35
-33,35,3,114,10,223,46,104,86,184
-32,35,185,223,148,92,10,190,250,191
-31,35,60,206,10,22,223,80,3,83
-30,35,60,206,10,80,83,223,3,184
-29,35,114,218,148,190,60,223,206,10
-28,35,49,63,3,223,214,61,145,10
-27,35,63,214,3,223,184,60,40,212
-26,35,184,63,223,214,3,60,10,73
-25,35,117,63,191,184,223,3,10,255
-24,35,184,185,71,190,255,148,191,74
-23,35,71,7,255,184,152,159,0,34
-22,35,71,224,255,152,7,159,184,0
-21,35,255,190,71,148,117,74,184,134
-20,35,61,184,218,74,255,3,145,35
-19,35,196,184,255,3,214,40,35,61
-18,35,196,214,3,35,184,136,255,244
-17,35,3,35,214,244,111,136,229,66
-16,35,196,148,61,185,191,35,190,3
-15,35,203,57,102,218,181,42,29,40
-14,35,218,132,22,3,10,61,108,223
-13,35,49,136,61,145,212,241,76,229
-12,35,61,145,49,184,214,3,63,60
-11,35,184,61,153,145,3,255,63,218
-10,35,2,61,85,94,185,184,5,3
-9,35,2,94,85,61,5,185,3,151
-8,35,99,39,49,61,20,3,212,161
-7,35,196,49,145,60,80,206,20,61
-6,35,190,148,61,102,74,97,49,80
-5,35,3,184,148,80,63,73,10,190
-4,35,3,63,184,214,151,132,73,92
-3,35,214,244,191,3,63,184,60,7
-2,35,148,190,203,74,97,191,21,102
-1,35,203,102,179,57,181,245,171,17
-37,36,73,234,45,212,0,159,186,153
-36,36,73,212,239,24,214,186,251,255
-35,36,55,251,14,73,193,48,214,194
-34,36,193,207,73,239,203,196,214,194
-33,36,214,48,196,73,193,194,242,198
-32,36,125,142,26,227,242,39,79,203
-31,36,253,193,0,63,73,196,242,214
-30,36,193,239,24,251,196,198,139,123
-29,36,211,142,227,39,202,115,248,147
-28,36,0,193,234,8,244,73,66,210
-27,36,193,239,24,251,244,117,139,210
-26,36,193,251,48,239,24,244,139,40
-25,36,193,44,37,244,48,139,142,39
-24,36,147,227,142,115,39,125,244,211
-23,36,25,253,0,210,16,245,7,31
-22,36,25,255,245,24,57,16,210,31
-21,36,115,142,39,25,227,244,147,7
-20,36,207,202,248,246,152,193,49,211
-19,36,0,193,203,239,253,244,139,116
-18,36,48,193,203,251,239,129,139,210
-17,36,44,48,37,203,193,129,139,166
-16,36,142,202,39,115,248,227,193,203
-15,36,120,70,248,217,203,7,230,220
-14,36,181,211,248,120,246,152,203,202
-13,36,234,227,147,203,193,73,176,126
-12,36,0,193,253,8,210,98,167,7
-11,36,193,98,211,210,8,0,244,139
-10,36,67,125,202,246,37,195,142,152
-9,36,202,195,246,67,142,152,248,125
-8,36,234,147,49,227,193,202,117,34
-7,36,253,0,193,11,73,147,166,8
-6,36,227,115,39,147,193,76,11,202
-5,36,193,251,244,227,39,34,115,210
-4,36,253,193,0,172,244,8,239,210
-3,36,193,48,129,251,57,244,166,139
-2,36,115,227,39,142,19,235,191,167
-1,36,219,60,235,62,230,70,165,240
-37,37,72,219,209,145,165,220,48,28
-36,37,219,50,209,48,28,90,14,72
-35,37,48,162,126,14,209,28,196,97
-34,37,209,48,241,15,90,28,97,57
-33,37,48,28,162,14,97,94,57,20
-32,37,48,196,174,27,78,67,175,143
-31,37,220,164,184,84,93,37,48,219
-30,37,50,14,112,37,209,227,90,97
-29,37,67,174,78,27,48,143,193,184
-28,37,84,145,220,209,57,227,90,37
-27,37,50,14,90,209,57,87,241,147
-26,37,14,162,87,57,147,55,50,45
-25,37,14,162,87,196,193,57,97,55
-24,37,78,27,193,221,102,196,175,87
-23,37,102,84,221,164,220,87,209,26
-22,37,102,50,221,14,87,54,158,159
-21,37,27,221,78,102,87,55,54,3
-20,37,48,67,174,161,143,60,135,87
-19,37,84,57,209,48,220,164,87,90
-18,37,162,55,14,57,241,48,87,147
-17,37,162,14,55,126,57,241,227,97
-16,37,27,78,126,169,55,127,73,175
-15,37,182,143,55,190,48,58,72,123
-14,37,48,143,67,174,161,190,55,135
-13,37,145,241,175,48,55,193,227,78
-12,37,84,145,241,220,57,250,164,227
-11,37,84,143,241,31,93,220,57,87
-10,37,60,43,161,135,174,55,209,78
-9,37,60,43,161,135,174,227,55,126
-8,37,193,15,241,227,83,90,209,55
-7,37,93,220,84,164,250,180,127,55
-6,37,27,78,15,193,227,241,169,145
-5,37,227,241,27,84,127,55,19,212
-4,37,84,220,57,90,241,227,147,28
-3,37,14,162,241,57,147,227,55,45
-2,37,169,27,127,78,145,227,16,180
-1,37,182,145,55,163,65,58,19,125
-37,38,120,209,87,125,22,132,0,97
-36,38,209,146,86,79,97,84,44,33
-35,38,209,97,75,44,84,124,52,250
-34,38,209,97,44,250,84,86,126,75
-33,38,209,97,185,75,79,84,124,33
-32,38,209,132,80,101,30,215,119,97
-31,38,209,136,95,59,228,97,22,101
-30,38,209,146,59,228,44,86,4,97
-29,38,209,80,30,215,101,9,234,44
-28,38,209,75,44,86,97,22,250,4
-27,38,209,44,75,146,86,97,244,3
-26,38,209,75,124,3,244,4,97,157
-25,38,209,75,3,244,157,97,33,52
-24,38,209,215,80,157,75,119,101,244
-23,38,209,157,136,4,22,244,131,72
-22,38,157,146,4,209,244,99,3,86
-21,38,209,157,88,215,80,173,75,119
-20,38,209,30,71,9,97,234,80,44
-19,38,209,44,97,86,244,250,22,136
-18,38,209,97,244,250,79,124,44,157
-17,38,209,97,185,254,79,250,173,52
-16,38,209,80,169,97,119,173,215,44
-15,38,209,148,92,71,173,202,179,75
-14,38,209,101,30,9,97,234,195,120
-13,38,209,87,215,250,44,97,251,126
-12,38,209,250,97,75,44,22,86,84
-11,38,75,209,244,250,97,44,86,22
-10,38,234,201,209,30,163,87,119,44
-9,38,234,201,209,163,30,9,119,44
-8,38,139,250,44,126,97,209,215,86
-7,38,209,136,191,233,250,158,96,115
-6,38,215,209,119,139,75,251,169,250
-5,38,209,250,75,97,44,215,244,67
-4,38,75,244,250,44,97,86,22,209
-3,38,250,44,75,126,209,244,97,124
-2,38,209,169,215,119,173,61,96,75
-1,38,209,148,173,179,75,70,143,92
-37,39,224,108,23,78,241,16,68,52
-36,39,78,13,85,62,52,177,181,34
-35,39,224,181,77,78,52,62,177,75
-34,39,72,181,52,62,78,36,15,13
-33,39,177,181,62,77,78,52,13,167
-32,39,158,244,92,44,183,250,239,72
-31,39,23,16,52,241,248,188,146,145
-30,39,181,52,85,177,13,62,188,14
-29,39,244,92,183,158,250,9,239,72
-28,39,241,23,52,16,145,62,181,254
-27,39,52,177,62,13,85,181,61,254
-26,39,52,13,177,62,181,254,61,14
-25,39,52,254,77,181,62,61,14,9
-24,39,158,244,9,183,231,239,14,44
-23,39,146,16,145,182,14,23,213,52
-22,39,85,13,177,14,182,61,213,52
-21,39,158,231,244,239,9,172,14,197
-20,39,250,92,72,69,244,183,61,196
-19,39,62,52,145,78,16,181,23,61
-18,39,62,78,77,181,52,242,61,13
-17,39,77,62,44,78,52,181,242,50
-16,39,158,244,183,231,122,239,179,75
-15,39,2,248,189,69,38,169,162,93
-14,39,250,75,246,248,1,92,9,188
-13,39,158,251,72,165,188,36,127,23
-12,39,241,16,23,52,145,146,68,181
-11,39,145,52,62,181,9,14,241,61
-10,39,250,246,138,1,92,215,44,239
-9,39,246,250,1,92,248,215,239,125
-8,39,72,36,224,244,183,15,158,252
-7,39,241,23,146,224,127,151,159,73
-6,39,158,72,36,197,254,75,231,179
-5,39,158,166,254,165,27,52,14,188
-4,39,145,52,62,181,16,254,14,36
-3,39,62,77,181,52,242,254,14,188
-2,39,158,231,179,75,117,239,18,139
-1,39,2,248,189,38,69,159,169,107
0,0,177,47,235,115,158,132,192,81
0,1,112,224,250,11,244,205,233,155
0,2,158,100,10,93,109,29,145,179
0,3,225,25,37,214,117,199,133,244
0,4,222,142,154,15,108,102,128,163
0,5,193,158,65,151,186,127,90,205
0,6,79,196,138,153,157,167,60,54
0,7,36,117,147,35,37,29,76,229
0,8,4,107,191,234,164,239,56,77
0,9,95,2,164,239,197,8,47,191
0,10,198,247,169,91,234,187,130,125
0,11,189,108,3,238,206,111,128,145
0,12,39,74,65,26,93,63,160,194
0,13,47,43,175,147,134,154,66,6
0,14,137,52,159,50,160,51,124,224
0,15,87,250,165,81,174,63,233,148
0,16,252,170,5,233,80,130,46,43
0,17,35,250,20,64,87,115,17,119
0,18,57,197,192,2,13,134,126,179
0,19,42,26,109,20,116,75,36,111
0,20,191,80,56,115,19,239,234,222
0,21,47,2,164,197,95,44,29,191
0,22,198,169,187,234,124,91,65,122
0,23,206,128,189,108,3,136,107,62
0,24,242,74,93,1,63,26,39,160
0,25,134,182,47,147,130,43,175,234
0,26,137,159,148,160,32,50,103,51
0,27,165,87,58,162,181,62,229,250
0,28,229,130,43,252,80,233,225,46
0,29,248,87,0,201,64,22,20,250
0,30,134,163,197,43,179,13,3,44
0,31,20,116,36,109,75,26,205,164
0,32,119,112,90,134,2,160,106,192
0,33,127,93,92,43,116,183,39,220
0,34,26,85,1,51,225,86,82,171
0,35,42,57,145,72,203,22,172,102
0,36,120,14,70,20,83,75,66,174
0,37,182,190,104,39,31,72,58,184
0,38,209,148,27,151,75,103,71,173
0,39,162,38,154,110,69,243,12,190
1,0,77,37,173,184,138,238,75,26
1,1,112,214,172,250,224,147,19,129
1,2,49,219,217,158,29,60,11,153
1,3,224,6,61,87,159,69,94,25
1,4,233,200,192,27,195,129,163,108
1,5,65,71,110,158,188,127,86,43
1,6,143,138,133,169,203,60,22,254
1,7,35,208,125,184,229,65,183,245
1,8,141,224,29,191,98,72,173,20
1,9,20,2,36,255,8,243,121,18
1,10,243,157,65,185,247,125,198,188
1,11,89,150,128,206,108,204,160,47
1,12,145,221,60,220,209,39,0,199
1,13,89,202,182,66,44,243,78,134
1,14,103,189,28,137,88,125,32,51
1,15,229,185,165,244,58,242,148,46
1,16,163,60,38,28,252,75,35,229
1,17,248,208,87,64,22,5,167,35
1,18,134,213,2,43,203,197,124,217
1,19,36,121,195,167,20,56,201,41
1,20,175,224,173,223,141,99,116,191
1,21,18,170,2,200,155,95,121,255
1,22,48,65,243,185,125,176,35,247
1,23,150,239,160,128,206,16,143,13
1,24,60,0,145,221,53,235,85,224
1,25,243,182,185,89,202,44,212,149
1,26,103,88,229,12,28,137,189,230
1,27,229,185,165,242,183,46,228,58
1,28,163,229,205,92,75,57,252,60
1,29,22,248,46,87,241,208,167,15
1,30,134,126,43,201,15,161,203,89
1,31,36,121,26,201,20,167,154,194
1,32,112,250,53,2,136,95,160,43
1,33,127,52,164,92,9,219,83,134
1,34,63,26,85,105,113,186,1,92
1,35,43,42,72,57,84,86,22,138
1,36,45,75,212,201,14,73,56,20
1,37,72,206,138,23,182,211,219,39
1,38,209,103,249,120,151,104,248,193
1,39,238,162,222,10,21,228,159,149
2,0,115,81,132,158,177,47,235,206
2,1,112,19,224,250,233,86,172,11
2,2,106,41,129,11,49,158,95,179
2,3,37,214,25,225,199,124,159,41
2,4,58,154,129,88,222,127,30,165
2,5,218,65,127,71,88,86,205,44
2,6,7,138,169,65,22,143,226,31
2,7,229,208,14,184,35,36,117,147
2,8,180,4,191,164,224,99,52,107
2,9,2,239,59,197,255,8,95,164
2,10,125,65,196,185,243,157,247,87
2,11,160,99,108,206,19,128,86,189
2,12,60,145,221,223,193,93,220,209
2,13,103,182,134,89,243,220,214,108
2,14,103,189,28,32,137,125,64,51
2,15,229,58,185,242,46,165,148,87
2,16,163,28,60,252,38,130,40,229
2,17,46,87,248,64,0,208,5,35
2,18,254,43,134,213,195,197,203,124
2,19,121,36,116,20,195,167,109,201
2,20,224,116,173,99,191,175,77,141
2,21,239,2,255,197,170,95,18,191
2,22,243,65,125,176,185,25,35,36
2,23,206,128,19,108,160,86,233,9
2,24,60,151,221,93,145,193,85,235
2,25,182,243,103,134,185,202,89,220
2,26,88,103,28,137,105,226,189,149
2,27,185,242,165,58,87,229,31,46
2,28,17,229,61,238,60,40,163,35
2,29,46,0,87,111,198,76,22,241
2,30,43,163,134,15,254,89,85,203
2,31,121,20,57,116,36,26,154,75
2,32,112,119,90,252,53,181,134,2
2,33,43,92,52,210,127,164,93,129
2,34,26,92,85,132,133,1,82,51
2,35,72,42,57,84,18,204,119,160
2,36,20,45,83,73,222,221,56,192
2,37,182,72,39,138,88,69,233,206
2,38,120,249,151,209,103,200,109,193
2,39,162,107,238,222,21,170,114,221
3,0,238,43,173,30,200,95,140,112
3,1,19,112,86,224,250,147,129,172
3,2,49,11,219,60,106,153,217,188
3,3,38,159,25,94,69,246,6,163
3,4,88,192,154,195,129,58,108,117
3,5,158,86,65,127,110,205,218,88
3,6,138,226,169,143,22,68,60,79
3,7,35,14,125,229,208,36,65,203
3,8,191,224,99,77,180,20,173,72
3,9,2,255,59,20,170,36,243,197
3,10,65,243,125,185,196,27,157,247
3,11,160,206,108,128,89,47,150,106
3,12,223,145,220,60,221,199,128,39
3,13,134,182,89,66,202,243,175,160
3,14,137,189,103,51,28,32,64,148
3,15,165,229,87,185,58,242,4,162
3,16,60,163,229,252,43,28,9,233
3,17,87,64,0,248,35,5,15,20
3,18,134,197,43,163,13,254,204,87
3,19,20,167,116,109,121,36,215,195
3,20,116,56,239,115,77,19,191,224
3,21,2,197,191,255,164,170,203,169
3,22,125,243,65,176,150,196,36,185
3,23,9,206,128,160,108,86,47,74
3,24,151,93,221,220,74,60,145,107
3,25,182,134,154,202,32,147,66,243
3,26,103,137,159,51,32,88,10,105
3,27,87,165,58,172,242,181,162,185
3,28,229,43,233,80,150,111,252,9
3,29,0,87,124,250,248,64,16,201
3,30,134,163,197,43,226,13,179,170
3,31,20,116,109,205,75,167,4,26
3,32,252,90,119,112,134,192,2,53
3,33,92,43,83,93,127,16,210,52
3,34,26,1,85,186,86,92,132,133
3,35,42,57,72,84,160,145,204,97
3,36,83,120,20,70,221,14,73,76
3,37,72,182,190,138,104,65,58,29
3,38,209,151,148,103,223,249,75,92
3,39,238,228,38,46,221,243,148,217
4,0,200,140,81,158,115,208,132,206
4,1,182,233,19,82,11,155,250,211
4,2,172,106,217,49,95,153,41,119
4,3,199,233,117,214,25,236,37,41
4,4,154,58,192,102,142,30,195,88
4,5,158,65,127,205,43,88,110,188
4,6,138,79,22,196,143,65,60,254
4,7,117,35,147,229,14,36,23,64
4,8,77,239,56,180,4,164,191,207
4,9,2,203,36,239,197,191,8,13
4,10,243,65,196,157,185,91,247,198
4,11,108,128,206,106,160,107,42,62
4,12,220,93,223,145,221,39,74,107
4,13,134,182,154,138,175,160,66,108
4,14,137,52,32,51,159,64,167,148
4,15,165,87,162,148,242,58,250,22
4,16,229,252,233,43,170,28,80,130
4,17,0,64,87,5,20,35,201,115
4,18,197,204,134,13,43,163,87,177
4,19,20,109,116,215,167,26,42,39
4,20,239,115,222,186,116,56,190,19
4,21,2,203,197,191,47,13,164,43
4,22,243,125,157,150,176,91,198,65
4,23,128,206,106,107,9,39,108,189
4,24,220,93,107,221,53,74,151,1
4,25,182,134,48,202,138,175,147,154
4,26,137,159,37,32,51,103,61,178
4,27,87,165,172,22,58,181,162,21
4,28,229,43,233,46,80,111,9,200
4,29,201,0,87,5,16,250,248,32
4,30,163,134,197,43,21,170,15,111
4,31,116,20,66,39,106,109,26,215
4,32,119,106,90,134,13,2,191,8
4,33,93,92,29,220,83,116,165,127
4,34,225,26,82,85,1,86,51,171
4,35,145,57,22,63,42,59,34,0
4,36,120,14,70,83,145,168,136,66
4,37,182,190,104,184,31,58,37,83
4,38,27,75,151,148,71,213,5,95
4,39,110,69,38,254,12,15,243,154
5,0,106,66,43,238,99,236,157,191
5,1,19,86,242,112,224,124,211,128
5,2,49,60,133,11,217,188,219,153
5,3,44,19,202,214,234,246,82,206
5,4,88,30,154,80,149,192,160,89
5,5,60,158,44,24,88,110,211,218
5,6,69,68,138,183,143,208,158,65
5,7,37,35,1,6,71,207,10,90
5,8,222,84,190,56,186,4,19,207
5,9,156,237,128,234,2,13,192,47
5,10,91,157,196,73,243,194,142,65
5,11,10,107,27,154,69,108,106,160
5,12,220,1,145,107,194,121,65,155
5,13,182,30,138,224,18,175,226,70
5,14,37,61,159,178,51,137,32,24
5,15,22,87,250,165,101,154,21,213
5,16,233,46,205,161,252,249,66,28
5,17,201,17,56,248,18,130,211,205
5,18,113,158,211,9,25,197,122,174
5,19,151,106,107,40,66,215,26,164
5,20,222,186,190,202,115,239,19,84
5,21,156,128,192,252,234,237,2,43
5,22,73,91,143,243,92,157,35,223
5,23,29,107,9,254,188,115,200,27
5,24,107,145,18,194,140,121,1,219
5,25,182,244,30,18,202,48,175,226
5,26,178,37,61,159,103,186,225,137
5,27,87,22,101,11,188,219,88,242
5,28,200,46,9,233,40,205,111,229
5,29,201,32,211,130,56,10,18,16
5,30,122,25,87,9,158,223,127,165
5,31,106,164,215,66,40,121,16,155
5,32,191,8,106,88,134,2,217,13
5,33,29,161,92,116,5,220,12,165
5,34,61,114,6,109,227,9,93,149
5,35,22,34,206,30,159,60,145,115
5,36,136,63,29,31,14,235,59,120
5,37,184,219,37,36,205,190,109,83
5,38,241,95,31,213,67,112,59,228
5,39,115,15,129,189,2,213,224,247
6,0,254,120,191,244,45,163,16,81
6,1,143,255,167,153,215,182,3,21
6,2,129,42,223,187,5,133,135,237
6,3,163,234,36,44,108,159,224,126
6,4,198,30,206,233,80,178,117,192
6,5,24,158,64,149,89,48,113,46
6,6,254,250,69,223,71,21,162,195
6,7,37,245,130,83,120,71,35,116
6,8,202,222,19,232,72,186,207,164
6,9,252,8,117,192,43,234,128,52
6,10,73,92,42,91,20,201,143,25
6,11,254,154,135,94,106,9,115,10
6,12,107,18,121,73,84,140,65,89
6,13,244,118,30,239,122,133,224,18
6,14,178,186,37,61,219,225,160,60
6,15,22,101,188,219,239,95,84,87
6,16,233,161,200,46,90,40,167,110
6,17,10,130,56,201,32,23,214,17
6,18,25,9,28,87,127,211,116,21
6,19,106,118,175,40,107,215,132,144
6,20,222,202,186,190,115,13,19,72
6,21,192,252,128,234,13,117,24,105
6,22,73,20,92,42,91,143,201,35
6,23,254,154,71,135,106,9,94,107
6,24,18,107,140,84,65,121,1,50
6,25,118,244,18,30,48,202,124,223
6,26,178,37,61,225,103,32,186,137
6,27,87,95,22,88,84,188,21,242
6,28,200,46,9,233,114,167,90,40
6,29,10,201,32,16,214,248,205,160
6,30,197,127,134,81,116,21,209,43
6,31,164,39,99,118,66,121,220,215
6,32,209,191,28,106,134,78,13,8
6,33,225,29,92,116,52,197,151,4
6,34,6,120,163,86,171,191,61,99
6,35,9,22,145,181,20,34,57,97
6,36,120,14,29,39,75,136,31,63
6,37,190,184,137,226,109,65,175,101
6,38,242,18,195,115,196,24,95,143
6,39,75,219,129,115,132,134,235,222
7,0,97,142,166,113,205,123,210,215
7,1,239,111,0,118,117,34,249,62
7,2,217,133,40,31,164,25,175,106
7,3,37,211,48,59,234,31,42,84
7,4,30,161,222,198,154,251,195,32
7,5,158,24,44,149,211,88,218,46
7,6,69,250,8,59,65,142,187,196
7,7,37,23,10,1,91,90,7,64
7,8,222,84,207,56,109,186,190,202
7,9,39,13,203,29,47,237,105,59
7,10,91,73,92,196,157,72,42,185
7,11,107,154,10,106,42,254,174,147
7,12,220,205,194,121,107,65,18,84
7,13,138,18,30,48,134,122,226,175
7,14,37,61,178,159,51,32,60,137
7,15,22,87,165,88,250,239,84,213
7,16,233,46,161,249,167,229,205,90
7,17,17,201,56,5,87,205,50,250
7,18,197,21,28,211,135,251,113,12
7,19,40,109,20,107,106,111,167,39
7,20,222,186,239,190,207,115,13,4
7,21,203,13,2,105,24,39,47,156
7,22,91,35,143,243,73,157,198,72
7,23,107,128,147,106,42,154,250,3
7,24,220,46,65,194,84,107,155,181
7,25,18,48,30,182,134,202,249,175
7,26,61,37,178,32,137,172,159,51
7,27,22,165,87,88,84,21,172,71
7,28,46,167,9,43,233,136,249,229
7,29,201,16,50,87,23,231,5,0
7,30,21,197,81,211,28,70,135,179
7,31,39,40,164,251,109,66,181,20
7,32,106,134,90,191,192,91,119,131
7,33,183,116,92,238,126,83,86,38
7,34,86,171,207,180,235,26,88,85
7,35,145,57,22,20,63,153,161,42
7,36,120,14,70,207,181,211,202,2
7,37,65,190,145,31,143,182,72,83
7,38,75,213,148,209,92,71,151,18
7,39,15,2,243,254,38,217,69,46
8,0,81,115,158,132,235,208,61,182
8,1,182,211,233,239,155,11,117,62
8,2,217,87,133,64,121,198,167,123
8,3,214,37,236,199,82,117,230,234
8,4,142,154,102,30,222,95,129,54
8,5,158,88,44,65,110,43,193,205
8,6,69,138,65,250,79,196,22,8
8,7,117,23,37,90,147,64,10,35
8,8,239,84,180,116,77,56,4,190
8,9,239,2,191,13,8,203,197,164
8,10,91,125,247,157,65,198,185,243
8,11,108,206,128,107,106,189,160,62
8,12,93,220,145,223,74,221,1,128
8,13,134,154,182,138,175,220,160,224
8,14,137,32,51,52,159,167,61,37
8,15,87,165,162,250,58,22,148,242
8,16,252,233,43,170,229,28,205,60
8,17,0,87,250,5,201,17,20,64
8,18,197,163,134,13,161,170,43,87
8,19,20,116,109,215,167,205,160,39
8,20,116,239,186,115,4,56,19,207
8,21,191,197,13,203,2,239,164,47
8,22,125,243,176,150,169,35,198,91
8,23,128,206,107,106,189,42,9,86
8,24,220,93,107,74,151,53,221,54
8,25,134,182,48,154,147,175,138,70
8,26,32,137,51,159,61,10,103,60
8,27,87,165,181,58,162,22,172,88
8,28,43,233,9,46,80,229,167,5
8,29,0,87,16,250,201,5,198,50
8,30,163,21,197,179,81,170,70,134
8,31,116,39,109,20,205,251,164,215
8,32,134,106,119,90,192,131,191,91
8,33,93,183,116,92,238,129,38,86
8,34,82,86,85,207,171,26,180,235
8,35,57,145,22,42,20,153,72,63
8,36,14,120,70,181,211,83,202,139
8,37,190,104,31,182,145,143,58,87
8,38,27,148,75,213,71,92,3,101
8,39,69,110,243,38,12,15,254,217
9,0,57,238,56,127,110,43,120,157
9,1,242,211,112,19,117,224,86,249
9,2,217,133,33,49,11,255,188,60
9,3,70,19,171,214,191,172,219,119
9,4,154,74,88,30,80,122,25,54
9,5,158,144,24,44,169,88,110,248
9,6,69,65,183,250,208,68,142,42
9,7,37,1,10,7,90,71,101,56
9,8,207,222,186,56,84,183,164,248
9,9,148,217,13,105,237,156,197,24
9,10,91,73,24,72,114,92,143,171
9,11,147,210,27,107,154,106,66,254
9,12,121,107,18,84,65,57,194,53
9,13,18,30,48,118,41,133,124,59
9,14,156,178,235,60,61,37,75,159
9,15,22,87,71,203,239,88,219,165
9,16,167,233,161,46,90,249,0,73
9,17,56,23,50,17,231,205,130,36
9,18,28,21,165,12,251,87,135,9
9,19,40,175,253,111,106,181,39,107
9,20,207,186,222,184,13,183,115,248
9,21,24,105,148,4,13,231,89,253
9,22,85,246,24,72,143,114,35,73
9,23,107,147,250,27,210,154,212,208
9,24,57,65,132,84,155,46,181,107
9,25,18,48,30,249,124,122,22,175
9,26,37,156,178,61,172,60,175,186
9,27,22,203,239,71,88,209,84,250
9,28,46,167,161,249,136,90,211,80
9,29,50,214,23,17,231,201,16,205
9,30,21,81,28,159,211,135,165,71
9,31,91,39,251,181,40,107,175,66
9,32,106,192,221,201,91,212,61,48
9,33,96,58,116,151,121,38,107,28
9,34,226,171,208,56,95,175,32,235
9,35,22,85,99,20,218,236,5,63
9,36,1,117,195,14,211,202,246,152
9,37,67,143,56,161,174,83,45,60
9,38,101,195,201,213,9,234,50,30
9,39,246,1,37,15,215,250,92,183
10,0,250,84,102,228,186,14,210,239
10,1,72,128,211,65,255,29,118,117
10,2,133,217,33,49,87,230,80,64
10,3,19,202,177,214,44,199,30,70
10,4,154,98,112,88,122,30,74,192
10,5,169,44,144,11,27,158,18,248
10,6,69,142,166,73,172,250,183,42
10,7,37,1,101,7,90,10,71,103
10,8,122,186,207,164,84,4,222,190
10,9,128,217,156,105,98,4,237,197
10,10,91,114,72,171,168,222,143,194
10,11,27,147,107,247,66,239,250,10
10,12,155,65,46,132,43,169,121,145
10,13,18,48,177,70,30,254,224,180
10,14,37,61,178,172,218,75,156,186
10,15,22,88,154,239,87,203,129,84
10,16,46,249,28,136,233,205,90,60
10,17,56,17,50,201,205,23,11,248
10,18,113,165,211,28,177,21,12,200
10,19,40,107,39,111,106,178,66,164
10,20,222,186,190,184,13,4,115,159
10,21,156,105,217,128,4,24,234,237
10,22,114,72,91,143,62,35,85,171
10,23,27,107,200,208,66,247,147,255
10,24,46,65,132,57,155,145,194,121
10,25,18,48,30,249,239,36,122,226
10,26,37,178,172,61,186,156,89,232
10,27,22,239,88,71,21,219,113,84
10,28,46,167,90,249,55,205,136,211
10,29,23,201,16,231,206,7,205,56
10,30,165,81,28,135,70,177,159,103
10,31,39,91,40,111,164,107,66,71
10,32,106,96,201,61,217,186,185,21
10,33,58,6,116,151,238,11,97,96
10,34,9,180,95,171,212,196,32,235
10,35,22,153,145,92,20,3,100,169
10,36,14,117,193,0,234,8,139,42
10,37,84,220,83,87,97,48,126,31
10,38,75,44,250,97,126,3,39,213
10,39,241,9,23,15,146,68,254,61
11,0,157,212,57,250,218,110,33,131
11,1,79,222,206,203,63,81,157,134
11,2,84,120,238,173,117,101,33,108
11,3,48,85,202,42,214,105,90,162
11,4,254,172,74,17,138,215,27,122
11,5,178,158,31,250,44,18,169,144
11,6,69,147,142,42,107,73,119,191
11,7,37,1,90,71,7,208,35,101
11,8,157,120,186,207,190,84,65,111
11,9,217,96,72,200,105,121,54,47
11,10,68,46,91,243,123,228,144,236
11,11,42,64,93,10,239,204,12,135
11,12,68,57,91,46,121,132,65,181
11,13,164,18,44,234,175,114,161,41
11,14,156,14,52,232,159,218,16,129
11,15,22,209,71,87,108,135,239,165
11,16,233,167,30,74,140,8,170,222
11,17,231,147,174,255,71,240,115,232
11,18,70,87,21,206,165,190,231,13
11,19,215,216,40,251,160,225,179,111
11,20,248,215,183,207,13,186,46,115
11,21,4,13,52,128,24,133,89,242
11,22,15,160,143,181,85,68,128,194
11,23,80,212,107,131,111,113,208,240
11,24,107,57,46,220,221,172,227,181
11,25,249,48,13,122,18,164,41,193
11,26,174,79,232,152,225,14,172,22
11,27,22,209,118,7,87,43,203,234
11,28,222,233,140,167,30,21,83,226
11,29,150,104,231,240,26,173,23,3
11,30,70,165,158,87,13,28,206,159
11,31,225,40,251,66,148,38,87,107
11,32,42,224,197,106,61,21,217,201
11,33,121,18,156,116,206,12,38,40
11,34,217,49,196,175,95,102,235,209
11,35,22,92,85,210,2,63,94,3
11,36,255,14,24,193,251,67,196,117
11,37,48,50,14,97,83,28,87,43
11,38,75,124,97,44,146,3,39,126
11,39,177,15,78,13,85,52,254,138
12,0,134,175,70,55,31,177,231,36
12,1,85,42,105,101,122,22,245,163
12,2,3,117,84,77,33,120,234,101
12,3,44,167,81,42,90,202,36,19
12,4,44,30,74,51,192,154,218,202
12,5,158,178,165,144,49,117,202,168
12,6,69,126,79,177,59,42,147,191
12,7,37,245,71,1,35,38,208,32
12,8,222,207,84,186,56,109,19,220
12,9,47,237,105,128,234,54,197,231
12,10,91,242,81,228,187,234,85,246
12,11,10,93,147,3,107,250,218,164
12,12,68,194,208,65,205,107,219,125
12,13,30,13,18,19,181,226,175,48
12,14,37,159,61,156,60,178,218,232
12,15,22,250,239,71,87,88,21,84
12,16,46,233,80,253,190,249,167,66
12,17,201,17,104,56,230,23,213,50
12,18,135,21,90,251,28,87,113,211
12,19,66,253,40,225,107,111,39,31
12,20,222,190,186,207,115,13,253,86
12,21,105,24,237,234,13,200,54,14
12,22,91,228,195,72,85,242,187,143
12,23,93,10,107,212,147,255,3,85
12,24,219,65,68,132,11,194,181,155
12,25,18,48,30,230,132,19,124,226
12,26,37,203,178,61,213,175,172,218
12,27,22,21,239,71,154,250,118,88
12,28,46,186,211,167,190,21,181,249
12,29,201,104,206,23,173,228,7,214
12,30,165,135,73,70,190,28,21,81
12,31,225,40,111,66,71,39,107,91
12,32,246,21,106,109,48,201,61,91
12,33,189,107,198,139,95,116,224,248
12,34,175,95,240,48,64,28,171,72
12,35,85,185,94,2,20,22,61,236
12,36,202,246,195,152,67,117,142,79
12,37,174,161,60,83,43,67,48,126
12,38,201,234,9,30,101,44,163,75
12,39,246,1,138,250,92,15,141,215
13,0,186,234,188,242,144,92,111,155
13,1,198,107,43,232,255,117,105,29
13,2,23,110,150,84,117,86,92,101
13,3,155,116,44,202,66,188,177,42
13,4,71,12,94,30,60,192,112,172
13,5,178,158,169,18,165,194,2,168
13,6,235,69,147,84,172,73,142,107
13,7,37,1,169,181,239,7,220,243
13,8,190,65,201,164,103,222,159,48
13,9,96,128,5,14,105,237,231,121
13,10,7,91,114,218,46,81,171,72
13,11,114,10,153,116,210,66,93,200
13,12,206,132,46,65,94,136,57,95
13,13,18,48,70,38,254,224,30,226
13,14,37,218,219,119,61,42,186,178
13,15,22,154,20,239,129,100,113,250
13,16,46,21,233,90,249,167,180,147
13,17,206,197,71,56,247,50,106,36
13,18,165,113,38,12,70,242,211,9
13,19,91,40,151,71,111,106,178,238
13,20,222,186,190,65,201,159,184,13
13,21,4,96,105,192,14,128,24,234
13,22,143,114,0,91,218,72,85,7
13,23,200,208,66,114,102,153,255,113
13,24,46,206,57,65,95,68,181,107
13,25,18,249,48,30,132,70,38,122
13,26,37,178,172,156,206,186,218,61
13,27,22,239,113,209,225,154,118,71
13,28,21,46,186,233,167,222,140,249
13,29,23,206,231,56,49,240,218,106
13,30,165,28,70,103,69,12,9,206
13,31,111,40,91,71,107,251,106,51
13,32,61,195,21,106,91,146,217,86
13,33,6,97,36,37,116,217,189,224
13,34,90,95,212,28,255,171,188,56
13,35,20,22,196,99,61,236,145,218
13,36,211,117,202,193,234,0,14,147
13,37,83,143,220,174,193,45,87,209
13,38,44,101,126,213,39,3,162,250
13,39,23,15,241,224,252,220,68,235
14,0,110,57,165,127,157,146,71,59
14,1,40,96,234,183,209,166,67,57
14,2,94,120,101,84,178,224,33,39
14,3,70,148,202,20,105,42,50,143
14,4,138,60,71,37,156,164,2,12
14,5,24,144,158,19,178,168,66,250
14,6,84,147,136,174,142,235,172,59
14,7,37,243,133,1,169,146,7,239
14,8,222,190,65,186,184,120,103,84
14,9,148,105,4,237,231,14,128,234
14,10,73,92,85,91,7,143,42,171
14,11,210,154,10,147,250,255,254,84
14,12,121,84,57,65,205,147,194,18
14,13,18,30,48,124,122,239,133,41
14,14,178,37,156,186,172,218,235,61
14,15,22,239,203,219,71,101,209,84
14,16,161,46,167,90,233,249,6,253
14,17,23,56,130,50,231,17,83,191
14,18,165,28,21,9,25,12,251,113
14,19,40,175,106,111,107,253,102,91
14,20,222,186,184,183,202,13,207,124
14,21,148,24,192,105,234,4,128,113
14,22,73,143,92,85,91,42,43,114
14,23,154,210,147,112,255,250,254,208
14,24,57,84,107,121,18,65,132,194
14,25,18,48,30,122,249,181,36,124
14,26,178,37,156,172,186,235,218,146
14,27,22,203,239,209,49,113,71,118
14,28,21,167,161,46,249,211,176,8
14,29,23,231,214,206,56,50,240,191
14,30,165,28,70,206,103,189,243,87
14,31,91,40,111,251,175,107,102,71
14,32,61,21,106,201,221,91,217,100
14,33,96,151,6,116,168,58,36,224
14,34,95,28,56,90,171,208,81,235
14,35,20,99,22,218,39,236,61,196
14,36,211,49,117,202,193,147,227,39
14,37,193,143,15,67,83,174,87,45
14,38,101,44,234,39,9,30,213,126
14,39,72,15,244,92,250,183,36,252
15,0,157,233,84,223,86,2,137,46
15,1,111,65,13,117,245,234,40,239
15,2,212,94,120,15,84,107,178,101
15,3,44,66,14,202,241,177,195,247
15,4,180,30,37,60,188,196,172,0
15,5,19,144,158,250,3,168,27,253
15,6,172,136,147,84,142,114,69,245
15,7,37,1,7,169,10,239,133,217
15,8,190,84,222,164,186,10,44,3
15,9,128,4,105,200,234,121,237,14
15,10,91,95,114,143,85,72,117,46
15,11,250,84,147,209,10,248,116,107
15,12,46,65,121,132,205,18,194,57
15,13,18,30,48,254,70,224,199,133
15,14,37,178,61,172,186,156,218,161
15,15,22,239,84,88,154,129,71,87
15,16,46,193,233,249,167,80,90,205
15,17,56,247,17,78,23,201,50,86
15,18,113,165,50,151,9,99,28,12
15,19,40,91,106,41,111,164,253,107
15,20,186,222,190,115,207,13,31,86
15,21,105,156,192,4,234,200,24,55
15,22,216,91,143,72,85,35,114,117
15,23,116,208,107,200,147,193,212,250
15,24,128,65,46,121,3,205,57,1
15,25,18,30,48,97,249,154,70,202
15,26,37,178,172,32,61,218,156,186
15,27,22,225,88,71,84,113,154,239
15,28,46,167,193,9,233,90,249,0
15,29,49,23,88,61,231,78,173,16
15,30,165,50,81,162,28,70,12,9
15,31,39,40,111,175,41,107,251,164
15,32,106,75,179,125,61,21,191,217
15,33,161,104,116,6,132,5,198,162
15,34,28,44,227,205,238,249,171,155
15,35,20,148,190,145,74,161,61,236
15,36,39,202,115,211,147,227,193,120
15,37,126,143,27,193,190,83,87,15
15,38,44,75,157,101,39,215,126,169
15,39,75,158,231,15,179,175,220,61
16,0,51,49,22,153,85,170,176,227
16,1,223,13,206,227,158,111,169,136
16,2,75,16,235,227,26,229,0,65
16,3,98,97,160,238,31,27,76,135
16,4,167,14,65,30,85,61,163,39
16,5,67,235,158,66,161,191,10,3
16,6,136,167,147,172,245,107,142,69
16,7,44,37,1,10,19,240,7,90
16,8,33,164,190,212,122,57,186,84
16,9,132,94,13,97,98,237,105,96
16,10,248,91,114,216,171,214,191,72
16,11,20,36,107,147,200,101,193,255
16,12,246,154,22,181,65,132,83,121
16,13,18,33,142,48,254,29,249,74
16,14,37,218,147,61,178,156,75,172
16,15,22,113,239,132,240,88,154,219
16,16,46,156,90,140,147,167,249,233
16,17,110,56,23,50,231,11,206,205
16,18,112,165,12,113,9,28,128,38
16,19,40,111,91,120,107,39,175,71
16,20,33,222,186,184,248,201,88,13
16,21,4,132,128,105,192,24,14,234
16,22,143,114,91,85,72,248,171,168
16,23,20,36,200,208,101,113,255,212
16,24,46,121,132,57,65,95,107,181
16,25,18,249,48,142,33,30,122,36
16,26,156,37,172,178,218,147,206,186
16,27,22,113,209,71,239,49,118,142
16,28,21,156,46,167,186,222,99,249
16,29,23,110,231,206,50,56,240,7
16,30,112,165,103,70,128,28,12,243
16,31,91,120,111,40,251,107,102,175
16,32,238,113,61,21,106,158,91,217
16,33,73,41,232,116,58,224,151,122
16,34,34,97,161,28,95,56,235,171
16,35,20,99,39,61,22,236,161,218
16,36,202,211,193,49,181,117,152,139
16,37,193,15,67,174,83,143,161,87
16,38,44,234,30,213,9,101,126,250
16,39,72,92,15,250,183,244,36,252
17,0,157,165,233,85,49,110,228,245
17,1,203,189,98,173,242,117,113,7
17,2,76,16,10,108,61,121,133,117
17,3,236,214,42,148,171,55,117,76
17,4,122,133,119,254,172,98,242,67
17,5,18,114,250,194,169,27,158,100
17,6,19,107,147,73,142,69,42,90
17,7,37,44,101,1,10,7,56,79
17,8,159,33,122,216,103,184,57,164
17,9,217,132,121,105,156,4,145,128
17,10,62,161,114,91,171,253,72,84
17,11,238,66,247,20,36,147,27,49
17,12,132,43,212,115,65,246,136,181
17,13,18,142,48,254,70,33,30,249
17,14,37,218,61,147,172,156,75,42
17,15,22,239,120,88,129,113,225,20
17,16,46,140,156,90,88,167,249,100
17,17,23,56,50,231,110,205,34,83
17,18,165,112,28,12,9,206,113,200
17,19,40,111,175,39,106,107,253,71
17,20,222,186,184,13,248,201,66,33
17,21,217,105,4,192,24,89,128,14
17,22,62,91,143,72,85,114,161,253
17,23,238,42,101,66,250,27,255,208
17,24,132,46,65,57,121,107,194,206
17,25,18,249,48,30,142,122,199,181
17,26,172,37,156,178,186,206,220,89
17,27,22,209,49,71,239,113,120,88
17,28,46,167,21,222,90,99,211,55
17,29,23,231,206,50,240,56,110,7
17,30,165,112,70,81,103,28,12,231
17,31,40,111,107,91,225,39,175,71
17,32,61,96,106,186,217,201,21,42
17,33,58,116,11,232,238,151,122,142
17,34,196,180,225,235,95,146,171,207
17,35,63,145,153,71,161,92,20,73
17,36,193,181,0,25,42,117,244,196
17,37,84,221,220,87,31,83,97,45
17,38,75,44,157,4,3,244,250,213
17,39,241,254,9,146,68,182,61,145
18,0,181,82,107,251,39,245,99,68
18,1,203,85,122,117,92,243,113,79
18,2,117,89,165,28,243,108,238,141
18,3,227,85,105,169,214,134,131,121
18,4,254,17,172,74,133,249,255,79
18,5,174,18,158,159,250,68,32,147
18,6,107,69,19,147,149,239,42,252
18,7,37,1,220,7,90,239,146,79
18,8,68,207,186,222,184,183,201,248
18,9,4,217,121,24,105,96,5,14
18,10,68,228,246,31,171,114,72,167
18,11,64,250,238,208,200,207,183,212
18,12,132,57,46,65,206,246,115,155
18,13,18,164,249,230,48,199,254,142
18,14,172,37,218,156,178,232,42,61
18,15,22,239,209,129,120,225,154,219
18,16,167,90,46,140,233,222,249,21
18,17,26,23,206,231,50,56,240,65
18,18,165,28,70,12,231,55,9,1
18,19,40,237,111,175,71,132,106,216
18,20,222,248,183,186,65,184,68,13
18,21,4,217,24,52,105,14,234,128
18,22,68,228,85,128,31,143,170,97
18,23,64,250,131,212,208,101,109,113
18,24,46,132,57,121,65,107,36,200
18,25,249,18,164,48,122,36,30,199
18,26,172,156,37,238,220,218,174,206
18,27,22,209,17,118,49,239,219,71
18,28,222,21,140,8,167,186,30,46
18,29,26,23,240,231,206,180,173,50
18,30,165,70,55,231,238,206,87,28
18,31,40,237,216,111,71,251,38,132
18,32,224,61,42,176,171,217,197,21
18,33,179,201,156,217,12,10,142,171
18,34,49,217,196,225,146,235,28,70
18,35,63,210,224,131,123,73,214,40
18,36,255,24,193,42,57,25,139,244
18,37,50,14,87,221,83,45,97,57
18,38,146,75,44,244,3,4,157,162
18,39,177,85,13,254,61,62,52,220
19,0,24,109,151,65,222,225,71,29
19,1,236,22,226,245,131,42,105,85
19,2,58,221,3,193,77,117,157,133
19,3,44,167,234,0,241,90,32,61
19,4,243,30,190,178,51,137,202,80
19,5,48,81,14,102,158,89,5,117
19,6,149,69,108,168,107,174,71,42
19,7,220,16,1,71,37,130,146,122
19,8,68,207,183,222,215,128,9,109
19,9,24,4,105,234,128,52,75,204
19,10,159,31,85,170,246,228,146,181
19,11,37,109,250,212,94,115,131,70
19,12,46,57,12,107,208,65,132,36
19,13,13,249,122,230,19,124,30,126
19,14,172,232,156,235,129,175,89,152
19,15,22,209,239,44,71,49,18,154
19,16,22,53,167,233,90,102,224,140
19,17,23,213,240,19,231,235,191,173
19,18,165,21,28,55,70,12,1,87
19,19,40,253,175,38,247,111,71,110
19,20,183,186,222,248,68,13,128,207
19,21,4,200,128,105,24,52,234,89
19,22,228,170,47,85,159,31,246,146
19,23,109,37,250,212,200,231,131,113
19,24,132,46,65,12,57,155,166,107
19,25,249,230,18,48,122,124,126,137
19,26,172,220,37,156,218,238,89,235
19,27,22,49,209,239,197,18,44,7
19,28,222,21,186,53,46,167,140,22
19,29,206,240,23,19,231,213,62,173
19,30,165,70,90,231,28,238,55,11
19,31,40,111,71,91,247,216,251,253
19,32,61,22,21,48,176,62,18,106
19,33,237,116,139,68,11,224,107,142
19,34,94,175,28,225,95,48,235,18
19,35,63,117,85,191,2,161,131,94
19,36,44,202,195,193,79,67,37,39
19,37,83,87,14,60,43,162,193,196
19,38,75,44,244,157,201,132,33,250
19,39,254,215,77,61,52,62,252,44
20,0,31,55,13,175,231,74,177,116
20,1,235,236,70,245,232,49,105,17
20,2,50,4,46,183,137,141,132,127
20,3,44,90,197,61,66,234,63,220
20,4,30,202,44,243,82,169,148,221
20,5,48,5,102,89,66,117,167,81
20,6,108,25,149,49,134,115,172,37
20,7,1,146,220,246,167,71,95,130
20,8,68,183,124,248,128,207,9,222
20,9,4,52,242,24,128,133,14,216
20,10,15,228,239,31,159,117,181,146
20,11,212,59,37,222,220,113,208,250
20,12,46,57,210,132,230,107,217,68
20,13,249,48,230,122,18,195,27,124
20,14,172,232,218,152,206,129,42,79
20,15,22,209,197,239,71,105,18,118
20,16,140,167,21,222,233,90,82,46
20,17,240,206,231,23,50,7,71,114
20,18,231,70,238,165,190,11,12,106
20,19,40,71,132,253,211,251,43,111
20,20,46,183,242,128,13,7,49,66
20,21,52,4,14,128,89,242,105,145
20,22,228,15,239,146,216,51,85,31
20,23,250,212,37,222,208,59,220,151
20,24,46,65,132,7,217,11,206,57
20,25,249,48,230,18,156,30,76,19
20,26,172,203,220,218,206,153,174,89
20,27,22,17,7,197,71,105,123,209
20,28,222,21,167,99,46,186,190,90
20,29,206,240,50,7,115,23,231,21
20,30,165,231,28,70,11,190,90,63
20,31,71,111,91,40,251,252,216,68
20,32,62,48,176,22,21,85,18,246
20,33,224,107,142,139,116,11,56,58
20,34,175,64,28,95,240,109,72,94
20,35,185,2,85,44,161,40,94,63
20,36,202,195,79,142,246,67,39,37
20,37,60,161,196,174,43,83,193,126
20,38,234,201,132,119,30,44,75,9
20,39,246,92,1,215,138,250,44,15
21,0,127,46,63,172,188,110,202,111
21,1,43,232,198,66,29,117,228,162
21,2,23,147,166,110,164,15,22,104
21,3,116,171,55,202,90,177,20,42
21,4,155,12,71,82,30,215,164,112
21,5,169,254,253,12,250,18,11,67
21,6,175,147,107,73,18,142,235,108
21,7,56,37,1,7,220,10,146,16
21,8,38,49,65,207,186,7,103,122
21,9,96,14,4,239,145,105,6,18
21,10,24,51,114,31,1,218,7,15
21,11,79,250,114,238,203,236,208,216
21,12,132,65,46,217,206,28,68,155
21,13,48,249,76,195,156,18,116,124
21,14,218,172,42,206,241,75,235,178
21,15,22,44,239,71,197,76,186,88
21,16,46,140,167,90,222,186,21,249
21,17,50,23,197,240,114,206,231,56
21,18,215,231,214,12,190,165,188,70
21,19,40,211,71,65,111,68,218,175
21,20,7,186,49,120,38,46,66,43
21,21,4,96,14,242,128,145,52,240
21,22,51,24,114,15,239,140,72,85
21,23,79,208,114,255,250,113,212,247
21,24,206,65,132,46,57,181,217,29
21,25,249,48,156,18,76,195,30,38
21,26,218,206,172,220,203,174,199,153
21,27,44,123,186,22,76,71,7,207
21,28,21,222,167,46,99,249,90,226
21,29,206,240,114,50,7,23,56,231
21,30,215,214,231,165,70,12,190,81
21,31,68,71,251,65,111,91,211,199
21,32,62,139,221,201,246,176,48,177
21,33,121,107,182,224,58,116,96,244
21,34,95,81,70,64,208,56,15,235
21,35,196,132,2,151,99,20,40,161
21,36,202,172,252,246,195,152,117,67
21,37,60,161,174,56,83,43,135,67
21,38,234,44,201,9,30,195,126,163
21,39,127,125,15,87,190,205,92,252
22,0,84,93,250,228,14,194,136,80
22,1,37,57,228,221,118,171,211,54
22,2,233,147,201,134,183,94,127,217
22,3,199,116,42,171,15,90,202,12
22,4,155,30,174,12,215,82,54,69
22,5,253,65,12,254,169,158,79,162
22,6,175,196,147,37,142,18,107,108
22,7,1,37,204,7,220,147,32,190
22,8,207,56,183,164,248,88,77,57
22,9,200,13,24,197,4,105,239,68
22,10,243,176,247,24,127,143,134,79
22,11,42,135,56,131,128,9,204,254
22,12,57,107,121,132,46,246,230,65
22,13,122,18,41,48,124,249,30,181
22,14,156,232,152,172,235,14,129,225
22,15,22,209,239,71,118,166,142,44
22,16,233,30,167,74,8,140,90,241
22,17,231,180,23,3,147,240,36,102
22,18,21,28,87,1,165,70,231,235
22,19,216,175,181,132,40,160,106,179
22,20,215,183,207,222,248,156,13,9
22,21,24,52,139,128,204,162,4,13
22,22,160,181,128,85,170,246,97,7
22,23,80,131,212,107,115,147,95,94
22,24,57,230,107,125,46,36,12,98
22,25,122,244,124,249,48,41,181,30
22,26,232,152,225,172,89,156,219,22
22,27,209,17,239,118,22,44,245,188
22,28,30,74,241,8,90,233,167,224
22,29,150,180,231,23,232,240,173,206
22,30,231,70,235,1,28,21,165,215
22,31,40,216,175,251,91,106,179,181
22,32,62,221,139,176,246,177,102,61
22,33,121,107,116,224,244,96,58,122
22,34,70,95,81,15,64,208,235,56
22,35,196,151,132,2,20,99,161,40
22,36,202,172,246,252,195,152,117,193
22,37,174,83,60,161,43,87,135,67
22,38,234,44,201,9,30,126,213,163
22,39,92,250,1,246,183,125,15,72
23,0,176,58,127,250,157,180,245,50
23,1,37,29,53,126,157,221,79,228
23,2,147,23,94,201,101,166,183,134
23,3,116,90,20,53,21,42,15,242
23,4,155,12,37,215,82,27,30,164
23,5,253,169,12,18,102,254,215,245
23,6,136,175,147,18,108,119,73,142
23,7,161,56,1,7,220,16,66,146
23,8,120,49,65,207,38,186,7,66
23,9,14,4,145,105,121,96,209,128
23,10,24,51,114,218,31,15,1,7
23,11,114,250,176,208,79,236,113,203
23,12,132,206,65,46,217,57,246,22
23,13,249,76,195,48,156,38,30,254
23,14,218,172,206,234,235,241,178,232
23,15,44,22,71,168,239,197,105,216
23,16,46,180,222,140,90,167,174,202
23,17,197,240,23,50,206,88,114,231
23,18,188,215,231,190,214,12,165,181
23,19,91,71,211,40,65,178,68,218
23,20,242,120,7,46,66,49,186,107
23,21,14,4,242,52,128,145,234,141
23,22,114,51,24,239,15,218,174,72
23,23,208,114,79,250,255,113,109,147
23,24,206,65,46,132,57,29,170,61
23,25,249,48,38,76,18,156,195,30
23,26,218,172,206,220,72,76,82,192
23,27,44,71,123,105,76,186,207,197
23,28,21,222,167,137,46,99,90,42
23,29,206,240,114,50,7,231,23,115
23,30,215,214,190,231,165,238,188,70
23,31,71,68,28,111,211,65,91,251
23,32,62,139,221,102,201,177,176,246
23,33,121,224,168,116,244,122,253,21
23,34,95,81,55,70,64,208,235,28
23,35,39,99,151,40,20,161,2,236
23,36,172,252,117,202,49,193,195,211
23,37,15,83,174,193,161,220,60,90
23,38,44,234,126,80,30,9,213,250
23,39,72,15,244,92,36,125,250,183
24,0,157,233,46,212,218,50,110,65
24,1,188,221,63,37,126,31,29,12
24,2,147,236,23,212,101,201,94,183
24,3,2,15,42,255,213,90,202,177
24,4,37,71,180,155,231,251,12,30
24,5,253,67,12,31,254,27,66,213
24,6,136,175,147,142,18,245,61,107
24,7,7,1,220,37,16,61,124,239
24,8,242,49,7,186,120,207,124,65
24,9,4,14,145,96,128,209,121,133
24,10,114,17,51,1,24,218,15,117
24,11,208,151,250,156,79,143,209,114
24,12,206,132,65,217,46,95,6,136
24,13,249,48,76,195,156,18,116,137
24,14,218,172,206,241,42,25,75,234
24,15,44,22,71,105,207,197,128,239
24,16,46,180,140,90,222,167,204,21
24,17,88,50,23,206,240,231,114,197
24,18,188,215,190,231,214,12,32,237
24,19,91,71,40,211,111,41,65,68
24,20,242,7,120,46,186,49,124,66
24,21,4,14,128,242,145,52,96,234
24,22,114,51,17,239,117,15,218,46
24,23,208,156,151,79,101,113,114,209
24,24,206,46,65,57,121,95,132,217
24,25,249,48,38,156,195,76,18,36
24,26,206,218,172,220,93,72,76,174
24,27,123,71,22,105,207,44,209,186
24,28,21,222,167,140,137,2,99,90
24,29,206,240,50,114,231,7,23,56
24,30,215,237,190,231,214,165,238,70
24,31,71,111,40,43,251,91,211,68
24,32,75,62,116,139,102,176,221,177
24,33,182,224,121,168,6,244,105,116
24,34,205,95,81,55,70,208,235,64
24,35,132,39,99,151,40,161,20,196
24,36,117,251,49,193,172,252,202,116
24,37,83,15,193,90,241,87,153,209
24,38,44,126,124,86,250,213,75,39
24,39,27,15,72,36,125,244,203,149
25,0,2,223,50,115,41,177,152,237
25,1,241,60,182,95,105,134,208,143
25,2,118,147,159,113,192,24,63,157
25,3,2,7,213,66,58,215,101,218
25,4,30,164,149,51,93,137,82,225
25,5,115,102,12,48,66,253,16,89
25,6,108,175,136,245,18,61,147,123
25,7,220,1,7,109,173,146,150,95
25,8,242,49,183,7,124,46,207,66
25,9,4,14,200,237,128,234,145,24
25,10,51,117,15,1,239,5,114,158
25,11,103,208,113,116,209,151,212,79
25,12,217,57,46,65,132,7,61,234
25,13,249,195,76,48,156,30,36,39
25,14,172,232,218,206,42,175,152,156
25,15,22,209,71,197,44,239,105,253
25,16,167,140,222,193,90,46,233,21
25,17,240,23,50,231,114,206,88,78
25,18,231,215,151,214,190,238,50,12
25,19,40,41,211,132,71,111,151,91
25,20,242,7,49,66,186,207,13,46
25,21,52,4,14,145,105,234,242,89
25,22,216,51,85,117,239,15,114,128
25,23,116,250,208,79,151,255,147,212
25,24,65,46,128,205,57,217,132,200
25,25,249,48,30,76,156,195,18,124
25,26,172,218,178,235,93,146,206,37
25,27,17,44,22,71,76,209,239,171
25,28,46,167,193,222,90,21,78,95
25,29,180,88,49,78,23,114,240,231
25,30,28,165,50,215,162,214,235,9
25,31,175,40,34,216,71,111,132,106
25,32,61,106,179,171,86,139,246,176
25,33,104,6,116,54,5,142,75,10
25,34,28,227,44,238,5,177,235,95
25,35,148,190,71,63,145,255,49,20
25,36,39,147,227,172,115,202,211,14
25,37,193,27,78,126,221,15,83,190
25,38,75,215,251,119,157,213,3,44
25,39,158,72,15,182,14,197,244,231
26,0,185,233,18,157,22,110,40,198
26,1,223,206,81,13,169,232,183,43
26,2,107,235,147,75,242,192,35,149
26,3,76,90,216,2,236,14,156,44
26,4,122,139,105,65,30,228,251,60
26,5,12,14,114,31,3,232,61,66
26,6,3,114,175,136,108,90,61,245
26,7,44,131,146,1,19,37,7,220
26,8,49,186,68,103,207,242,122,248
26,9,217,14,4,178,105,96,19,145
26,10,51,7,62,85,163,114,128,253
26,11,142,156,207,113,20,208,79,18
26,12,67,57,65,206,217,230,132,12
26,13,249,200,48,220,30,18,76,195
26,14,38,218,178,42,172,61,37,57
26,15,233,44,22,17,239,241,103,99
26,16,232,46,167,149,90,119,140,217
26,17,88,155,180,23,56,240,231,130
26,18,63,165,162,28,231,9,6,25
26,19,175,34,71,132,151,16,40,7
26,20,68,186,183,107,222,13,66,70
26,21,217,139,14,52,19,24,89,192
26,22,128,114,85,154,62,72,59,7
26,23,207,142,131,147,250,93,156,212
26,24,230,65,67,57,121,206,187,94
26,25,48,249,30,220,18,36,200,122
26,26,38,178,218,152,37,89,235,40
26,27,17,22,239,44,233,209,71,251
26,28,46,90,167,222,30,147,211,21
26,29,180,23,206,7,56,231,155,115
26,30,165,28,235,81,1,70,231,215
26,31,71,91,175,216,40,111,66,225
26,32,18,106,201,246,61,171,176,116
26,33,11,151,116,58,253,49,142,10
26,34,95,12,28,205,56,180,153,235
26,35,145,153,99,40,22,85,71,20
26,36,117,211,14,172,202,193,244,139
26,37,145,220,84,87,83,250,193,174
26,38,101,43,157,213,93,206,62,5
26,39,241,15,9,146,175,6,27,223
27,0,110,57,165,127,56,157,59,71
27,1,135,179,117,119,227,133,137,56
27,2,89,70,64,237,26,239,165,247
27,3,70,19,171,228,42,132,194,3
27,4,122,254,138,133,74,17,172,202
27,5,24,144,12,114,14,3,169,232
27,6,243,147,174,186,90,175,114,42
27,7,37,1,169,56,131,217,146,239
27,8,186,207,68,49,183,65,222,109
27,9,148,217,105,14,192,24,4,237
27,10,85,73,7,154,108,24,59,92
27,11,210,207,201,147,154,250,84,10
27,12,57,121,65,84,230,12,35,18
27,13,30,48,18,216,249,133,239,122
27,14,178,37,172,61,186,232,156,42
27,15,22,203,239,17,219,129,84,101
27,16,46,161,90,167,249,6,233,16
27,17,23,56,180,130,247,83,88,231
27,18,28,165,9,25,21,12,162,63
27,19,175,106,40,111,253,66,132,87
27,20,222,186,68,13,202,190,205,183
27,21,148,192,24,105,234,128,139,89
27,22,85,73,92,215,24,128,108,252
27,23,210,154,147,250,131,207,34,112
27,24,84,57,65,121,230,18,167,200
27,25,100,30,48,220,18,122,249,36
27,26,178,235,37,186,218,40,156,172
27,27,203,17,22,239,49,209,93,233
27,28,161,30,90,167,211,46,232,222
27,29,180,23,214,231,240,206,191,171
27,30,28,165,235,1,81,70,231,21
27,31,91,175,71,40,216,66,111,132
27,32,18,201,61,106,246,171,210,221
27,33,96,151,253,116,58,49,121,142
27,34,95,208,56,28,175,171,12,235
27,35,99,85,22,20,218,255,71,40
27,36,117,211,202,195,246,14,1,193
27,37,56,67,174,161,143,83,87,60
27,38,101,195,201,9,234,213,30,126
27,39,15,246,1,215,250,248,92,6
28,0,14,84,127,102,228,18,176,85
28,1,29,111,65,171,251,63,228,135
28,2,70,89,15,64,179,14,239,26
28,3,116,70,228,171,20,51,132,214
28,4,112,30,74,215,164,79,27,12
28,5,144,169,232,3,12,102,24,14
28,6,243,136,42,174,142,73,114,108
28,7,146,217,133,169,1,37,129,94
28,8,183,207,68,222,186,120,49,201
28,9,14,105,192,139,148,234,24,4
28,10,85,59,7,154,128,114,72,24
28,11,201,250,84,210,207,147,10,212
28,12,57,121,65,230,84,12,132,46
28,13,249,30,18,48,239,216,51,133
28,14,172,37,178,61,232,42,156,218
28,15,22,17,239,203,84,219,129,71
28,16,46,167,161,90,249,140,193,49
28,17,23,56,180,231,247,213,50,184
28,18,50,28,165,151,21,242,181,200
28,19,40,175,41,132,106,253,91,209
28,20,186,183,222,13,73,205,26,44
28,21,13,105,200,52,4,55,89,24
28,22,216,130,85,91,51,72,170,35
28,23,250,147,201,143,107,212,123,236
28,24,65,128,205,160,230,57,217,46
28,25,97,249,30,18,48,254,156,43
28,26,32,37,178,218,172,61,222,156
28,27,88,22,87,57,71,84,225,171
28,28,46,167,222,193,196,90,99,94
28,29,61,23,50,240,16,231,88,171
28,30,81,21,50,70,211,28,22,99
28,31,39,205,40,106,251,175,181,252
28,32,106,131,125,201,134,186,185,192
28,33,238,116,132,28,96,49,86,104
28,34,96,44,171,207,180,28,225,205
28,35,145,57,22,190,20,148,63,71
28,36,14,39,120,211,172,115,202,19
28,37,190,27,143,193,175,101,12,145
28,38,75,213,18,169,115,3,61,179
28,39,231,15,197,179,117,56,118,254
29,0,123,196,249,229,216,7,105,242
29,1,225,231,27,93,244,155,150,11
29,2,17,103,4,57,145,162,227,59
29,3,187,133,31,37,152,235,231,234
29,4,142,222,30,13,102,251,236,167
29,5,104,158,44,186,193,90,6,253
29,6,69,147,167,153,142,172,107,175
29,7,37,23,29,10,1,146,7,46
29,8,234,186,207,109,84,83,56,77
29,9,13,29,94,164,105,197,24,4
29,10,169,91,130,72,216,198,171,85
29,11,189,107,250,147,102,84,212,94
29,12,65,26,128,205,63,46,57,121
29,13,43,18,30,147,154,48,134,249
29,14,37,61,51,178,172,124,32,159
29,15,87,22,88,165,239,162,84,154
29,16,46,5,233,249,167,80,205,196
29,17,250,17,56,87,61,50,76,205
29,18,179,187,50,57,21,113,177,12
29,19,39,20,109,40,130,111,205,107
29,20,234,115,186,207,222,4,190,13
29,21,13,29,94,105,164,47,4,197
29,22,91,169,35,130,72,236,198,143
29,23,107,189,42,147,128,250,106,94
29,24,74,26,65,63,132,46,220,57
29,25,18,43,48,30,147,134,249,29
29,26,37,32,61,178,172,156,124,51
29,27,22,88,87,165,71,181,84,239
29,28,167,46,5,136,133,249,90,9
29,29,250,50,172,76,23,16,17,201
29,30,81,179,21,187,211,28,205,135
29,31,39,251,40,106,130,181,205,109
29,32,134,98,106,192,99,131,91,186
29,33,183,238,116,232,73,126,58,86
29,34,84,207,180,171,86,96,225,34
29,35,145,153,57,20,22,63,218,71
29,36,120,181,211,14,70,98,202,193
29,37,190,31,143,182,58,145,87,67
29,38,213,148,71,92,75,101,95,3
29,39,2,69,189,38,15,217,213,146
30,0,57,56,32,110,127,157,165,238
30,1,242,112,86,117,73,118,211,72
30,2,33,133,121,217,80,255,60,10
30,3,171,70,191,119,19,172,219,153
30,4,118,74,122,254,88,30,54,154
30,5,144,24,158,44,169,11,147,248
30,6,69,183,164,208,166,137,42,98
30,7,37,90,1,71,101,7,56,10
30,8,207,234,186,222,84,184,216,190
30,9,148,217,105,13,156,197,24,85
30,10,91,72,24,73,114,92,171,161
30,11,27,147,210,107,154,66,195,74
30,12,84,155,121,65,132,18,57,191
30,13,18,30,48,22,168,41,226,124
30,14,37,61,178,172,156,60,213,159
30,15,22,203,239,88,87,84,71,219
30,16,167,46,161,249,90,233,136,80
30,17,23,56,50,17,205,231,11,201
30,18,21,28,165,159,12,177,251,135
30,19,40,175,39,111,253,106,107,181
30,20,207,222,186,184,190,13,115,183
30,21,105,148,4,24,13,156,47,231
30,22,114,72,24,85,91,35,143,246
30,23,107,27,147,210,208,3,154,250
30,24,132,155,65,57,84,194,191,181
30,25,18,48,22,30,113,249,175,29
30,26,37,61,156,178,172,186,206,241
30,27,203,22,88,71,250,239,84,110
30,28,161,167,249,136,46,211,80,99
30,29,50,214,23,17,231,16,201,205
30,30,81,21,159,135,28,211,177,103
30,31,39,91,251,181,175,66,107,40
30,32,201,106,192,221,91,212,61,185
30,33,96,58,151,121,116,107,28,38
30,34,226,208,171,56,175,95,252,202
30,35,22,99,85,218,20,236,92,5
30,36,1,195,117,211,202,246,14,152
30,37,143,56,67,174,161,83,48,45
30,38,101,201,195,9,234,213,30,44
30,39,246,1,215,15,250,92,37,183
31,0,228,84,102,14,194,250,67,176
31,1,29,72,118,211,65,117,255,111
31,2,80,33,133,217,15,240,135,233
31,3,116,171,70,20,199,19,214,203
31,4,112,74,215,30,54,25,118,154
31,5,169,144,44,158,24,11,248,166
31,6,69,42,136,183,142,73,208,166
31,7,90,37,1,32,56,71,7,155
31,8,207,120,186,222,190,164,56,84
31,9,148,105,128,13,197,192,4,24
31,10,91,114,72,24,171,73,7,84
31,11,114,147,27,210,66,236,107,208
31,12,155,132,191,84,206,65,28,246
31,13,18,22,38,48,168,30,216,113
31,14,37,61,156,218,241,178,42,172
31,15,203,22,88,239,141,87,71,84
31,16,46,167,136,80,90,249,0,233
31,17,50,197,56,23,17,205,231,11
31,18,159,165,28,177,21,12,113,211
31,19,91,40,39,175,111,181,253,107
31,20,222,207,186,184,120,190,13,115
31,21,4,105,148,24,128,13,14,47
31,22,114,72,24,35,85,31,143,91
31,23,114,107,208,147,27,210,250,195
31,24,132,181,57,206,46,191,65,219
31,25,18,48,22,30,113,249,122,38
31,26,37,156,61,206,172,241,178,220
31,27,22,203,88,71,49,239,113,84
31,28,136,161,249,167,46,99,90,80
31,29,50,231,23,17,218,206,201,205
31,30,81,28,159,177,211,165,21,135
31,31,91,39,251,181,40,66,107,175
31,32,221,106,201,91,61,212,192,21
31,33,96,121,151,168,116,58,38,107
31,34,208,56,95,15,81,171,55,28
31,35,99,22,218,39,20,92,236,161
31,36,117,211,202,195,14,49,152,193
31,37,143,67,174,193,161,83,15,48
31,38,101,44,213,9,234,30,63,126
31,39,15,72,250,244,92,183,205,190
32,0,144,186,84,242,234,92,180,188
32,1,29,198,111,126,117,42,221,239
32,2,33,230,133,212,150,57,86,236
32,3,19,44,155,202,81,70,114,177
32,4,112,192,94,30,71,98,218,154
32,5,144,158,165,248,102,169,202,81
32,6,69,42,142,126,136,59,221,183
32,7,37,90,155,181,71,243,10,1
32,8,222,207,190,186,214,19,103,56
32,9,105,128,47,237,14,54,148,197
32,10,91,72,85,81,114,171,187,7
32,11,147,10,107,153,114,3,210,250
32,12,155,194,65,191,186,219,84,132
32,13,38,18,113,168,48,30,70,22
32,14,37,61,178,159,156,119,60,24
32,15,250,203,88,22,239,71,84,21
32,16,46,249,136,80,66,205,167,90
32,17,197,17,56,201,50,218,205,23
32,18,21,135,177,211,113,159,71,165
32,19,40,107,66,39,91,253,111,44
32,20,222,186,190,35,207,199,115,4
32,21,105,13,47,14,4,237,24,54
32,22,114,72,0,91,85,187,81,143
32,23,107,147,3,116,15,153,114,10
32,24,191,194,181,219,132,65,46,155
32,25,18,48,113,22,30,111,175,29
32,26,37,156,61,178,159,24,241,172
32,27,250,71,22,88,84,49,248,239
32,28,249,136,46,167,0,90,80,253
32,29,201,17,50,231,49,206,23,56
32,30,28,21,135,81,177,211,251,165
32,31,251,66,40,39,71,60,181,107
32,32,162,86,91,106,61,201,195,146
32,33,189,36,97,6,116,37,38,248
32,34,28,212,90,255,171,238,235,44
32,35,20,22,49,145,190,148,92,255
32,36,234,147,227,39,0,117,202,211
32,37,220,27,78,83,193,48,15,143
32,38,215,44,139,101,75,213,3,126
32,39,158,23,72,224,15,197,165,146
33,0,117,233,226,171,128,96,80,93
33,1,40,120,171,209,13,96,94,222
33,2,39,33,128,80,252,36,226,217
33,3,44,91,19,255,75,188,246,202
33,4,55,192,119,98,71,218,112,2
33,5,144,158,194,27,211,165,114,11
33,6,42,90,142,69,59,174,221,126
33,7,181,37,155,90,71,56,10,101
33,8,207,222,112,190,35,103,84,44
33,9,178,105,47,237,19,128,24,23
33,10,91,163,171,72,24,114,7,85
33,11,107,147,18,3,42,203,10,250
33,12,43,65,194,57,46,205,132,121
33,13,18,30,113,70,48,140,41,132
33,14,37,61,159,178,52,156,172,60
33,15,22,87,165,250,213,71,88,135
33,16,243,233,46,167,170,80,217,252
33,17,17,56,201,242,147,230,50,20
33,18,251,135,165,192,177,21,12,115
33,19,40,111,39,107,229,42,253,160
33,20,115,207,222,186,184,84,19,112
33,21,13,47,24,197,178,105,102,237
33,22,91,143,187,72,234,246,85,196
33,23,107,3,147,106,66,250,208,145
33,24,65,43,132,194,220,46,181,191
33,25,18,48,13,30,113,175,29,202
33,26,37,61,178,159,60,156,52,175
33,27,250,71,22,88,99,84,203,135
33,28,46,136,167,249,54,80,0,90
33,29,17,218,50,206,201,23,56,231
33,30,135,81,71,21,165,28,103,211
33,31,251,91,39,40,107,111,71,199
33,32,17,89,91,201,21,106,62,61
33,33,105,244,107,58,116,214,28,38
33,34,12,56,171,81,252,95,58,28
33,35,20,218,22,132,61,145,99,3
33,36,253,202,211,117,246,152,0,193
33,37,220,174,143,161,67,48,83,60
33,38,101,234,44,30,213,9,136,179
33,39,23,15,248,92,1,246,241,250
34,0,110,57,165,50,157,59,122,44
34,1,95,166,98,190,154,48,253,165
34,2,39,33,13,159,128,36,135,120
34,3,70,246,105,75,166,188,255,19
34,4,55,138,2,192,60,159,98,112
34,5,24,144,158,3,165,250,63,194
34,6,59,42,69,142,174,128,136,250
34,7,37,90,133,155,10,243,1,71
34,8,190,207,222,186,253,69,48,84
34,9,148,237,14,105,47,192,54,234
34,10,91,73,85,171,81,72,7,114
34,11,210,10,147,154,116,93,3,164
34,12,205,155,121,194,65,84,19,132
34,13,18,48,30,239,113,51,124,226
34,14,37,178,61,156,60,186,159,218
34,15,22,101,203,250,71,99,219,84
34,16,46,161,167,90,233,136,249,80
34,17,56,17,201,214,23,130,50,104
34,18,165,113,21,9,28,211,135,12
34,19,40,107,91,111,106,71,66,175
34,20,222,186,190,184,207,124,202,201
34,21,148,14,105,237,54,13,234,24
34,22,91,114,143,73,85,92,72,81
34,23,116,147,210,154,107,208,3,10
34,24,194,181,65,132,219,84,107,57
34,25,18,48,113,30,51,22,111,140
34,26,37,178,24,156,61,241,172,218
34,27,203,250,22,71,84,113,49,88
34,28,249,136,167,46,21,188,90,211
34,29,201,231,50,17,49,173,180,23
34,30,28,21,165,81,70,135,211,189
34,31,251,40,71,39,181,225,107,60
34,32,86,91,61,106,201,212,171,246
34,33,96,36,38,6,116,132,151,104
34,34,28,238,171,90,235,44,206,55
34,35,20,190,148,22,99,71,255,92
34,36,39,227,147,202,117,211,193,49
34,37,78,27,193,83,15,143,174,190
34,38,215,44,75,213,101,139,126,3
34,39,158,72,15,244,252,36,254,220
35,0,117,242,171,185,18,176,245,96
35,1,13,111,81,171,117,239,232,158
35,2,212,107,39,13,159,120,33,135
35,3,188,170,221,44,202,166,122,19
35,4,139,55,2,192,25,218,60,180
35,5,144,158,168,250,165,137,114,81
35,6,16,3,42,114,59,174,142,69
35,7,90,37,228,243,71,208,1,133
35,8,207,190,222,112,48,103,35,208
35,9,19,206,236,178,105,4,54,14
35,10,85,7,163,81,91,171,72,128
35,11,147,18,10,212,107,250,116,115
35,12,57,194,65,67,35,155,121,46
35,13,48,200,30,18,124,113,41,122
35,14,232,37,178,156,61,42,38,172
35,15,103,22,239,209,241,71,21,84
35,16,167,46,179,90,233,80,161,249
35,17,180,231,155,23,201,205,3,56
35,18,28,165,21,25,177,1,135,87
35,19,40,175,181,216,106,132,91,71
35,20,222,207,68,183,186,112,13,35
35,21,19,24,236,4,105,206,89,231
35,22,128,85,163,170,7,72,97,143
35,23,212,131,18,147,107,101,250,130
35,24,57,67,46,219,65,234,233,181
35,25,48,122,249,30,18,36,200,181
35,26,232,156,38,37,172,178,22,218
35,27,209,22,103,118,239,17,241,236
35,28,8,179,30,21,140,167,90,222
35,29,231,155,180,23,206,128,240,3
35,30,28,165,70,189,157,206,21,1
35,31,216,71,40,251,132,185,181,66
35,32,61,171,17,89,91,137,126,162
35,33,117,23,171,214,10,94,116,38
35,34,28,58,187,235,54,19,12,177
35,35,73,7,184,255,99,100,20,71
35,36,57,0,253,42,244,193,8,245
35,37,220,45,164,90,84,87,102,221
35,38,244,44,136,162,3,157,22,15
35,39,14,23,16,61,220,52,252,68
36,0,136,241,78,89,56,14,18,33
36,1,119,166,6,28,190,168,67,117
36,2,13,177,1,5,81,127,99,119
36,3,109,9,153,114,28,85,242,123
36,4,253,2,139,25,133,123,60,30
36,5,172,174,1,3,158,142,232,137
36,6,174,114,58,16,108,25,3,186
36,7,228,90,217,1,220,146,19,37
36,8,157,207,68,222,183,124,109,112
36,9,24,236,4,19,105,5,244,14
36,10,128,68,12,85,181,97,7,154
36,11,64,212,130,147,208,131,156,207
36,12,57,234,73,230,246,35,136,132
36,13,42,48,122,249,41,18,254,181
36,14,232,156,42,172,152,218,129,89
36,15,209,22,239,71,118,17,103,90
36,16,167,30,233,90,8,140,241,46
36,17,185,231,180,23,3,50,102,191
36,18,28,165,70,21,1,72,87,206
36,19,40,216,181,175,71,132,179,250
36,20,222,183,207,248,157,215,205,13
36,21,4,24,236,204,105,231,128,17
36,22,128,85,12,68,154,97,143,31
36,23,64,131,212,208,101,250,156,207
36,24,57,219,46,233,132,107,181,227
36,25,42,122,249,48,181,18,36,30
36,26,232,156,174,172,218,37,22,152
36,27,209,22,118,236,239,71,17,222
36,28,30,8,21,140,179,232,167,222
36,29,231,23,185,155,180,240,206,174
36,30,28,72,157,70,206,165,189,1
36,31,216,40,71,251,185,66,196,245
36,32,224,61,171,197,37,126,21,89
36,33,63,171,117,156,10,18,38,12
36,34,152,54,28,235,58,177,188,213
36,35,73,7,184,100,255,214,92,39
36,36,57,244,239,42,24,251,193,245
36,37,50,45,90,14,87,83,102,209
36,38,244,44,146,162,3,157,75,86
36,39,14,85,177,13,220,52,61,36
37,0,2,41,134,36,86,115,65,29
37,1,254,101,63,190,165,245,42,82
37,2,13,182,139,5,194,93,201,115
37,3,44,202,66,61,167,234,199,218
37,4,253,30,149,51,169,93,83,212
37,5,213,48,172,66,115,133,168,3
37,6,58,25,108,174,245,186,243,100
37,7,1,146,220,94,239,130,95,228
37,8,207,183,222,68,88,201,124,248
37,9,4,24,236,14,139,105,234,204
37,10,128,12,117,181,85,154,143,17
37,11,212,209,103,84,151,208,216,131
37,12,57,166,234,46,132,181,32,36
37,13,42,48,122,18,249,36,100,254
37,14,232,156,172,42,152,218,22,219
37,15,22,209,239,71,118,116,17,222
37,16,167,30,21,233,138,140,90,154
37,17,231,185,206,23,78,180,50,3
37,18,28,165,70,157,238,1,206,190
37,19,216,71,206,40,181,70,251,111
37,20,222,248,207,183,13,156,215,68
37,21,236,4,204,244,24,17,89,139
37,22,128,117,12,17,85,154,143,181
37,23,212,209,131,208,151,101,21,248
37,24,57,166,46,219,107,27,72,181
37,25,122,42,48,36,249,181,30,18
37,26,232,22,174,156,172,152,89,218
37,27,209,22,118,236,17,116,234,239
37,28,30,8,138,232,21,140,179,206
37,29,231,78,185,180,23,206,3,240
37,30,28,157,72,165,70,206,189,237
37,31,216,40,60,71,66,251,179,185
37,32,61,171,197,75,37,14,175,126
37,33,161,103,171,5,10,63,38,59
37,34,152,227,235,28,11,177,213,109
37,35,73,7,214,255,184,63,100,20
37,36,57,244,251,55,48,193,239,42
37,37,14,162,45,102,87,221,83,50
37,38,244,75,124,162,157,3,44,39
37,39,14,177,13,52,77,62,61,181
38,0,55,134,175,151,199,178,13,31
38,1,206,49,101,254,44,105,117,10
38,2,235,165,182,65,71,0,3,229
38,3,44,213,234,66,76,90,138,199
38,4,44,30,253,51,178,180,169,2
38,5,232,172,48,3,142,94,133,115
38,6,25,58,174,108,9,245,243,100
38,7,146,1,94,130,95,239,37,133
38,8,68,207,124,222,183,201,248,44
38,9,236,4,244,14,139,105,5,54
38,10,128,12,154,85,181,216,108,7
38,11,212,208,68,103,151,248,147,84
38,12,57,233,234,181,206,95,136,219
38,13,48,122,42,181,249,30,59,238
38,14,232,42,156,218,70,37,174,89
38,15,22,209,239,118,234,222,236,18
38,16,233,30,90,167,21,46,8,206
38,17,231,206,23,180,3,205,128,247
38,18,157,28,189,206,165,70,72,87
38,19,216,71,181,40,245,33,114,21
38,20,68,222,207,248,13,156,183,215
38,21,236,4,204,244,17,89,24,14
38,22,128,85,154,12,216,181,108,140
38,23,212,131,85,147,208,248,59,21
38,24,57,233,219,119,107,128,181,65
38,25,122,48,42,181,30,36,26,249
38,26,232,218,89,156,174,70,250,22
38,27,209,118,22,236,17,222,234,239
38,28,30,8,190,21,140,167,206,78
38,29,231,180,23,128,185,3,206,78
38,30,28,157,206,165,189,70,151,145
38,31,216,40,60,71,7,132,251,181
38,32,61,171,109,76,179,91,157,18
38,33,10,171,116,104,11,68,95,132
38,34,28,72,235,44,240,238,171,209
38,35,73,255,145,184,191,71,190,20
38,36,244,79,39,42,147,139,142,25
38,37,45,193,221,102,84,196,27,15
38,38,3,75,244,162,215,157,44,4
38,39,14,165,146,158,197,179,224,229
39,0,96,226,80,171,247,198,128,90
39,1,2,254,169,195,88,220,237,15
39,2,213,254,70,146,71,0,83,118
39,3,188,221,180,90,122,213,170,222
39,4,253,30,180,119,2,60,105,93
39,5,232,61,142,48,172,133,94,93
39,6,16,58,100,25,108,174,119,245
39,7,94,146,1,220,133,61,130,95
39,8,68,207,112,183,157,248,215,124
39,9,139,206,19,14,244,236,4,105
39,10,128,12,181,154,85,108,216,163
39,11,18,131,212,147,250,151,208,207
39,12,57,106,230,73,67,27,89,200
39,13,200,122,249,42,48,41,254,70
39,14,232,70,152,172,156,250,42,219
39,15,241,209,17,22,239,103,222,118
39,16,149,233,30,90,167,232,78,6
39,17,180,155,102,231,206,23,65,128
39,18,28,235,165,1,122,6,25,87
39,19,216,16,132,175,71,233,7,40
39,20,215,183,68,112,222,9,207,248
39,21,24,206,52,139,19,204,65,244
39,22,128,170,85,163,181,154,225,59
39,23,131,18,212,101,115,107,142,250
39,24,57,230,67,107,65,234,36,46
39,25,122,200,244,48,30,181,249,18
39,26,232,152,38,172,250,218,89,156
39,27,17,209,241,22,118,239,103,49
39,28,30,149,8,78,241,6,185,87
39,29,180,155,231,23,232,128,236,3
39,30,28,165,157,235,6,206,70,145
39,31,216,40,16,132,7,106,60,66
39,32,89,61,171,199,17,126,37,175
39,33,214,68,171,117,94,10,23,116
39,34,28,187,182,235,54,58,19,146
39,35,73,184,255,7,71,92,100,111
39,36,244,253,57,0,196,25,42,8
39,37,220,102,164,45,84,221,87,36
39,38,244,136,162,4,3,22,157,75
39,39,14,23,16,52,61,145,220,182
40,0,57,110,88,56,59,68,180,60
40,1,166,131,190,253,98,89,60,48
40,2,211,33,226,26,247,183,177,70
40,3,70,240,90,19,5,239,67,193
40,4,133,2,180,30,60,202,35,190
40,5,144,24,174,232,3,142,252,94
40,6,129,58,115,16,174,20,108,100
40,7,129,1,146,217,94,239,37,15
40,8,68,207,222,201,186,253,109,157
40,9,148,5,4,192,54,14,236,231
40,10,128,73,68,143,154,108,92,85
40,11,147,210,207,201,154,250,248,208
40,12,57,84,121,132,230,18,107,181
40,13,164,48,18,122,30,100,51,133
40,14,156,232,178,186,219,218,42,172
40,15,203,22,239,241,219,101,17,209
40,16,161,167,90,46,233,232,6,179
40,17,23,26,180,231,155,50,56,214
40,18,28,165,21,12,25,9,63,157
40,19,175,106,40,111,216,206,132,245
40,20,222,207,68,186,157,112,183,13
40,21,148,236,206,4,24,19,192,105
40,22,128,68,85,154,143,12,108,97
40,23,131,212,210,147,64,154,207,250
40,24,57,219,121,46,194,107,84,227
40,25,164,36,122,48,181,200,30,18
40,26,232,156,172,38,37,218,178,89
40,27,203,22,241,209,118,236,17,239
40,28,8,30,149,21,140,161,232,78
40,29,23,231,26,180,155,128,191,206
40,30,28,157,165,189,206,70,9,1
40,31,216,40,60,66,245,251,71,185
40,32,61,224,89,171,197,175,37,126
40,33,177,171,10,117,96,156,38,84
40,34,28,49,217,235,177,213,58,29
40,35,73,7,224,184,92,100,60,255
40,36,255,57,244,24,196,42,58,193
40,37,45,50,14,158,221,102,87,7
40,38,146,244,75,162,3,44,124,39
40,39,14,177,13,85,52,62,181,220
41,0,175,180,231,55,177,31,152,151
41,1,111,42,117,245,239,84,122,22
41,2,3,211,33,157,70,221,199,13
41,3,44,234,197,247,180,19,0,70
41,4,243,51,169,178,80,30,113,117
41,5,228,144,232,48,1,3,142,252
41,6,58,148,129,174,25,9,201,126
41,7,129,146,71,138,83,38,246,130
41,8,207,222,128,68,19,61,13,94
41,9,236,192,105,4,231,17,212,198
41,10,128,85,154,108,119,214,181,12
41,11,212,147,201,84,157,115,37,231
41,12,57,121,233,219,234,194,107,12
41,13,36,122,30,127,48,226,249,143
41,14,156,232,42,89,178,60,37,172
41,15,22,239,18,71,118,219,209,236
41,16,233,167,46,90,140,110,8,193
41,17,231,23,62,214,180,191,3,205
41,18,28,157,21,135,251,25,87,12
41,19,216,40,181,111,175,106,7,247
41,20,222,207,19,13,186,6,68,80
41,21,236,4,105,231,89,17,216,43
41,22,128,85,216,154,108,146,12,181
41,23,212,201,147,250,157,197,131,37
41,24,57,128,219,46,234,233,7,119
41,25,48,30,18,36,19,249,41,97
41,26,156,22,172,218,174,203,206,37
41,27,22,118,71,236,239,234,84,49
41,28,167,193,8,30,206,46,249,140
41,29,231,62,88,50,23,173,180,240
41,30,50,70,28,21,189,157,162,211
41,31,251,216,40,181,185,38,39,111
41,32,91,179,131,61,171,106,123,94
41,33,104,132,171,38,189,10,139,116
41,34,235,28,44,48,240,171,225,238
41,35,73,190,20,63,74,148,255,161
41,36,39,202,115,211,42,227,139,142
41,37,27,143,83,45,193,190,78,87
41,38,75,44,215,157,244,3,162,101
41,39,75,14,158,254,220,179,106,252
42,0,97,166,142,113,205,150,123,215
42,1,34,26,59,187,132,118,105,11
42,2,90,70,4,146,103,162,26,210
42,3,211,31,37,46,146,135,234,84
42,4,161,167,65,30,13,14,170,25
42,5,104,232,161,158,172,3,142,186
42,6,174,167,58,9,42,142,59,250
42,7,146,91,29,37,1,23,133,129
42,8,207,33,184,222,186,19,190,56
42,9,39,236,29,94,13,4,105,102
42,10,85,7,216,128,154,130,12,171
42,11,147,212,20,107,84,250,10,248
42,12,57,128,121,46,7,26,65,181
42,13,48,18,30,43,249,140,29,124
42,14,156,42,37,61,178,232,172,51
42,15,22,65,239,71,88,87,148,84
42,16,167,46,233,80,140,90,249,5
42,17,231,50,23,61,56,205,166,213
42,18,148,187,50,12,165,251,70,190
42,19,40,130,111,181,251,39,216,106
42,20,207,222,248,33,184,4,13,186
42,21,4,39,236,29,94,105,13,89
42,22,85,143,130,83,15,31,72,35
42,23,212,20,107,147,250,113,42,236
42,24,46,181,219,57,132,26,63,227
42,25,249,48,18,43,30,255,181,122
42,26,156,22,174,172,206,37,232,79
42,27,22,65,118,71,234,84,209,250
42,28,167,8,5,140,96,222,249,206
42,29,231,50,172,23,240,3,205,17
42,30,206,148,189,70,187,211,81,21
42,31,251,130,185,181,91,40,216,80
42,32,91,99,61,113,94,131,201,238
42,33,190,232,38,171,248,104,154,151
42,34,88,161,97,235,56,171,34,209
42,35,20,73,92,218,145,99,111,100
42,36,207,211,202,49,139,42,193,246
42,37,143,67,174,83,161,193,15,190
42,38,71,44,234,75,9,30,3,101
42,39,69,72,92,250,244,183,252,220
43,0,181,82,6,107,251,245,39,83
43,1,117,191,250,86,112,158,249,122
43,2,198,87,76,70,121,64,133,108
43,3,90,226,75,19,146,202,234,67
43,4,118,65,242,30,74,25,82,83
43,5,174,232,142,5,48,249,44,194
43,6,100,42,58,19,174,108,149,115
43,7,2,91,220,146,1,85,44,94
43,8,207,68,120,248,186,33,35,184
43,9,217,236,4,151,156,13,244,14
43,10,68,253,128,161,114,228,171,15
43,11,64,142,195,212,20,156,22,208
43,12,57,206,181,219,234,233,46,155
43,13,164,48,22,230,249,100,18,36
43,14,156,174,42,218,213,232,14,172
43,15,22,118,209,234,120,71,65,239
43,16,167,140,233,206,90,96,119,180
43,17,26,231,240,50,3,23,206,205
43,18,148,70,157,165,190,206,55,21
43,19,237,216,251,40,181,80,245,33
43,20,248,207,46,13,183,222,6,184
43,21,4,236,217,89,231,242,133,14
43,22,15,68,253,228,140,128,97,143
43,23,64,212,101,113,250,208,195,131
43,24,219,46,57,72,155,181,227,132
43,25,249,164,48,36,122,181,22,18
43,26,174,22,172,232,206,79,238,156
43,27,22,118,209,234,5,7,236,43
43,28,222,140,8,21,167,30,206,226
43,29,26,231,240,3,206,23,50,205
43,30,70,148,55,157,189,206,231,165
43,31,237,40,251,216,185,46,245,80
43,32,224,42,61,91,126,243,176,94
43,33,179,201,171,38,156,154,248,217
43,34,235,49,217,196,55,28,225,146
43,35,73,210,224,100,92,63,40,131
43,36,24,255,42,223,139,193,57,239
43,37,50,83,45,87,14,158,210,97
43,38,146,75,44,244,3,162,39,86
43,39,177,85,13,14,61,220,252,62
44,0,177,55,175,31,109,199,74,24
44,1,226,236,245,42,22,49,70,105
44,2,221,3,194,77,193,58,237,76
44,3,44,234,197,66,215,247,243,220
44,4,243,30,169,51,178,80,180,35
44,5,232,48,5,225,228,102,195,66
44,6,149,9,25,201,62,19,134,100
44,7,146,138,85,1,2,228,38,71
44,8,68,207,128,222,248,19,124,88
44,9,236,4,17,105,244,204,231,133
44,10,228,200,181,253,197,140,128,85
44,11,212,37,197,68,190,240,94,95
44,12,233,57,234,72,107,155,55,180
44,13,249,48,230,122,36,22,30,254
44,14,232,42,174,156,89,218,206,172
44,15,22,118,209,239,236,234,5,222
44,16,140,206,167,90,30,180,8,233
44,17,231,3,240,23,205,180,206,128
44,18,157,70,189,231,21,148,4,198
44,19,216,185,181,251,129,40,155,85
44,20,248,13,46,207,222,68,128,45
44,21,236,4,17,89,244,242,105,250
44,22,253,228,200,140,181,85,7,242
44,23,212,190,197,68,37,93,218,59
44,24,233,72,155,57,234,181,11,7
44,25,249,36,48,230,22,254,122,30
44,26,174,203,42,89,232,1,22,15
44,27,118,5,22,234,10,7,236,239
44,28,206,140,8,222,190,30,21,226
44,29,240,3,231,128,205,206,62,169
44,30,157,70,148,189,231,149,109,211
44,31,185,216,251,71,245,159,46,129
44,32,243,91,109,80,18,123,48,126
44,33,171,38,139,248,242,224,10,95
44,34,94,28,171,240,72,48,235,64
44,35,73,236,99,185,20,161,39,191
44,36,79,202,42,130,223,49,147,58
44,37,45,83,193,210,15,196,87,161
44,38,162,132,44,15,39,101,234,75
44,39,244,72,220,15,183,14,250,92
45,0,13,242,223,2,234,116,188,60
45,1,232,133,141,117,23,158,236,105
45,2,146,90,110,44,226,23,26,102
45,3,44,234,180,247,197,43,15,155
45,4,164,239,210,30,169,149,35,180
45,5,225,232,142,5,38,48,66,3
45,6,136,242,9,149,50,25,238,108
45,7,146,138,228,161,131,41,1,243
45,8,207,128,46,13,222,100,6,106
45,9,236,4,17,242,105,231,14,165
45,10,253,200,140,15,85,108,66,30
45,11,212,116,190,68,113,240,98,251
45,12,233,234,57,72,55,61,46,181
45,13,249,48,122,36,100,196,163,30
45,14,232,42,174,76,15,79,206,89
45,15,22,234,118,236,105,209,43,5
45,16,140,206,90,30,167,8,21,226
45,17,231,240,3,49,23,205,206,36
45,18,157,70,231,189,21,206,28,210
45,19,216,60,71,181,251,129,155,185
45,20,248,13,46,207,128,134,94,100
45,21,236,4,89,17,244,242,105,14
45,22,15,200,140,253,0,216,7,85
45,23,212,116,190,68,59,250,15,113
45,24,233,72,234,7,155,128,57,181
45,25,249,48,36,100,30,140,41,22
45,26,174,89,218,15,203,22,42,79
45,27,118,22,234,7,5,10,84,236
45,28,140,206,193,222,8,226,30,21
45,29,49,240,3,88,231,128,205,61
45,30,70,231,148,50,189,157,162,149
45,31,60,185,216,251,40,18,71,159
45,32,179,91,243,86,176,131,80,190
45,33,38,104,171,36,161,132,248,143
45,34,28,44,238,227,171,235,255,206
45,35,148,190,161,73,49,236,20,74
45,36,147,39,227,42,115,202,55,234
45,37,27,83,45,78,193,87,210,15
45,38,215,75,44,15,39,162,167,3
45,39,158,72,220,15,14,61,224,197
46,0,96,80,226,117,233,128,52,171
46,1,166,13,120,96,183,158,117,2
46,2,146,1,99,24,118,63,26,19
46,3,255,91,180,221,122,170,234,128
46,4,55,119,239,139,60,180,105,35
46,5,27,232,142,61,225,48,3,171
46,6,242,136,90,9,235,200,3,202
46,7,181,146,161,131,228,138,227,1
46,8,112,207,46,248,184,183,222,13
46,9,19,236,178,4,244,105,17,242
46,10,163,253,7,15,140,85,181,66
46,11,18,212,142,116,68,190,130,208
46,12,233,67,234,72,57,141,43,136
46,13,249,200,48,36,254,116,100,122
46,14,38,42,232,174,15,156,129,218
46,15,99,22,118,234,209,241,239,5
46,16,140,90,54,206,30,78,21,167
46,17,231,240,155,3,180,206,23,205
46,18,157,70,231,6,189,21,206,165
46,19,216,71,40,251,181,185,91,155
46,20,248,112,46,13,68,207,184,134
46,21,4,19,236,178,244,52,89,242
46,22,163,15,7,128,140,85,181,253
46,23,212,18,142,101,131,130,207,68
46,24,233,57,67,72,46,200,234,7
46,25,249,36,48,122,18,200,30,140
46,26,174,38,22,89,172,152,79,218
46,27,22,118,99,7,209,234,5,239
46,28,222,140,21,8,30,54,206,78
46,29,240,155,231,3,206,236,128,180
46,30,70,231,157,189,6,165,190,149
46,31,40,71,185,216,251,51,28,60
46,32,17,89,176,91,194,61,243,171
46,33,105,214,38,94,117,244,171,10
46,34,12,235,58,187,28,252,56,146
46,35,161,131,73,218,236,20,40,132
46,36,253,0,202,193,42,139,8,246
46,37,161,83,87,220,174,45,60,143
46,38,136,44,234,75,9,30,39,157
46,39,23,248,92,1,250,246,220,61
47,0,186,210,234,242,144,188,111,60
47,1,217,117,21,95,198,163,79,165
47,2,13,159,150,92,86,230,84,107
47,3,255,155,202,44,234,180,177,14
47,4,133,94,30,112,98,71,164,122
47,5,27,194,18,142,61,48,232,187
47,6,242,154,235,59,9,90,142,108
47,7,181,146,228,138,131,243,41,220
47,8,46,248,207,45,65,69,12,184
47,9,236,178,17,4,96,242,105,14
47,10,5,15,253,9,7,114,140,91
47,11,153,142,207,212,247,255,190,130
47,12,43,233,72,57,67,95,234,61
47,13,249,116,48,140,36,100,196,246
47,14,42,174,232,15,76,38,79,153
47,15,22,234,105,99,43,239,5,209
47,16,140,54,90,21,206,30,226,186
47,17,240,231,206,197,23,236,3,205
47,18,157,70,231,71,232,189,206,190
47,19,71,216,251,181,40,185,159,108
47,20,65,248,46,13,207,154,134,44
47,21,4,236,96,242,178,89,215,133
47,22,15,7,140,62,0,5,114,253
47,23,153,212,190,101,142,113,255,68
47,24,72,233,57,222,46,206,234,181
47,25,249,36,48,140,116,246,122,30
47,26,174,153,76,220,79,22,15,89
47,27,22,118,239,234,105,248,7,43
47,28,140,222,21,54,186,226,8,206
47,29,240,231,206,236,3,205,31,174
47,30,70,231,69,157,189,149,206,211
47,31,71,185,251,216,40,60,80,43
47,32,195,176,96,61,91,201,246,243
47,33,198,37,97,38,36,217,171,94
47,34,90,212,235,12,255,146,187,19
47,35,49,161,40,131,73,20,63,123
47,36,234,147,0,193,139,42,8,130
47,37,220,83,193,84,87,45,209,210
47,38,75,44,39,14,162,3,244,15
47,39,224,23,235,61,220,15,127,14
48,0,68,185,226,96,117,171,194,245
48,1,40,96,135,21,202,81,163,134
48,2,159,204,13,168,44,7,92,84
48,3,44,14,155,247,234,180,43,138
48,4,55,94,71,112,82,182,239,169
48,5,194,48,232,187,225,38,217,142
48,6,154,235,242,92,108,9,59,142
48,7,181,146,243,133,138,228,1,131
48,8,46,248,45,207,12,134,176,154
48,9,236,4,182,17,96,242,10,14
48,10,5,15,7,9,163,239,66,253
48,11,130,153,207,212,190,68,255,18
48,12,72,254,57,233,141,234,95,6
48,13,249,116,36,48,140,196,18,246
48,14,174,42,232,76,15,205,166,119
48,15,22,234,156,43,118,248,125,105
48,16,140,90,206,30,21,54,226,33
48,17,240,231,206,3,23,205,174,236
48,18,157,70,231,189,206,71,190,87
48,19,71,251,216,40,185,181,250,80
48,20,248,46,13,154,207,134,70,183
48,21,4,242,96,236,52,89,190,244
48,22,15,7,0,140,85,143,224,181
48,23,212,153,130,15,101,207,18,113
48,24,46,72,57,36,234,233,200,172
48,25,249,48,36,122,140,200,193,18
48,26,174,22,79,172,220,89,218,152
48,27,22,118,7,248,209,234,43,239
48,28,222,140,21,8,54,226,206,30
48,29,240,231,3,206,236,102,31,205
48,30,70,231,69,157,206,189,190,211
48,31,71,40,251,185,216,60,28,58
48,32,195,176,175,194,61,190,91,86
48,33,97,94,38,217,37,171,117,36
48,34,235,187,146,188,212,182,19,54
48,35,161,40,131,123,63,7,214,20
48,36,0,193,8,139,239,42,245,234
48,37,83,220,87,84,45,7,221,90
48,38,44,75,39,244,14,22,3,15
48,39,23,220,16,61,68,254,145,252
49,0,181,82,107,122,251,39,245,99
49,1,89,117,9,202,166,176,248,122
49,2,125,56,205,185,178,159,112,135
49,3,109,153,14,89,121,247,216,138
49,4,82,156,182,133,30,60,20,187
49,5,174,19,142,250,68,232,194,225
49,6,108,149,115,172,242,134,9,217
49,7,220,1,146,195,228,173,133,95
49,8,248,68,207,184,183,46,19,124
49,9,4,52,190,242,236,139,200,105
49,10,68,15,181,239,143,59,240,66
49,11,64,212,131,96,130,94,240,31
49,12,57,107,27,230,36,234,46,246
49,13,249,164,122,230,48,30,18,41
49,14,172,232,156,152,129,42,174,70
49,15,209,22,239,118,17,71,187,237
49,16,233,30,167,90,140,222,241,83
49,17,26,231,180,3,23,191,147,240
49,18,70,28,165,21,231,87,206,235
49,19,40,216,132,237,250,181,175,155
49,20,248,207,183,222,13,205,149,70
49,21,4,52,236,105,89,231,128,24
49,22,15,68,85,143,31,128,170,59
49,23,64,212,250,207,113,131,208,94
49,24,46,57,132,107,7,72,234,181
49,25,249,164,48,18,122,36,30,123
49,26,172,174,152,14,232,22,206,79
49,27,22,118,209,7,43,239,135,105
49,28,222,140,30,21,8,167,83,90
49,29,240,26,231,3,174,206,31,50
49,30,70,55,231,157,190,206,221,238
49,31,237,40,251,216,185,58,132,71
49,32,224,197,176,190,61,21,126,171
49,33,179,201,156,38,217,12,171,185
49,34,49,217,235,146,188,213,28,90
49,35,161,224,131,40,123,63,73,214
49,36,24,255,193,239,42,139,57,223
49,37,50,83,87,14,45,90,221,209
49,38,146,44,75,39,14,86,167,244
49,39,85,13,177,220,61,254,252,62
50,0,109,151,24,225,1,122,65,60
50,1,154,226,190,236,117,42,143,22
50,2,185,125,159,47,56,3,221,33
50,3,44,0,234,247,218,15,90,241
50,4,243,30,190,51,180,178,80,169
50,5,19,48,14,81,116,217,213,5
50,6,108,204,168,149,172,71,174,25
50,7,146,220,1,16,95,150,167,71
50,8,248,68,46,207,183,222,134,19
50,9,4,236,105,190,196,162,242,52
50,10,159,31,15,47,170,191,239,85
50,11,212,109,37,6,250,201,94,240
50,12,46,57,234,12,166,72,107,227
50,13,249,122,48,36,30,230,254,41
50,14,22,42,172,232,156,174,89,206
50,15,22,209,239,154,118,84,43,237
50,16,140,233,222,22,167,90,30,206
50,17,231,213,3,240,23,205,71,36
50,18,70,206,21,157,28,231,181,55
50,19,40,181,251,247,206,216,250,71
50,20,248,46,68,13,183,207,222,134
50,21,4,236,52,242,89,43,128,244
50,22,15,47,159,31,170,85,143,146
50,23,212,109,37,146,131,240,207,113
50,24,46,166,72,57,234,36,172,227
50,25,249,230,122,48,36,254,193,70
50,26,22,174,89,79,172,42,232,218
50,27,7,118,22,209,5,43,234,239
50,28,222,140,8,21,206,82,83,138
50,29,240,213,231,3,62,206,19,174
50,30,70,231,206,55,157,151,189,238
50,31,40,251,185,247,80,216,60,58
50,32,14,176,70,61,197,190,157,91
50,33,237,38,103,12,179,201,171,84
50,34,235,94,18,146,11,48,28,90
50,35,40,131,161,191,123,20,73,111
50,36,48,193,44,79,42,139,24,25
50,37,83,162,87,14,45,7,221,121
50,38,44,14,39,244,157,75,124,167
50,39,77,15,61,220,252,197,52,166
51,0,13,55,116,203,31,178,177,204
51,1,105,236,70,17,155,235,141,80
51,2,127,46,132,185,235,183,47,239
51,3,90,44,7,234,197,15,16,215
51,4,82,243,44,30,221,169,148,178
51,5,48,68,19,116,5,89,7,217
51,6,108,149,9,25,172,242,204,219
51,7,146,1,220,95,246,133,130,38
51,8,248,46,68,183,128,9,19,13
51,9,4,52,236,190,182,242,221,17
51,10,15,239,181,146,219,138,191,143
51,11,212,220,31,59,222,37,90,190
51,12,46,57,234,72,107,89,61,36
51,13,249,48,122,36,30,230,254,136
51,14,42,174,232,206,22,76,15,129
51,15,22,234,209,118,239,105,156,5
51,16,140,193,233,82,90,222,206,167
51,17,240,231,3,21,206,71,205,36
51,18,70,231,151,157,190,238,21,189
51,19,251,85,40,71,185,155,216,60
51,20,248,46,13,207,124,134,44,186
51,21,4,89,236,52,242,190,128,204
51,22,216,15,85,146,7,140,239,143
51,23,212,201,59,220,250,197,113,190
51,24,128,7,205,234,46,57,11,157
51,25,249,48,97,230,140,18,19,30
51,26,218,174,156,79,203,22,172,42
51,27,22,118,239,71,84,234,7,9
51,28,193,167,196,222,206,190,140,82
51,29,88,61,50,240,21,3,231,180
51,30,70,50,21,63,162,148,231,232
51,31,251,39,185,216,40,181,252,146
51,32,131,179,91,246,106,125,176,86
51,33,250,104,132,38,143,139,11,56
51,34,240,44,171,28,109,72,94,238
51,35,148,190,145,74,161,40,20,185
51,36,39,202,115,142,227,147,211,79
51,37,27,143,190,78,169,83,101,174
51,38,169,44,215,119,61,75,206,254
51,39,75,179,158,163,139,220,117,11
52,0,142,113,97,166,205,123,150,215
52,1,34,26,59,87,105,187,117,132
52,2,146,103,59,210,163,162,127,50
52,3,211,146,37,31,46,135,90,84
52,4,167,161,30,65,14,82,131,13
52,5,104,161,224,6,235,186,204,5
52,6,167,9,108,174,154,42,142,62
52,7,146,91,29,23,1,220,133,2
52,8,33,207,248,89,13,46,164,186
52,9,39,94,29,13,4,236,105,132
52,10,130,85,216,171,214,253,7,143
52,11,212,20,147,107,95,250,248,203
52,12,57,26,234,128,63,46,107,7
52,13,43,249,48,30,97,255,140,122
52,14,42,156,124,232,51,172,218,129
52,15,22,65,239,81,118,71,209,234
52,16,167,196,233,5,140,46,90,206
52,17,231,61,50,23,172,3,205,56
52,18,50,187,57,148,21,190,70,12
52,19,130,40,111,39,251,181,107,160
52,20,33,207,115,184,13,248,124,222
52,21,39,4,13,29,94,105,236,89
52,22,130,143,85,35,83,216,128,253
52,23,212,20,107,147,250,236,243,94
52,24,181,128,63,26,57,46,132,205
52,25,18,48,43,30,97,255,249,147
52,26,156,37,75,22,61,124,174,14
52,27,22,65,250,71,84,118,88,113
52,28,167,5,249,188,46,99,196,136
52,29,50,231,172,23,17,3,61,205
52,30,148,187,70,211,81,21,135,189
52,31,251,130,181,91,40,111,39,107
52,32,99,91,113,131,106,238,61,201
52,33,190,104,232,38,58,116,151,41
52,34,88,171,97,161,56,34,235,28
52,35,145,20,218,99,74,92,22,39
52,36,207,211,202,49,246,139,39,193
52,37,67,27,143,174,161,83,190,15
52,38,44,234,71,30,9,213,101,80
52,39,92,69,72,250,183,244,15,252
53,0,6,106,22,66,46,63,85,202
53,1,117,223,197,118,112,86,250,155
53,2,59,198,22,108,87,121,10,64
53,3,146,76,31,194,214,98,234,97
53,4,118,122,167,65,30,242,251,67
53,5,67,10,100,254,161,44,158,5
53,6,167,42,142,136,122,61,62,174
53,7,44,242,91,1,146,66,2,37
53,8,33,113,207,184,56,186,212,164
53,9,94,240,13,217,105,4,156,132
53,10,62,114,253,171,72,51,161,130
53,11,20,203,49,236,195,212,147,238
53,12,7,26,181,132,57,63,234,56
53,13,76,48,142,18,113,72,51,43
53,14,241,42,156,218,14,124,206,174
53,15,22,96,71,239,118,234,209,88
53,16,119,167,237,46,136,90,196,206
53,17,231,50,61,23,205,56,240,11
53,18,187,190,70,215,165,12,206,211
53,19,111,251,218,40,216,39,181,120
53,20,113,33,207,184,124,49,201,13
53,21,4,240,94,102,236,89,217,13
53,22,62,51,253,114,143,72,85,128
53,23,49,42,20,236,250,212,107,94
53,24,181,132,138,57,7,155,65,56
53,25,48,142,72,18,249,51,30,123
53,26,241,75,156,174,206,61,14,235
53,27,22,71,118,234,88,142,239,250
53,28,167,136,99,21,249,90,46,119
53,29,110,50,172,231,7,205,23,206
53,30,81,70,187,211,159,165,189,21
53,31,251,120,39,181,106,252,91,185
53,32,91,238,96,113,201,106,131,186
53,33,73,232,58,238,116,38,41,86
53,34,207,180,171,161,34,97,9,101
53,35,145,20,153,22,92,184,99,161
53,36,120,181,193,211,11,14,117,202
53,37,190,31,193,83,143,84,15,241
53,38,44,213,250,126,75,139,97,3
53,39,241,72,15,9,146,68,252,52
54,0,57,88,56,110,59,60,157,68
54,1,242,189,79,117,50,164,84,45
54,2,108,33,58,201,76,0,64,238
54,3,194,70,105,214,107,19,60,193
54,4,17,74,30,242,254,118,133,153
54,5,144,24,174,147,44,5,171,18
54,6,166,115,42,19,69,142,242,108
54,7,242,129,1,37,239,146,220,210
54,8,207,184,186,68,222,201,88,113
54,9,4,148,217,105,236,156,14,231
54,10,68,228,161,114,253,140,143,73
54,11,210,238,147,27,203,113,208,49
54,12,181,155,132,84,57,234,206,95
54,13,72,164,48,142,18,249,41,30
54,14,156,241,42,206,218,14,238,129
54,15,22,96,203,239,234,118,209,71
54,16,167,46,237,186,90,136,21,180
54,17,50,26,231,23,206,205,56,11
54,18,70,165,12,190,211,251,206,238
54,19,251,111,40,181,71,107,178,175
54,20,184,201,207,124,222,35,13,68
54,21,4,148,102,89,14,24,220,236
54,22,143,68,140,228,7,114,35,81
54,23,210,147,113,64,208,212,103,69
54,24,181,132,155,219,46,95,7,206
54,25,48,72,164,30,18,51,123,228
54,26,206,156,238,75,241,235,174,220
54,27,22,203,234,118,239,123,250,142
54,28,21,167,161,206,249,186,90,8
54,29,206,26,231,50,101,56,23,205
54,30,70,165,211,189,238,159,103,12
54,31,251,91,71,185,107,111,60,181
54,32,224,42,91,61,197,40,246,94
54,33,177,96,156,38,217,84,12,248
54,34,49,196,217,28,171,213,175,188
54,35,210,214,20,224,99,100,184,92
54,36,255,24,11,193,239,57,139,42
54,37,158,14,50,83,241,57,37,227
54,38,44,146,250,126,162,97,3,39
54,39,85,15,177,13,62,52,181,252
55,0,180,175,250,177,55,151,139,70
55,1,117,22,245,111,49,42,105,65
55,2,133,58,33,221,108,212,3,77
55,3,44,234,70,202,199,66,167,205
55,4,30,243,178,60,51,125,158,192
55,5,144,66,48,5,2,102,40,52
55,6,115,42,200,142,172,19,134,69
55,7,1,239,129,242,146,220,167,210
55,8,184,207,68,222,201,88,124,34
55,9,4,5,11,128,14,105,220,236
55,10,143,228,108,114,232,168,171,174
55,11,147,103,231,212,238,208,113,95
55,12,181,132,84,95,234,206,155,57
55,13,48,72,18,228,30,123,132,41
55,14,156,206,75,42,218,241,232,89
55,15,22,203,96,192,250,71,84,239
55,16,167,21,180,46,90,136,249,206
55,17,50,206,231,56,205,23,3,36
55,18,12,70,165,251,211,238,190,90
55,19,111,251,71,178,91,40,181,107
55,20,201,184,207,68,88,124,13,222
55,21,4,14,105,89,102,24,220,43
55,22,143,140,7,114,85,35,51,81
55,23,147,103,208,250,231,212,113,107
55,24,181,132,84,206,95,7,155,65
55,25,48,72,30,51,132,18,123,41
55,26,241,206,220,75,156,235,93,42
55,27,22,123,239,142,234,192,84,71
55,28,21,167,249,181,99,161,206,237
55,29,206,50,7,56,231,205,214,139
55,30,165,70,81,90,211,103,238,189
55,31,91,251,71,181,199,107,111,39
55,32,91,48,85,246,201,62,106,109
55,33,116,139,38,224,107,68,6,189
55,34,175,28,95,240,171,64,206,56
55,35,85,20,99,44,114,94,2,185
55,36,195,202,117,39,79,246,67,152
55,37,83,161,174,60,43,126,67,193
55,38,201,44,234,9,126,30,119,213
55,39,246,138,1,215,15,92,250,133
56,0,127,85,49,18,153,112,146,227
56,1,29,117,232,111,57,158,17,223
56,2,173,169,19,122,154,9,15,146
56,3,116,171,20,51,55,236,203,70
56,4,215,12,213,30,79,183,82,60
56,5,169,144,66,249,207,11,241,236
56,6,136,115,42,73,166,200,142,19
56,7,242,1,56,129,239,40,161,146
56,8,207,120,184,68,201,186,65,88
56,9,4,14,105,145,5,236,226,128
56,10,24,114,7,143,171,218,51,72
56,11,114,147,238,250,208,236,212,102
56,12,206,132,181,7,95,57,46,155
56,13,72,38,48,18,30,73,249,41
56,14,156,42,75,241,172,218,206,235
56,15,22,239,96,71,209,203,135,84
56,16,167,46,90,233,21,136,180,206
56,17,50,56,231,23,206,205,147,218
56,18,165,12,70,251,238,21,28,188
56,19,40,91,111,71,253,251,175,181
56,20,207,120,184,35,183,222,13,201
56,21,4,102,105,24,89,14,231,253
56,22,85,143,24,7,31,114,140,128
56,23,114,107,147,250,212,208,17,103
56,24,181,46,132,65,206,57,107,7
56,25,48,72,18,30,38,249,124,51
56,26,156,220,172,75,206,235,241,251
56,27,22,239,123,209,71,142,118,37
56,28,21,167,249,161,90,222,206,207
56,29,206,218,50,56,231,7,173,23
56,30,165,70,81,28,238,190,189,211
56,31,91,251,71,38,181,185,28,111
56,32,221,91,246,201,62,102,40,176
56,33,121,168,224,38,205,96,116,142
56,34,81,28,208,95,206,64,55,171
56,35,99,20,39,184,63,151,255,71
56,36,117,195,202,49,250,152,211,67
56,37,193,83,15,161,174,95,60,67
56,38,44,234,213,9,126,30,75,157
56,39,72,15,244,250,183,92,36,125
57,0,46,122,65,212,63,218,110,157
57,1,29,126,117,221,255,63,105,251
57,2,173,23,212,136,15,236,239,94
57,3,202,214,194,55,234,253,236,53
57,4,30,37,12,213,215,164,112,245
57,5,254,67,100,66,144,169,18,31
57,6,115,136,73,42,134,142,166,19
57,7,56,242,4,1,188,146,239,129
57,8,207,201,184,65,120,248,124,88
57,9,4,240,14,105,145,236,96,5
57,10,114,24,31,7,51,171,212,17
57,11,17,250,49,114,238,109,147,236
57,12,206,132,181,46,7,234,95,57
57,13,48,72,18,38,124,249,30,41
57,14,156,42,235,241,206,218,75,22
57,15,22,96,239,203,71,84,88,146
57,16,186,167,90,46,21,136,180,249
57,17,157,231,50,197,206,56,23,213
57,18,165,70,12,238,188,73,211,28
57,19,91,40,251,71,111,181,178,175
57,20,201,207,183,120,184,13,222,68
57,21,4,240,24,14,105,89,102,236
57,22,31,7,143,24,85,114,140,51
57,23,109,114,250,212,156,147,152,103
57,24,46,181,57,206,132,95,65,7
57,25,48,38,72,18,249,30,111,124
57,26,220,206,156,93,172,75,251,235
57,27,22,239,209,142,123,234,118,71
57,28,21,186,167,249,222,161,90,207
57,29,206,157,231,50,56,213,23,7
57,30,165,70,28,189,243,211,238,81
57,31,251,91,71,185,181,179,38,40
57,32,221,116,246,91,201,62,75,176
57,33,182,121,168,38,224,142,205,151
57,34,28,205,81,206,95,208,64,235
57,35,99,20,39,184,255,132,63,161
57,36,117,202,49,195,211,193,250,152
57,37,193,83,15,161,95,174,60,67
57,38,44,234,213,9,75,126,30,157
57,39,72,15,244,183,92,250,36,29
58,0,234,242,186,144,237,27,223,203
58,1,90,29,77,221,126,72,105,117
58,2,173,23,150,212,19,230,86,110
58,3,155,213,194,234,53,236,66,44
58,4,30,94,213,71,12,164,169,158
58,5,66,81,115,33,48,93,6,5
58,6,115,136,174,142,200,172,123,178
58,7,1,243,239,220,146,4,129,181
58,8,207,222,184,201,124,88,7,248
58,9,4,96,14,105,5,236,128,190
58,10,7,143,85,51,117,174,31,114
58,11,103,153,116,17,250,95,212,2
58,12,181,132,206,95,234,46,7,57
58,13,48,72,18,30,38,228,41,123
58,14,156,75,206,42,218,235,22,61
58,15,22,71,239,84,192,250,248,88
58,16,21,167,46,90,136,206,249,233
58,17,157,206,50,197,56,78,231,205
58,18,165,70,238,12,211,188,251,190
58,19,91,71,60,111,40,251,44,178
58,20,68,201,207,183,184,248,13,88
58,21,24,14,4,105,96,89,102,43
58,22,7,0,140,143,85,128,114,31
58,23,116,103,208,212,2,15,107,147
58,24,57,181,107,46,95,132,65,205
58,25,48,72,30,51,122,18,249,38
58,26,220,156,93,152,218,235,206,251
58,27,209,22,239,118,142,248,71,17
58,28,21,167,78,230,241,222,90,8
58,29,180,49,206,56,231,157,23,173
58,30,165,70,28,50,235,1,189,69
58,31,60,216,71,179,251,181,185,38
58,32,162,86,176,171,246,91,201,195
58,33,36,97,104,181,38,6,37,250
58,34,212,28,90,206,109,255,44,238
58,35,49,255,20,44,148,184,190,228
58,36,147,234,39,227,115,250,117,0
58,37,193,27,83,220,87,15,95,78
58,38,215,157,44,139,75,244,213,126
58,39,158,72,23,36,224,15,61,197
59,0,96,242,117,187,186,185,133,171
59,1,206,96,40,209,183,117,105,13
59,2,200,220,26,68,176,84,65,181
59,3,190,188,44,247,122,155,234,148
59,4,180,55,30,213,71,60,229,8
59,5,81,3,194,48,66,232,33,52
59,6,3,16,174,115,136,9,92,142
59,7,243,1,146,220,239,181,188,133
59,8,124,207,68,184,201,248,183,112
59,9,19,4,14,244,206,236,5,105
59,10,7,163,85,143,128,140,181,171
59,11,18,103,212,2,153,116,17,250
59,12,181,67,234,95,206,57,132,154
59,13,200,48,18,72,228,175,30,123
59,14,156,235,218,38,16,14,42,129
59,15,22,241,103,71,209,135,239,142
59,16,78,167,90,21,233,46,179,217
59,17,206,236,50,231,56,155,157,65
59,18,165,70,238,6,28,21,251,12
59,19,71,216,40,179,111,251,181,155
59,20,68,215,207,183,248,112,184,201
59,21,19,24,102,244,52,120,89,4
59,22,128,163,7,85,181,140,143,170
59,23,107,18,131,212,130,207,101,147
59,24,107,57,230,106,65,181,46,132
59,25,48,249,200,18,122,124,72,30
59,26,152,235,174,172,232,218,156,89
59,27,209,22,118,241,17,103,142,213
59,28,21,167,222,30,241,90,185,8
59,29,180,155,206,236,231,240,232,56
59,30,70,165,235,28,231,238,1,6
59,31,216,71,251,185,40,179,132,60
59,32,17,176,171,194,175,37,126,199
59,33,117,23,214,94,38,10,116,142
59,34,28,187,146,58,54,206,19,47
59,35,255,161,7,63,71,184,20,131
59,36,0,42,253,25,57,193,8,245
59,37,87,220,102,221,90,84,83,164
59,38,157,244,44,15,75,162,86,22
59,39,220,61,23,252,16,14,145,68
60,0,181,82,107,251,39,221,245,83
60,1,119,117,176,89,122,248,237,166
60,2,160,125,13,1,189,81,56,137
60,3,65,158,9,50,255,124,49,28
60,4,213,82,30,191,66,180,189,97
60,5,174,3,142,232,68,48,250,5
60,6,108,174,172,115,9,134,71,25
60,7,1,146,220,94,122,195,204,173
60,8,68,183,207,248,215,184,124,88
60,9,24,4,52,139,244,105,5,190
60,10,68,181,128,143,85,154,7,239
60,11,64,131,212,208,56,94,240,147
60,12,57,230,107,246,73,27,125,98
60,13,164,122,230,249,18,48,41,13
60,14,232,152,156,129,235,42,172,174
60,15,209,22,239,118,71,17,213,142
60,16,233,167,30,90,241,73,222,224
60,17,231,26,180,45,206,23,240,147
60,18,21,28,165,70,87,1,231,235
60,19,216,237,179,40,71,181,160,132
60,20,215,183,248,207,68,9,205,167
60,21,52,24,139,244,4,190,196,19
60,22,68,181,128,170,7,154,85,239
60,23,131,64,212,107,101,207,30,46
60,24,57,107,230,172,27,36,46,98
60,25,164,249,48,122,18,198,13,124
60,26,152,174,232,14,129,172,16,89
60,27,209,118,22,7,17,142,26,116
60,28,21,30,222,241,20,8,149,179
60,29,26,240,180,206,231,232,155,174
60,30,70,55,231,165,235,238,190,28
60,31,216,237,185,251,179,40,132,14
60,32,224,176,171,197,175,126,37,21
60,33,179,201,117,156,38,10,12,142
60,34,49,217,28,146,47,58,235,213
60,35,255,224,161,7,123,184,131,214
60,36,255,24,57,42,25,239,245,193
60,37,102,87,221,50,14,90,83,45
60,38,244,157,44,146,15,86,162,4
60,39,220,61,13,252,85,14,177,36
61,0,55,109,177,47,24,72,211,217
61,1,9,236,70,149,105,226,89,117
61,2,157,3,221,228,13,42,193,126
61,3,197,16,234,44,66,36,63,247
61,4,30,169,243,178,180,3,82,80
61,5,48,181,116,102,232,225,5,66
61,6,108,189,219,168,25,32,201,134
61,7,220,146,94,130,1,95,122,246
61,8,248,68,215,9,26,73,124,183
61,9,52,139,204,91,4,35,43,190
61,10,181,254,146,67,15,239,154,103
61,11,212,37,6,240,131,100,146,68
61,12,172,98,36,234,27,107,73,72
61,13,27,249,230,136,122,193,198,88
61,14,232,152,174,79,192,219,129,70
61,15,209,22,118,18,7,112,95,151
61,16,30,82,241,233,83,21,140,154
61,17,206,31,19,174,240,231,71,232
61,18,70,231,116,87,36,235,238,157
61,19,216,247,47,251,58,55,99,206
61,20,248,215,70,9,149,13,183,73
61,21,52,91,190,89,242,162,128,80
61,22,181,146,15,254,67,109,103,154
61,23,37,212,131,146,197,100,59,68
61,24,172,166,55,210,36,72,173,57
61,25,48,230,249,193,169,0,136,155
61,26,174,152,79,237,89,192,119,232
61,27,18,209,118,7,22,43,40,10
61,28,56,241,30,83,233,21,226,232
61,29,19,31,206,126,3,240,232,231
61,30,70,231,209,36,55,235,238,189
61,31,99,216,58,60,185,55,251,18
61,32,26,14,176,171,190,144,28,126
61,33,185,250,38,12,10,197,179,199
61,34,146,249,18,94,109,47,28,11
61,35,161,44,255,117,185,131,123,73
61,36,79,37,42,44,139,116,25,244
61,37,162,83,196,87,102,221,45,14
61,38,52,132,14,157,15,244,167,162
61,39,66,77,220,61,44,252,14,197
62,0,128,13,54,37,55,178,45,78
62,1,80,232,1,149,9,105,175,8
62,2,210,207,99,66,9,94,244,189
62,3,161,16,215,191,63,234,126,229
62,4,169,82,3,221,166,148,63,141
62,5,181,225,156,142,6,48,116,187
62,6,219,108,25,4,119,189,115,253
62,7,220,137,130,146,94,84,223,1
62,8,248,124,9,68,70,215,149,183
62,9,71,4,52,242,194,91,162,122
62,10,127,79,144,176,109,160,243,78
62,11,42,135,167,131,12,80,58,56
62,12,57,107,181,121,227,153,22,47
62,13,18,228,136,249,48,122,123,174
62,14,174,14,232,156,206,129,169,79
62,15,22,209,166,234,142,118,192,135
62,16,233,140,167,74,30,222,206,21
62,17,231,240,3,174,147,50,206,102
62,18,70,206,231,87,190,238,4,12
62,19,251,216,40,80,111,250,215,185
62,20,248,215,46,13,183,149,230,156
62,21,4,133,242,162,128,236,91,13
62,22,15,160,143,97,248,204,140,194
62,23,80,212,113,240,100,111,208,103
62,24,227,72,107,172,181,53,57,173
62,25,249,48,122,193,181,163,18,198
62,26,174,79,232,14,206,22,152,89
62,27,22,43,118,7,209,234,166,87
62,28,222,226,140,74,10,83,233,227
62,29,150,240,126,3,231,31,55,138
62,30,18,70,231,253,206,93,180,178
62,31,15,154,55,58,60,216,185,251
62,32,58,248,14,190,176,26,92,144
62,33,185,167,176,38,12,68,199,54
62,34,146,249,15,18,109,80,94,47
62,35,161,117,185,121,123,131,44,255
62,36,37,228,21,79,42,139,55,116
62,37,244,214,83,87,196,156,45,92
62,38,88,236,14,157,162,244,3,167
62,39,142,83,66,137,101,209,220,252
63,0,146,167,94,38,17,193,1,52
63,1,67,175,178,8,104,29,196,247
63,2,210,207,99,111,66,244,225,9
63,3,161,234,197,63,215,66,186,16
63,4,169,148,30,221,243,239,63,82
63,5,48,187,225,5,75,6,192,156
63,6,219,115,108,189,134,25,253,29
63,7,220,161,1,130,146,150,246,95
63,8,248,47,124,149,68,128,26,9
63,9,4,242,52,91,190,133,162,244
63,10,15,181,254,143,117,239,103,67
63,11,220,212,222,113,167,100,152,131
63,12,234,166,172,72,55,236,107,181
63,13,249,136,230,48,100,193,122,88
63,14,174,79,232,152,192,14,129,6
63,15,22,209,118,234,43,7,105,214
63,16,154,21,82,140,30,233,226,83
63,17,206,71,240,231,31,49,55,78
63,18,70,231,238,178,190,151,87,36
63,19,251,206,5,71,216,60,58,114
63,20,248,149,47,13,124,70,134,46
63,21,242,91,190,4,89,52,133,128
63,22,15,216,146,181,168,254,194,154
63,23,212,220,59,113,100,222,208,146
63,24,166,55,210,128,47,107,172,61
63,25,48,230,101,169,249,193,122,19
63,26,174,79,129,218,89,119,14,152
63,27,22,209,118,7,43,142,178,18
63,28,21,138,30,222,82,179,232,217
63,29,78,206,240,3,231,31,128,71
63,30,70,231,165,238,55,66,235,28
63,31,216,60,185,179,251,40,237,71
63,32,14,176,171,248,37,197,92,109
63,33,167,103,179,181,12,185,250,38
63,34,249,94,28,227,18,109,235,11
63,35,255,161,136,7,73,184,55,176
63,36,57,244,21,116,42,193,139,245
63,37,214,87,83,14,102,221,45,244
63,38,244,87,157,44,15,167,75,162
63,39,251,220,61,14,252,52,254,165
64,0,209,198,17,53,52,220,240,247
64,1,67,8,175,88,219,97,178,105
64,2,207,210,139,111,55,66,235,190
64,3,161,234,215,155,186,236,66,33
64,4,149,239,82,30,243,169,148,221
64,5,48,225,187,181,75,116,156,239
64,6,108,219,134,201,58,115,9,189
64,7,220,146,161,1,94,130,138,68
64,8,248,68,124,149,207,183,215,9
64,9,4,242,52,244,91,190,139,236
64,10,181,15,254,216,128,239,143,154
64,11,212,100,131,113,222,68,207,240
64,12,166,57,107,234,172,36,27,73
64,13,230,122,249,48,136,27,193,88
64,14,232,152,174,129,70,219,192,172
64,15,209,22,118,239,17,142,126,34
64,16,154,30,233,241,217,167,179,90
64,17,180,206,49,231,31,147,240,71
64,18,231,70,235,165,238,28,55,1
64,19,206,216,237,71,132,179,247,251
64,20,215,248,9,183,68,70,13,167
64,21,52,244,190,139,162,196,89,242
64,22,128,181,15,154,239,17,60,216
64,23,131,212,152,101,209,21,252,68
64,24,166,172,57,107,230,98,36,55
64,25,48,230,249,122,27,169,136,198
64,26,174,152,232,129,93,79,14,218
64,27,209,118,22,7,142,17,116,10
64,28,241,30,138,222,21,8,179,20
64,29,78,240,231,206,180,128,31,232
64,30,70,231,55,165,238,235,66,189
64,31,216,60,237,179,185,18,247,251
64,32,176,171,197,14,175,37,162,126
64,33,103,179,201,167,12,185,10,38
64,34,227,28,235,94,11,146,47,109
64,35,255,7,184,73,161,55,214,63
64,36,48,57,24,244,25,42,193,116
64,37,87,14,162,102,83,221,45,147
64,38,244,157,44,75,15,162,39,167
64,39,77,14,220,61,252,62,13,197
65,0,55,178,70,12,31,151,13,60
65,1,236,206,105,117,44,70,49,80
65,2,210,66,9,207,235,111,55,199
65,3,234,247,44,161,66,32,3,33
65,4,44,30,243,82,180,169,83,148
65,5,3,48,5,232,116,75,223,217
65,6,108,9,104,115,219,174,84,134
65,7,1,220,146,133,95,8,150,130
65,8,68,248,124,183,46,201,215,13
65,9,4,242,162,24,236,190,14,5
65,10,15,216,154,181,239,7,140,143
65,11,212,220,222,201,2,59,30,251
65,12,181,57,234,107,61,172,233,246
65,13,48,249,230,254,122,136,74,228
65,14,174,232,152,129,6,42,203,14
65,15,22,209,118,142,234,239,93,71
65,16,21,167,233,140,179,206,222,30
65,17,206,231,240,71,147,3,36,45
65,18,70,231,165,238,219,190,189,28
65,19,251,71,216,179,185,85,155,80
65,20,248,68,46,215,13,183,124,207
65,21,4,242,236,89,190,24,52,162
65,22,216,15,154,128,85,140,181,7
65,23,212,220,201,59,107,231,131,222
65,24,128,57,65,107,181,205,46,210
65,25,48,230,249,18,19,101,122,254
65,26,235,218,174,156,146,129,152,172
65,27,22,209,118,239,17,220,71,135
65,28,190,167,222,90,21,73,233,30
65,29,180,231,240,173,56,147,21,23
65,30,70,165,28,235,50,63,231,151
65,31,216,40,38,71,251,179,132,253
65,32,85,76,171,176,18,246,86,179
65,33,11,68,104,116,142,38,185,102
65,34,28,72,94,206,225,44,240,47
65,35,71,255,145,185,161,63,40,148
65,36,25,79,39,142,244,7,145,202
65,37,102,221,95,87,84,83,27,193
65,38,157,75,4,244,44,3,95,132
65,39,14,182,146,165,254,61,252,220
66,0,96,226,171,80,128,247,90,245
66,1,169,186,236,228,117,232,179,104
66,2,254,145,26,169,146,19,107,22
66,3,188,221,234,7,21,122,170,180
66,4,82,60,30,181,105,119,3,180
66,5,61,48,232,3,142,66,217,225
66,6,16,108,115,104,174,219,134,119
66,7,1,220,94,146,150,95,173,133
66,8,68,112,248,124,183,207,184,215
66,9,206,4,19,14,242,5,24,236
66,10,181,128,216,229,154,15,59,163
66,11,18,212,207,142,131,208,103,115
66,12,57,106,67,230,234,107,36,253
66,13,200,48,122,18,249,124,72,41
66,14,235,232,38,152,146,172,70,29
66,15,241,22,209,17,239,71,118,135
66,16,149,167,90,233,30,46,179,73
66,17,180,155,45,231,102,147,191,23
66,18,165,28,6,21,235,70,238,1
66,19,132,216,40,71,16,160,175,233
66,20,207,215,112,183,68,186,9,248
66,21,24,206,52,139,19,89,105,192
66,22,128,170,85,163,181,246,225,154
66,23,131,18,107,142,212,207,101,250
66,24,65,57,67,107,230,46,125,106
66,25,48,200,244,124,122,30,249,18
66,26,172,235,232,152,38,89,178,175
66,27,209,17,241,22,118,239,166,103
66,28,30,149,167,90,73,8,185,241
66,29,180,155,232,23,173,231,56,236
66,30,235,28,165,122,6,1,21,70
66,31,16,132,40,216,38,253,175,71
66,32,89,171,17,176,13,135,199,61
66,33,214,23,94,117,142,68,116,29
66,34,187,153,225,47,114,28,58,182
66,35,71,255,63,7,184,34,159,145
66,36,25,253,145,0,244,57,245,16
66,37,102,221,84,220,164,87,95,37
66,38,157,75,136,4,244,44,5,22
66,39,146,23,14,254,16,182,252,61
67,0,181,82,107,251,245,39,255,83
67,1,131,166,89,117,35,9,175,176
67,2,211,26,156,241,196,138,19,28
67,3,3,105,21,5,90,169,188,239
67,4,82,133,7,39,21,97,227,211
67,5,174,142,201,247,232,48,200,252
67,6,108,129,58,104,32,71,190,174
67,7,94,146,130,122,220,213,141,73
67,8,68,183,215,9,73,26,21,248
67,9,52,139,222,24,68,177,65,35
67,10,181,68,128,85,225,170,239,59
67,11,131,64,42,212,135,37,240,94
67,12,57,230,27,125,246,107,208,172
67,13,13,122,164,249,27,244,174,41
67,14,232,152,172,156,129,42,70,1
67,15,209,239,22,17,118,95,236,93
67,16,30,241,59,233,53,8,140,90
67,17,180,231,26,62,170,3,112,23
67,18,1,28,235,87,21,231,165,70
67,19,216,132,16,179,175,40,181,118
67,20,215,183,9,248,167,68,106,73
67,21,52,24,139,128,204,162,244,196
67,22,68,181,128,170,97,239,85,225
67,23,131,64,212,101,115,80,30,146
67,24,57,230,125,36,107,98,27,177
67,25,244,164,13,249,27,122,198,17
67,26,152,232,89,172,70,250,225,219
67,27,209,17,188,241,118,166,22,26
67,28,30,241,149,87,8,233,90,222
67,29,26,180,232,220,101,231,155,128
67,30,235,55,122,70,28,165,1,145
67,31,16,237,132,216,40,14,253,179
67,32,224,171,197,176,135,13,89,199
67,33,201,179,156,10,117,142,197,38
67,34,49,153,217,47,114,28,225,58
67,35,71,255,224,159,63,7,184,34
67,36,25,255,24,57,204,31,244,16
67,37,102,221,50,14,87,37,83,159
67,38,157,146,4,244,75,99,115,5
67,39,85,14,13,177,252,61,182,213
68,0,109,208,191,81,24,177,254,163
68,1,236,71,100,226,105,56,42,214
68,2,223,42,145,160,211,221,184,161
68,3,234,163,16,44,0,61,36,156
68,4,178,243,117,30,206,82,169,217
68,5,48,77,232,94,64,102,30,252
68,6,85,32,187,71,108,57,216,174
68,7,130,94,223,38,166,220,119,120
68,8,215,68,9,26,183,248,63,128
68,9,52,139,24,65,43,128,196,177
68,10,170,181,146,20,154,225,239,59
68,11,131,37,201,71,212,94,115,240
68,12,98,230,57,107,208,36,172,27
68,13,27,126,249,122,244,39,203,74
68,14,232,152,219,172,89,70,1,16
68,15,209,95,17,22,26,18,118,239
68,16,233,30,53,82,241,59,73,222
68,17,180,62,214,220,170,164,45,31
68,18,229,116,235,87,28,1,21,70
68,19,47,216,16,132,160,118,155,48
68,20,215,9,183,248,207,26,13,167
68,21,52,139,24,89,196,65,204,162
68,22,181,170,20,154,146,225,19,239
68,23,131,201,37,71,212,115,59,107
68,24,128,230,57,98,55,65,50,119
68,25,244,230,27,19,0,48,124,41
68,26,172,152,218,89,235,175,232,1
68,27,95,209,17,239,22,118,245,26
68,28,167,193,224,90,30,82,233,114
68,29,173,180,88,62,21,61,164,220
68,30,50,28,229,63,21,165,151,162
68,31,38,40,175,253,106,39,179,216
68,32,179,18,144,76,106,26,246,86
68,33,104,11,234,132,47,116,68,197
68,34,103,44,28,225,94,48,240,206
68,35,148,190,145,63,74,184,255,9
68,36,39,115,202,227,142,211,147,145
68,37,27,95,78,193,221,87,190,143
68,38,75,215,157,119,169,242,44,80
68,39,158,9,254,197,72,231,75,244
69,0,117,185,171,242,146,18,128,11
69,1,117,232,43,13,66,235,81,236
69,2,70,107,26,164,249,254,14,22
69,3,221,202,156,234,170,180,5,122
69,4,139,82,55,180,30,60,8,105
69,5,232,48,114,6,81,5,94,102
69,6,16,174,114,3,108,115,104,9
69,7,1,228,146,16,19,243,94,131
69,8,207,68,184,112,183,212,124,248
69,9,19,178,206,4,24,14,105,236
69,10,163,7,85,59,159,246,181,154
69,11,18,142,250,109,212,17,116,2
69,12,67,132,57,46,230,246,35,55
69,13,200,48,124,18,175,72,74,254
69,14,38,235,172,29,156,218,6,16
69,15,103,22,241,71,135,44,239,213
69,16,179,90,167,46,233,22,149,192
69,17,155,180,191,23,50,56,235,231
69,18,165,162,28,6,21,63,25,1
69,19,38,253,40,175,111,71,160,106
69,20,207,112,222,186,68,183,13,115
69,21,24,206,200,19,105,253,178,4
69,22,246,85,163,159,47,170,31,253
69,23,142,18,109,250,207,107,147,212
69,24,46,67,65,57,132,97,106,107
69,25,48,124,200,249,30,18,122,100
69,26,172,38,235,178,156,232,175,89
69,27,209,22,103,44,241,245,71,239
69,28,179,90,167,22,149,73,46,232
69,29,155,173,235,23,56,180,231,102
69,30,28,6,165,1,21,9,87,196
69,31,38,40,175,71,253,217,106,233
69,32,89,17,142,61,174,201,137,7
69,33,23,214,117,116,237,94,28,29
69,34,225,206,58,187,12,28,173,19
69,35,63,7,184,145,59,223,99,71
69,36,145,253,0,117,193,8,123,57
69,37,84,220,95,164,87,221,145,83
69,38,75,136,157,44,139,213,4,101
69,39,23,254,241,16,146,68,15,52
70,0,65,2,218,212,86,223,29,1
70,1,153,119,28,190,117,98,48,154
70,2,177,13,5,26,211,112,139,127
70,3,44,156,202,234,132,197,167,144
70,4,139,180,30,190,3,82,25,133
70,5,172,14,254,213,48,232,67,31
70,6,114,174,2,243,108,129,56,3
70,7,16,4,19,207,146,228,1,131
70,8,207,157,186,183,248,222,68,66
70,9,14,24,105,234,198,42,4,253
70,10,159,246,31,85,47,170,154,253
70,11,109,201,250,207,17,115,147,142
70,12,46,57,132,97,67,148,246,107
70,13,124,100,48,249,221,41,254,30
70,14,172,235,29,38,156,232,89,225
70,15,22,44,52,241,209,71,239,220
70,16,22,167,90,233,46,23,184,162
70,17,235,23,213,191,56,155,180,91
70,18,21,28,162,165,9,25,27,1
70,19,253,40,38,175,217,106,225,215
70,20,222,207,183,157,186,215,13,128
70,21,24,200,105,253,42,234,192,128
70,22,47,246,85,159,170,31,143,124
70,23,109,250,115,11,29,147,207,142
70,24,46,57,97,65,107,121,125,12
70,25,124,249,126,122,48,181,100,30
70,26,172,232,175,225,235,38,178,89
70,27,209,44,52,245,22,239,103,241
70,28,22,201,90,113,232,30,184,8
70,29,235,173,213,23,180,231,232,101
70,30,28,1,21,165,62,87,70,145
70,31,38,40,217,253,225,175,179,215
70,32,142,157,116,103,174,61,75,197
70,33,237,18,161,59,198,206,182,177
70,34,225,205,28,249,227,164,206,233
70,35,63,132,184,34,7,95,59,223
70,36,145,251,148,117,193,172,255,168
70,37,221,14,87,50,83,107,92,95
70,38,124,75,157,4,244,228,47,249
70,39,166,254,15,177,13,27,61,52
71,0,250,134,1,239,50,151,116,225
71,1,150,154,88,105,101,137,15,116
71,2,177,94,13,218,127,211,83,112
71,3,44,0,234,53,19,194,239,90
71,4,190,180,30,25,80,27,51,85
71,5,14,172,48,89,178,232,253,81
71,6,174,2,114,56,243,126,178,42
71,7,16,146,1,228,71,4,83,68
71,8,207,68,222,186,183,109,248,128
71,9,24,14,105,234,42,43,231,200
71,10,159,85,31,47,246,170,154,98
71,11,109,250,201,199,115,169,147,94
71,12,46,57,132,107,97,65,12,35
71,13,124,48,100,30,249,122,41,175
71,14,172,235,156,60,89,175,232,178
71,15,22,44,71,239,209,220,132,119
71,16,22,167,46,233,90,184,80,6
71,17,213,23,191,56,50,180,235,231
71,18,21,28,25,151,27,165,9,251
71,19,175,40,253,111,38,106,160,155
71,20,207,222,183,215,13,186,115,109
71,21,24,200,105,234,4,13,89,204
71,22,246,85,47,159,170,98,31,154
71,23,109,201,250,147,107,212,115,199
71,24,57,46,65,128,97,119,12,124
71,25,124,126,30,48,18,41,19,230
71,26,172,175,156,178,232,218,60,16
71,27,209,239,22,71,44,51,84,220
71,28,22,193,167,90,179,224,46,189
71,29,213,88,23,173,62,180,61,56
71,30,50,28,21,165,1,19,81,9
71,31,39,175,40,253,106,252,38,225
71,32,125,179,106,76,142,131,246,217
71,33,237,132,104,116,95,177,161,28
71,34,44,183,28,225,20,240,103,171
71,35,145,191,184,148,190,63,57,223
71,36,39,120,115,251,193,227,19,171
71,37,190,56,27,250,78,169,102,207
71,38,75,157,44,169,215,119,244,33
71,39,231,158,254,179,14,52,196,61
72,0,123,196,229,249,216,7,105,242
72,1,225,231,244,93,117,27,150,155
72,2,103,100,4,163,227,127,57,145
72,3,187,133,152,235,234,37,231,31
72,4,142,30,13,222,236,102,167,251
72,5,104,193,6,186,90,5,158,44
72,6,167,174,153,172,142,42,178,56
72,7,1,23,29,10,146,37,4,242
72,8,234,207,184,56,180,77,89,109
72,9,94,13,29,164,4,105,197,24
72,10,130,169,85,143,171,91,216,31
72,11,189,147,107,250,17,212,94,90
72,12,26,128,65,63,132,57,107,74
72,13,43,147,48,30,124,18,154,175
72,14,75,156,51,60,37,235,61,124
72,15,22,87,88,165,71,162,81,213
72,16,233,5,46,167,133,196,90,80
72,17,250,50,56,17,61,87,76,205
72,18,179,50,187,57,21,12,211,251
72,19,39,130,20,109,111,205,40,160
72,20,234,207,186,115,13,184,4,212
72,21,13,29,94,164,197,47,4,89
72,22,169,130,35,91,198,143,85,246
72,23,107,189,42,147,128,250,106,94
72,24,65,26,74,63,132,15,57,181
72,25,18,43,147,48,30,134,97,249
72,26,32,37,156,124,61,60,172,51
72,27,71,22,87,88,81,181,84,250
72,28,167,5,46,133,136,99,90,249
72,29,50,250,172,76,17,23,16,87
72,30,81,179,21,187,205,135,211,177
72,31,39,130,251,40,106,205,252,181
72,32,98,134,106,99,186,131,201,96
72,33,183,238,116,232,126,73,29,58
72,34,84,207,180,171,96,101,86,34
72,35,145,153,22,57,20,218,184,160
72,36,120,181,211,70,14,98,193,202
72,37,190,31,143,182,58,145,65,184
72,38,213,148,71,92,95,75,18,115
72,39,2,69,189,38,217,213,15,146
73,0,57,56,32,127,110,157,238,6
73,1,117,242,112,73,118,122,249,86
73,2,33,80,133,255,121,60,217,10
73,3,70,171,191,119,219,131,19,73
73,4,118,74,254,122,30,88,242,27
73,5,144,24,169,44,11,158,147,5
73,6,183,164,69,208,166,217,97,250
73,7,1,90,37,101,56,10,71,236
73,8,207,234,184,216,84,186,222,190
73,9,148,217,13,105,156,4,47,192
73,10,91,72,24,161,114,73,171,84
73,11,27,147,210,195,107,154,66,95
73,12,155,84,132,65,191,181,121,154
73,13,18,22,168,48,30,41,142,254
73,14,37,61,75,156,213,178,60,218
73,15,22,203,71,88,87,250,110,84
73,16,167,46,136,249,161,233,208,80
73,17,50,56,17,205,23,231,11,193
73,18,159,12,211,135,251,21,113,177
73,19,111,39,107,40,42,175,228,106
73,20,207,186,184,222,234,115,201,13
73,21,148,105,47,13,24,4,156,237
73,22,114,91,72,24,143,81,35,51
73,23,27,107,210,147,3,195,208,255
73,24,181,132,194,65,219,138,155,191
73,25,18,22,30,48,113,29,41,175
73,26,37,61,156,178,75,241,32,186
73,27,71,203,250,88,22,84,110,113
73,28,167,161,46,249,136,99,90,211
73,29,50,214,17,23,56,231,139,7
73,30,81,21,159,211,135,103,177,71
73,31,91,251,39,107,181,111,40,199
73,32,201,106,221,91,192,212,61,185
73,33,96,58,121,151,116,107,38,28
73,34,226,208,171,56,175,95,202,252
73,35,22,85,99,218,20,5,151,61
73,36,1,195,211,117,246,202,152,14
73,37,67,143,174,161,56,83,60,135
73,38,201,101,9,195,234,30,44,213
73,39,246,1,250,92,215,15,183,248
74,0,84,186,234,144,242,188,111,228
74,1,117,29,198,255,111,65,118,211
74,2,230,33,133,15,150,86,217,240
74,3,116,155,202,44,19,214,70,177
74,4,112,30,94,60,71,98,74,80
74,5,253,144,169,66,5,102,48,69
74,6,73,142,56,172,84,42,115,174
74,7,1,7,239,146,220,210,10,37
74,8,207,184,159,186,103,222,201,183
74,9,4,128,14,5,105,13,11,216
74,10,114,72,143,171,9,91,7,222
74,11,66,114,147,153,208,27,210,236
74,12,132,155,181,206,65,84,246,57
74,13,18,22,38,48,41,168,30,249
74,14,75,156,37,206,235,241,61,42
74,15,22,44,203,71,239,88,110,113
74,16,167,46,90,136,249,180,0,80
74,17,50,197,56,23,17,205,231,36
74,18,12,21,190,211,165,113,135,159
74,19,91,111,107,40,39,251,178,42
74,20,207,184,201,186,159,222,69,86
74,21,105,4,14,128,237,141,234,47
74,22,114,143,72,51,35,0,81,91
74,23,208,66,147,114,153,107,210,255
74,24,181,206,132,65,138,194,57,219
74,25,18,48,30,22,113,156,38,51
74,26,37,156,61,75,206,178,186,241
74,27,44,250,71,22,113,123,207,84
74,28,167,99,249,21,136,188,46,90
74,29,50,206,56,139,17,7,23,218
74,30,81,103,190,12,211,21,165,70
74,31,91,251,107,71,111,39,252,40
74,32,201,195,62,91,106,221,21,61
74,33,6,97,37,58,116,168,96,121
74,34,95,212,81,255,52,90,171,70
74,35,99,39,145,151,20,153,22,61
74,36,117,234,49,0,193,202,8,211
74,37,193,15,220,83,241,84,209,90
74,38,44,126,101,213,250,97,80,86
74,39,72,244,183,15,9,36,23,125
75,0,250,2,50,242,102,155,223,152
75,1,40,195,117,83,219,42,68,221
75,2,120,173,212,157,23,236,118,230
75,3,66,213,236,155,202,234,101,44
75,4,239,51,37,60,30,93,213,178
75,5,27,253,115,144,250,66,5,2
75,6,172,142,136,200,107,73,59,178
75,7,1,239,79,161,210,7,10,74
75,8,207,222,201,69,103,88,124,80
75,9,14,128,5,227,105,4,47,237
75,10,114,9,91,72,222,117,171,51
75,11,247,147,103,114,208,209,95,236
75,12,132,43,181,7,155,65,95,191
75,13,18,48,38,41,22,140,113,30
75,14,37,156,75,61,218,241,159,60
75,15,44,71,250,203,22,88,113,207
75,16,46,136,249,167,90,80,253,188
75,17,50,17,56,197,23,101,88,218
75,18,71,135,12,211,103,113,73,251
75,19,111,107,40,39,66,42,228,71
75,20,222,207,65,201,69,186,184,190
75,21,105,237,14,47,215,4,54,227
75,22,114,91,143,72,81,85,0,35
75,23,208,147,107,247,255,66,3,10
75,24,43,181,132,65,194,219,138,206
75,25,140,48,18,30,22,113,51,38
75,26,37,156,220,178,61,83,93,159
75,27,250,71,44,21,113,22,84,239
75,28,249,253,21,136,99,161,46,90
75,29,17,56,206,230,78,7,23,218
75,30,135,71,81,251,103,177,165,28
75,31,91,111,71,107,66,251,199,42
75,32,201,91,159,106,75,21,221,61
75,33,6,244,116,107,58,54,75,97
75,34,56,227,252,171,28,95,255,81
75,35,218,20,61,92,22,145,132,3
75,36,202,211,234,152,246,117,39,248
75,37,143,174,161,48,67,83,126,60
75,38,101,234,30,9,44,97,179,213
75,39,165,15,92,250,179,246,1,235
76,0,96,233,93,117,226,80,171,245
76,1,120,230,206,57,92,183,2,157
76,2,75,65,63,244,173,118,84,212
76,3,122,148,236,91,21,213,170,162
76,4,20,119,60,55,239,254,37,71
76,5,144,27,253,250,194,5,66,61
76,6,172,200,142,59,90,73,178,55
76,7,181,1,56,79,210,239,37,10
76,8,207,222,69,88,190,103,201,84
76,9,47,14,105,54,215,237,201,4
76,10,91,24,72,171,81,114,85,55
76,11,247,147,3,250,255,107,10,18
76,12,43,132,194,65,205,219,181,191
76,13,140,113,18,48,30,22,41,168
76,14,37,156,61,159,75,60,178,218
76,15,250,22,71,44,88,203,113,239
76,16,46,253,167,136,80,90,249,0
76,17,17,56,50,230,201,101,197,23
76,18,135,251,71,165,211,177,12,21
76,19,111,40,107,42,228,39,71,253
76,20,222,184,207,190,65,19,201,186
76,21,237,47,24,105,54,234,146,215
76,22,91,81,143,187,85,114,24,72
76,23,3,107,10,255,147,208,66,247
76,24,43,219,194,181,65,132,59,206
76,25,18,140,48,113,30,175,51,123
76,26,37,178,156,83,61,220,159,186
76,27,250,71,22,203,213,142,113,84
76,28,21,249,253,161,231,54,46,90
76,29,206,17,56,230,218,201,236,23
76,30,135,71,165,177,251,103,221,28
76,31,91,71,111,107,251,199,42,181
76,32,89,91,201,221,17,246,21,159
76,33,105,244,107,58,116,121,96,154
76,34,56,81,171,252,208,95,12,21
76,35,22,20,218,132,61,92,3,236
76,36,202,211,246,152,253,117,195,193
76,37,174,143,161,67,48,83,158,60
76,38,101,234,30,9,44,97,126,213
76,39,246,250,1,248,15,92,203,125
77,0,186,242,210,234,144,84,111,92
77,1,198,79,95,42,255,117,217,118
77,2,84,230,150,159,92,33,86,13
77,3,44,155,66,148,213,202,234,177
77,4,112,2,94,30,98,192,60,71
77,5,144,165,253,168,158,194,5,48
77,6,59,142,200,172,204,126,154,92
77,7,181,37,1,243,79,239,139,146
77,8,222,207,69,247,190,164,201,88
77,9,47,237,54,215,14,197,5,22
77,10,91,81,9,171,85,72,114,187
77,11,153,3,147,255,10,107,103,234
77,12,132,194,65,205,219,59,181,155
77,13,113,140,18,30,48,168,175,74
77,14,37,156,159,61,75,60,178,186
77,15,250,88,22,248,71,113,203,84
77,16,136,46,167,253,249,80,90,188
77,17,56,17,236,197,50,218,88,78
77,18,135,251,71,177,211,12,165,113
77,19,111,107,71,39,40,42,228,51
77,20,222,207,159,186,184,190,115,201
77,21,47,237,5,54,14,215,105,24
77,22,0,91,143,81,9,114,85,72
77,23,3,153,107,15,255,147,208,66
77,24,65,205,181,194,132,59,106,95
77,25,18,48,113,30,140,175,51,199
77,26,83,37,156,178,61,220,93,159
77,27,71,250,248,22,113,142,213,88
77,28,21,167,54,136,90,46,0,230
77,29,236,56,206,230,17,50,23,201
77,30,69,165,135,251,177,238,103,12
77,31,71,51,111,42,40,251,107,60
77,32,195,146,86,201,21,50,194,61
77,33,97,189,37,94,116,12,217,6
77,34,212,187,188,90,102,255,19,28
77,35,214,3,49,184,22,145,20,255
77,36,234,0,193,8,117,239,129,147
77,37,220,145,84,241,57,48,147,97
77,38,44,97,250,86,126,75,244,3
77,39,23,241,52,68,145,78,16,61
78,0,165,57,110,56,59,9,227,54
78,1,40,166,209,96,183,234,67,57
78,2,1,238,105,116,191,200,209,178
78,3,162,153,41,124,158,70,229,143
78,4,138,164,60,156,30,2,98,218
78,5,236,19,165,250,249,202,144,66
78,6,59,204,232,142,200,42,126,174
78,7,1,243,37,239,146,79,228,208
78,8,207,222,183,65,69,80,201,186
78,9,148,47,5,54,14,24,4,73
78,10,46,81,187,234,91,171,143,168
78,11,3,93,210,116,147,255,250,195
78,12,194,132,65,205,219,46,57,35
78,13,18,175,113,124,30,48,74,66
78,14,83,60,159,156,37,52,235,61
78,15,71,22,88,27,209,250,213,63
78,16,167,46,233,136,90,170,80,180
78,17,104,17,56,88,50,101,23,191
78,18,165,251,190,135,177,12,21,113
78,19,111,39,42,40,225,107,253,228
78,20,222,207,184,186,201,115,19,183
78,21,148,47,24,5,102,14,234,4
78,22,46,143,81,91,246,187,85,234
78,23,3,93,210,116,107,208,255,147
78,24,65,205,132,194,181,11,95,138
78,25,18,140,113,48,30,51,19,22
78,26,37,156,203,178,218,83,186,75
78,27,71,250,113,22,203,146,44,84
78,28,99,21,90,46,55,167,253,249
78,29,88,56,104,49,17,206,230,61
78,30,50,165,135,162,81,177,232,28
78,31,111,71,107,106,252,42,39,225
78,32,86,179,106,201,21,91,18,246
78,33,96,36,104,189,6,116,198,177
78,34,28,238,44,90,171,95,149,206
78,35,190,148,145,49,22,74,20,92
78,36,39,227,147,115,117,234,172,202
78,37,27,193,78,15,93,209,186,83
78,38,215,44,197,179,139,70,67,161
78,39,158,224,165,15,235,72,56,179
79,0,171,96,117,226,185,187,122,90
79,1,13,111,96,81,183,234,166,117
79,2,1,238,116,191,105,118,125,46
79,3,170,122,124,44,153,255,188,221
79,4,2,119,55,60,123,8,24,182
79,5,165,194,202,144,116,61,19,233
79,6,59,16,204,142,126,200,3,154
79,7,1,37,243,133,181,208,146,239
79,8,222,207,112,69,190,201,80,84
79,9,19,237,54,47,178,215,14,239
79,10,163,81,91,46,85,171,187,211
79,11,18,116,255,3,10,147,250,93
79,12,67,205,65,194,132,219,117,95
79,13,200,140,18,48,51,30,113,254
79,14,37,38,156,61,178,218,83,159
79,15,22,99,250,241,113,240,71,239
79,16,46,253,249,90,167,78,136,80
79,17,56,17,88,155,50,23,201,236
79,18,6,135,113,251,71,165,9,211
79,19,107,111,151,40,71,106,175,42
79,20,222,112,186,184,190,207,201,204
79,21,237,14,19,54,47,105,215,239
79,22,143,163,91,73,81,114,85,92
79,23,18,147,3,255,142,208,97,10
79,24,65,181,194,59,25,205,19,132
79,25,18,51,48,140,30,113,200,123
79,26,37,178,156,186,38,74,233,75
79,27,113,71,250,240,101,22,99,44
79,28,167,90,46,21,99,55,253,249
79,29,56,155,130,23,17,7,101,236
79,30,165,9,135,6,103,12,238,28
79,31,106,107,71,102,111,40,251,51
79,32,17,217,91,106,61,21,212,89
79,33,23,214,116,117,94,38,105,109
79,34,28,149,58,187,12,171,108,188
79,35,145,196,206,20,22,60,3,190
79,36,253,0,172,193,117,8,39,64
79,37,220,84,164,83,93,209,166,186
79,38,136,115,70,44,179,254,37,161
79,39,23,241,15,146,68,101,235,136
80,0,110,57,165,245,59,221,37,64
80,1,98,166,190,154,31,135,117,48
80,2,238,33,115,5,246,81,1,125
80,3,70,153,9,247,44,162,246,105
80,4,2,60,138,55,180,218,192,42
80,5,24,144,3,253,165,246,158,63
80,6,59,142,128,114,79,204,77,154
80,7,37,133,1,90,208,83,211,239
80,8,222,207,184,69,190,186,84,201
80,9,148,237,47,105,54,24,234,14
80,10,73,92,91,143,187,85,81,154
80,11,154,210,147,10,255,3,94,93
80,12,121,194,65,84,205,147,107,208
80,13,18,30,13,133,48,181,226,148
80,14,37,178,186,156,61,75,60,246
80,15,22,71,219,101,113,239,88,192
80,16,161,46,167,233,90,249,253,200
80,17,56,130,214,23,17,50,201,32
80,18,251,28,9,25,165,12,211,21
80,19,107,106,111,175,40,39,102,144
80,20,222,186,207,184,190,201,88,247
80,21,148,24,192,22,234,13,128,237
80,22,143,73,92,91,85,35,42,114
80,23,154,147,210,201,255,107,94,250
80,24,84,65,57,194,121,107,109,132
80,25,18,30,48,97,41,113,192,13
80,26,178,37,156,186,75,61,146,235
80,27,203,71,113,22,250,88,44,84
80,28,193,167,99,46,55,196,90,188
80,29,88,214,61,50,56,23,231,21
80,30,50,81,162,165,232,103,251,28
80,31,252,39,111,107,40,251,106,42
80,32,106,86,179,201,21,131,125,91
80,33,96,104,116,132,151,6,177,58
80,34,44,238,28,171,90,95,235,55
80,35,190,148,145,74,22,20,61,3
80,36,39,227,115,147,120,14,211,202
80,37,27,78,190,193,143,15,186,169
80,38,215,169,119,251,75,67,44,213
80,39,158,75,72,122,197,15,179,164
81,0,97,113,166,142,205,150,176,213
81,1,34,111,26,187,117,59,118,65
81,2,59,35,146,162,103,135,26,15
81,3,31,211,37,46,135,146,84,142
81,4,167,161,65,30,14,13,251,39
81,5,104,253,161,236,235,186,204,76
81,6,59,167,142,200,172,126,42,154
81,7,91,37,29,1,10,79,23,208
81,8,207,33,69,222,164,56,84,184
81,9,39,94,13,29,47,197,215,237
81,10,91,72,171,130,81,114,187,85
81,11,20,3,107,147,255,250,236,185
81,12,26,205,65,63,194,128,132,223
81,13,18,43,113,140,74,30,175,48
81,14,37,75,51,124,61,156,159,60
81,15,71,22,250,88,65,113,213,87
81,16,46,167,5,249,196,233,136,90
81,17,56,17,50,61,166,172,104,205
81,18,50,251,148,187,135,12,190,211
81,19,111,39,130,107,40,42,252,228
81,20,207,222,33,186,115,88,184,212
81,21,39,29,94,13,47,237,197,102
81,22,143,91,114,130,72,81,83,51
81,23,20,107,3,147,255,84,236,103
81,24,65,222,63,26,181,132,205,19
81,25,18,48,43,113,30,140,97,123
81,26,37,156,75,124,32,186,178,169
81,27,65,71,113,250,22,88,13,207
81,28,167,99,96,46,188,5,90,196
81,29,50,172,56,139,61,23,7,255
81,30,148,81,187,103,165,70,190,251
81,31,130,39,252,251,107,106,111,40
81,32,99,106,113,201,91,131,238,21
81,33,190,232,116,104,58,41,151,143
81,34,88,34,161,97,171,55,149,62
81,35,145,22,20,74,39,206,61,218
81,36,207,39,120,202,49,227,211,14
81,37,27,190,15,143,67,174,60,193
81,38,71,44,80,213,97,215,101,30
81,39,72,69,244,15,183,92,158,241
82,0,66,40,46,106,233,63,22,6
82,1,117,112,223,191,250,86,118,155
82,2,198,22,59,121,87,133,10,134
82,3,214,202,234,55,236,92,76,146
82,4,122,118,139,30,105,65,251,242
82,5,114,10,44,100,161,253,236,5
82,6,142,167,114,59,61,42,172,200
82,7,91,44,79,1,37,10,2,242
82,8,207,35,69,164,186,56,184,103
82,9,217,178,13,94,47,14,197,237
82,10,62,114,72,171,253,63,91,51
82,11,42,20,142,236,195,147,107,255
82,12,67,132,19,222,138,59,7,65
82,13,18,22,113,48,140,116,30,123
82,14,75,37,241,156,38,218,93,61
82,15,120,71,113,22,250,88,207,192
82,16,167,46,136,90,188,95,249,99
82,17,56,50,17,88,36,205,23,101
82,18,190,12,113,232,103,251,211,135
82,19,111,107,39,40,252,178,42,228
82,20,207,186,222,88,184,35,201,13
82,21,217,237,14,178,47,105,13,89
82,22,143,62,114,72,81,51,91,253
82,23,42,207,84,147,208,3,20,250
82,24,132,19,222,181,65,138,194,57
82,25,18,51,123,48,29,30,175,113
82,26,75,169,37,178,156,241,186,14
82,27,71,113,22,120,250,110,13,209
82,28,167,99,188,90,46,96,136,55
82,29,50,56,139,7,255,23,231,229
82,30,81,159,205,103,165,12,190,70
82,31,252,111,251,107,39,106,40,71
82,32,96,201,186,106,91,61,21,42
82,33,232,238,58,116,11,38,29,182
82,34,207,180,171,205,101,9,102,95
82,35,145,153,184,20,3,218,22,61
82,36,120,181,211,14,193,98,202,117
82,37,190,31,143,84,241,93,145,250
82,38,213,97,75,250,44,3,126,101
82,39,241,9,52,72,145,15,146,62
83,0,57,110,56,127,157,165,191,33
83,1,79,117,222,179,119,122,137,203
83,2,5,33,81,108,134,154,202,251
83,3,70,171,121,194,51,105,178,72
83,4,254,122,74,21,17,183,242,23
83,5,144,24,169,114,249,11,253,147
83,6,230,166,90,42,142,172,73,164
83,7,242,1,56,79,37,90,10,239
83,8,207,184,216,69,88,186,222,35
83,9,217,148,47,105,13,14,93,145
83,10,24,114,91,72,171,73,84,155
83,11,210,147,66,207,27,236,195,181
83,12,132,84,154,155,43,65,19,117
83,13,18,22,48,30,113,41,116,253
83,14,75,37,156,178,61,60,241,186
83,15,22,203,71,113,88,250,110,207
83,16,167,46,90,161,136,249,95,0
83,17,56,50,17,23,229,139,36,205
83,18,12,135,190,251,211,103,113,165
83,19,111,107,40,39,178,106,42,199
83,20,184,207,222,186,201,88,247,13
83,21,148,14,105,47,237,24,22,4
83,22,114,143,24,91,72,81,51,35
83,23,147,210,66,27,207,208,250,255
83,24,181,132,19,65,138,84,222,194
83,25,18,48,30,51,123,156,175,113
83,26,75,37,178,156,186,61,241,206
83,27,71,203,113,22,250,88,70,110
83,28,167,99,161,136,46,90,249,211
83,29,50,56,214,23,7,139,17,206
83,30,81,103,159,211,165,71,190,12
83,31,91,251,39,111,107,199,71,181
83,32,201,221,106,91,48,192,212,18
83,33,96,58,121,151,116,107,38,253
83,34,226,171,208,56,95,175,202,252
83,35,22,85,99,218,20,151,217,61
83,36,1,211,195,117,246,202,152,143
83,37,67,56,143,161,174,83,60,135
83,38,201,195,101,9,30,234,44,213
83,39,246,250,1,215,92,15,248,183
84,0,84,186,250,144,242,23,234,188
84,1,117,111,255,29,65,72,198,211
84,2,5,33,230,133,15,108,134,150
84,3,19,70,202,116,214,121,147,51
84,4,112,30,71,94,74,98,21,60
84,5,144,169,44,2,11,100,254,18
84,6,172,73,142,166,42,198,69,230
84,7,1,242,79,101,10,239,7,37
84,8,207,159,184,103,186,88,69,201
84,9,128,14,151,237,145,11,105,13
84,10,114,72,91,222,171,62,81,51
84,11,66,147,207,236,145,114,27,247
84,12,132,19,155,7,95,65,43,181
84,13,18,48,22,30,38,113,116,253
84,14,75,241,218,156,37,186,246,178
84,15,71,113,88,110,22,203,250,70
84,16,167,46,136,90,95,249,99,55
84,17,56,50,229,197,17,23,132,88
84,18,103,12,190,251,165,211,9,232
84,19,111,107,102,40,71,39,106,178
84,20,184,159,222,186,207,69,13,201
84,21,14,237,47,192,11,234,217,89
84,22,114,143,72,62,73,51,91,81
84,23,66,147,207,27,153,236,208,84
84,24,19,65,206,84,138,132,181,194
84,25,18,48,51,30,123,113,137,81
84,26,75,156,178,37,186,241,169,146
84,27,71,113,207,250,209,110,22,88
84,28,167,99,55,90,21,136,46,119
84,29,50,23,56,7,139,206,130,236
84,30,103,81,165,12,190,251,159,205
84,31,252,51,91,102,111,106,38,107
84,32,96,201,106,195,186,21,91,217
84,33,58,6,116,97,238,37,49,96
84,34,212,180,95,171,255,90,149,9
84,35,145,153,22,20,61,49,85,3
84,36,234,211,117,0,202,39,193,120
84,37,145,220,84,31,143,190,241,83
84,38,44,250,213,126,97,95,67,215
84,39,241,9,72,15,23,68,36,52
85,0,110,57,165,157,127,71,84,245
85,1,134,16,40,222,206,137,63,79
85,2,120,33,28,101,69,65,240,108
85,3,85,70,188,121,237,105,19,232
85,4,254,122,172,138,74,30,21,60
85,5,24,250,144,11,169,253,114,44
85,6,107,73,142,172,42,128,56,69
85,7,242,1,56,37,79,10,239,83
85,8,184,207,222,69,186,159,88,201
85,9,148,217,14,237,105,11,47,192
85,10,73,114,24,72,92,91,171,143
85,11,210,147,207,154,66,236,238,164
85,12,84,121,65,147,18,19,194,155
85,13,18,48,30,22,51,72,137,59
85,14,37,156,75,178,186,218,241,61
85,15,203,71,113,22,101,219,250,26
85,16,167,161,46,90,136,249,95,253
85,17,56,130,23,50,229,17,88,200
85,18,251,103,12,165,211,190,177,9
85,19,111,102,175,40,107,106,199,91
85,20,222,184,186,183,124,13,19,201
85,21,14,148,24,234,192,128,47,11
85,22,73,143,114,24,92,72,85,91
85,23,154,210,207,147,66,208,250,101
85,24,84,65,19,194,57,121,107,181
85,25,18,48,51,30,137,249,123,181
85,26,156,178,75,37,61,186,235,241
85,27,71,113,203,209,250,22,63,207
85,28,167,161,99,21,90,46,249,136
85,29,50,23,214,206,7,56,139,191
85,30,103,165,81,251,12,190,211,177
85,31,91,102,111,107,71,251,199,40
85,32,48,201,21,221,212,91,106,18
85,33,96,58,151,107,121,116,177,225
85,34,56,208,175,95,171,55,28,102
85,35,85,99,218,20,22,94,61,2
85,36,211,195,202,117,246,152,39,193
85,37,67,56,161,174,143,60,83,135
85,38,195,201,9,234,30,101,44,126
85,39,246,1,250,92,215,248,15,183
86,0,228,102,14,84,127,80,194,57
86,1,29,111,251,117,171,65,118,3
86,2,120,15,179,101,108,80,28,141
86,3,116,20,171,199,70,51,203,38
86,4,112,74,215,254,172,12,30,21
86,5,169,250,144,24,11,249,117,76
86,6,107,136,42,73,142,172,128,147
86,7,242,56,1,37,239,10,217,79
86,8,120,207,186,222,184,69,201,65
86,9,14,105,148,11,237,192,128,145
86,10,24,114,72,7,91,171,1,85
86,11,114,207,66,210,236,147,250,208
86,12,121,206,132,84,147,65,7,57
86,13,18,48,38,22,137,30,51,72
86,14,156,37,218,172,178,186,75,241
86,15,203,22,113,239,71,219,84,110
86,16,167,46,90,161,249,95,136,122
86,17,50,56,23,197,130,229,17,231
86,18,165,12,103,251,9,28,177,211
86,19,91,111,102,40,175,107,42,106
86,20,222,184,120,186,201,207,124,69
86,21,14,24,192,234,11,148,4,128
86,22,114,24,143,73,223,85,51,91
86,23,114,208,250,210,207,154,147,66
86,24,206,84,65,19,132,121,7,147
86,25,18,51,38,48,137,30,123,249
86,26,156,178,37,186,75,218,61,206
86,27,71,113,209,203,207,22,219,63
86,28,167,99,21,161,90,137,55,46
86,29,206,23,50,218,7,56,191,139
86,30,165,103,190,81,12,251,238,28
86,31,91,102,71,111,175,107,251,40
86,32,221,102,212,21,201,61,62,217
86,33,121,168,151,96,224,116,12,58
86,34,55,208,95,81,149,56,15,28
86,35,99,39,206,20,60,3,61,92
86,36,117,195,49,193,211,202,210,196
86,37,15,220,241,193,67,143,83,174
86,38,44,250,59,97,101,126,213,234
86,39,72,244,15,183,92,250,36,52
87,0,181,107,82,180,251,68,245,39
87,1,111,126,29,221,251,65,117,239
87,2,212,15,194,120,236,135,165,179
87,3,20,203,214,19,166,105,134,1
87,4,74,37,12,79,30,2,127,172
87,5,144,174,250,24,63,1,76,149
87,6,42,107,62,136,100,142,128,250
87,7,85,1,242,217,239,169,37,10
87,8,120,186,207,222,88,201,69,68
87,9,14,237,11,5,192,128,151,105
87,10,114,73,68,143,223,218,72,171
87,11,64,207,248,147,154,236,208,210
87,12,121,206,19,147,84,65,95,7
87,13,18,230,51,164,137,38,48,72
87,14,37,218,186,156,178,40,246,241
87,15,26,71,113,203,101,22,219,250
87,16,167,137,46,90,161,136,253,188
87,17,101,56,130,26,23,229,7,191
87,18,103,12,165,190,251,113,9,211
87,19,91,111,102,107,237,71,14,40
87,20,222,120,124,186,184,69,207,88
87,21,14,237,192,11,128,5,47,228
87,22,114,143,73,223,68,92,218,46
87,23,248,64,207,208,147,154,84,156
87,24,206,65,19,194,121,147,181,18
87,25,18,51,164,48,123,38,30,137
87,26,156,178,186,37,75,169,218,241
87,27,71,113,250,142,101,26,63,207
87,28,167,137,99,21,20,90,147,188
87,29,101,206,130,7,26,56,23,139
87,30,103,165,238,190,12,55,9,81
87,31,91,102,71,237,111,107,14,106
87,32,224,102,21,61,212,217,197,40
87,33,179,201,156,168,12,40,206,116
87,34,149,55,49,95,217,102,28,213
87,35,39,60,206,99,3,224,214,20
87,36,24,255,239,117,193,251,119,210
87,37,50,14,241,57,37,83,90,209
87,38,146,59,250,44,97,126,86,228
87,39,177,85,13,62,52,181,15,10
88,0,109,24,175,55,2,199,157,180
88,1,221,236,226,22,42,117,85,234
88,2,212,221,194,236,15,120,89,234
88,3,202,19,58,213,214,234,66,20
88,4,30,243,37,51,60,41,112,74
88,5,31,63,144,213,250,76,66,18
88,6,62,107,42,142,136,128,100,245
88,7,169,1,85,239,242,79,217,220
88,8,157,186,207,88,103,222,124,201
88,9,11,14,128,5,151,237,192,217
88,10,114,143,171,72,73,46,168,51
88,11,147,248,207,236,208,85,103,205
88,12,147,7,19,84,121,206,65,35
88,13,18,42,48,137,38,51,111,30
88,14,218,75,40,156,246,186,37,241
88,15,113,71,203,207,22,116,13,250
88,16,167,46,122,90,99,95,136,188
88,17,56,229,50,7,130,206,191,88
88,18,103,12,190,165,251,113,211,16
88,19,102,111,91,107,71,252,178,225
88,20,157,88,124,184,222,69,186,201
88,21,14,11,4,128,192,47,237,146
88,22,114,143,223,73,46,72,12,92
88,23,248,208,147,156,207,84,247,154
88,24,147,65,84,206,181,121,19,107
88,25,18,48,51,123,42,30,38,111
88,26,156,178,186,40,169,218,75,206
88,27,113,71,142,116,250,207,219,13
88,28,167,99,137,201,21,90,20,161
88,29,130,206,7,78,185,101,104,23
88,30,165,103,238,72,81,12,9,237
88,31,91,71,102,111,225,107,144,14
88,32,75,18,61,217,116,40,201,21
88,33,59,11,206,95,58,116,18,6
88,34,149,55,72,95,182,249,94,152
88,35,44,206,60,191,114,20,39,99
88,36,251,193,211,225,140,117,99,217
88,37,126,241,186,127,83,208,250,37
88,38,59,250,44,97,126,228,197,96
88,39,165,15,251,52,224,179,47,171
89,0,80,98,136,14,69,226,93,96
89,1,236,2,237,220,157,195,85,92
89,2,194,212,15,237,117,201,178,217
89,3,213,228,202,188,19,203,162,49
89,4,60,30,119,37,231,21,185,50
89,5,31,144,213,63,76,18,1,250
89,6,62,136,142,42,16,128,172,119
89,7,1,85,217,220,239,169,7,71
89,8,157,222,207,88,124,120,183,186
89,9,11,24,192,14,237,5,234,128
89,10,143,223,73,85,144,92,68,240
89,11,42,135,254,84,80,56,154,248
89,12,121,18,147,205,57,107,194,84
89,13,18,123,30,181,122,133,228,41
89,14,156,169,14,75,186,37,218,232
89,15,22,192,209,113,13,71,207,250
89,16,74,167,95,233,33,42,188,118
89,17,231,50,139,23,56,92,137,200
89,18,165,12,190,251,238,103,232,246
89,19,111,113,40,107,175,71,234,146
89,20,222,88,201,183,184,215,124,28
89,21,24,4,146,5,234,102,43,11
89,22,143,160,232,246,204,128,85,194
89,23,80,103,84,225,184,200,147,208
89,24,181,57,59,207,132,107,27,121
89,25,123,228,18,198,51,48,122,181
89,26,156,169,206,14,232,119,114,186
89,27,157,209,142,192,22,230,113,13
89,28,42,21,74,20,167,118,99,31
89,29,150,231,23,206,50,56,101,130
89,30,165,238,12,103,72,251,221,190
89,31,91,102,111,107,225,40,175,144
89,32,127,89,75,197,61,40,18,217
89,33,59,18,12,206,40,11,168,177
89,34,149,55,182,152,95,213,102,56
89,35,60,206,39,20,61,184,3,214
89,36,251,193,253,211,239,24,117,255
89,37,14,241,83,50,37,87,67,57
89,38,59,44,124,97,250,126,146,228
89,39,15,181,177,52,62,13,85,61
90,0,139,103,76,55,151,175,50,201
90,1,131,157,253,49,17,126,236,101
90,2,211,149,247,117,253,89,237,3
90,3,213,228,44,15,58,240,66,188
90,4,44,30,51,2,60,158,253,37
90,5,63,24,144,31,168,149,1,178
90,6,62,142,128,42,107,245,172,250
90,7,239,1,169,85,217,7,131,220
90,8,88,207,222,69,103,201,186,124
90,9,11,14,128,237,5,192,234,217
90,10,114,73,143,92,152,72,171,46
90,11,248,154,147,84,85,103,236,207
90,12,84,121,7,147,19,65,35,107
90,13,18,51,48,30,137,123,81,111
90,14,156,218,37,75,186,178,246,169
90,15,71,113,22,203,207,250,101,192
90,16,167,161,46,147,95,90,122,136
90,17,56,229,88,50,130,191,23,17
90,18,103,12,251,190,63,165,211,113
90,19,111,102,107,144,91,71,40,228
90,20,184,222,88,124,186,69,201,86
90,21,14,11,237,47,4,234,128,192
90,22,143,114,73,92,62,72,51,24
90,23,154,84,207,208,248,147,236,203
90,24,84,181,65,19,147,206,7,59
90,25,18,51,100,48,123,220,137,81
90,26,156,75,169,206,241,178,218,37
90,27,71,113,13,142,250,192,207,22
90,28,99,167,161,21,147,90,188,46
90,29,206,139,50,7,23,56,214,231
90,30,103,81,165,12,251,190,211,71
90,31,91,111,144,71,251,252,107,225
90,32,18,201,21,91,48,40,106,62
90,33,11,151,58,95,107,116,6,68
90,34,56,240,95,48,171,252,28,72
90,35,218,114,20,61,85,99,145,191
90,36,202,211,39,152,142,246,49,248
90,37,161,67,143,174,60,83,135,141
90,38,234,30,9,44,101,126,97,67
90,39,92,165,250,179,138,9,148,159
91,0,233,85,22,157,69,49,21,128
91,1,133,232,171,169,236,66,104,57
91,2,89,15,117,237,31,149,169,211
91,3,55,228,171,15,19,132,203,188
91,4,122,30,65,228,60,159,119,2
91,5,63,144,61,24,149,194,249,250
91,6,62,107,90,142,128,42,172,136
91,7,131,239,1,85,242,79,10,56
91,8,207,88,103,69,222,186,164,184
91,9,11,14,217,96,237,178,128,145
91,10,62,114,24,218,171,73,143,229
91,11,207,236,147,142,247,248,203,66
91,12,154,7,43,84,147,19,56,121
91,13,18,48,137,123,111,51,100,81
91,14,156,75,218,37,186,169,178,241
91,15,203,22,71,250,113,207,110,219
91,16,167,46,95,147,90,122,161,99
91,17,56,229,50,23,17,191,7,139
91,18,251,103,190,12,165,135,177,211
91,19,111,102,40,107,71,228,199,42
91,20,222,184,124,88,69,201,186,183
91,21,14,24,11,234,237,5,47,217
91,22,24,143,114,85,51,91,73,62
91,23,208,84,154,101,207,147,255,142
91,24,84,19,181,59,65,147,206,107
91,25,18,100,123,51,48,249,30,122
91,26,156,75,37,169,178,218,186,206
91,27,71,209,113,142,22,250,192,13
91,28,167,99,161,21,231,90,55,249
91,29,206,50,23,139,7,56,231,214
91,30,103,165,12,251,71,81,190,70
91,31,91,111,199,71,251,107,102,252
91,32,48,221,91,21,18,201,40,61
91,33,58,107,121,11,151,116,96,38
91,34,56,175,208,95,171,252,21,102
91,35,85,20,218,61,94,99,236,184
91,36,211,195,202,246,152,117,193,248
91,37,161,67,143,174,60,83,56,135
91,38,234,9,201,30,44,101,126,97
91,39,92,1,246,250,138,215,15,125
92,0,46,218,2,65,157,86,110,152
92,1,133,255,59,251,203,56,92,118
92,2,89,15,230,150,110,229,123,247
92,3,202,211,228,177,66,137,24,234
92,4,71,30,112,60,12,231,19,185
92,5,67,254,100,169,115,144,2,31
92,6,142,128,73,107,235,241,172,90
92,7,131,56,1,239,7,220,79,169
92,8,88,184,207,186,103,69,201,222
92,9,11,14,128,5,96,237,145,4
92,10,114,17,143,24,222,171,218,117
92,11,209,208,207,236,66,103,114,248
92,12,19,206,147,7,95,84,181,59
92,13,18,38,48,123,137,100,51,111
92,14,75,156,218,169,186,241,37,246
92,15,71,113,203,22,192,13,207,250
92,16,167,95,46,188,147,99,136,90
92,17,56,229,50,197,206,191,88,139
92,18,103,190,12,251,165,211,113,232
92,19,111,102,71,107,228,91,42,40
92,20,184,222,88,201,124,186,242,69
92,21,14,11,4,5,24,234,146,237
92,22,143,114,17,24,51,204,117,81
92,23,208,103,209,156,84,101,3,66
92,24,181,19,59,84,206,65,121,43
92,25,18,123,51,48,100,38,137,30
92,26,156,75,169,37,178,186,206,232
92,27,71,209,113,142,192,13,250,22
92,28,21,167,99,161,118,90,13,231
92,29,206,56,139,7,50,23,231,78
92,30,103,12,251,165,71,221,190,237
92,31,91,111,71,199,107,251,102,170
92,32,75,40,221,116,91,48,21,18
92,33,58,107,182,121,5,161,151,122
92,34,56,205,95,208,175,252,171,21
92,35,20,218,85,61,132,184,99,236
92,36,211,202,246,152,195,193,117,248
92,37,161,67,143,174,83,60,135,229
92,38,9,234,201,44,30,101,126,97
92,39,1,246,250,92,138,15,215,125
93,0,108,135,61,88,242,133,160,89
93,1,192,70,118,140,11,152,211,117
93,2,89,8,235,123,229,36,232,15
93,3,106,213,211,58,234,236,199,250
93,4,240,129,171,30,45,71,215,170
93,5,254,47,169,6,67,44,69,100
93,6,142,255,73,122,172,241,170,107
93,7,56,220,1,10,123,239,32,66
93,8,88,184,115,186,56,207,201,4
93,9,69,180,14,13,96,11,5,98
93,10,114,88,17,125,194,143,24,240
93,11,39,99,208,19,66,236,156,200
93,12,206,19,85,181,65,95,43,151
93,13,18,48,51,103,123,137,100,199
93,14,218,75,169,241,156,149,186,220
93,15,192,71,207,22,13,233,110,203
93,16,61,167,21,136,233,95,188,147
93,17,206,50,139,88,7,102,229,187
93,18,103,190,170,12,251,165,238,113
93,19,111,71,91,102,228,178,107,42
93,20,184,186,201,88,222,124,19,65
93,21,69,14,4,11,180,24,146,5
93,22,143,114,194,204,24,51,232,140
93,23,103,156,99,208,39,84,200,3
93,24,59,181,206,19,107,95,65,7
93,25,123,18,51,48,228,100,249,137
93,26,156,75,206,169,218,14,232,139
93,27,142,209,192,71,113,22,234,250
93,28,21,167,99,61,161,118,31,90
93,29,206,7,139,56,231,92,23,50
93,30,170,103,12,165,251,71,70,81
93,31,91,71,111,166,120,251,199,107
93,32,60,40,221,91,201,48,61,18
93,33,229,58,107,253,121,244,116,151
93,34,34,56,95,82,175,208,15,171
93,35,20,85,218,184,99,236,61,3
93,36,211,193,202,2,246,117,152,195
93,37,104,83,161,67,174,143,87,60
93,38,135,9,201,234,30,44,126,27
93,39,92,110,138,243,12,1,15,215
94,0,78,177,120,223,89,58,55,217
94,1,191,1,63,178,131,117,8,175
94,2,230,116,150,123,228,86,229,235
94,3,155,16,58,66,213,157,8,63
94,4,71,112,60,94,30,158,93,12
94,5,169,66,33,2,48,144,248,162
94,6,73,255,172,142,92,200,170,128
94,7,239,1,220,243,75,137,139,140
94,8,184,47,159,88,201,225,183,124
94,9,24,12,5,184,4,11,234,146
94,10,79,127,78,144,143,123,44,243
94,11,42,135,145,12,46,153,58,204
94,12,57,132,47,181,107,39,121,46
94,13,18,228,123,175,48,122,249,181
94,14,156,14,232,174,169,206,16,251
94,15,22,209,234,192,118,71,239,142
94,16,233,167,74,42,140,30,222,21
94,17,231,50,3,147,240,206,174,56
94,18,70,190,87,238,251,165,21,206
94,19,251,216,111,230,40,215,160,71
94,20,248,215,207,184,183,186,13,46
94,21,4,13,162,52,128,242,80,89
94,22,15,160,143,204,181,168,103,114
94,23,80,212,113,111,74,208,103,96
94,24,172,107,181,72,46,57,53,173
94,25,249,48,18,136,146,41,13,122
94,26,174,14,232,152,22,79,225,156
94,27,209,7,22,118,87,234,5,150
94,28,222,74,233,227,241,41,167,83
94,29,150,240,231,171,3,206,31,198
94,30,18,70,93,253,4,61,144,180
94,31,154,15,51,55,251,71,60,87
94,32,58,248,195,40,91,86,18,66
94,33,176,37,229,6,116,97,253,38
94,34,80,212,255,249,90,15,52,95
94,35,20,95,184,85,121,255,49,106
94,36,21,228,147,0,106,202,193,211
94,37,244,214,100,83,220,92,114,84
94,38,43,236,141,18,177,195,204,88
94,39,127,5,209,66,142,251,83,218
95,0,210,54,14,240,52,80,98,194
95,1,63,178,198,126,175,29,8,131
95,2,235,230,150,86,123,229,15,89
95,3,66,155,213,44,116,202,58,207
95,4,112,30,71,94,158,60,93,169
95,5,33,48,2,169,194,40,66,18
95,6,142,84,172,73,128,200,115,235
95,7,239,1,220,243,181,146,95,7
95,8,184,88,159,201,124,183,222,207
95,9,5,14,24,234,11,128,237,146
95,10,143,114,232,9,71,8,194,171
95,11,153,103,145,99,114,147,84,3
95,12,181,59,206,147,19,95,84,107
95,13,18,123,228,51,48,38,175,122
95,14,156,75,169,14,206,218,232,174
95,15,192,22,209,71,142,203,13,234
95,16,21,167,95,233,33,118,42,90
95,17,206,197,56,50,191,139,231,88
95,18,103,190,251,12,165,211,70,238
95,19,111,71,102,91,107,230,178,42
95,20,184,88,159,201,222,19,124,186
95,21,14,5,11,24,234,146,43,4
95,22,0,143,114,194,204,216,232,85
95,23,103,153,15,208,3,66,147,59
95,24,59,181,206,95,65,107,19,7
95,25,123,18,51,48,199,38,155,228
95,26,156,93,169,139,75,220,14,218
95,27,142,192,209,248,71,13,22,113
95,28,21,167,233,230,54,118,99,82
95,29,206,56,236,7,92,139,231,187
95,30,165,69,103,251,70,50,238,12
95,31,71,111,51,60,216,170,230,107
95,32,195,86,40,61,176,146,91,21
95,33,97,37,229,6,189,94,104,116
95,34,212,90,28,187,255,95,52,188
95,35,184,49,255,3,214,145,20,60
95,36,0,147,234,193,8,210,39,117
95,37,84,220,100,145,193,241,83,127
95,38,244,250,44,97,157,126,88,75
95,39,197,146,23,52,14,163,224,127
96,0,179,79,135,197,108,164,130,149
96,1,64,139,87,40,106,67,96,161
96,2,116,120,88,173,251,160,190,13
96,3,211,59,37,58,129,205,208,124
96,4,71,30,240,241,60,94,138,170
96,5,33,2,66,250,144,48,6,81
96,6,255,142,84,172,73,200,128,136
96,7,239,1,243,220,181,66,131,79
96,8,184,88,159,207,201,186,222,124
96,9,69,14,5,24,11,237,234,128
96,10,143,127,114,171,71,79,1,222
96,11,42,103,147,153,145,80,114,3
96,12,19,7,59,181,132,65,52,56
96,13,18,123,137,48,228,51,175,30
96,14,75,156,14,60,169,178,37,16
96,15,22,71,192,209,108,250,135,207
96,16,167,233,46,90,7,74,95,170
96,17,50,56,147,7,229,231,187,137
96,18,190,251,103,12,211,165,29,238
96,19,111,252,40,71,39,42,102,251
96,20,207,184,186,88,124,115,19,201
96,21,5,69,4,197,102,47,13,24
96,22,143,232,204,81,180,114,100,117
96,23,103,80,3,147,208,107,97,153
96,24,59,65,181,107,7,19,227,238
96,25,123,18,16,13,249,48,122,175
96,26,156,232,14,169,83,146,206,75
96,27,209,71,22,23,142,192,157,168
96,28,167,54,21,90,233,149,30,99
96,29,236,206,56,231,130,23,7,88
96,30,165,69,1,103,50,12,70,251
96,31,71,111,51,216,40,179,60,28
96,32,40,195,61,86,199,176,194,21
96,33,97,94,6,37,126,40,104,189
96,34,212,90,187,28,52,54,188,95
96,35,184,255,214,49,3,145,60,244
96,36,0,193,8,234,57,147,210,244
96,37,84,220,145,57,193,241,147,83
96,38,244,44,250,22,97,75,157,126
96,39,23,145,52,62,146,181,14,241
97,0,181,82,107,58,251,245,255,39
97,1,40,96,209,234,183,206,67,63
97,2,116,120,190,173,55,105,186,137
97,3,50,134,15,237,169,102,247,229
97,4,156,60,82,71,7,213,30,182
97,5,174,250,194,2,48,33,68,19
97,6,84,172,149,108,115,200,197,217
97,7,1,220,239,243,195,146,94,173
97,8,184,68,88,183,159,201,124,248
97,9,5,14,24,102,4,145,234,11
97,10,68,143,71,114,181,194,128,212
97,11,64,145,207,208,103,131,153,26
97,12,19,106,59,206,181,107,57,154
97,13,18,164,123,48,137,230,51,122
97,14,156,75,169,232,14,218,152,206
97,15,209,22,142,71,241,192,233,113
97,16,167,21,95,149,118,90,174,233
97,17,26,206,191,50,231,23,139,56
97,18,165,251,103,190,12,238,87,55
97,19,111,71,40,237,216,107,102,14
97,20,222,184,88,183,68,201,124,112
97,21,24,5,234,4,14,11,196,120
97,22,68,143,204,232,85,114,63,128
97,23,64,103,207,208,84,66,101,3
97,24,59,181,57,107,19,206,98,230
97,25,200,123,164,199,122,51,18,137
97,26,14,152,156,232,169,83,174,220
97,27,209,142,71,22,241,233,192,17
97,28,21,149,20,167,185,222,118,30
97,29,206,26,231,56,147,139,23,92
97,30,165,55,70,238,103,221,1,69
97,31,237,111,71,216,40,60,170,230
97,32,224,40,206,101,197,61,199,176
97,33,179,201,156,12,40,217,142,38
97,34,217,90,49,28,188,235,213,102
97,35,214,184,255,224,244,3,63,20
97,36,57,255,24,193,210,239,129,244
97,37,14,50,57,241,147,221,83,87
97,38,146,244,44,250,157,75,86,97
97,39,177,85,13,62,181,52,14,252
98,0,24,139,109,71,55,225,175,151
98,1,226,22,236,85,42,245,117,122
98,2,120,116,194,251,84,173,221,3
98,3,247,44,243,66,50,32,165,202
98,4,30,180,243,60,178,7,82,158
98,5,250,19,33,48,102,168,232,217
98,6,84,172,48,108,200,174,142,149
98,7,1,220,239,243,95,60,146,173
98,8,68,184,88,183,201,124,222,215
98,9,24,5,14,234,11,4,196,102
98,10,232,85,143,181,59,71,168,128
98,11,231,103,84,208,131,94,145,147
98,12,19,57,230,59,206,107,125,181
98,13,18,123,51,19,122,137,239,48
98,14,156,169,75,232,218,11,129,14
98,15,209,22,192,71,233,142,113,17
98,16,167,21,53,118,95,233,90,193
98,17,191,206,88,214,23,56,231,50
98,18,165,103,12,251,238,190,106,87
98,19,111,71,14,102,113,91,175,107
98,20,68,88,184,201,222,183,124,207
98,21,24,14,5,234,11,4,146,196
98,22,216,85,143,114,140,146,232,0
98,23,231,103,116,201,59,208,84,154
98,24,59,128,205,65,11,19,181,7
98,25,18,51,123,19,137,48,97,100
98,26,156,169,218,146,93,75,203,139
98,27,13,113,192,71,209,142,26,76
98,28,193,167,99,21,196,82,90,233
98,29,88,61,56,206,7,62,21,191
98,30,50,165,162,103,63,12,251,81
98,31,28,111,71,43,252,91,107,251
98,32,86,179,18,40,91,106,21,125
98,33,104,68,6,95,116,36,11,139
98,34,28,44,238,240,94,90,95,48
98,35,148,190,191,74,20,114,145,184
98,36,227,39,115,147,202,142,211,19
98,37,27,78,193,16,169,15,186,86
98,38,215,169,119,196,67,254,44,96
98,39,158,75,231,72,197,122,179,56
99,0,113,97,166,142,205,123,150,213
99,1,34,26,59,187,132,181,118,11
99,2,26,103,4,210,146,162,90,59
99,3,211,31,146,37,46,135,142,84
99,4,167,161,30,14,65,39,13,170
99,5,104,235,161,6,186,66,204,10
99,6,167,172,245,142,200,62,48,107
99,7,91,239,29,217,1,242,220,23
99,8,33,184,88,201,89,207,186,222
99,9,11,39,94,14,24,29,13,132
99,10,216,130,143,114,71,171,1,85
99,11,20,103,84,147,248,236,107,145
99,12,19,147,121,7,26,65,63,59
99,13,18,51,43,30,123,48,137,130
99,14,156,75,178,124,169,186,218,60
99,15,22,71,192,65,113,13,101,81
99,16,167,46,233,90,161,196,5,95
99,17,56,61,130,229,50,23,191,7
99,18,50,103,251,12,187,148,190,57
99,19,130,111,102,28,107,252,39,42
99,20,33,186,184,88,19,222,124,115
99,21,39,11,94,29,14,13,47,234
99,22,216,130,114,73,143,51,92,180
99,23,20,103,147,236,84,107,250,248
99,24,65,128,63,26,160,205,19,7
99,25,18,97,43,48,51,123,81,30
99,26,146,75,218,169,124,178,40,156
99,27,65,71,113,13,141,207,81,250
99,28,99,167,196,90,96,188,46,5
99,29,61,172,139,50,56,7,255,36
99,30,148,81,103,187,50,165,12,190
99,31,130,39,252,111,28,91,107,102
99,32,106,99,201,113,238,40,21,254
99,33,190,232,104,116,58,41,238,143
99,34,34,88,161,97,62,171,149,55
99,35,145,74,20,22,61,39,206,60
99,36,207,39,120,49,211,202,14,227
99,37,27,190,15,67,193,143,241,145
99,38,71,250,80,44,213,139,95,126
99,39,72,69,244,15,92,139,183,36
100,0,66,46,6,233,63,202,110,106
100,1,112,250,191,118,158,117,86,189
100,2,198,121,22,87,147,134,61,76
100,3,146,202,226,214,124,255,189,75
100,4,155,242,251,118,30,139,65,105
100,5,254,67,100,161,12,18,10,253
100,6,114,167,175,200,84,142,3,62
100,7,66,44,91,2,239,85,1,169
100,8,49,38,88,33,184,120,201,35
100,9,240,14,11,156,132,145,13,98
100,10,253,114,71,51,161,171,216,69
100,11,49,20,79,142,156,236,195,36
100,12,67,19,56,59,203,7,206,181
100,13,142,123,51,76,18,33,22,48
100,14,38,169,156,241,218,75,39,14
100,15,76,192,13,48,207,22,113,96
100,16,167,119,95,21,118,13,188,45
100,17,102,139,114,187,7,92,50,88
100,18,103,214,215,148,12,190,251,165
100,19,71,111,120,252,107,102,91,178
100,20,184,124,88,49,33,35,201,222
100,21,240,14,24,4,11,102,146,145
100,22,253,114,51,143,232,140,71,84
100,23,103,49,156,20,79,84,36,101
100,24,59,203,181,19,95,147,94,67
100,25,51,142,76,123,195,48,228,70
100,26,39,156,169,75,11,114,218,119
100,27,142,76,209,192,207,234,230,48
100,28,21,45,119,31,118,167,66,99
100,29,206,114,7,231,23,139,92,56
100,30,215,1,148,214,189,165,103,12
100,31,91,120,71,111,179,107,181,251
100,32,139,116,91,238,158,246,62,40
100,33,182,232,41,58,38,168,107,116
100,34,34,205,97,161,56,12,95,235
100,35,20,184,132,218,236,255,39,3
100,36,252,172,211,202,193,117,49,246
100,37,83,174,161,67,143,45,60,193
100,38,234,44,39,30,126,9,101,97
100,39,138,15,235,127,92,125,246,250
101,0,250,69,98,136,50,110,46,140
101,1,230,79,44,37,157,134,227,211
101,2,134,87,147,198,76,121,22,194
101,3,202,226,214,30,177,28,127,33
101,4,242,118,251,155,54,139,133,83
101,5,254,67,100,12,31,161,253,10
101,6,114,175,19,84,3,200,198,142
101,7,66,44,2,91,239,131,3,56
101,8,88,49,184,33,35,120,201,103
101,9,240,14,132,156,11,5,145,23
101,10,253,114,161,71,51,24,17,171
101,11,49,79,238,142,156,195,20,236
101,12,67,59,206,95,19,7,203,154
101,13,142,195,123,76,51,48,22,33
101,14,38,156,169,39,218,75,203,11
101,15,76,192,48,22,142,209,207,13
101,16,45,167,21,95,66,118,119,31
101,17,102,139,88,231,114,7,187,50
101,18,103,251,12,215,165,214,190,238
101,19,71,111,120,91,230,178,107,216
101,20,184,88,124,35,201,222,183,68
101,21,240,24,14,4,102,146,231,234
101,22,114,253,232,90,71,143,140,85
101,23,103,49,156,101,84,36,248,207
101,24,181,203,43,59,57,95,94,67
101,25,51,142,123,195,228,48,76,73
101,26,156,39,169,119,232,75,152,206
101,27,209,142,76,192,234,22,5,207
101,28,21,45,31,231,233,167,119,118
101,29,206,231,7,110,56,23,3,92
101,30,189,1,30,215,165,70,71,128
101,31,120,91,71,251,185,179,181,230
101,32,116,91,238,75,246,158,40,62
101,33,182,41,232,58,107,38,168,248
101,34,205,34,97,161,56,95,252,28
101,35,20,184,218,132,236,255,92,3
101,36,211,202,246,117,152,193,49,172
101,37,161,83,174,67,143,220,45,60
101,38,234,9,101,44,30,39,201,126
101,39,250,1,92,138,246,15,23,215
102,0,234,188,186,111,242,144,152,155
102,1,79,163,198,173,21,230,158,255
102,2,72,76,147,254,0,61,194,71
102,3,66,213,155,116,16,44,243,157
102,4,94,112,71,158,30,60,203,42
102,5,66,33,12,168,169,2,48,81
102,6,19,73,200,142,84,175,128,9
102,7,66,243,239,1,181,220,95,202
102,8,184,88,49,124,201,183,159,65
102,9,14,24,4,145,11,5,237,220
102,10,253,7,143,232,9,161,85,114
102,11,153,238,103,145,114,208,207,79
102,12,206,181,59,95,203,115,7,136
102,13,76,142,123,195,51,222,228,48
102,14,156,39,169,218,220,174,14,75
102,15,76,142,234,157,192,209,22,248
102,16,21,45,66,31,167,118,2,95
102,17,206,197,231,139,187,88,71,7
102,18,190,251,30,12,189,103,70,165
102,19,91,71,230,111,178,251,179,181
102,20,184,124,88,159,201,227,183,12
102,21,4,14,24,220,244,236,146,190
102,22,0,90,114,140,232,194,71,143
102,23,103,238,153,15,113,49,46,212
102,24,181,203,95,119,219,53,59,117
102,25,228,48,76,21,195,70,51,123
102,26,119,39,218,156,93,169,171,220
102,27,248,142,76,234,209,192,5,22
102,28,21,233,230,45,66,31,206,204
102,29,206,231,56,7,3,71,49,92
102,30,69,189,215,70,30,1,211,165
102,31,60,71,251,185,51,216,91,230
102,32,86,195,91,61,40,245,246,139
102,33,36,97,6,198,38,37,189,104
102,34,52,212,90,28,255,171,95,164
102,35,49,20,255,184,44,22,73,3
102,36,147,234,227,39,117,172,193,202
102,37,193,83,15,27,186,220,25,207
102,38,139,215,126,44,134,191,88,196
102,39,158,224,15,127,72,146,151,170
103,0,96,93,117,228,210,187,242,198
103,1,195,96,63,117,40,222,234,81
103,2,147,173,120,72,76,212,86,251
103,3,66,122,188,213,221,155,214,247
103,4,71,112,55,119,30,94,98,60
103,5,194,33,12,48,2,217,66,102
103,6,200,19,142,84,9,175,3,172
103,7,66,1,239,181,243,202,146,95
103,8,184,88,49,124,201,159,112,183
103,9,24,14,19,4,55,102,206,145
103,10,163,85,143,9,7,253,81,114
103,11,153,18,103,238,212,145,3,207
103,12,181,59,57,7,206,194,108,53
103,13,123,76,195,51,200,122,48,222
103,14,156,232,14,39,218,174,169,75
103,15,209,142,248,22,76,241,234,125
103,16,45,21,167,66,31,30,222,78
103,17,206,231,236,139,102,7,31,137
103,18,251,1,190,189,214,70,215,135
103,19,71,216,230,179,111,42,40,181
103,20,184,183,112,222,124,159,215,88
103,21,24,19,14,244,102,4,43,196
103,22,0,163,94,232,90,81,143,114
103,23,153,103,238,18,15,212,207,101
103,24,181,59,53,57,219,107,106,203
103,25,51,122,76,48,181,195,200,123
103,26,39,232,156,152,218,14,83,174
103,27,209,142,241,248,118,76,22,247
103,28,21,45,233,230,54,30,149,8
103,29,206,236,231,7,56,23,155,3
103,30,1,69,70,165,238,189,251,231
103,31,71,216,51,60,230,40,185,251
103,32,17,245,61,199,40,86,195,176
103,33,23,94,214,38,117,63,154,12
103,34,28,187,90,34,58,108,235,177
103,35,255,184,92,100,49,3,34,73
103,36,0,57,172,244,253,8,99,42
103,37,220,84,250,180,83,130,165,194
103,38,134,18,176,196,136,111,244,35
103,39,23,241,146,172,170,218,155,137
104,0,165,57,110,59,56,250,245,157
104,1,166,179,190,98,119,253,234,40
104,2,120,173,238,237,147,13,0,1
104,3,132,247,70,50,122,179,217,105
104,4,138,164,219,60,30,156,82,180
104,5,250,249,33,236,12,3,19,217
104,6,84,19,200,48,108,9,142,172
104,7,66,1,239,243,220,133,202,146
104,8,88,184,201,183,124,68,49,216
104,9,148,24,14,5,4,155,145,11
104,10,46,232,143,85,7,204,181,253
104,11,79,103,210,231,116,84,145,238
104,12,59,7,56,181,203,57,19,32
104,13,123,18,51,76,228,192,175,122
104,14,156,14,169,75,232,139,174,129
104,15,209,22,192,71,234,13,230,142
104,16,21,167,233,33,95,193,31,118
104,17,231,50,206,147,137,200,9,187
104,18,190,251,50,12,165,103,70,30
104,19,111,249,71,102,230,148,252,216
104,20,88,184,201,183,106,222,216,124
104,21,24,148,4,11,146,14,190,234
104,22,216,143,114,71,194,140,51,204
104,23,103,116,210,79,201,74,129,46
104,24,128,59,117,181,119,65,94,205
104,25,97,192,48,123,253,19,18,195
104,26,218,119,171,205,142,215,40,3
104,27,93,247,255,150,203,141,34,254
104,28,193,196,90,66,46,233,167,23
104,29,88,61,49,94,21,119,114,95
104,30,50,162,215,81,165,234,200,181
104,31,39,252,28,111,90,251,249,148
104,32,86,106,179,125,139,201,18,91
104,33,96,104,116,6,36,132,38,187
104,34,28,44,238,52,90,171,140,157
104,35,148,190,102,20,184,145,74,17
104,36,39,227,115,147,172,19,85,151
104,37,27,78,169,16,24,186,86,137
104,38,169,215,18,134,96,206,119,196
104,39,231,158,117,155,179,174,170,109
105,0,123,196,229,249,216,7,105,242
105,1,225,244,231,93,27,118,150,155
105,2,100,103,163,4,162,227,57,140
105,3,187,133,235,152,231,37,190,234
105,4,30,142,13,222,236,251,102,167
105,5,104,193,186,6,44,253,41,90
105,6,167,153,172,142,61,107,175,62
105,7,29,23,10,1,239,37,79,216
105,8,234,207,88,116,56,184,19,180
105,9,94,13,29,11,164,197,192,24
105,10,216,130,169,171,143,198,91,72
105,11,189,147,107,103,236,128,84,250
105,12,65,26,19,128,205,74,63,107
105,13,18,43,147,30,51,48,134,123
105,14,37,178,124,75,51,61,60,137
105,15,71,87,81,165,22,88,162,250
105,16,5,46,233,167,196,133,249,90
105,17,250,17,56,76,61,87,50,205
105,18,179,50,57,187,211,21,113,251
105,19,109,39,20,130,111,160,205,40
105,20,234,115,186,207,239,4,83,88
105,21,13,164,29,94,197,47,203,43
105,22,169,198,130,91,35,234,72,196
105,23,189,42,107,128,106,111,62,147
105,24,74,220,26,63,65,15,128,160
105,25,147,43,48,134,18,30,6,41
105,26,32,137,60,124,51,178,148,61
105,27,87,209,165,181,71,22,162,81
105,28,167,133,5,43,46,0,90,136
105,29,250,76,50,87,172,231,23,16
105,30,21,81,179,1,28,187,205,70
105,31,39,205,40,106,109,253,252,175
105,32,134,106,98,186,131,99,171,90
105,33,183,238,116,126,232,86,28,29
105,34,207,84,180,225,96,171,86,102
105,35,145,57,184,63,153,22,160,255
105,36,120,181,70,211,14,119,98,193
105,37,190,31,65,143,58,87,145,182
105,38,75,148,92,213,95,3,157,71
105,39,243,38,2,254,217,69,15,14
106,0,177,47,115,158,235,132,141,192
106,1,182,244,93,155,118,233,211,11
106,2,93,57,123,100,103,10,121,140
106,3,133,187,117,190,37,235,40,233
106,4,236,142,54,30,222,102,95,154
106,5,193,90,43,158,65,88,44,47
106,6,153,60,138,206,196,79,69,22
106,7,117,23,29,10,64,37,147,14
106,8,239,234,56,77,180,207,116,84
106,9,164,13,2,239,191,197,8,36
106,10,169,198,125,185,91,65,247,196
106,11,189,108,107,206,128,86,106,62
106,12,93,74,128,65,220,26,63,53
106,13,134,147,154,182,43,6,175,138
106,14,52,51,137,32,148,124,86,88
106,15,87,165,162,200,148,58,181,22
106,16,43,133,233,5,252,80,170,243
106,17,250,87,0,76,5,20,17,255
106,18,179,163,134,197,226,204,13,187
106,19,20,116,109,215,205,167,39,160
106,20,116,239,186,234,115,207,4,56
106,21,13,191,164,197,203,2,94,47
106,22,169,125,198,35,176,196,243,157
106,23,128,189,42,111,107,206,106,62
106,24,220,93,74,54,26,63,107,15
106,25,134,147,48,154,6,182,18,43
106,26,32,137,51,52,60,124,86,148
106,27,87,181,165,22,209,71,162,200
106,28,167,43,5,133,233,136,46,0
106,29,250,0,87,50,76,231,16,172
106,30,81,21,179,1,187,28,163,205
106,31,39,116,109,205,40,251,252,253
106,32,119,134,106,186,131,90,96,201
106,33,93,183,116,238,232,28,86,29
106,34,82,207,225,180,96,84,171,235
106,35,145,57,184,63,22,153,160,255
106,36,120,181,211,70,14,193,119,202
106,37,190,31,104,143,58,182,87,145
106,38,75,148,27,71,92,213,95,157
106,39,110,69,243,38,12,254,217,15
107,0,66,157,127,186,188,43,106,147
107,1,242,19,117,86,118,211,112,124
107,2,133,60,58,255,219,80,49,121
107,3,214,116,171,20,202,219,44,55
107,4,98,118,88,122,30,154,112,126
107,5,44,18,11,169,147,254,158,100
107,6,183,69,142,73,208,198,68,42
107,7,37,56,10,1,79,101,90,239
107,8,107,186,207,65,184,56,234,88
107,9,156,13,217,105,128,14,4,47
107,10,72,114,24,91,51,171,62,168
107,11,27,66,107,236,114,247,156,147
107,12,155,191,65,43,138,28,1,132
107,13,18,48,168,70,22,30,113,29
107,14,61,75,52,218,60,156,32,14
107,15,22,71,87,110,88,181,135,213
107,16,167,46,233,136,119,90,170,95
107,17,50,197,56,166,11,205,17,231
107,18,159,190,251,211,165,113,70,21
107,19,111,39,40,42,178,107,106,228
107,20,186,184,107,207,222,115,65,13
107,21,156,13,102,24,4,217,14,89
107,22,114,72,91,143,24,81,35,84
107,23,27,147,3,107,66,255,208,156
107,24,155,65,181,191,132,138,206,57
107,25,48,18,30,113,175,22,249,50
107,26,61,156,178,37,206,218,52,75
107,27,71,22,110,88,209,250,135,239
107,28,167,46,119,136,90,249,139,99
107,29,115,50,7,231,16,205,23,17
107,30,81,211,159,215,70,28,71,21
107,31,91,251,39,164,71,181,106,38
107,32,106,201,221,91,195,116,192,42
107,33,58,116,49,121,107,6,182,244
107,34,95,12,81,86,171,9,56,208
107,35,22,8,145,153,218,20,85,132
107,36,117,211,14,172,0,202,252,195
107,37,143,220,67,161,83,174,145,158
107,38,43,195,101,123,213,144,75,44
107,39,201,241,15,9,23,127,106,228
108,0,14,84,228,102,57,110,165,93
108,1,120,185,92,32,63,56,29,144
108,2,133,179,80,49,142,60,141,233
108,3,214,70,116,20,19,123,134,109
108,4,122,118,254,74,112,251,98,80
108,5,24,144,11,151,44,88,158,169
108,6,147,69,142,73,42,183,198,65
108,7,37,56,10,1,79,90,101,7
108,8,186,184,107,207,222,159,56,199
108,9,148,156,105,13,14,217,128,47
108,10,72,24,114,73,91,171,51,92
108,11,210,27,147,66,154,114,236,107
108,12,84,155,65,121,147,43,18,28
108,13,18,48,30,70,118,22,226,175
108,14,75,156,178,60,61,218,37,146
108,15,22,71,203,110,88,101,135,87
108,16,167,161,46,233,90,136,200,249
108,17,56,17,50,229,115,205,23,231
108,18,251,211,165,113,159,190,28,21
108,19,111,39,106,40,107,175,178,119
108,20,186,184,107,222,207,13,215,88
108,21,156,148,13,14,24,89,128,57
108,22,114,72,73,24,143,91,51,35
108,23,147,210,27,154,66,255,3,208
108,24,155,84,65,57,107,181,138,194
108,25,48,18,30,22,113,175,36,249
108,26,178,61,156,37,146,218,75,232
108,27,71,203,22,110,209,88,233,84
108,28,167,161,46,136,90,176,139,119
108,29,50,115,7,231,23,206,214,205
108,30,81,215,211,70,159,103,165,28
108,31,251,91,39,71,164,181,40,38
108,32,201,106,221,91,195,48,212,61
108,33,58,96,116,49,121,151,107,244
108,34,208,171,95,56,86,81,9,175
108,35,22,85,218,99,20,132,66,108
108,36,117,195,211,246,172,202,152,128
108,37,67,161,143,158,174,145,83,60
108,38,101,9,201,213,30,234,195,123
108,39,246,15,1,250,248,92,203,170
109,0,186,84,144,234,242,250,188,111
109,1,111,29,65,117,221,92,120,42
109,2,179,15,133,101,147,230,142,236
109,3,20,44,19,123,202,100,155,116
109,4,112,71,94,30,98,251,154,60
109,5,144,151,88,169,18,48,2,221
109,6,147,142,172,42,73,198,196,128
109,7,1,37,10,79,101,4,239,7
109,8,184,107,207,159,186,222,103,88
109,9,128,14,13,105,156,47,237,192
109,10,114,72,171,91,81,51,1,143
109,11,66,250,27,147,145,153,114,107
109,12,155,65,35,132,84,121,46,191
109,13,48,18,30,124,113,22,59,168
109,14,235,75,156,178,61,60,37,218
109,15,22,71,110,203,88,135,219,84
109,16,167,46,90,233,136,185,73,249
109,17,56,197,50,236,229,17,205,23
109,18,251,21,165,211,28,190,115,206
109,19,111,40,106,51,71,175,107,155
109,20,186,184,222,107,159,207,13,215
109,21,24,13,156,14,89,105,102,4
109,22,72,114,143,85,246,81,91,0
109,23,66,147,27,107,3,153,250,208
109,24,57,65,132,194,155,107,181,84
109,25,48,18,30,124,249,175,113,192
109,26,156,178,146,61,235,60,232,37
109,27,71,22,209,110,44,233,250,135
109,28,167,90,46,136,8,73,249,30
109,29,23,56,231,50,115,17,7,173
109,30,81,21,165,1,28,115,211,103
109,31,51,40,251,106,71,107,38,175
109,32,201,106,195,61,91,212,176,194
109,33,6,116,49,97,75,58,37,29
109,34,212,171,255,173,235,225,95,61
109,35,145,20,218,63,184,3,22,151
109,36,211,234,202,0,117,193,8,172
109,37,145,143,84,220,67,174,83,161
109,38,44,101,75,123,213,9,234,30
109,39,241,23,92,15,72,254,250,68
110,0,157,233,250,127,110,40,147,67
110,1,81,206,79,117,230,40,57,96
110,2,101,120,39,112,94,173,89,239
110,3,194,44,19,236,153,234,90,216
110,4,122,60,119,98,172,30,112,228
110,5,250,31,151,144,61,114,253,69
110,6,142,49,172,147,42,198,56,65
110,7,1,37,79,10,239,101,4,220
110,8,207,184,107,159,186,103,84,56
110,9,217,14,13,128,105,156,151,4
110,10,62,114,72,171,91,51,143,155
110,11,66,27,107,250,147,106,145,208
110,12,35,155,65,132,43,7,154,191
110,13,48,18,41,30,124,59,249,22
110,14,235,75,40,156,218,146,60,178
110,15,22,233,110,71,209,44,239,142
110,16,167,233,46,90,136,231,0,185
110,17,50,56,231,229,23,147,115,166
110,18,190,165,21,251,70,12,87,28
110,19,111,40,102,175,216,107,71,251
110,20,186,107,207,184,222,13,124,215
110,21,217,24,14,4,13,89,105,102
110,22,62,143,114,72,35,85,51,84
110,23,66,208,156,27,207,250,106,107
110,24,132,57,65,181,206,121,138,107
110,25,18,48,249,30,123,220,181,51
110,26,156,146,178,206,40,235,61,14
110,27,22,209,110,71,233,44,207,239
110,28,167,21,90,99,119,136,222,30
110,29,50,23,231,56,206,7,17,240
110,30,115,103,70,165,81,12,211,21
110,31,91,251,40,106,107,111,102,225
110,32,75,116,201,18,96,61,91,106
110,33,58,11,49,116,182,151,122,253
110,34,205,95,171,180,173,56,70,101
110,35,132,99,145,20,153,151,218,184
110,36,117,211,193,202,49,251,139,163
110,37,15,83,67,143,193,174,31,241
110,38,44,101,213,75,126,250,39,97
110,39,241,9,72,15,183,36,92,27
111,0,110,157,57,56,250,127,68,165
111,1,222,241,227,117,135,134,179,234
111,2,33,120,108,89,28,253,101,238
111,3,19,70,188,44,171,228,234,90
111,4,122,254,74,30,138,80,172,112
111,5,24,144,250,169,151,253,31,61
111,6,42,107,174,142,56,49,73,250
111,7,56,146,1,37,10,71,239,217
111,8,207,107,186,222,247,183,109,65
111,9,148,105,14,217,24,128,192,237
111,10,73,24,85,114,92,72,143,246
111,11,147,210,250,154,207,115,107,109
111,12,121,57,65,84,155,205,35,107
111,13,30,48,124,41,18,122,181,59
111,14,235,156,178,186,232,61,89,40
111,15,203,22,239,44,209,71,219,101
111,16,167,161,46,233,73,90,0,185
111,17,56,23,231,17,229,50,180,130
111,18,28,21,251,115,63,1,25,12
111,19,106,175,111,40,107,181,155,179
111,20,222,186,215,13,183,184,207,28
111,21,148,24,14,192,22,253,4,128
111,22,24,85,143,73,114,92,72,91
111,23,154,210,147,207,250,66,106,17
111,24,84,57,65,121,132,107,7,194
111,25,48,18,30,192,137,124,100,181
111,26,156,178,40,235,146,60,186,61
111,27,203,209,44,22,110,71,233,250
111,28,167,8,161,224,90,136,249,21
111,29,23,50,56,231,17,214,206,7
111,30,28,103,165,1,251,206,211,12
111,31,91,107,175,40,251,111,199,71
111,32,18,201,212,61,221,91,48,217
111,33,96,58,151,49,107,121,253,116
111,34,56,208,95,171,175,173,252,226
111,35,85,99,20,218,80,151,10,184
111,36,211,195,202,246,117,152,1,193
111,37,67,174,56,161,143,83,60,48
111,38,101,201,9,44,234,30,195,126
111,39,246,1,250,92,183,215,15,125
112,0,186,234,242,155,144,84,188,111
112,1,111,117,198,29,255,42,241,251
112,2,230,33,150,89,86,120,237,15
112,3,188,44,228,155,202,132,116,66
112,4,112,94,71,8,30,2,60,98
112,5,169,253,81,151,144,9,48,168
112,6,73,142,174,107,200,16,128,42
112,7,56,146,1,71,210,122,181,131
112,8,207,65,107,103,222,186,183,3
112,9,14,105,178,128,24,148,4,192
112,10,24,31,114,143,85,159,171,7
112,11,109,114,250,17,147,207,247,210
112,12,43,121,155,7,65,132,35,57
112,13,48,124,18,41,30,38,149,137
112,14,156,235,146,186,75,178,218,40
112,15,203,22,44,110,71,209,219,239
112,16,167,233,73,228,45,90,46,185
112,17,229,56,197,50,23,231,213,7
112,18,251,12,28,165,21,87,190,206
112,19,111,40,175,107,102,106,71,91
112,20,222,186,6,13,248,124,184,65
112,21,24,4,192,14,128,234,89,162
112,22,143,85,24,114,0,97,72,31
112,23,109,147,250,17,66,114,101,210
112,24,121,84,65,57,107,7,43,219
112,25,48,122,181,18,137,30,100,192
112,26,156,178,146,40,75,235,60,61
112,27,44,209,22,203,250,63,71,207
112,28,167,8,161,21,224,90,136,73
112,29,23,231,50,56,213,206,17,115
112,30,28,251,165,103,115,12,9,135
112,31,107,91,40,71,175,251,111,199
112,32,61,201,221,18,91,212,195,65
112,33,96,58,37,97,244,6,107,116
112,34,56,81,212,95,171,255,252,235
112,35,218,20,132,80,92,99,151,184
112,36,211,202,234,193,117,246,152,195
112,37,174,67,143,161,83,60,45,202
112,38,101,9,44,30,234,97,179,126
112,39,165,15,92,179,127,250,140,218
113,0,233,117,198,226,80,5,171,176
113,1,254,171,120,40,96,111,131,144
113,2,230,115,33,237,15,89,120,212
113,3,116,188,228,202,132,44,214,70
113,4,112,71,30,164,55,12,98,119
113,5,169,151,253,254,144,250,67,14
113,6,107,73,142,174,172,42,128,2
113,7,56,1,146,217,210,71,131,239
113,8,207,222,107,186,103,183,109,65
113,9,105,14,128,24,4,192,237,232
113,10,24,85,143,240,31,7,114,97
113,11,250,147,17,109,210,114,212,247
113,12,57,121,7,43,46,107,125,154
113,13,249,48,122,41,124,18,174,38
113,14,156,232,235,146,152,218,40,129
113,15,209,22,203,239,142,71,44,110
113,16,167,233,30,73,8,241,90,45
113,17,231,23,229,191,180,50,197,102
113,18,28,251,165,87,12,1,21,189
113,19,111,175,40,216,179,102,181,106
113,20,222,183,215,6,124,248,184,207
113,21,24,4,234,128,192,14,162,52
113,22,143,85,24,97,246,128,231,114
113,23,147,101,109,208,210,212,114,66
113,24,121,57,107,43,125,7,181,219
113,25,122,181,48,18,249,238,175,30
113,26,156,146,232,152,178,40,14,75
113,27,209,71,22,239,203,44,236,234
113,28,167,8,161,21,99,231,249,42
113,29,23,231,50,206,56,213,17,139
113,30,103,28,251,165,12,1,71,70
113,31,91,107,251,111,40,175,181,71
113,32,61,221,91,62,201,212,18,89
113,33,96,58,105,244,121,107,253,49
113,34,81,56,171,95,208,252,235,70
113,35,20,218,132,92,151,99,184,85
113,36,211,202,246,193,195,152,117,253
113,37,174,67,143,161,83,60,45,158
113,38,101,44,9,234,30,201,97,213
113,39,246,1,250,92,15,248,188,125
114,0,186,144,234,210,92,242,84,188
114,1,217,79,198,117,42,97,95,255
114,2,115,150,230,237,13,159,86,253
114,3,44,213,188,202,155,228,19,132
114,4,94,30,112,71,2,73,80,169
114,5,81,151,168,253,144,165,169,48
114,6,142,42,2,59,56,73,241,28
114,7,1,146,239,243,181,79,10,83
114,8,207,247,222,69,186,107,159,3
114,9,47,14,237,4,22,105,128,24
114,10,143,85,114,81,252,9,187,8
114,11,153,147,3,66,207,114,106,250
114,12,7,181,155,194,121,84,65,205
114,13,48,149,18,41,124,30,38,175
114,14,156,235,75,178,61,40,218,186
114,15,203,110,22,250,44,233,219,71
114,16,167,46,90,136,233,73,249,253
114,17,197,56,50,229,17,88,23,231
114,18,251,12,115,211,21,103,28,87
114,19,111,107,71,42,31,40,178,51
114,20,159,222,88,186,124,201,19,107
114,21,47,14,13,128,4,89,234,146
114,22,0,143,114,85,91,222,72,81
114,23,66,147,106,3,153,250,208,116
114,24,65,121,181,107,194,84,132,46
114,25,48,123,30,18,100,137,149,122
114,26,156,178,61,75,186,40,60,218
114,27,44,71,22,250,233,209,207,248
114,28,167,55,90,99,224,136,21,233
114,29,23,56,50,206,231,7,49,115
114,30,165,28,103,12,9,251,50,69
114,31,51,71,111,107,175,106,40,252
114,32,86,61,201,195,106,18,217,91
114,33,189,6,116,97,49,37,58,122
114,34,212,90,173,235,171,255,28,95
114,35,218,20,49,184,80,145,61,3
114,36,211,234,147,227,39,193,202,117
114,37,143,193,84,174,67,241,83,27
114,38,44,75,215,101,97,250,39,126
114,39,158,165,72,15,254,224,52,196
115,0,96,69,93,250,187,198,210,117
115,1,222,96,40,2,195,209,13,234
115,2,159,36,115,128,200,120,237,172
115,3,188,44,228,132,122,19,170,213
115,4,112,119,60,71,55,2,30,98
115,5,69,81,165,151,253,144,250,61
115,6,142,59,56,200,42,232,126,90
115,7,1,79,181,239,146,10,83,253
115,8,207,159,112,222,186,69,107,247
115,9,14,47,128,105,178,237,24,120
115,10,163,143,114,9,222,85,81,91
115,11,18,66,3,250,147,106,153,207
115,12,7,65,35,121,132,155,43,205
115,13,48,200,18,41,30,124,149,59
115,14,75,156,235,218,129,60,146,40
115,15,22,209,110,71,44,203,142,241
115,16,167,233,90,46,45,136,95,55
115,17,50,236,23,102,56,191,229,231
115,18,251,12,190,87,165,103,70,1
115,19,111,71,51,40,42,252,216,175
115,20,222,159,183,215,88,112,124,184
115,21,24,128,4,14,120,102,145,47
115,22,143,163,51,194,114,91,63,85
115,23,66,106,101,147,208,18,153,107
115,24,107,57,65,132,125,121,181,59
115,25,123,18,48,122,249,51,181,175
115,26,156,152,169,232,146,14,251,83
115,27,209,71,22,142,9,233,110,63
115,28,167,55,30,99,21,90,54,233
115,29,23,206,231,236,7,56,50,147
115,30,165,103,70,12,1,28,251,235
115,31,51,111,71,40,175,91,216,179
115,32,17,194,61,62,89,40,21,176
115,33,214,23,49,6,94,12,58,122
115,34,56,187,252,95,19,188,70,102
115,35,218,20,184,255,61,161,151,3
115,36,211,0,193,202,253,8,246,117
115,37,161,174,143,84,220,67,60,83
115,38,234,44,9,30,101,75,157,39
115,39,23,92,250,145,16,252,15,52
116,0,186,242,234,155,144,92,177,224
116,1,182,143,198,153,195,240,241,255
116,2,150,120,92,230,84,157,86,211
116,3,44,155,66,156,202,234,13,19
116,4,30,112,94,51,137,98,169,178
116,5,48,168,115,250,52,187,133,40
116,6,174,172,82,107,92,71,142,200
116,7,228,181,1,146,243,130,220,239
116,8,183,207,88,222,38,124,201,186
116,9,24,14,4,105,5,234,145,162
116,10,85,7,9,143,171,246,51,158
116,11,153,255,103,216,208,207,84,225
116,12,57,121,65,107,132,59,46,206
116,13,249,137,48,122,140,18,41,36
116,14,156,232,172,235,152,218,186,129
116,15,209,22,239,71,248,123,18,17
116,16,167,21,233,55,30,90,95,78
116,17,23,206,231,50,191,197,56,236
116,18,165,28,12,71,1,238,87,21
116,19,111,71,175,40,91,181,60,216
116,20,222,38,183,201,88,124,106,207
116,21,24,4,14,234,105,145,128,196
116,22,0,7,85,143,51,140,128,194
116,23,153,255,103,208,15,84,147,101
116,24,57,107,46,65,59,121,132,206
116,25,48,122,249,51,137,18,123,30
116,26,156,172,220,186,152,93,232,218
116,27,209,22,239,248,142,17,71,207
116,28,21,30,78,230,55,45,167,99
116,29,206,23,231,56,180,236,7,240
116,30,165,28,12,70,231,69,1,235
116,31,60,71,111,216,40,175,179,170
116,32,86,195,61,162,171,176,40,146
116,33,36,97,37,117,94,10,75,116
116,34,212,28,187,70,90,255,44,238
116,35,49,255,73,184,161,190,20,100
116,36,147,234,193,0,227,244,39,8
116,37,84,220,193,45,87,27,241,78
116,38,244,215,44,157,123,250,75,39
116,39,23,197,14,146,52,62,181,158
117,0,181,82,107,39,251,255,221,83
117,1,166,40,183,67,9,209,122,96
117,2,112,55,136,7,191,242,148,209
117,3,14,51,122,153,5,216,158,124
117,4,156,188,180,82,30,216,49,7
117,5,174,48,232,142,194,3,35,19
117,6,172,174,108,123,85,71,25,32
117,7,228,146,220,243,4,1,94,122
117,8,68,38,183,88,124,207,49,112
117,9,4,14,24,19,43,139,105,196
117,10,68,85,181,7,128,143,239,59
117,11,64,79,207,216,208,212,94,18
117,12,57,106,27,107,132,121,46,200
117,13,249,164,195,200,76,48,122,230
117,14,232,172,152,156,129,39,235,218
117,15,209,22,241,239,17,76,142,197
117,16,167,45,78,30,21,140,90,13
117,17,231,23,26,240,114,50,206,180
117,18,165,12,28,238,231,1,70,214
117,19,40,71,216,132,175,111,237,21
117,20,124,222,68,183,106,9,128,248
117,21,4,52,65,139,242,234,24,236
117,22,128,68,85,15,97,143,163,170
117,23,131,64,101,207,208,84,79,212
117,24,57,121,46,107,230,65,200,36
117,25,249,122,164,36,200,195,48,133
117,26,172,39,156,152,206,186,232,174
117,27,209,22,17,207,142,231,241,239
117,28,21,30,222,118,2,78,8,42
117,29,206,26,231,240,23,180,114,56
117,30,165,55,70,238,231,157,28,221
117,31,237,216,40,71,111,60,251,230
117,32,224,61,171,197,40,176,206,62
117,33,179,201,117,156,10,12,40,154
117,34,49,217,28,70,188,58,235,213
117,35,224,255,73,214,63,161,3,7
117,36,24,255,57,193,239,244,210,25
117,37,14,50,221,241,57,147,83,45
117,38,244,146,44,157,75,86,250,4
117,39,85,13,177,62,181,14,252,52
118,0,109,55,175,151,177,31,152,24
118,1,226,236,245,42,70,49,91,85
118,2,112,221,3,13,193,5,185,55
118,3,44,66,14,51,197,247,16,58
118,4,30,243,180,51,169,93,178,137
118,5,48,81,66,19,6,3,115,33
118,6,172,123,25,149,48,108,49,175
118,7,146,228,239,220,1,167,95,246
118,8,68,88,183,124,7,201,222,49
118,9,4,5,24,14,236,128,204,43
118,10,143,117,181,15,85,128,232,158
118,11,103,84,79,59,208,212,231,131
118,12,57,217,121,181,200,59,107,230
118,13,195,122,230,123,238,133,110,226
118,14,232,39,156,169,11,172,152,246
118,15,22,209,142,207,239,18,5,219
118,16,21,167,45,30,233,90,42,2
118,17,231,206,114,50,23,78,240,7
118,18,238,12,165,70,190,28,231,106
118,19,71,111,251,107,80,216,99,60
118,20,124,88,201,156,7,222,207,106
118,21,4,65,234,236,146,244,190,128
118,22,216,117,128,15,143,51,140,85
118,23,103,59,79,231,208,201,131,85
118,24,57,59,65,128,181,217,210,107
118,25,230,195,48,76,19,123,122,137
118,26,156,93,203,39,169,220,218,232
118,27,22,142,209,17,5,239,71,207
118,28,190,21,193,167,99,30,82,90
118,29,88,206,231,56,23,180,173,92
118,30,165,50,28,162,63,12,250,238
118,31,71,111,43,40,60,216,170,252
118,32,86,76,179,61,85,18,218,40
118,33,104,56,36,102,116,11,10,250
118,34,28,44,94,72,238,173,195,109
118,35,190,185,148,255,20,73,63,74
118,36,39,227,115,147,211,244,202,210
118,37,27,78,126,221,169,84,186,114
118,38,75,215,123,119,44,169,244,250
118,39,158,14,197,122,254,146,196,44
119,0,196,101,216,249,197,242,105,79
119,1,93,27,62,244,97,155,117,118
119,2,179,4,210,17,162,109,103,59
119,3,133,187,37,211,231,84,235,31
119,4,222,167,30,142,251,13,102,236
119,5,104,151,186,44,6,253,88,236
119,6,167,107,172,142,56,42,200,59
119,7,29,10,1,23,37,79,239,2
119,8,234,207,107,186,88,89,69,56
119,9,13,94,29,14,4,105,24,237
119,10,169,130,216,143,85,72,171,114
119,11,189,107,250,103,147,84,236,216
119,12,26,7,128,65,63,121,132,59
119,13,43,48,29,18,30,124,123,51
119,14,235,156,75,124,186,129,169,178
119,15,22,44,71,113,81,207,239,209
119,16,167,196,5,233,90,46,188,249
119,17,61,50,250,23,56,166,172,231
119,18,57,50,12,187,190,21,179,28
119,19,130,111,252,39,119,205,178,175
119,20,186,234,88,207,115,222,201,184
119,21,13,94,29,145,227,4,14,105
119,22,130,169,72,51,114,222,143,91
119,23,189,107,42,147,250,236,203,103
119,24,132,65,63,26,128,74,160,205
119,25,18,48,43,147,30,123,41,107
119,26,32,156,75,124,178,241,218,169
119,27,71,22,239,88,209,84,87,81
119,28,167,136,5,188,99,224,0,46
119,29,250,50,172,255,76,7,23,231
119,30,81,21,179,187,28,205,1,103
119,31,130,39,106,252,111,181,251,175
119,32,98,134,106,99,201,131,186,96
119,33,183,232,238,126,116,58,86,28
119,34,84,207,180,225,171,34,96,101
119,35,145,153,63,218,57,22,184,20
119,36,120,181,70,211,14,202,2,98
119,37,190,31,58,143,182,95,87,84
119,38,75,92,71,148,213,95,157,101
119,39,2,69,189,38,213,217,254,15
120,0,66,157,46,106,110,86,233,65
120,1,124,242,112,117,211,86,19,42
120,2,179,133,121,255,60,219,217,188
120,3,214,202,44,234,228,19,236,218
120,4,118,30,222,251,242,74,88,80
120,5,44,100,67,254,88,10,147,151
120,6,183,65,142,42,167,79,69,122
120,7,10,79,37,2,23,1,44,40
120,8,186,207,234,35,56,84,107,103
120,9,156,13,240,217,151,128,98,197
120,10,114,72,62,171,91,142,168,51
120,11,27,203,236,49,195,107,147,95
120,12,155,132,138,191,65,7,8,35
120,13,48,18,30,168,113,160,59,142
120,14,218,241,75,61,235,178,60,89
120,15,22,88,71,110,84,87,96,113
120,16,167,136,46,90,188,119,249,0
120,17,50,56,7,36,132,229,23,11
120,18,165,190,12,21,159,90,103,28
120,19,111,178,39,71,252,225,175,253
120,20,186,207,35,13,88,222,4,115
120,21,13,156,217,24,14,4,145,240
120,22,114,62,72,246,85,51,142,143
120,23,42,27,203,250,49,147,107,236
120,24,132,155,65,191,138,57,19,46
120,25,18,48,29,30,51,123,124,41
120,26,241,156,218,178,232,169,32,60
120,27,71,209,110,142,239,22,88,49
120,28,167,99,136,46,188,237,90,119
120,29,7,255,23,206,50,231,17,16
120,30,81,159,21,165,28,103,1,205
120,31,106,39,91,225,252,40,111,253
120,32,201,106,96,134,116,186,191,131
120,33,58,116,182,232,238,28,183,161
120,34,9,207,205,180,225,34,171,86
120,35,145,22,218,153,20,132,63,184
120,36,120,14,211,202,181,117,39,248
120,37,190,143,31,95,250,174,83,193
120,38,75,95,213,206,101,62,44,35
120,39,75,15,182,163,146,235,254,222
121,0,10,210,97,166,113,142,194,205
121,1,137,62,34,134,157,117,187,151
121,2,108,75,133,179,229,132,172,220
121,3,214,117,236,211,204,12,234,49
121,4,161,118,17,251,242,105,30,172
121,5,44,10,100,88,161,147,254,5
121,6,42,65,142,174,56,172,166,108
121,7,1,10,210,91,2,79,146,239
121,8,35,207,88,183,222,186,184,201
121,9,39,24,13,105,4,203,14,192
121,10,62,240,171,85,143,97,90,181
121,11,42,107,250,57,147,28,94,2
121,12,57,132,46,107,53,121,27,125
121,13,41,18,124,122,48,217,249,99
121,14,156,232,235,172,52,225,218,14
121,15,22,209,71,239,213,44,220,118
121,16,233,167,30,90,0,73,8,224
121,17,231,180,23,166,36,191,56,147
121,18,21,28,1,87,165,13,70,251
121,19,175,216,160,181,106,40,111,179
121,20,207,215,183,222,248,13,35,186
121,21,24,13,39,4,52,204,162,217
121,22,246,85,128,97,236,181,7,142
121,23,107,80,42,212,147,131,225,115
121,24,57,46,155,220,65,125,12,107
121,25,124,249,41,48,22,122,13,18
121,26,232,172,22,156,152,238,52,178
121,27,209,239,22,118,65,71,120,84
121,28,167,224,8,30,241,0,211,81
121,29,231,180,23,173,50,101,5,206
121,30,21,28,1,235,70,159,81,205
121,31,40,179,181,253,175,130,106,216
121,32,96,246,148,201,106,186,171,134
121,33,232,190,58,238,116,28,10,183
121,34,225,88,207,180,34,56,171,161
121,35,145,184,63,218,255,153,20,22
121,36,120,181,211,207,202,14,117,25
121,37,190,31,143,84,174,87,95,161
121,38,75,213,101,95,71,44,4,157
121,39,241,9,72,15,254,52,213,182
122,0,57,6,157,110,127,56,147,165
122,1,242,73,72,191,243,117,118,77
122,2,33,108,75,133,54,98,229,220
122,3,70,171,194,178,239,147,189,139
122,4,74,17,122,254,101,242,80,30
122,5,144,24,44,169,88,206,147,100
122,6,42,142,166,198,73,65,11,46
122,7,10,1,37,56,242,101,210,40
122,8,207,186,184,222,84,88,19,202
122,9,148,217,13,105,192,47,128,14
122,10,24,114,72,73,91,92,171,155
122,11,147,27,210,66,154,236,107,203
122,12,84,155,132,121,191,18,65,35
122,13,48,18,30,41,72,124,160,59
122,14,178,156,75,60,241,235,218,61
122,15,203,22,88,71,239,110,84,44
122,16,167,161,46,249,90,136,73,0
122,17,50,23,56,11,7,205,36,17
122,18,21,28,12,165,71,113,159,90
122,19,111,175,199,178,39,119,253,106
122,20,207,186,222,184,65,35,13,201
122,21,148,24,14,105,13,253,4,145
122,22,114,85,24,246,73,72,143,84
122,23,147,210,154,250,27,107,84,94
122,24,84,132,57,155,65,206,43,7
122,25,18,48,51,30,41,22,72,111
122,26,156,241,220,218,178,232,83,169
122,27,203,239,209,71,142,22,110,113
122,28,161,167,99,249,136,46,21,211
122,29,23,214,206,50,231,7,56,17
122,30,81,28,103,71,165,21,159,1
122,31,91,199,71,181,111,175,179,39
122,32,201,221,246,106,62,48,91,21
122,33,96,58,107,151,121,116,28,253
122,34,208,226,56,95,175,171,252,34
122,35,218,85,22,20,99,184,61,236
122,36,211,195,117,202,246,152,1,193
122,37,67,161,143,174,56,60,83,135
122,38,101,9,234,201,30,195,44,213
122,39,246,1,250,92,183,215,15,125
123,0,46,157,65,84,218,212,250,2
123,1,111,255,65,118,29,72,42,239
123,2,33,230,133,15,150,108,141,157
123,3,214,202,44,19,58,70,234,211
123,4,112,71,30,74,98,25,80,106
123,5,254,144,67,100,169,14,5,44
123,6,142,178,42,73,250,198,172,44
123,7,56,210,1,10,239,79,7,74
123,8,207,186,103,69,222,65,248,88
123,9,105,14,128,4,240,145,231,24
123,10,114,24,31,171,72,17,85,143
123,11,250,147,109,114,236,49,107,210
123,12,132,84,155,46,206,57,121,65
123,13,48,124,38,72,18,41,30,59
123,14,156,218,241,172,232,178,186,60
123,15,203,71,22,44,239,49,84,209
123,16,167,0,90,249,224,136,207,46
123,17,23,197,50,56,101,7,206,213
123,18,21,12,71,28,103,165,73,1
123,19,111,71,253,175,199,39,178,40
123,20,207,222,65,186,69,13,201,184
123,21,24,14,240,105,145,227,4,253
123,22,114,246,85,24,17,72,51,143
123,23,250,147,109,210,84,208,107,209
123,24,206,132,43,57,65,84,121,46
123,25,48,18,51,30,140,217,38,133
123,26,220,156,218,83,241,169,232,178
123,27,142,44,209,71,203,239,123,113
123,28,161,21,99,167,249,42,136,90
123,29,206,23,213,7,17,56,231,50
123,30,28,71,165,103,81,1,21,12
123,31,91,71,181,111,199,175,179,40
123,32,201,116,221,246,62,75,91,106
123,33,58,182,107,96,121,5,116,161
123,34,56,95,205,208,252,175,171,81
123,35,218,20,85,22,99,132,184,236
123,36,211,202,195,117,246,152,193,248
123,37,161,174,143,67,83,60,45,135
123,38,101,234,9,201,30,44,39,126
123,39,250,1,246,92,183,215,15,125
124,0,186,84,157,127,63,188,242,144
124,1,29,198,117,79,185,111,17,32
124,2,94,64,33,127,230,218,183,0
124,3,214,213,116,44,202,58,155,70
124,4,112,215,71,94,30,98,172,37
124,5,254,253,100,169,144,67,27,18
124,6,142,42,178,73,200,2,198,114
124,7,56,10,1,210,243,101,79,57
124,8,65,207,186,184,69,103,12,201
124,9,14,145,105,128,4,148,240,237
124,10,114,24,51,72,46,31,1,143
124,11,114,147,236,93,250,153,49,210
124,12,132,155,84,138,206,7,65,57
124,13,38,48,199,72,124,41,111,160
124,14,218,220,83,156,241,0,169,178
124,15,44,203,22,71,207,239,113,84
124,16,167,136,249,90,224,21,180,188
124,17,7,197,206,23,56,104,50,157
124,18,12,165,71,103,11,238,104,21
124,19,71,111,225,178,68,119,175,39
124,20,65,207,201,186,69,88,13,184
124,21,14,145,105,148,4,240,24,227
124,22,114,0,246,85,7,72,140,216
124,23,147,114,15,116,250,93,103,210
124,24,205,65,132,57,206,128,7,155
124,25,48,18,140,41,38,97,30,72
124,26,83,218,220,156,9,169,232,241
124,27,44,209,71,239,142,13,203,22
124,28,193,167,90,99,224,21,189,207
124,29,206,88,23,231,173,180,7,61
124,30,50,28,21,165,81,1,162,103
124,31,71,38,225,175,40,179,39,181
124,32,201,86,106,246,179,195,125,131
124,33,36,104,6,96,37,182,116,97
124,34,90,95,81,225,212,28,44,171
124,35,8,63,145,22,190,20,132,49
124,36,39,0,115,117,234,103,227,211
124,37,220,84,27,95,143,190,250,78
124,38,75,213,215,55,101,35,157,44
124,39,23,231,241,15,197,201,254,179
125,0,123,249,196,229,216,242,7,105
125,1,225,231,62,27,118,150,93,244
125,2,17,236,94,142,229,210,4,64
125,3,133,31,187,37,235,152,84,231
125,4,251,142,222,167,30,102,13,85
125,5,104,236,253,44,88,10,193,5
125,6,142,42,167,178,172,153,200,61
125,7,29,10,1,23,210,79,4,239
125,8,234,207,184,69,88,186,35,89
125,9,94,13,29,105,4,145,14,24
125,10,169,85,7,130,114,171,143,31
125,11,250,147,189,103,107,236,42,216
125,12,57,132,205,121,26,7,63,46
125,13,43,41,29,48,18,30,217,124
125,14,156,0,178,232,172,124,42,51
125,15,44,22,71,239,209,81,84,148
125,16,167,5,196,233,90,0,46,224
125,17,250,23,61,231,50,56,166,45
125,18,21,28,50,187,179,57,1,12
125,19,130,175,39,109,20,205,111,160
125,20,234,207,186,115,4,222,183,13
125,21,13,29,94,24,164,105,31,4
125,22,169,246,130,85,198,72,196,128
125,23,189,107,42,147,250,128,111,212
125,24,57,74,26,63,65,15,46,128
125,25,43,147,48,18,124,29,41,134
125,26,232,172,124,156,32,175,51,178
125,27,209,181,71,239,22,87,81,162
125,28,5,167,133,0,30,224,90,211
125,29,250,231,180,172,23,50,76,173
125,30,21,1,28,81,179,187,205,70
125,31,130,39,205,106,179,175,40,181
125,32,98,134,99,131,186,106,171,201
125,33,183,238,232,116,126,86,10,28
125,34,84,207,180,225,96,171,235,101
125,35,145,184,63,57,255,153,218,22
125,36,120,181,70,211,202,119,193,244
125,37,190,31,143,58,87,95,182,45
125,38,75,92,71,148,101,157,213,39
125,39,2,69,189,38,217,213,254,14
126,0,107,82,181,32,83,221,245,246
126,1,117,242,132,122,86,118,73,84
126,2,133,255,243,121,238,80,229,165
126,3,214,219,169,90,131,147,119,227
126,4,118,30,242,79,74,227,255,245
126,5,174,147,159,5,44,68,48,106
126,6,183,149,42,164,108,208,166,110
126,7,1,2,220,146,210,195,7,94
126,8,207,248,183,35,88,234,186,215
126,9,151,217,13,4,24,156,105,14
126,10,228,68,114,72,181,62,161,171
126,11,64,27,69,107,195,208,250,156
126,12,155,57,132,191,197,46,107,136
126,13,164,22,41,48,18,249,168,230
126,14,232,172,156,238,213,42,218,241
126,15,22,209,71,239,110,118,120,84
126,16,167,233,119,90,140,30,181,222
126,17,26,231,50,166,180,23,240,206
126,18,21,159,190,28,1,165,70,87
126,19,237,216,181,179,160,111,251,40
126,20,207,183,215,248,35,13,184,167
126,21,24,217,13,4,244,89,52,236
126,22,68,228,128,246,31,181,97,159
126,23,64,107,27,212,195,131,17,111
126,24,57,155,191,46,132,12,220,138
126,25,164,249,22,48,124,29,122,238
126,26,232,238,22,152,174,172,14,16
126,27,209,22,110,239,71,118,116,142
126,28,167,30,241,188,224,0,20,222
126,29,26,231,101,180,50,206,173,23
126,30,1,55,21,70,159,28,190,165
126,31,237,40,216,179,251,253,38,175
126,32,42,224,171,176,206,21,199,197
126,33,179,201,156,10,217,40,28,38
126,34,49,217,196,235,225,102,213,47
126,35,184,214,210,255,224,63,55,3
126,36,24,255,193,57,244,25,239,129
126,37,14,50,87,221,102,57,147,45
126,38,146,244,75,157,44,39,86,4
126,39,177,85,13,62,52,181,61,14
127,0,24,109,55,175,31,151,225,152
127,1,226,236,22,85,59,42,49,245
127,2,3,221,58,77,157,5,133,193
127,3,44,167,234,16,19,218,66,13
127,4,243,51,30,178,137,80,220,169
127,5,81,48,228,168,5,102,133,54
127,6,174,149,126,25,42,100,108,142
127,7,146,130,220,1,94,7,71,210
127,8,207,183,215,222,68,9,186,128
127,9,24,105,65,204,234,4,128,162
127,10,85,246,228,242,7,31,181,143
127,11,93,250,225,115,84,157,59,94
127,12,57,208,125,46,107,132,155,36
127,13,122,230,41,19,124,217,13,181
127,14,232,156,172,213,235,238,109,89
127,15,209,239,71,22,44,220,49,219
127,16,167,190,90,224,233,102,30,0
127,17,23,104,180,231,191,56,213,36
127,18,21,28,1,55,87,90,165,25
127,19,175,253,40,194,110,181,179,85
127,20,207,183,222,215,13,186,9,156
127,21,24,13,204,52,105,14,234,139
127,22,228,246,85,242,31,7,72,114
127,23,93,107,85,218,250,164,109,212
127,24,155,57,132,11,46,191,206,65
127,25,22,230,124,48,18,41,13,19
127,26,213,232,172,156,241,14,22,238
127,27,209,71,22,110,26,49,239,146
127,28,167,224,181,190,0,188,30,99
127,29,206,50,180,231,23,173,21,62
127,30,190,28,21,90,165,1,81,70
127,31,252,40,111,71,39,179,216,253
127,32,246,48,22,21,201,76,62,171
127,33,224,107,139,28,56,205,95,189
127,34,175,48,64,94,95,240,72,28
127,35,85,2,94,185,184,255,61,191
127,36,202,195,67,246,147,152,117,142
127,37,60,161,43,174,193,135,83,95
127,38,234,201,75,163,30,44,157,9
127,39,246,1,250,92,215,183,196,44
128,0,188,242,234,186,144,111,133,172
128,1,232,198,117,66,255,43,162,107
128,2,23,110,90,230,252,150,200,46
128,3,116,44,202,155,177,214,153,234
128,4,12,71,94,30,164,25,202,106
128,5,253,81,169,115,236,48,102,249
128,6,42,126,178,149,174,235,2,100
128,7,210,146,40,219,16,1,220,74
128,8,207,183,35,222,212,88,186,103
128,9,24,96,5,105,14,4,98,253
128,10,31,218,246,159,114,85,7,9
128,11,114,17,116,107,109,93,250,153
128,12,206,57,46,132,128,191,155,15
128,13,38,41,29,211,48,124,22,122
128,14,232,235,156,172,22,42,152,16
128,15,209,22,239,71,146,181,44,162
128,16,167,233,179,30,0,180,140,181
128,17,231,180,197,166,101,213,23,50
128,18,1,21,28,165,70,162,190,231
128,19,181,216,40,179,38,111,160,175
128,20,215,35,207,183,4,248,68,13
128,21,24,96,13,4,240,244,105,162
128,22,159,218,31,246,0,181,85,128
128,23,114,116,109,17,107,212,49,15
128,24,46,57,191,206,132,7,12,15
128,25,249,48,124,38,211,122,29,111
128,26,232,22,172,152,174,156,220,180
128,27,209,22,239,103,248,118,44,245
128,28,241,167,30,21,224,8,222,78
128,29,49,231,173,218,50,180,213,206
128,30,21,1,28,190,70,165,235,231
128,31,40,179,216,71,38,251,252,28
128,32,86,171,246,176,195,146,201,62
128,33,36,97,6,37,28,10,75,237
128,34,225,238,235,212,28,255,206,95
128,35,63,255,184,148,190,55,20,49
128,36,234,227,147,39,145,117,202,25
128,37,15,78,193,27,83,95,221,87
128,38,75,215,44,157,39,139,213,3
128,39,158,72,36,254,252,196,23,61
129,0,117,185,242,96,18,186,187,171
129,1,13,183,96,88,81,179,117,40
129,2,52,189,94,236,252,20,46,127
129,3,255,44,90,156,186,221,14,240
129,4,139,55,12,25,2,180,8,60
129,5,48,81,102,253,232,194,142,84
129,6,174,3,2,114,126,108,182,178
129,7,146,94,210,16,220,217,1,122
129,8,183,207,215,35,112,68,222,109
129,9,24,19,206,105,244,139,14,162
129,10,163,7,181,85,128,218,159,31
129,11,18,17,116,212,115,131,130,2
129,12,57,206,67,230,46,98,66,107
129,13,200,41,112,122,238,27,217,48
129,14,232,152,38,42,156,218,1,235
129,15,209,103,22,239,17,241,146,118
129,16,179,30,167,233,241,90,8,232
129,17,180,155,231,128,23,3,102,218
129,18,1,28,21,162,70,235,145,165
129,19,216,179,181,175,40,132,71,7
129,20,215,183,68,9,248,112,167,207
129,21,52,24,19,139,206,244,204,4
129,22,163,181,128,159,239,47,7,170
129,23,131,109,18,156,212,17,11,101
129,24,57,46,67,12,230,98,107,66
129,25,249,124,122,48,238,27,211,217
129,26,22,232,152,38,172,174,156,1
129,27,209,103,118,239,17,22,7,245
129,28,241,222,30,232,8,78,22,167
129,29,155,173,231,240,180,232,206,235
129,30,1,28,21,235,70,231,165,6
129,31,216,179,40,38,71,251,16,18
129,32,17,37,171,70,176,46,174,142
129,33,63,117,214,23,10,237,94,38
129,34,235,58,28,187,54,12,225,206
129,35,34,255,63,184,55,40,20,73
129,36,57,253,0,25,145,244,8,117
129,37,84,164,95,220,102,87,221,83
129,38,136,75,157,5,44,39,244,22
129,39,23,16,254,146,14,252,145,61
130,0,122,250,151,50,222,10,177,134
130,1,153,154,144,32,185,190,179,82
130,2,13,237,127,157,47,95,32,94
130,3,44,132,234,90,0,197,16,213
130,4,30,180,190,169,51,82,80,178
130,5,48,14,102,3,89,5,133,232
130,6,174,114,178,186,2,108,243,71
130,7,146,130,1,16,210,220,122,95
130,8,183,207,248,68,215,128,222,124
130,9,24,105,4,162,128,234,196,190
130,10,159,31,47,181,85,154,246,170
130,11,212,109,37,17,94,240,146,201
130,12,46,57,12,107,172,198,246,234
130,13,249,122,41,48,198,207,149,174
130,14,232,22,42,152,156,172,174,129
130,15,209,22,239,146,84,18,118,142
130,16,22,222,30,233,140,167,179,206
130,17,231,213,3,206,240,23,173,147
130,18,21,70,28,1,87,73,231,165
130,19,181,38,216,40,179,71,155,251
130,20,248,215,183,13,68,207,176,46
130,21,24,4,52,105,89,162,196,236
130,22,159,47,31,216,85,246,15,181
130,23,212,109,37,201,59,116,17,29
130,24,46,57,128,12,234,157,119,172
130,25,249,48,41,124,19,149,122,238
130,26,22,232,174,203,218,152,172,89
130,27,209,22,239,118,84,7,234,146
130,28,222,193,167,22,8,30,82,179
130,29,213,173,231,88,180,240,21,3
130,30,50,28,21,1,70,235,231,162
130,31,179,216,181,40,38,39,251,106
130,32,179,171,246,176,131,70,125,28
130,33,104,237,132,250,181,10,28,38
130,34,235,44,109,225,238,28,240,48
130,35,255,148,184,63,190,74,55,145
130,36,39,202,115,227,147,25,211,145
130,37,27,78,87,83,193,45,221,102
130,38,75,157,215,39,169,119,44,244
130,39,158,75,254,252,196,231,179,197
131,0,97,166,113,142,205,123,150,210
131,1,34,26,187,59,117,87,132,62
131,2,127,146,90,26,46,4,52,227
131,3,90,211,31,46,146,37,135,84
131,4,167,161,65,30,190,14,13,82
131,5,104,6,161,253,14,5,89,204
131,6,174,167,2,108,178,126,42,142
131,7,146,91,210,16,1,29,220,23
131,8,207,33,183,89,109,88,222,215
131,9,39,24,94,29,105,13,4,162
131,10,85,31,159,7,130,246,97,216
131,11,107,212,20,17,109,250,95,94
131,12,57,46,128,107,63,26,220,66
131,13,41,29,122,124,48,43,238,249
131,14,232,156,42,152,22,178,235,51
131,15,209,22,239,65,44,146,118,71
131,16,233,30,167,241,140,8,222,206
131,17,231,3,180,23,213,166,240,138
131,18,1,28,21,70,148,189,87,231
131,19,179,181,130,216,175,106,155,160
131,20,215,167,183,207,248,9,13,33
131,21,24,39,162,52,29,4,244,204
131,22,97,7,85,181,246,236,15,128
131,23,212,20,107,95,17,109,42,101
131,24,57,66,114,46,233,12,67,234
131,25,249,238,48,41,29,124,122,43
131,26,232,22,174,152,156,178,42,141
131,27,209,65,239,118,22,234,84,7
131,28,241,96,222,8,167,30,5,206
131,29,231,172,3,50,240,180,23,213
131,30,148,70,21,189,1,187,28,231
131,31,130,179,181,251,216,185,106,40
131,32,99,246,131,113,176,91,171,201
131,33,190,232,38,104,28,242,10,116
131,34,161,235,88,97,34,171,56,206
131,35,55,145,184,20,255,218,74,236
131,36,207,202,49,211,223,39,193,120
131,37,45,193,83,190,27,87,15,174
131,38,39,71,44,80,234,75,157,30
131,39,72,196,69,244,92,183,252,250
132,0,181,82,107,6,251,83,39,245
132,1,191,117,250,86,158,248,189,73
132,2,198,76,127,87,108,121,61,28
132,3,90,255,76,214,146,169,164,194
132,4,118,65,30,244,242,82,74,67
132,5,174,5,18,68,48,6,194,195
132,6,108,42,19,149,114,2,174,37
132,7,2,91,220,146,44,210,1,16
132,8,248,33,120,207,68,183,216,186
132,9,4,217,105,156,13,14,200,151
132,10,68,253,161,114,228,181,31,15
132,11,64,195,142,20,212,156,17,27
132,12,46,57,155,206,234,132,172,95
132,13,249,164,48,22,41,230,100,29
132,14,232,22,42,174,152,213,172,129
132,15,22,209,118,239,234,65,7,120
132,16,222,140,167,206,96,233,180,30
132,17,26,3,231,240,206,11,50,213
132,18,148,70,4,231,21,1,190,189
132,19,237,251,216,185,179,181,40,155
132,20,248,215,183,46,167,13,176,9
132,21,217,4,24,52,244,162,89,196
132,22,15,68,253,97,140,31,228,239
132,23,64,212,101,17,190,113,20,195
132,24,46,57,66,155,233,67,172,132
132,25,249,48,164,238,22,122,29,198
132,26,174,22,232,152,238,89,79,14
132,27,209,118,22,7,234,239,5,142
132,28,222,8,140,21,206,167,30,96
132,29,26,240,3,231,206,101,174,173
132,30,70,148,4,55,1,231,189,157
132,31,237,179,251,216,185,40,181,230
132,32,224,176,42,171,199,91,126,70
132,33,179,201,156,38,242,217,10,12
132,34,49,217,235,196,55,47,213,188
132,35,55,184,224,255,100,73,39,210
132,36,57,255,24,223,42,244,239,139
132,37,50,87,14,45,158,83,221,210
132,38,244,146,157,75,44,15,39,162
132,39,177,85,196,252,13,61,220,14
133,0,24,109,55,151,47,152,225,74
133,1,226,236,67,117,42,70,105,22
133,2,76,58,221,3,193,198,157,133
133,3,90,44,234,61,66,16,100,255
133,4,30,243,82,178,80,125,169,51
133,5,5,48,102,232,42,133,195,75
133,6,108,104,193,19,149,9,134,25
133,7,146,1,220,38,130,95,122,210
133,8,248,183,68,215,88,124,207,201
133,9,4,162,24,105,196,128,190,43
133,10,228,15,239,181,103,253,138,146
133,11,212,37,6,240,95,94,137,68
133,12,46,234,57,172,27,107,200,180
133,13,249,48,41,230,122,100,22,241
133,14,174,22,232,152,42,129,172,89
133,15,22,209,7,118,234,239,84,142
133,16,222,206,140,21,167,30,233,90
133,17,206,3,231,240,36,174,213,173
133,18,70,4,231,21,238,165,87,190
133,19,251,185,216,194,71,40,155,85
133,20,248,215,68,183,13,46,176,227
133,21,196,52,89,4,128,228,244,162
133,22,15,103,228,253,239,140,146,181
133,23,212,218,6,113,190,17,137,197
133,24,46,172,155,234,11,72,27,233
133,25,249,48,22,230,41,136,198,18
133,26,174,22,141,203,152,89,79,14
133,27,7,118,22,209,40,234,142,84
133,28,222,21,206,140,167,34,181,241
133,29,3,206,240,62,174,50,205,183
133,30,4,70,148,11,231,90,190,189
133,31,185,251,71,230,18,216,28,40
133,32,176,126,48,144,102,62,201,85
133,33,38,107,224,205,139,68,185,102
133,34,94,240,64,235,55,48,28,146
133,35,99,39,161,40,236,92,20,191
133,36,202,49,42,152,195,117,246,139
133,37,83,193,161,174,60,15,87,45
133,38,44,234,162,15,9,157,80,30
133,39,252,244,72,92,250,220,183,61
134,0,128,78,89,18,131,56,241,68
134,1,232,117,13,66,186,43,210,158
134,2,26,23,212,160,194,127,73,19
134,3,255,90,5,234,7,246,242,100
134,4,253,82,12,30,71,164,156,169
134,5,225,6,142,174,217,66,181,171
134,6,136,108,115,25,62,19,134,242
134,7,220,85,1,84,207,146,150,2
134,8,248,120,157,124,12,176,183,46
134,9,4,5,14,190,86,1,162,9
134,10,68,103,253,15,218,140,114,239
134,11,64,130,212,208,11,142,6,156
134,12,95,206,234,46,139,159,172,135
134,13,249,48,42,100,41,38,136,22
134,14,174,152,40,22,42,232,172,129
134,15,22,7,209,118,142,103,221,234
134,16,222,140,21,206,137,167,180,233
134,17,206,185,218,240,3,174,231,13
134,18,4,70,238,188,190,87,231,209
134,19,251,55,91,194,185,71,216,230
134,20,248,176,120,215,46,183,13,227
134,21,128,196,216,52,228,89,4,80
134,22,103,15,68,12,218,140,239,204
134,23,64,101,212,208,6,248,113,130
134,24,172,46,173,107,37,72,181,27
134,25,249,48,42,136,193,198,181,38
134,26,174,22,79,14,141,152,89,192
134,27,7,40,22,142,118,209,10,221
134,28,222,21,137,83,206,199,140,20
134,29,206,185,174,3,232,240,55,13
134,30,70,4,238,190,72,87,231,221
134,31,251,185,71,230,60,28,40,155
134,32,224,126,176,102,197,62,21,91
134,33,63,185,12,38,168,156,248,3
134,34,152,55,54,146,70,235,188,95
134,35,92,100,39,161,123,111,40,212
134,36,251,239,42,24,139,193,117,116
134,37,50,83,90,7,14,87,241,209
134,38,44,146,162,86,15,14,126,157
134,39,85,252,177,220,13,36,61,15
135,0,177,36,55,78,134,47,31,223
135,1,155,101,197,223,5,254,56,1
135,2,182,228,201,194,157,42,237,32
135,3,16,234,66,243,155,90,215,56
135,4,30,253,169,239,63,51,93,149
135,5,225,102,217,115,213,187,6,171
135,6,25,62,115,108,104,134,191,70
135,7,220,85,1,84,161,173,150,95
135,8,248,124,47,176,7,183,70,46
135,9,4,220,128,5,216,162,196,190
135,10,103,15,117,140,239,143,109,204
135,11,208,6,146,212,113,103,68,248
135,12,166,95,159,234,47,135,139,55
135,13,249,48,136,42,193,254,247,241
135,14,174,40,79,152,144,192,14,42
135,15,7,22,178,142,186,40,112,118
135,16,222,21,154,247,140,20,233,206
135,17,206,232,185,49,71,174,13,36
135,18,4,70,238,209,253,87,46,243
135,19,55,60,206,251,194,185,71,247
135,20,248,176,47,45,149,134,67,13
135,21,128,91,220,196,4,216,43,133
135,22,103,15,140,117,30,12,194,204
135,23,113,146,208,248,212,6,59,209
135,24,47,166,173,37,46,172,107,119
135,25,193,249,42,48,136,247,196,155
135,26,174,79,40,89,13,237,192,95
135,27,7,40,10,18,22,178,43,142
135,28,222,83,137,21,226,233,138,206
135,29,185,174,55,78,232,3,206,4
135,30,70,209,4,238,66,72,87,46
135,31,60,185,55,99,37,155,71,251
135,32,120,248,126,14,176,144,28,26
135,33,250,185,103,38,12,176,248,63
135,34,249,152,146,80,227,55,109,235
135,35,121,123,111,100,176,131,220,92
135,36,21,42,228,139,11,57,94,102
135,37,7,214,14,83,87,162,244,97
135,38,14,157,24,162,15,3,156,47
135,39,251,66,252,209,5,61,220,134
136,0,52,198,176,209,17,220,5,54
136,1,155,223,56,197,105,5,100,49
136,2,139,73,182,150,230,86,110,201
136,3,155,234,66,56,215,180,63,107
136,4,30,253,239,149,63,169,82,210
136,5,225,213,66,6,171,201,115,187
136,6,108,62,115,104,25,219,123,37
136,7,1,220,146,84,161,130,85,173
136,8,248,215,183,124,7,46,207,70
136,9,4,24,162,52,196,43,105,68
136,10,239,181,15,103,117,97,204,47
136,11,6,212,42,131,113,240,208,135
136,12,98,172,57,46,27,107,234,166
136,13,249,27,174,122,128,136,41,42
136,14,232,152,174,192,42,22,172,79
136,15,209,22,7,118,239,142,186,17
136,16,222,30,241,74,233,90,167,140
136,17,3,180,231,232,174,240,31,206
136,18,70,231,1,235,87,21,4,28
136,19,216,179,181,155,185,206,46,58
136,20,215,248,183,9,167,13,70,68
136,21,52,196,139,244,162,204,24,242
136,22,181,160,239,128,15,103,97,7
136,23,80,131,212,68,95,6,2,146
136,24,172,57,98,27,36,234,233,230
136,25,249,48,198,27,122,136,174,41
136,26,174,152,232,192,89,1,219,22
136,27,7,209,118,10,22,40,186,252
136,28,222,241,138,30,137,83,233,140
136,29,78,232,185,240,3,174,49,128
136,30,4,70,237,72,66,231,151,253
136,31,60,185,18,87,155,230,71,251
136,32,197,126,14,176,120,75,26,51
136,33,185,103,38,12,181,161,63,250
136,34,109,227,152,55,11,146,235,47
136,35,100,123,92,220,161,111,40,255
136,36,48,42,24,251,57,139,239,11
136,37,7,162,14,87,83,45,221,139
136,38,14,162,15,157,124,3,44,167
136,39,252,177,77,220,61,13,224,15
137,0,115,2,152,55,151,13,134,203
137,1,206,70,149,105,44,89,9,101
137,2,235,199,42,242,107,73,9,26
137,3,234,192,13,63,247,197,50,215
137,4,253,30,44,149,169,180,80,63
137,5,225,6,102,3,66,48,209,252
137,6,70,115,62,104,108,25,129,219
137,7,220,1,130,95,150,85,84,173
137,8,248,124,68,176,46,183,215,227
137,9,4,52,43,24,196,128,162,190
137,10,103,216,15,239,117,204,12,181
137,11,212,6,146,37,240,113,33,48
137,12,234,46,172,107,135,139,246,55
137,13,249,48,122,238,174,241,193,207
137,14,174,152,22,172,42,232,192,89
137,15,7,22,209,118,142,5,154,234
137,16,222,206,21,140,82,193,233,90
137,17,3,206,240,174,232,231,173,181
137,18,70,4,151,238,231,87,66,21
137,19,251,185,216,47,55,58,206,40
137,20,248,215,46,176,13,183,134,227
137,21,196,128,52,89,162,4,216,242
137,22,216,103,15,12,239,31,159,181
137,23,146,212,116,37,6,222,17,59
137,24,46,128,157,234,172,119,37,55
137,25,249,48,42,41,19,136,101,193
137,26,174,22,203,40,101,89,79,42
137,27,7,118,22,221,40,10,209,234
137,28,222,193,206,82,21,233,212,83
137,29,3,88,185,174,173,240,49,128
137,30,70,4,162,11,50,151,231,189
137,31,185,18,251,230,216,155,60,28
137,32,176,179,144,126,18,62,26,246
137,33,185,38,104,162,11,132,161,250
137,34,109,44,235,28,227,103,240,238
137,35,148,220,161,190,74,236,40,92
137,36,202,39,42,148,142,115,49,139
137,37,83,60,161,27,174,193,87,7
137,38,234,15,119,44,162,80,157,215
137,39,252,244,220,92,72,250,183,197
138,0,177,31,242,55,47,152,237,13
138,1,223,5,117,101,206,105,155,197
138,2,107,150,74,110,230,235,24,157
138,3,155,234,58,50,215,44,66,87
138,4,94,71,30,169,63,149,253,12
138,5,225,115,6,102,171,217,187,66
138,6,3,235,92,136,123,114,115,62
138,7,243,131,220,228,1,84,95,181
138,8,248,124,45,176,134,12,201,1
138,9,96,4,216,102,5,162,220,133
138,10,15,103,253,140,239,7,204,30
138,11,153,142,212,116,103,208,2,113
138,12,95,55,159,234,46,181,179,22
138,13,249,48,100,136,70,196,142,193
138,14,174,152,1,42,22,79,192,130
138,15,7,22,248,142,123,118,40,209
138,16,222,21,206,241,147,78,180,226
138,17,206,197,128,240,3,71,232,181
138,18,70,4,11,238,231,188,149,190
138,19,60,251,185,18,71,44,58,230
138,20,248,176,215,13,46,183,45,229
138,21,96,196,216,89,4,242,220,80
138,22,140,15,253,0,103,7,239,31
138,23,2,212,116,6,142,208,15,113
138,24,46,172,159,37,233,183,234,181
138,25,249,48,136,100,23,193,142,196
138,26,174,22,1,220,101,42,152,192
138,27,7,40,248,37,252,118,221,10
138,28,222,21,206,83,78,230,168,226
138,29,3,206,49,174,240,55,128,218
138,30,70,4,69,11,238,231,189,87
138,31,60,185,251,71,18,230,28,112
138,32,162,195,86,126,176,91,62,146
138,33,97,36,185,38,37,181,198,250
138,34,212,90,255,109,146,235,28,47
138,35,49,123,220,161,131,92,44,100
138,36,147,234,42,139,254,193,223,116
138,37,7,193,83,87,84,209,37,221
138,38,14,162,157,15,44,139,3,167
138,39,252,224,23,220,61,158,72,165
139,0,96,117,242,187,121,171,185,133
139,1,206,96,40,209,183,117,169,232
139,2,242,215,74,7,245,50,35,51
139,3,192,170,122,239,7,166,155,193
139,4,71,55,82,180,119,191,12,169
139,5,225,93,232,3,6,217,66,181
139,6,3,92,235,178,115,108,123,62
139,7,220,131,243,1,133,181,84,146
139,8,248,124,112,183,201,176,134,208
139,9,19,22,96,240,4,216,132,109
139,10,163,103,15,253,7,239,197,140
139,11,18,116,36,142,212,153,2,186
139,12,46,234,95,67,159,106,206,172
139,13,249,200,48,100,142,33,136,41
139,14,174,38,1,22,152,42,147,172
139,15,7,99,241,22,209,118,37,40
139,16,222,78,206,21,156,241,140,90
139,17,128,3,110,240,206,232,174,102
139,18,70,4,11,128,231,238,6,112
139,19,251,185,12,18,120,230,216,55
139,20,248,215,46,183,176,68,227,112
139,21,19,196,132,52,89,96,216,128
139,22,103,15,163,140,239,253,31,159
139,23,36,6,18,101,212,130,68,2
139,24,46,172,37,72,234,36,27,159
139,25,249,48,33,136,193,142,104,21
139,26,174,22,147,89,42,79,101,152
139,27,7,40,221,99,22,166,118,10
139,28,222,78,83,21,206,156,199,231
139,29,174,232,3,110,55,240,128,206
139,30,4,70,6,128,231,238,87,69
139,31,185,60,71,251,155,28,230,233
139,32,17,176,126,194,89,175,51,245
139,33,185,38,117,94,105,214,23,12
139,34,146,187,19,235,47,54,34,58
139,35,123,131,40,161,220,92,111,100
139,36,253,42,0,139,193,8,254,57
139,37,7,83,87,84,209,164,220,90
139,38,14,44,162,15,22,157,136,86
139,39,16,252,145,220,23,61,15,36
140,0,115,224,177,55,151,103,203,60
140,1,153,105,7,70,117,113,42,48
140,2,95,47,13,61,185,125,242,178
140,3,234,197,247,192,16,255,13,63
140,4,30,180,169,178,63,203,191,31
140,5,225,3,102,223,6,209,48,30
140,6,70,25,108,11,152,134,91,115
140,7,220,1,130,95,150,133,207,173
140,8,248,124,183,46,68,201,215,176
140,9,4,52,43,216,128,162,58,196
140,10,103,15,204,170,181,239,117,143
140,11,212,136,6,146,37,240,113,68
140,12,234,46,172,107,36,27,37,246
140,13,249,48,136,122,174,193,198,254
140,14,174,22,152,42,171,232,172,205
140,15,22,7,209,142,118,234,154,239
140,16,222,206,21,82,193,233,140,90
140,17,206,3,240,174,232,231,71,119
140,18,70,4,238,11,151,87,231,144
140,19,185,249,251,47,216,230,40,71
140,20,248,215,46,176,183,13,227,45
140,21,196,52,89,128,80,190,162,216
140,22,103,15,216,239,31,140,159,181
140,23,212,136,146,37,116,201,6,95
140,24,128,46,115,234,172,157,12,242
140,25,48,249,97,41,19,136,71,124
140,26,174,22,171,42,203,218,89,101
140,27,22,118,7,209,239,146,40,84
140,28,222,193,206,82,233,21,224,8
140,29,88,173,3,240,119,128,61,49
140,30,70,50,162,189,4,231,21,151
140,31,185,249,216,18,251,179,230,28
140,32,176,179,144,171,86,125,246,131
140,33,38,104,185,132,161,102,68,250
140,34,44,109,235,238,28,146,47,103
140,35,148,190,117,161,255,220,74,236
140,36,227,39,115,147,148,42,202,142
140,37,27,78,87,83,193,196,45,7
140,38,215,157,119,15,39,169,162,75
140,39,158,252,231,61,220,72,197,122
141,0,22,117,128,187,214,185,243,18
141,1,117,13,232,241,223,66,206,81
141,2,107,59,22,235,74,50,26,242
141,3,234,146,2,202,170,90,192,76
141,4,139,122,82,65,30,123,55,105
141,5,6,114,225,66,5,224,171,181
141,6,3,114,123,108,9,115,136,178
141,7,44,220,1,146,210,253,131,41
141,8,248,183,212,207,120,122,103,13
141,9,217,178,4,105,98,94,96,24
141,10,163,253,15,216,31,62,7,159
141,11,20,142,212,109,2,95,18,116
141,12,67,46,234,57,12,159,132,233
141,13,249,48,200,41,29,122,241,30
141,14,40,22,38,174,42,152,232,101
141,15,22,209,239,118,120,84,234,7
141,16,222,206,167,90,30,140,233,78
141,17,3,155,231,88,213,240,173,86
141,18,162,70,21,148,231,189,4,28
141,19,181,179,216,185,251,40,155,159
141,20,215,248,13,183,207,212,167,236
141,21,217,178,24,162,244,89,196,105
141,22,62,163,253,31,7,15,159,181
141,23,142,212,109,20,101,207,95,17
141,24,67,46,12,57,234,66,233,172
141,25,249,48,238,41,122,29,198,124
141,26,40,22,174,232,152,38,42,178
141,27,209,239,118,22,120,84,234,7
141,28,222,8,206,241,30,249,167,231
141,29,231,3,213,240,173,169,205,23
141,30,70,189,1,21,231,28,235,211
141,31,179,181,106,185,216,251,155,91
141,32,96,246,176,75,91,116,201,186
141,33,11,168,38,242,151,28,58,232
141,34,235,12,205,171,180,56,47,101
141,35,55,132,145,184,255,218,236,153
141,36,253,202,211,223,42,8,193,181
141,37,45,143,161,87,174,83,31,220
141,38,39,234,44,157,30,9,244,101
141,39,241,9,196,252,92,68,220,61
142,0,110,57,56,157,68,245,118,127
142,1,179,82,241,117,228,63,227,84
142,2,237,33,5,161,238,174,81,127
142,3,70,132,19,90,44,53,234,202
142,4,122,139,254,74,30,196,138,27
142,5,24,144,169,5,114,14,48,102
142,6,243,174,114,108,3,178,9,134
142,7,146,210,56,1,44,16,41,207
142,8,207,183,248,215,167,236,13,79
142,9,148,105,217,24,162,4,178,236
142,10,24,7,73,97,85,31,253,181
142,11,210,207,147,212,154,2,95,109
142,12,57,46,12,66,84,234,121,233
142,13,41,48,122,30,238,207,36,174
142,14,232,178,42,152,156,22,89,141
142,15,209,239,203,22,84,219,146,118
142,16,30,233,167,241,90,206,8,161
142,17,231,180,3,23,197,205,128,56
142,18,1,28,21,189,162,70,231,157
142,19,179,181,216,106,175,199,132,40
142,20,215,167,183,207,13,9,248,222
142,21,24,148,162,52,244,204,105,4
142,22,97,7,85,24,181,73,140,252
142,23,210,212,147,95,101,154,2,109
142,24,57,66,43,12,114,84,234,233
142,25,238,48,249,41,124,122,30,36
142,26,232,22,152,42,174,178,141,156
142,27,209,239,203,118,84,22,234,49
142,28,241,8,161,30,206,222,249,168
142,29,231,3,214,180,206,205,23,169
142,30,189,1,21,70,231,28,157,71
142,31,179,181,216,91,185,251,199,155
142,32,246,221,171,91,18,176,201,61
142,33,96,151,38,10,242,107,28,58
142,34,56,208,171,175,235,252,95,81
142,35,55,184,218,85,20,236,255,132
142,36,202,211,246,223,152,195,193,58
142,37,45,161,174,83,143,67,87,60
142,38,39,234,201,9,101,30,44,157
142,39,246,250,1,92,183,196,215,15
143,0,186,234,242,144,133,152,213,27
143,1,149,111,9,117,89,92,198,42
143,2,230,150,86,92,237,15,33,157
143,3,44,155,234,132,81,61,159,199
143,4,94,112,169,30,178,98,71,51
143,5,48,5,102,228,84,253,168,232
143,6,174,9,178,92,243,126,142,108
143,7,146,243,181,210,113,122,133,163
143,8,215,183,207,124,13,128,94,14
143,9,24,105,162,236,111,244,231,4
143,10,7,85,97,181,128,140,207,108
143,11,212,153,95,207,114,137,147,116
143,12,57,66,233,12,234,114,172,206
143,13,238,41,122,48,7,100,249,30
143,14,232,42,152,156,218,22,141,157
143,15,209,239,248,118,236,22,18,125
143,16,30,206,241,8,90,233,167,180
143,17,231,3,180,23,206,197,128,205
143,18,28,189,1,157,21,70,231,198
143,19,179,181,60,216,245,71,110,185
143,20,167,215,183,13,207,9,248,43
143,21,24,244,105,89,162,204,231,139
143,22,0,97,7,128,140,181,85,200
143,23,212,15,153,116,95,147,131,216
143,24,57,12,233,66,234,114,128,205
143,25,238,48,41,122,249,124,30,155
143,26,232,42,152,1,22,174,89,220
143,27,209,239,248,118,222,236,234,22
143,28,241,30,8,230,206,168,78,186
143,29,231,180,3,128,49,23,169,205
143,30,1,189,28,21,157,231,70,235
143,31,60,179,216,181,16,18,185,155
143,32,171,86,176,195,61,146,126,91
143,33,10,36,97,37,242,38,181,104
143,34,212,90,28,255,238,235,44,109
143,35,55,49,255,184,44,100,73,148
143,36,147,227,234,244,0,223,25,58
143,37,220,45,193,78,87,221,15,83
143,38,157,215,44,39,5,244,139,101
143,39,158,23,196,72,14,241,61,36
144,0,242,117,185,133,187,18,96,128
144,1,13,209,40,96,206,183,117,179
144,2,90,44,66,200,196,128,114,20
144,3,14,44,75,252,3,132,156,170
144,4,55,139,2,182,71,8,112,169
144,5,48,232,84,238,3,30,225,102
144,6,174,3,9,108,58,114,178,126
144,7,146,243,94,133,60,113,122,210
144,8,183,215,248,112,9,128,207,94
144,9,19,24,206,244,105,236,162,139
144,10,163,128,181,7,85,197,97,239
144,11,18,212,116,131,95,142,240,207
144,12,57,66,233,67,234,172,98,114
144,13,238,200,41,122,27,249,48,217
144,14,232,152,38,1,42,250,156,157
144,15,209,241,103,239,118,222,236,99
144,16,30,241,8,78,90,149,206,233
144,17,180,231,155,128,3,23,65,218
144,18,1,28,231,189,21,157,122,235
144,19,216,179,181,110,16,233,71,7
144,20,215,183,68,167,9,112,248,13
144,21,24,244,19,52,206,204,139,162
144,22,181,163,128,7,154,97,85,239
144,23,131,18,142,101,212,130,17,115
144,24,57,67,66,233,12,98,234,172
144,25,238,200,122,27,48,249,174,244
144,26,232,152,38,22,1,250,89,219
144,27,209,241,239,118,103,222,17,26
144,28,241,30,8,149,78,232,185,73
144,29,155,180,231,128,232,3,236,101
144,30,1,145,28,235,231,189,157,6
144,31,16,216,179,18,233,155,71,60
144,32,17,171,37,176,199,135,126,46
144,33,63,10,214,94,117,23,197,38
144,34,58,187,28,54,47,235,19,114
144,35,255,184,34,55,40,73,7,201
144,36,25,57,253,244,204,0,8,116
144,37,102,221,87,164,158,45,220,84
144,38,5,157,136,244,39,22,44,15
144,39,16,23,14,61,68,220,252,196
145,0,181,82,107,251,255,39,245,221
145,1,179,89,119,9,176,117,166,237
145,2,237,243,13,155,196,1,66,28
145,3,139,109,242,132,227,28,252,3
145,4,82,145,249,35,56,246,187,7
145,5,232,142,48,174,3,68,238,84
145,6,58,174,108,186,9,131,104,71
145,7,94,146,133,122,220,195,207,247
145,8,215,9,68,183,248,207,26,128
145,9,52,24,139,244,105,179,68,99
145,10,181,68,128,239,154,97,197,85
145,11,64,131,42,212,6,94,2,240
145,12,98,57,172,27,230,107,36,200
145,13,27,249,122,164,174,238,39,110
145,14,232,152,192,1,156,22,42,219
145,15,209,239,22,118,17,7,222,26
145,16,30,241,233,59,74,90,130,8
145,17,180,231,26,3,232,31,170,220
145,18,1,231,87,70,235,28,21,145
145,19,216,179,181,118,16,237,155,10
145,20,215,183,248,167,9,68,13,156
145,21,52,244,162,24,139,204,196,128
145,22,181,68,128,97,239,170,7,85
145,23,131,64,80,212,101,115,2,46
145,24,57,98,172,230,36,234,125,233
145,25,244,164,27,249,122,174,238,198
145,26,232,152,219,22,1,250,89,174
145,27,209,118,239,17,188,222,26,241
145,28,30,241,8,232,149,87,78,147
145,29,26,232,180,231,101,128,3,240
145,30,55,1,231,235,70,122,145,28
145,31,237,216,179,16,18,180,14,155
145,32,224,171,197,176,37,126,135,199
145,33,201,179,10,156,63,117,38,105
145,34,49,217,58,213,28,47,235,177
145,35,255,224,184,55,73,34,40,201
145,36,25,57,255,24,244,204,116,239
145,37,102,50,87,221,158,45,14,83
145,38,146,157,244,5,39,15,4,44
145,39,85,14,177,13,61,220,196,52
146,0,109,55,31,217,24,177,151,203
146,1,226,236,59,42,22,64,11,85
146,2,13,237,3,221,143,157,155,5
146,3,44,132,234,61,16,36,197,215
146,4,243,169,178,117,51,137,80,1
146,5,48,232,142,228,3,133,102,238
146,6,108,174,186,168,58,9,25,29
146,7,146,133,94,122,130,38,246,228
146,8,183,9,215,68,222,128,248,167
146,9,24,52,244,75,162,204,105,139
146,10,181,119,242,146,154,128,85,239
146,11,157,131,212,240,37,2,218,137
146,12,57,98,172,208,233,36,12,125
146,13,174,27,249,122,19,0,207,238
146,14,232,152,156,42,22,1,192,174
146,15,209,239,112,22,118,236,146,142
146,16,241,30,82,53,233,90,59,8
146,17,231,19,3,62,180,206,23,69
146,18,1,116,28,189,231,21,70,87
146,19,179,216,181,247,85,155,60,71
146,20,215,183,9,248,13,128,68,222
146,21,24,244,52,162,219,139,128,204
146,22,181,146,109,85,242,97,154,246
146,23,212,157,131,37,59,2,218,95
146,24,57,166,234,12,172,125,233,47
146,25,230,174,0,19,249,41,48,122
146,26,232,22,1,156,89,152,42,218
146,27,209,239,118,112,18,236,28,99
146,28,30,241,56,82,8,232,190,53
146,29,19,180,231,128,232,62,3,101
146,30,209,1,151,63,28,145,231,189
146,31,216,179,60,18,16,247,180,155
146,32,109,120,171,14,246,176,135,179
146,33,10,139,68,28,38,84,197,11
146,34,48,94,249,18,47,28,235,195
146,35,44,185,255,184,40,201,191,73
146,36,79,37,57,244,25,44,116,125
146,37,196,45,87,162,102,214,95,158
146,38,132,157,244,39,15,87,242,5
146,39,66,44,251,77,99,5,14,61
147,0,159,13,17,174,209,52,116,128
147,1,23,59,80,64,236,232,141,49
147,2,155,90,70,28,10,102,168,0
147,3,86,180,252,44,28,247,234,237
147,4,137,221,169,243,51,204,1,148
147,5,232,48,142,133,228,3,84,77
147,6,108,174,58,9,186,25,104,131
147,7,146,122,94,133,246,130,228,38
147,8,215,183,9,68,128,167,26,6
147,9,24,105,52,244,162,75,139,111
147,10,181,154,128,85,197,242,7,138
147,11,212,220,17,201,131,95,157,240
147,12,57,233,12,234,172,66,98,205
147,13,174,238,41,27,122,30,230,249
147,14,232,42,152,1,22,156,89,250
147,15,209,239,118,236,84,146,222,22
147,16,30,241,193,206,8,90,233,82
147,17,180,231,3,21,62,128,23,205
147,18,1,28,189,21,231,116,157,70
147,19,216,181,179,85,110,114,10,155
147,20,215,183,9,167,13,68,128,248
147,21,244,24,52,139,162,89,105,111
147,22,181,154,128,242,85,97,216,7
147,23,201,212,131,220,17,59,95,218
147,24,57,128,234,11,12,233,46,205
147,25,249,230,238,48,19,41,101,124
147,26,232,22,89,42,174,172,152,218
147,27,209,118,239,22,17,84,234,146
147,28,193,30,190,241,8,167,206,82
147,29,180,231,88,240,3,62,173,21
147,30,70,21,231,50,28,235,63,1
147,31,216,16,181,179,251,18,185,40
147,32,171,131,179,86,125,176,109,70
147,33,10,104,132,139,38,68,95,181
147,34,44,48,72,240,114,235,94,238
147,35,255,145,161,148,184,190,20,40
147,36,25,39,142,115,147,79,87,31
147,37,102,221,27,78,193,95,87,190
147,38,215,157,119,80,169,5,75,39
147,39,158,231,244,14,61,72,196,179
148,0,249,123,229,196,7,216,105,242
148,1,225,117,231,244,27,93,118,155
148,2,163,103,4,227,17,100,70,145
148,3,133,187,152,31,235,231,84,234
148,4,13,142,30,236,167,102,222,251
148,5,104,193,6,186,253,5,90,112
148,6,167,153,174,178,9,108,2,142
148,7,146,29,23,210,1,10,83,46
148,8,234,207,89,248,183,116,84,180
148,9,13,94,29,105,24,164,4,244
148,10,130,169,85,7,181,216,31,159
148,11,189,212,107,17,95,250,185,147
148,12,57,128,63,26,74,46,107,234
148,13,43,147,41,48,154,29,124,134
148,14,156,51,22,232,42,124,86,129
148,15,22,209,162,148,81,213,200,239
148,16,5,233,167,196,140,133,43,206
148,17,250,231,166,87,71,172,147,255
148,18,70,179,21,187,50,28,57,189
148,19,109,205,130,251,181,216,111,20
148,20,234,207,248,184,4,13,186,183
148,21,13,29,94,4,164,24,162,236
148,22,169,130,198,236,15,143,85,181
148,23,189,42,212,128,62,107,17,95
148,24,74,63,26,57,46,128,220,15
148,25,249,48,147,43,134,41,18,154
148,26,232,22,174,124,51,32,148,156
148,27,209,22,118,200,81,239,234,181
148,28,167,5,133,222,206,241,249,224
148,29,231,250,240,50,172,76,3,87
148,30,70,21,231,179,189,187,81,1
148,31,181,251,39,179,130,216,185,106
148,32,98,131,99,186,134,176,91,106
148,33,183,238,232,38,116,126,73,86
148,34,207,84,180,235,171,96,101,146
148,35,145,57,161,184,20,153,255,55
148,36,181,120,70,211,193,11,139,116
148,37,190,31,87,143,83,45,182,58
148,38,71,39,157,148,75,92,244,213
148,39,2,69,217,38,61,189,220,252
149,0,107,82,181,32,83,245,221,246
149,1,117,242,132,118,122,84,86,73
149,2,255,133,243,80,121,238,28,165
149,3,219,131,214,90,227,169,119,73
149,4,118,242,255,30,245,79,254,89
149,5,174,147,5,159,44,106,102,68
149,6,183,164,149,208,108,166,42,131
149,7,1,210,195,220,146,101,7,207
149,8,207,234,248,183,216,84,215,68
149,9,151,217,13,105,4,24,86,201
149,10,228,68,161,62,181,114,239,155
149,11,64,27,195,69,95,212,181,208
149,12,155,57,234,197,154,191,132,172
149,13,164,249,48,41,168,22,18,122
149,14,232,174,152,42,213,129,22,14
149,15,22,209,118,239,234,7,71,84
149,16,140,167,222,206,30,241,233,90
149,17,26,231,3,240,50,206,205,71
149,18,70,231,190,189,1,21,157,159
149,19,251,181,237,216,185,179,80,40
149,20,248,215,167,13,46,183,124,9
149,21,4,242,162,217,244,52,89,236
149,22,15,68,228,97,239,140,128,181
149,23,64,212,27,101,95,113,195,69
149,24,155,57,172,191,234,46,66,181
149,25,249,164,48,22,238,163,29,41
149,26,174,22,238,232,152,79,42,206
149,27,209,22,118,7,234,239,84,43
149,28,222,167,140,21,206,226,30,241
149,29,240,26,231,3,206,50,101,31
149,30,70,231,55,190,159,1,189,21
149,31,237,251,216,179,185,180,40,71
149,32,224,42,176,171,197,91,206,61
149,33,179,201,156,38,217,10,12,51
149,34,217,49,196,235,213,146,70,47
149,35,210,214,161,224,255,184,131,55
149,36,24,255,57,193,239,244,139,42
149,37,50,14,87,83,147,57,221,45
149,38,146,244,157,44,39,75,167,162
149,39,177,85,13,62,61,220,52,252
150,0,55,109,24,70,31,151,217,177
150,1,226,236,117,42,22,85,70,84
150,2,58,221,3,77,133,193,157,5
150,3,44,234,167,66,19,214,202,199
150,4,30,243,82,137,125,178,80,51
150,5,5,48,102,147,248,217,133,66
150,6,108,149,104,183,115,134,25,9
150,7,220,1,146,122,130,210,41,95
150,8,248,68,183,215,46,124,207,9
150,9,4,242,162,24,52,128,196,236
150,10,15,228,181,239,57,107,209,97
150,11,212,6,59,100,137,190,113,37
150,12,234,57,172,61,181,155,27,246
150,13,249,48,174,122,136,207,41,168
150,14,232,174,152,42,76,22,129,192
150,15,209,22,118,7,234,105,239,142
150,16,140,222,206,21,167,30,90,233
150,17,240,3,231,206,205,50,138,36
150,18,231,70,190,157,189,219,1,11
150,19,251,179,71,216,185,85,155,5
150,20,46,248,215,13,183,167,68,124
150,21,4,242,52,89,236,162,244,204
150,22,15,228,239,114,181,146,140,97
150,23,212,113,59,190,218,231,95,208
150,24,155,172,57,234,46,61,11,7
150,25,249,48,22,41,230,18,198,19
150,26,174,232,22,152,79,89,76,14
150,27,7,22,209,118,234,239,105,43
150,28,222,167,21,206,140,226,181,224
150,29,240,3,206,50,231,21,205,143
150,30,231,90,70,190,189,81,63,211
150,31,251,185,71,216,252,179,155,39
150,32,48,85,176,22,201,246,91,62
150,33,38,224,139,3,68,107,185,248
150,34,175,240,94,95,64,171,72,28
150,35,161,85,94,2,185,40,20,236
150,36,202,195,67,246,142,39,79,139
150,37,193,83,60,43,161,78,87,95
150,38,201,119,44,157,75,234,215,39
150,39,1,246,215,183,92,220,158,44
151,0,242,188,133,27,76,12,128,186
151,1,232,66,117,133,236,158,58,43
151,2,145,26,162,19,230,228,155,17
151,3,7,156,234,155,221,21,16,44
151,4,82,55,225,139,169,180,30,164
151,5,232,48,225,14,187,246,217,5
151,6,108,3,104,114,9,115,174,42
151,7,146,243,131,1,94,220,41,130
151,8,68,215,186,46,183,248,124,207
151,9,139,14,4,244,52,162,24,242
151,10,7,181,228,239,15,114,163,59
151,11,212,156,69,116,2,6,142,94
151,12,57,230,206,67,98,55,234,155
151,13,249,48,122,27,17,128,30,200
151,14,152,232,238,42,1,174,38,70
151,15,209,22,239,17,118,105,103,241
151,16,167,90,241,30,222,232,78,21
151,17,240,206,231,155,180,3,245,188
151,18,231,70,28,162,165,1,21,237
151,19,216,71,179,181,155,244,91,160
151,20,215,68,248,207,183,13,9,167
151,21,244,52,19,139,89,162,24,242
151,22,128,7,181,239,15,85,154,114
151,23,131,212,142,69,93,151,156,190
151,24,57,155,234,172,12,7,67,65
151,25,249,48,41,30,22,100,200,238
151,26,152,232,38,83,174,192,89,72
151,27,209,118,103,239,22,17,7,252
151,28,241,222,30,78,167,90,21,232
151,29,180,240,206,231,188,128,155,245
151,30,231,235,165,70,28,90,189,1
151,31,71,216,60,179,18,28,185,251
151,32,157,201,176,171,46,22,246,86
151,33,117,36,10,116,38,23,6,97
151,34,182,28,206,58,90,249,47,212
151,35,255,99,106,40,184,73,71,49
151,36,55,147,234,117,227,25,116,172
151,37,196,95,92,193,220,83,87,102
151,38,104,157,132,215,5,139,39,177
151,39,158,175,23,15,91,72,224,241
152,0,165,212,110,168,157,42,198,170
152,1,131,158,183,13,96,88,40,154
152,2,24,177,160,26,23,22,48,155
152,3,234,44,213,58,216,180,247,245
152,4,180,55,164,30,82,138,105,74
152,5,232,178,14,3,48,102,252,142
152,6,42,104,174,108,114,142,3,9
152,7,146,1,133,131,94,83,220,130
152,8,215,68,186,207,183,9,248,242
152,9,139,52,24,14,196,105,244,162
152,10,181,154,7,85,46,128,114,59
152,11,93,212,131,94,6,201,95,147
152,12,57,98,234,12,230,107,36,172
152,13,249,48,122,27,30,174,41,19
152,14,232,152,156,129,42,218,22,83
152,15,209,22,239,118,17,105,71,142
152,16,167,241,90,30,222,233,140,21
152,17,240,231,3,206,104,62,180,214
152,18,231,70,90,190,165,28,21,1
152,19,225,216,71,155,179,251,181,160
152,20,215,248,207,68,183,13,46,124
152,21,52,4,242,89,14,196,244,148
152,22,114,15,128,239,181,7,154,216
152,23,93,201,212,203,131,116,94,250
152,24,57,7,172,155,11,230,132,46
152,25,249,48,22,18,41,19,81,136
152,26,174,152,14,203,232,241,213,192
152,27,7,22,209,71,105,142,234,118
152,28,167,21,222,181,188,237,71,99
152,29,240,206,7,62,50,104,3,231
152,30,190,90,70,231,81,188,165,207
152,31,225,251,252,71,185,28,5,111
152,32,48,201,157,176,102,22,62,21
152,33,132,224,38,107,3,96,116,58
152,34,95,175,235,64,206,205,171,28
152,35,85,161,94,40,2,20,236,190
152,36,195,202,39,67,117,246,139,152
152,37,60,43,161,83,95,174,78,135
152,38,201,234,119,44,163,3,167,9
152,39,246,1,215,220,92,138,183,250
153,0,127,18,85,84,49,69,233,14
153,1,158,117,96,29,17,57,223,43
153,2,64,70,26,23,169,107,59,68
153,3,116,55,20,171,51,7,166,203
153,4,12,215,82,30,225,79,228,126
153,5,169,249,5,253,102,217,241,21
153,6,108,136,42,104,149,115,142,134
153,7,220,1,146,56,40,173,210,122
153,8,120,248,207,183,46,124,215,68
153,9,4,14,242,151,13,190,5,24
153,10,24,114,15,218,181,252,239,57
153,11,114,212,90,208,203,6,113,100
153,12,57,11,172,234,206,61,135,95
153,13,249,48,38,18,41,174,122,29
153,14,152,232,174,129,218,192,76,79
153,15,22,209,105,7,118,44,71,230
153,16,140,222,21,167,90,233,30,42
153,17,240,206,231,218,143,197,3,31
153,18,190,70,231,238,188,178,206,243
153,19,251,5,91,71,216,28,58,155
153,20,46,248,215,120,124,13,183,242
153,21,242,4,52,89,228,133,14,209
153,22,15,114,24,117,239,218,252,181
153,23,114,113,208,101,212,6,176,100
153,24,172,61,135,206,170,57,155,181
153,25,249,48,38,18,193,29,136,174
153,26,174,152,79,192,232,14,76,129
153,27,7,105,22,43,209,142,234,118
153,28,21,222,226,167,83,140,137,241
153,29,240,206,218,31,3,50,7,231
153,30,190,70,231,238,188,221,178,165
153,31,28,71,251,185,252,5,216,58
153,32,221,102,176,201,94,62,21,91
153,33,121,168,224,38,205,12,3,185
153,34,95,55,81,208,146,70,64,206
153,35,39,99,161,123,40,111,20,236
153,36,49,117,139,195,193,116,202,42
153,37,15,83,193,90,87,241,7,209
153,38,44,86,167,3,126,157,39,80
153,39,72,220,36,244,15,252,61,183
154,0,2,65,212,86,223,157,218,245
154,1,221,117,42,29,185,153,32,84
154,2,23,236,212,201,194,234,70,178
154,3,234,202,2,214,58,247,15,44
154,4,149,30,164,37,155,231,180,4
154,5,236,66,31,5,48,52,23,217
154,6,136,61,42,142,108,115,245,48
154,7,220,1,253,7,239,173,10,146
154,8,124,207,46,186,201,183,88,103
154,9,14,5,4,240,196,242,128,55
154,10,114,117,15,218,143,17,51,239
154,11,202,186,103,116,209,208,236,113
154,12,206,234,132,203,57,27,95,181
154,13,48,249,38,111,18,123,59,39
154,14,174,152,232,241,14,218,192,169
154,15,209,22,71,118,48,44,7,69
154,16,167,222,21,90,188,30,71,140
154,17,240,78,157,206,231,137,143,88
154,18,190,70,231,165,11,188,238,157
154,19,251,71,28,5,194,111,179,155
154,20,46,201,207,124,13,248,215,4
154,21,14,242,4,89,196,240,96,13
154,22,114,15,17,216,117,218,143,239
154,23,116,209,156,186,113,103,208,202
154,24,128,57,65,95,181,139,206,155
154,25,48,38,249,22,18,41,123,29
154,26,174,14,218,9,152,146,89,206
154,27,7,71,142,22,209,105,44,230
154,28,167,21,188,193,71,222,90,226
154,29,78,49,240,88,255,206,157,7
154,30,50,162,70,81,190,231,165,238
154,31,28,71,252,251,185,111,39,170
154,32,75,201,179,176,106,116,40,177
154,33,104,5,116,6,38,3,161,142
154,34,227,44,28,238,55,206,171,235
154,35,148,161,190,145,236,20,74,48
154,36,39,115,227,120,139,202,251,34
154,37,27,190,113,78,83,15,193,241
154,38,135,215,44,119,3,167,15,169
154,39,158,220,243,122,15,197,252,129
155,0,101,242,135,108,249,186,197,79
155,1,26,70,117,11,97,132,155,62
155,2,121,235,247,210,43,192,17,149
155,3,211,37,31,146,226,236,234,199
155,4,118,167,251,30,65,222,105,242
155,5,104,236,6,161,10,44,5,253
155,6,42,142,167,61,136,245,108,157
155,7,2,220,1,29,10,23,253,7
155,8,35,207,248,212,186,184,201,88
155,9,13,94,180,29,4,14,39,98
155,10,114,88,216,15,143,181,169,51
155,11,20,42,186,236,103,202,212,250
155,12,26,234,7,57,128,63,132,56
155,13,249,48,29,18,41,111,39,43
155,14,174,232,152,129,192,14,206,79
155,15,209,22,118,7,105,234,71,239
155,16,222,140,167,30,81,206,96,21
155,17,240,231,3,31,166,206,243,61
155,18,231,70,190,148,178,157,206,243
155,19,130,251,5,71,216,58,155,185
155,20,215,248,46,124,35,13,70,183
155,21,242,52,4,180,196,29,89,162
155,22,15,114,239,117,83,181,134,143
155,23,20,113,6,101,39,212,42,49
155,24,172,61,135,155,57,170,181,72
155,25,249,48,29,22,193,62,136,246
155,26,174,152,79,72,14,192,76,129
155,27,7,105,43,142,22,209,230,234
155,28,21,222,96,226,167,83,140,71
155,29,240,206,172,31,3,250,50,231
155,30,148,190,170,70,231,187,81,178
155,31,130,120,251,185,5,71,28,252
155,32,99,176,201,98,94,158,177,21
155,33,232,224,126,190,3,38,205,183
155,34,34,97,161,116,55,146,171,70
155,35,39,161,145,40,123,212,111,99
155,36,139,49,207,117,120,193,42,116
155,37,83,90,190,104,15,87,7,241
155,38,135,44,3,167,126,27,71,157
155,39,243,110,36,12,69,15,220,252
156,0,78,217,177,120,238,57,223,66
156,1,247,12,1,191,117,178,153,245
156,2,228,133,58,110,230,87,188,247
156,3,234,16,155,58,63,242,215,60
156,4,82,169,30,118,191,239,48,63
156,5,6,66,225,48,102,187,181,116
156,6,108,136,104,115,25,189,164,245
156,7,220,84,122,1,173,41,146,2
156,8,248,225,46,215,124,183,176,201
156,9,4,5,162,52,242,133,156,201
156,10,15,117,140,109,17,103,90,239
156,11,113,208,6,68,212,135,100,190
156,12,47,98,234,172,135,101,57,61
156,13,249,155,136,48,174,128,122,27
156,14,174,232,152,79,192,220,129,206
156,15,209,7,22,118,234,105,142,112
156,16,222,10,21,140,81,241,206,30
156,17,206,240,231,3,126,174,245,31
156,18,70,231,238,190,4,243,206,237
156,19,251,60,185,71,216,179,5,55
156,20,248,215,46,45,225,124,167,183
156,21,242,4,52,162,196,133,216,96
156,22,15,117,90,239,140,253,213,224
156,23,208,113,156,6,151,212,209,135
156,24,47,172,135,181,155,61,173,72
156,25,249,48,193,22,247,198,136,62
156,26,174,79,14,152,144,72,206,192
156,27,7,22,142,105,234,209,43,211
156,28,21,10,222,81,226,140,83,206
156,29,126,206,240,78,174,3,55,31
156,30,18,70,190,238,231,148,237,178
156,31,60,15,251,185,55,71,28,5
156,32,58,248,176,62,91,94,177,126
156,33,176,38,3,12,185,248,224,167
156,34,80,249,146,227,55,171,109,209
156,35,161,123,95,20,100,236,111,121
156,36,228,21,139,42,55,116,49,117
156,37,244,214,83,87,7,193,45,196
156,38,177,204,195,141,24,3,236,39
156,39,226,83,66,209,15,144,127,47
157,0,124,156,14,38,190,15,132,98
157,1,12,247,196,178,8,100,90,1
157,2,228,133,157,58,151,187,76,230
157,3,16,2,234,66,58,155,215,44
157,4,169,30,82,93,63,51,216,239
157,5,66,6,254,48,67,213,225,102
157,6,245,108,136,104,115,114,25,134
157,7,220,19,1,173,84,41,2,8
157,8,47,242,248,124,46,183,215,201
157,9,4,133,5,162,220,52,242,128
157,10,117,15,17,109,253,239,140,103
157,11,113,151,209,208,103,100,146,6
157,12,47,95,55,234,61,206,203,181
157,13,249,48,136,193,247,174,155,62
157,14,174,152,192,206,79,14,232,220
157,15,123,7,22,209,105,178,234,5
157,16,21,222,140,20,83,135,226,138
157,17,240,206,143,231,78,174,36,126
157,18,70,190,237,238,231,178,206,243
157,19,251,5,58,60,176,250,71,185
157,20,242,46,248,47,45,215,124,230
157,21,242,4,133,91,162,220,52,89
157,22,117,15,17,253,140,153,114,254
157,23,113,151,209,208,103,156,190,100
157,24,47,172,61,155,181,227,173,170
157,25,48,249,155,22,193,136,196,247
157,26,174,79,14,206,93,13,192,152
157,27,7,142,178,105,22,234,43,5
157,28,21,222,226,82,83,206,212,81
157,29,78,206,240,157,49,126,138,55
157,30,70,18,237,148,238,178,50,231
157,31,28,60,251,5,71,185,55,37
157,32,75,120,248,176,78,40,94,57
157,33,176,161,38,162,104,185,167,12
157,34,227,249,80,109,44,146,55,28
157,35,77,121,161,148,100,123,176,236
157,36,55,21,39,138,228,139,42,147
157,37,214,244,83,193,196,116,137,111
157,38,156,24,177,141,149,195,222,3
157,39,5,66,209,251,15,86,218,65
158,0,17,129,87,209,52,240,98,210
158,1,12,247,79,196,100,228,75,8
158,2,139,93,235,151,192,83,63,95
158,3,2,234,66,58,177,218,63,44
158,4,149,169,30,63,180,203,216,118
158,5,48,66,6,187,115,102,225,213
158,6,108,245,136,115,104,25,142,19
158,7,220,1,2,173,122,151,8,41
158,8,124,242,248,46,201,183,88,215
158,9,4,242,220,52,5,162,133,14
158,10,15,117,253,114,239,17,107,90
158,11,151,113,212,103,209,186,100,6
158,12,203,234,61,95,135,55,181,172
158,13,249,48,22,193,39,174,207,136
158,14,152,174,192,232,79,206,76,129
158,15,22,209,7,105,142,118,151,234
158,16,21,222,140,167,90,42,226,30
158,17,240,206,78,143,231,157,174,36
158,18,190,70,231,237,238,178,11,206
158,19,251,71,28,70,5,58,176,250
158,20,242,46,248,13,124,215,201,134
158,21,242,4,89,133,52,162,220,190
158,22,117,15,216,114,17,253,239,153
158,23,113,151,209,186,190,103,116,100
158,24,128,61,172,155,181,135,119,170
158,25,48,249,22,193,247,62,19,246
158,26,174,93,14,206,89,79,72,218
158,27,7,142,105,22,234,230,43,209
158,28,21,212,226,222,193,82,83,206
158,29,78,240,157,88,49,206,31,61
158,30,70,50,148,231,178,237,162,238
158,31,28,5,251,185,71,60,111,252
158,32,75,176,179,21,177,40,94,156
158,33,161,104,5,38,162,185,3,167
158,34,109,227,44,28,238,55,146,34
158,35,161,148,39,123,190,20,236,111
158,36,39,139,251,115,77,49,193,42
158,37,83,87,193,15,27,209,241,7
158,38,44,167,3,39,15,126,157,250
158,39,75,220,15,61,36,252,179,72
159,0,113,166,142,97,215,150,205,149
159,1,87,34,26,117,0,227,139,5
159,2,235,31,192,83,17,227,130,133
159,3,46,146,211,76,250,234,84,2
159,4,167,161,14,240,30,67,82,4
159,5,6,66,235,44,225,131,51,130
159,6,245,136,142,115,167,198,215,108
159,7,2,220,91,1,176,253,239,95
159,8,33,242,124,207,201,186,88,248
159,9,39,132,13,14,94,29,4,156
159,10,216,253,114,117,248,15,192,249
159,11,36,20,151,186,103,74,49,104
159,12,203,234,135,181,160,7,98,154
159,13,33,249,48,22,29,142,111,18
159,14,147,191,174,152,232,192,218,129
159,15,65,22,209,7,118,105,142,234
159,16,13,222,156,167,21,140,90,71
159,17,240,110,231,206,143,102,31,174
159,18,70,190,148,231,128,238,11,178
159,19,120,251,71,5,12,130,216,58
159,20,248,33,215,46,124,242,201,13
159,21,39,242,132,4,52,196,89,162
159,22,117,15,248,114,239,143,134,168
159,23,20,36,101,113,208,100,151,190
159,24,172,61,135,181,170,107,72,173
159,25,249,48,33,142,18,193,62,88
159,26,174,147,79,152,14,72,192,206
159,27,65,7,105,142,22,209,234,230
159,28,21,156,222,226,83,212,231,140
159,29,240,206,110,31,231,3,50,138
159,30,148,190,70,128,231,178,103,221
159,31,130,120,5,251,185,12,71,58
159,32,113,99,176,238,94,177,21,40
159,33,190,232,41,224,38,185,3,104
159,34,34,97,88,161,55,146,95,171
159,35,39,161,123,99,20,236,111,212
159,36,49,207,139,117,202,193,42,39
159,37,15,83,90,87,190,193,241,209
159,38,44,3,167,86,80,71,126,39
159,39,72,220,36,15,244,69,61,252
160,0,2,41,223,86,152,115,6,224
160,1,191,52,42,109,56,117,245,84
160,2,76,235,61,193,63,93,198,17
160,3,2,234,218,66,63,58,197,243
160,4,203,149,169,30,63,216,231,93
160,5,66,48,187,115,5,225,33,102
160,6,245,108,19,136,115,142,134,25
160,7,220,1,146,130,95,122,173,151
160,8,124,242,183,46,248,215,88,201
160,9,4,242,5,14,133,24,196,190
160,10,15,117,181,192,216,239,153,114
160,11,136,151,103,209,113,212,100,6
160,12,115,135,170,234,61,203,172,57
160,13,249,48,39,18,174,122,88,207
160,14,152,174,232,192,79,129,206,76
160,15,22,209,105,230,7,151,142,234
160,16,21,222,42,193,140,30,167,82
160,17,240,206,231,78,31,12,254,143
160,18,70,231,190,238,237,151,178,157
160,19,71,5,251,249,23,176,155,111
160,20,242,46,248,13,124,201,215,149
160,21,242,4,89,204,190,52,196,133
160,22,216,117,15,17,114,153,239,168
160,23,136,151,113,209,208,116,103,59
160,24,128,115,61,135,170,172,155,181
160,25,48,249,97,18,22,19,193,171
160,26,174,218,89,14,79,171,76,206
160,27,7,22,142,105,71,234,197,209
160,28,226,21,193,167,212,222,196,82
160,29,78,240,88,61,157,49,119,31
160,30,148,70,50,231,178,162,237,232
160,31,251,249,185,5,28,23,111,252
160,32,75,177,179,94,91,176,125,40
160,33,161,104,38,5,248,3,6,185
160,34,227,44,109,28,238,171,55,30
160,35,148,161,236,190,20,74,145,67
160,36,39,202,115,139,227,147,251,42
160,37,27,83,229,78,193,101,87,190
160,38,167,44,119,3,15,169,215,39
160,39,75,220,158,179,231,197,15,165
161,0,142,166,113,150,97,215,205,213
161,1,87,64,139,177,227,5,59,34
161,2,235,9,163,146,202,51,31,156
161,3,146,46,76,211,246,136,250,98
161,4,167,161,14,67,30,240,81,135
161,5,224,6,66,235,85,104,201,191
161,6,245,54,136,142,167,215,108,115
161,7,220,1,91,176,2,7,146,29
161,8,33,248,207,242,201,88,124,164
161,9,39,132,13,14,4,94,29,24
161,10,216,248,114,181,253,15,143,5
161,11,20,36,136,212,151,103,90,248
161,12,57,234,107,172,7,135,203,132
161,13,249,33,48,18,174,39,122,41
161,14,232,156,152,129,174,14,147,169
161,15,22,209,71,142,65,230,239,192
161,16,42,167,30,233,222,21,140,118
161,17,231,3,240,254,147,23,31,50
161,18,70,165,231,190,28,87,12,1
161,19,216,111,251,179,181,120,130,71
161,20,215,248,33,207,201,183,124,88
161,21,39,4,162,196,132,242,89,244
161,22,248,15,114,143,117,128,181,239
161,23,20,212,103,36,113,163,84,208
161,24,172,57,181,132,63,61,254,7
161,25,48,249,33,18,43,29,22,123
161,26,174,14,147,206,76,152,79,72
161,27,65,7,105,234,22,209,142,5
161,28,21,222,226,167,188,96,156,206
161,29,240,172,206,50,31,3,110,231
161,30,148,190,70,231,178,187,81,103
161,31,130,251,185,5,252,120,111,28
161,32,99,113,177,62,176,238,94,91
161,33,190,232,38,224,3,107,104,248
161,34,88,97,34,161,55,67,64,171
161,35,161,39,236,2,99,20,123,145
161,36,207,49,202,139,117,152,246,42
161,37,83,15,60,161,190,87,174,193
161,38,80,44,234,167,71,3,15,39
161,39,244,72,220,69,92,183,36,15
162,0,242,234,186,144,214,248,203,237
162,1,11,132,191,34,26,198,59,219
162,2,230,76,110,150,235,86,198,157
162,3,155,234,66,2,76,215,156,246
162,4,71,94,12,30,60,169,149,63
162,5,48,66,5,217,225,54,6,116
162,6,136,115,235,19,108,3,142,245
162,7,220,1,243,181,91,95,2,139
162,8,184,124,248,201,159,88,207,103
162,9,96,4,5,14,242,133,190,23
162,10,15,253,218,114,143,161,9,57
162,11,153,212,116,113,66,103,142,100
162,12,227,234,181,61,115,95,146,55
162,13,48,249,116,22,247,38,136,193
162,14,174,79,206,192,232,152,14,40
162,15,22,234,209,7,118,248,142,105
162,16,21,222,140,226,167,206,83,90
162,17,240,206,197,231,31,218,3,143
162,18,70,231,190,178,206,238,188,243
162,19,5,250,251,71,44,91,70,155
162,20,248,215,13,46,230,8,255,184
162,21,96,242,133,4,89,91,128,14
162,22,15,0,218,253,114,153,140,143
162,23,113,100,212,208,101,116,66,114
162,24,227,172,170,61,181,195,236,37
162,25,48,249,193,247,196,38,29,198
162,26,174,79,89,152,14,206,192,237
162,27,7,43,22,105,248,118,234,209
162,28,21,226,222,83,167,206,140,230
162,29,240,206,31,218,49,3,38,55
162,30,231,70,178,69,190,206,148,238
162,31,71,60,5,251,185,250,28,58
162,32,195,176,162,94,86,177,146,21
162,33,97,6,37,185,181,38,3,189
162,34,52,146,212,90,255,95,19,55
162,35,161,123,49,111,100,131,39,99
162,36,234,139,117,147,42,227,41,116
162,37,15,87,83,193,7,228,90,45
162,38,167,3,14,44,157,15,114,162
162,39,72,220,36,61,252,15,165,224
163,0,2,41,223,115,86,29,177,237
163,1,40,27,231,35,153,206,8,42
163,2,23,120,157,173,20,212,252,178
163,3,215,234,58,197,66,247,2,166
163,4,149,169,180,30,231,93,51,164
163,5,66,116,115,250,254,6,187,92
163,6,136,115,114,84,245,146,108,142
163,7,220,1,19,250,161,84,7,243
163,8,124,242,255,47,248,184,230,157
163,9,133,14,4,242,91,5,128,89
163,10,17,15,117,253,114,153,218,103
163,11,151,209,113,212,100,208,156,101
163,12,95,227,234,181,236,37,146,254
163,13,48,111,193,100,249,247,59,38
163,14,174,79,152,192,14,218,40,232
163,15,22,209,118,43,142,7,234,105
163,16,222,21,83,226,140,167,206,90
163,17,240,31,206,102,55,78,174,138
163,18,231,70,178,190,206,238,237,4
163,19,5,251,250,70,71,58,155,44
163,20,248,215,13,70,230,9,134,46
163,21,242,91,133,52,89,162,240,96
163,22,15,17,117,218,67,239,134,114
163,23,101,100,151,209,113,212,156,116
163,24,172,227,236,72,61,173,170,37
163,25,249,193,48,198,128,136,88,111
163,26,79,174,152,192,89,237,13,33
163,27,43,7,166,105,22,118,209,211
163,28,222,83,226,21,140,206,19,231
163,29,31,78,240,49,55,3,38,206
163,30,231,70,237,178,36,206,69,144
163,31,71,60,58,251,5,185,250,216
163,32,75,176,94,86,190,104,177,126
163,33,161,5,185,6,38,3,36,182
163,34,227,109,249,146,52,90,205,80
163,35,136,161,123,49,131,40,111,100
163,36,139,227,251,147,116,25,39,41
163,37,87,214,83,228,45,7,84,221
163,38,87,167,3,14,157,114,124,231
163,39,251,220,61,15,252,224,165,223
164,0,52,136,209,247,17,80,96,84
164,1,231,27,219,35,202,8,252,72
164,2,224,120,23,93,83,63,235,0
164,3,211,234,66,76,215,2,63,101
164,4,71,169,93,180,239,231,30,164
164,5,67,254,115,66,116,6,225,92
164,6,115,114,235,136,73,84,19,142
164,7,220,1,243,7,250,161,131,41
164,8,184,255,124,103,159,242,207,248
164,9,242,133,4,14,201,91,240,23
164,10,15,181,218,143,107,253,240,239
164,11,212,100,42,113,130,94,240,58
164,12,227,57,107,126,172,27,98,234
164,13,249,122,136,39,174,71,234,132
164,14,232,174,152,79,192,156,14,141
164,15,209,22,166,118,234,43,7,142
164,16,140,233,222,30,74,167,212,241
164,17,231,3,240,147,31,174,102,57
164,18,70,206,231,87,4,238,251,190
164,19,251,216,250,185,80,215,230,40
164,20,215,248,13,46,45,183,6,156
164,21,4,162,242,133,80,128,52,236
164,22,15,160,97,143,248,239,85,181
164,23,80,212,113,101,240,131,208,12
164,24,227,107,57,172,72,173,181,221
164,25,249,122,181,48,198,163,174,193
164,26,232,174,79,152,22,156,225,59
164,27,209,118,166,43,22,234,236,7
164,28,222,74,140,8,226,83,206,241
164,29,240,150,231,31,3,138,23,232
164,30,231,70,206,178,122,144,138,237
164,31,250,172,251,185,155,216,58,180
164,32,176,75,94,194,190,104,177,116
164,33,5,185,161,38,3,182,168,6
164,34,205,146,227,52,19,109,47,90
164,35,161,123,131,40,100,111,217,49
164,36,139,116,25,234,42,41,251,223
164,37,87,84,221,45,228,7,83,102
164,38,167,14,3,114,157,15,162,39
164,39,220,165,61,252,15,79,168,72
165,0,96,226,171,80,133,90,118,214
165,1,227,206,96,183,117,158,40,195
165,2,23,120,173,235,149,159,20,63
165,3,188,122,170,213,221,2,247,234
165,4,71,60,119,55,12,82,180,123
165,5,194,66,116,92,6,225,61,114
165,6,16,115,84,235,108,172,136,146
165,7,220,1,253,243,115,84,228,95
165,8,112,35,248,184,255,159,124,77
165,9,242,4,133,14,206,19,162,91
165,10,15,163,229,181,143,239,107,213
165,11,18,130,212,100,116,113,240,234
165,12,106,227,234,172,67,236,61,154
165,13,249,200,48,136,193,122,112,39
165,14,152,174,79,232,192,129,40,218
165,15,209,22,241,118,105,7,142,43
165,16,222,21,140,226,30,83,241,167
165,17,240,31,102,206,55,231,236,218
165,18,231,70,178,238,206,36,190,87
165,19,70,71,5,58,55,251,250,216
165,20,215,248,70,9,112,46,13,149
165,21,242,52,91,162,80,133,128,196
165,22,15,163,67,254,239,181,103,140
165,23,101,18,100,212,130,6,240,131
165,24,172,72,36,173,236,98,227,107
165,25,249,193,48,198,136,128,88,122
165,26,79,174,152,192,237,232,89,219
165,27,43,7,118,166,209,22,105,214
165,28,222,83,226,140,241,30,21,231
165,29,31,240,232,55,3,138,236,174
165,30,231,70,36,178,6,206,144,210
165,31,58,71,216,185,250,251,5,60
165,32,176,89,194,17,190,94,126,158
165,33,185,214,23,94,38,3,248,12
165,34,146,187,19,54,34,47,209,235
165,35,123,161,40,131,217,111,100,201
165,36,139,253,25,116,0,42,130,223
165,37,87,221,84,102,220,7,45,164
165,38,14,167,157,3,22,114,15,162
165,39,145,220,16,61,252,23,15,168
166,0,177,222,103,133,47,214,55,137
166,1,71,70,3,100,153,251,56,84
166,2,157,42,211,136,193,148,120,161
166,3,234,197,66,16,63,215,94,243
166,4,169,30,137,51,63,3,1,93
166,5,48,116,181,187,92,75,66,225
166,6,219,201,25,189,115,70,71,4
166,7,220,130,1,77,122,146,95,246
166,8,248,215,124,230,9,45,149,183
166,9,91,52,242,133,128,162,4,24
166,10,15,67,181,153,254,140,103,146
166,11,146,100,240,6,212,37,131,197
166,12,172,72,234,98,173,236,36,27
166,13,136,193,249,122,27,39,88,48
166,14,79,174,152,192,232,237,13,129
166,15,22,209,7,118,112,214,105,211
166,16,82,226,83,30,21,241,193,222
166,17,31,55,240,206,71,4,231,232
166,18,231,70,116,178,36,238,46,151
166,19,247,55,58,251,5,216,185,47
166,20,248,70,215,45,149,9,13,134
166,21,91,52,242,89,162,80,133,128
166,22,15,67,254,216,146,181,103,153
166,23,100,59,37,212,197,146,201,190
166,24,128,172,72,236,119,234,173,157
166,25,48,193,19,249,0,136,88,97
166,26,79,174,237,89,192,218,40,152
166,27,43,22,7,118,211,105,209,201
166,28,226,212,83,82,193,222,206,241
166,29,88,31,240,3,55,138,4,231
166,30,231,70,178,50,151,162,36,206
166,31,58,251,185,5,216,247,250,155
166,32,176,179,57,28,94,120,26,190
166,33,185,102,162,104,3,54,38,139
166,34,146,44,240,70,249,195,143,209
166,35,161,123,131,148,111,255,55,217
166,36,39,139,116,193,42,44,98,115
166,37,87,83,45,84,7,228,221,27
166,38,167,14,3,157,15,87,114,162
166,39,220,61,252,165,251,129,223,196
167,0,51,49,22,153,85,227,119,247
167,1,169,223,177,87,232,117,84,77
167,2,16,164,162,161,136,233,146,151
167,3,98,97,27,238,160,146,153,191
167,4,14,167,30,82,65,3,181,67
167,5,67,6,235,181,116,92,252,66
167,6,115,172,129,84,189,146,215,167
167,7,220,44,1,84,146,115,95,150
167,8,33,248,124,255,149,230,45,184
167,9,132,242,4,133,91,162,190,14
167,10,248,15,216,181,143,67,103,160
167,11,36,20,212,100,240,113,94,196
167,12,234,172,107,181,227,160,57,236
167,13,33,48,249,122,136,193,112,88
167,14,147,174,79,152,232,129,192,14
167,15,166,22,209,118,240,43,234,142
167,16,156,140,30,83,21,226,222,206
167,17,110,240,31,231,206,102,55,3
167,18,231,70,128,112,238,178,190,206
167,19,120,251,12,71,58,5,216,250
167,20,248,215,33,13,70,9,46,183
167,21,242,132,52,162,91,4,89,196
167,22,248,15,239,254,181,67,143,168
167,23,36,101,100,212,20,240,113,6
167,24,172,227,36,72,173,107,57,37
167,25,249,33,48,193,142,198,128,122
167,26,147,174,79,152,192,237,89,232
167,27,22,209,118,43,7,105,166,234
167,28,222,156,226,21,140,83,241,212
167,29,240,110,31,3,206,231,55,232
167,30,231,70,128,112,178,206,36,210
167,31,71,58,120,216,185,251,12,5
167,32,176,238,113,158,194,190,94,177
167,33,73,41,185,38,3,94,248,12
167,34,146,97,34,161,19,47,235,188
167,35,161,123,131,40,217,100,111,255
167,36,116,139,0,181,25,42,253,239
167,37,87,84,221,83,220,45,102,90
167,38,167,14,157,22,3,15,114,86
167,39,145,220,16,61,252,15,36,23
168,0,2,115,223,41,26,224,29,177
168,1,153,70,117,109,52,245,165,42
168,2,76,193,16,139,157,211,61,201
168,3,234,197,215,66,16,239,44,15
168,4,30,149,169,82,137,63,203,166
168,5,116,48,187,66,213,5,102,225
168,6,19,108,115,172,146,129,25,217
168,7,220,1,77,146,167,122,84,95
168,8,215,248,124,46,68,183,45,7
168,9,4,242,133,162,91,52,128,80
168,10,15,117,181,239,153,143,67,103
168,11,212,113,208,100,151,238,240,190
168,12,166,115,227,172,234,37,46,72
168,13,249,48,174,193,136,122,114,247
168,14,232,174,152,79,76,192,172,206
168,15,22,209,105,211,43,7,118,18
168,16,222,140,21,154,30,226,138,241
168,17,240,206,231,31,78,174,3,12
168,18,70,231,237,238,206,178,190,243
168,19,206,251,71,250,5,58,155,185
168,20,215,248,46,13,70,183,149,230
168,21,242,4,133,162,52,89,196,91
168,22,15,239,117,17,181,146,168,254
168,23,151,212,113,238,209,208,190,6
168,24,172,72,227,115,166,37,61,173
168,25,249,48,193,174,128,246,136,163
168,26,79,174,192,152,237,89,232,13
168,27,43,7,209,105,118,22,211,18
168,28,222,226,138,21,140,241,83,206
168,29,240,78,31,3,232,55,138,231
168,30,231,70,206,237,178,210,36,151
168,31,60,185,216,251,71,58,5,249
168,32,176,14,197,75,126,243,94,190
168,33,161,185,103,38,3,248,12,5
168,34,227,146,143,109,47,11,235,18
168,35,161,217,123,40,201,255,111,100
168,36,55,116,48,42,139,25,50,251
168,37,87,162,102,221,83,45,84,228
168,38,167,157,14,114,3,124,15,132
168,39,224,77,220,61,252,62,197,15
169,0,178,70,13,55,224,60,47,177
169,1,206,70,105,117,42,5,245,15
169,2,145,235,22,17,174,149,184,181
169,3,239,234,197,245,21,7,66,63
169,4,30,44,169,178,221,63,137,82
169,5,181,116,48,187,225,17,30,16
169,6,9,108,19,29,115,17,25,129
169,7,220,130,1,146,122,38,94,95
169,8,215,124,248,183,9,68,45,230
169,9,52,80,242,4,91,162,24,196
169,10,15,181,216,67,239,140,103,254
169,11,212,68,100,37,6,240,136,190
169,12,172,115,57,234,231,107,36,233
169,13,249,136,122,48,128,174,163,247
169,14,174,152,232,79,129,192,237,70
169,15,209,22,118,7,105,142,43,234
169,16,140,241,30,193,21,82,226,222
169,17,240,206,231,31,3,71,174,45
169,18,231,70,151,238,219,189,157,206
169,19,99,216,251,185,247,249,179,58
169,20,215,248,45,13,70,183,9,230
169,21,80,242,89,244,162,52,196,4
169,22,216,15,146,181,239,67,103,168
169,23,136,201,212,59,37,197,68,152
169,24,128,115,172,119,234,233,231,36
169,25,97,128,19,48,249,101,193,70
169,26,174,171,89,152,79,14,218,95
169,27,22,209,234,118,43,105,84,7
169,28,193,167,196,206,222,226,82,241
169,29,61,88,240,3,231,21,119,205
169,30,70,231,50,162,189,243,21,211
169,31,251,185,205,249,181,216,99,179
169,32,131,144,125,91,179,177,109,176
169,33,185,102,38,238,104,132,68,248
169,34,44,171,240,238,28,20,96,120
169,35,148,145,20,190,161,236,217,255
169,36,39,115,227,202,142,120,156,147
169,37,27,78,87,190,83,45,169,101
169,38,169,119,215,157,61,39,96,158
169,39,231,6,117,220,179,44,158,61
170,0,229,196,249,216,7,123,105,242
170,1,225,244,231,117,118,93,27,150
170,2,163,103,100,4,162,227,17,140
170,3,133,187,152,235,231,234,31,84
170,4,13,142,30,167,236,222,102,251
170,5,104,6,193,186,5,253,112,90
170,6,167,153,245,108,54,142,61,9
170,7,1,29,23,146,220,210,83,10
170,8,234,207,248,201,184,89,183,19
170,9,13,29,94,164,4,201,24,86
170,10,216,130,169,181,15,195,143,85
170,11,189,212,161,107,90,95,17,250
170,12,57,26,63,128,74,234,107,46
170,13,43,147,48,249,41,29,154,30
170,14,124,51,42,232,156,86,174,119
170,15,22,209,200,213,81,162,239,44
170,16,5,233,140,196,133,167,206,43
170,17,250,231,172,3,76,61,166,87
170,18,187,179,50,70,57,21,231,190
170,19,130,109,251,205,216,181,111,160
170,20,234,207,248,13,184,4,46,212
170,21,4,29,94,13,164,236,89,242
170,22,169,130,198,248,15,143,236,35
170,23,189,42,212,62,161,128,95,113
170,24,74,63,26,128,57,234,181,44
170,25,43,147,48,41,249,134,6,18
170,26,232,124,148,174,22,20,51,156
170,27,209,22,200,234,81,118,239,181
170,28,5,167,133,222,241,206,249,224
170,29,231,250,172,76,50,240,3,87
170,30,21,70,179,187,231,189,81,211
170,31,251,181,130,179,39,106,185,216
170,32,98,99,131,186,91,134,176,106
170,33,183,238,232,38,116,126,73,248
170,34,207,84,180,171,235,96,101,62
170,35,145,20,57,236,153,218,161,184
170,36,181,120,70,211,202,14,119,42
170,37,190,31,143,87,58,83,182,45
170,38,71,92,148,75,39,213,95,157
170,39,2,69,189,38,217,213,61,220
171,0,185,66,157,22,106,40,32,214
171,1,117,118,242,241,226,86,112,84
171,2,133,255,58,121,60,80,10,219
171,3,214,19,202,219,234,55,92,191
171,4,118,122,139,30,80,54,88,251
171,5,147,5,114,11,44,69,161,18
171,6,183,166,208,164,42,142,108,122
171,7,1,101,210,7,146,109,220,41
171,8,207,234,120,248,164,184,183,88
171,9,217,178,13,105,156,4,24,98
171,10,142,62,31,161,114,72,163,7
171,11,69,27,109,95,195,2,156,101
171,12,191,155,132,234,12,57,181,0
171,13,168,249,48,41,18,22,136,142
171,14,40,174,42,156,232,22,152,14
171,15,209,22,234,239,120,118,7,71
171,16,206,140,167,222,241,233,119,30
171,17,3,231,240,188,50,166,205,86
171,18,70,162,189,159,231,21,158,1
171,19,181,179,216,251,185,159,155,80
171,20,215,248,13,207,184,183,167,64
171,21,217,162,4,244,24,178,219,89
171,22,142,62,97,7,31,85,163,181
171,23,69,27,109,95,212,195,101,2
171,24,57,12,191,233,172,234,46,29
171,25,249,48,41,174,163,29,238,136
171,26,22,232,174,40,152,156,42,178
171,27,209,239,22,120,234,118,84,105
171,28,241,222,206,167,8,119,249,30
171,29,231,3,188,240,173,206,205,213
171,30,70,189,158,21,1,231,243,11
171,31,179,181,106,251,216,91,185,71
171,32,96,176,91,42,75,246,201,116
171,33,168,11,38,151,58,232,28,116
171,34,12,205,171,235,56,180,45,101
171,35,132,145,236,20,184,218,153,255
171,36,253,211,202,117,193,223,116,152
171,37,161,143,87,174,83,45,31,67
171,38,39,234,88,157,44,75,30,9
171,39,241,9,92,72,61,220,68,183
172,0,110,57,56,157,102,127,250,146
172,1,241,179,82,117,228,227,63,84
172,2,237,33,5,80,161,174,127,233
172,3,70,19,132,42,44,234,171,60
172,4,122,74,254,80,138,139,30,215
172,5,24,169,144,5,147,11,14,114
172,6,243,174,42,178,108,166,142,9
172,7,146,210,56,1,122,41,60,207
172,8,207,183,215,79,13,167,14,109
172,9,148,105,24,217,162,244,236,4
172,10,142,7,24,97,73,85,31,181
172,11,69,210,147,95,2,212,109,154
172,12,57,12,66,234,233,84,246,172
172,13,41,238,122,48,174,30,207,36
172,14,232,42,178,156,22,152,40,89
172,15,209,203,22,239,84,118,219,146
172,16,241,30,206,161,167,90,233,8
172,17,231,3,23,188,180,205,56,69
172,18,1,189,21,28,231,70,158,162
172,19,179,181,216,106,199,155,175,40
172,20,215,183,207,13,248,222,167,9
172,21,148,162,24,244,219,4,89,52
172,22,97,85,7,24,181,142,246,231
172,23,210,212,95,69,147,2,101,45
172,24,57,12,234,43,233,172,98,29
172,25,174,41,249,48,124,30,198,122
172,26,232,22,42,156,152,174,178,220
172,27,209,203,239,118,84,234,22,240
172,28,241,8,161,206,30,249,222,168
172,29,231,3,214,188,206,240,205,180
172,30,189,1,158,21,231,70,28,243
172,31,179,91,181,216,185,199,71,251
172,32,221,246,176,91,18,201,171,48
172,33,96,151,38,107,121,58,28,10
172,34,56,208,175,171,235,252,95,81
172,35,184,236,20,85,218,132,255,99
172,36,202,246,195,211,152,223,193,116
172,37,161,83,87,174,143,45,67,60
172,38,39,234,201,9,44,30,101,157
172,39,246,1,250,92,183,215,220,15
173,0,186,242,234,144,84,237,155,111
173,1,52,111,109,198,56,117,83,208
173,2,230,150,86,237,33,212,15,92
173,3,155,42,44,132,234,202,199,116
173,4,112,94,30,169,137,178,1,204
173,5,48,102,232,81,144,133,5,169
173,6,178,243,174,108,9,92,142,126
173,7,146,243,122,181,210,94,130,220
173,8,215,183,248,9,207,124,167,68
173,9,24,244,162,105,4,52,236,190
173,10,7,181,97,85,239,142,94,207
173,11,153,2,212,95,69,240,114,147
173,12,57,233,12,234,66,172,246,27
173,13,174,207,249,128,41,122,238,48
173,14,232,152,42,22,156,1,192,40
173,15,209,248,239,22,146,118,142,105
173,16,241,30,206,230,21,233,90,167
173,17,231,3,206,188,240,23,180,69
173,18,189,70,1,231,21,28,243,157
173,19,179,216,60,181,71,185,155,91
173,20,215,183,248,13,9,68,64,167
173,21,244,162,219,52,24,4,89,139
173,22,0,7,181,97,142,85,239,140
173,23,2,212,15,95,153,69,116,59
173,24,57,12,128,172,233,234,205,29
173,25,174,249,41,48,19,128,1,163
173,26,22,152,232,174,156,89,206,220
173,27,209,118,7,239,22,248,234,105
173,28,241,30,206,230,8,222,78,193
173,29,231,3,49,240,128,206,188,180
173,30,231,70,189,1,158,21,235,11
173,31,60,216,179,18,185,181,71,251
173,32,148,176,86,171,246,195,146,91
173,33,36,97,38,37,10,250,104,181
173,34,212,45,90,28,44,235,238,255
173,35,255,49,161,20,190,184,145,148
173,36,147,234,115,39,227,116,25,42
173,37,193,27,87,102,15,95,78,220
173,38,157,215,39,139,5,15,119,75
173,39,224,75,158,36,72,23,61,14
174,0,97,113,166,142,205,215,213,150
174,1,199,34,26,62,59,117,151,158
174,2,35,252,237,64,26,227,9,90
174,3,132,211,42,31,234,37,46,135
174,4,17,161,167,251,30,131,82,202
174,5,14,81,5,253,232,161,10,6
174,6,243,174,178,108,9,167,142,42
174,7,146,40,210,91,122,243,83,220
174,8,215,207,183,248,9,164,89,10
174,9,39,13,24,244,94,105,29,4
174,10,142,7,31,85,97,181,239,114
174,11,203,2,212,109,95,147,20,113
174,12,57,12,234,233,172,246,66,89
174,13,174,41,249,128,48,168,207,29
174,14,152,232,42,156,22,129,174,1
174,15,209,22,65,239,146,118,142,84
174,16,241,222,167,206,140,30,233,90
174,17,231,3,213,240,50,166,205,69
174,18,70,90,231,189,11,21,1,243
174,19,179,216,251,181,111,155,58,185
174,20,215,248,13,207,184,183,4,33
174,21,39,4,162,244,242,217,89,219
174,22,142,15,62,97,236,181,7,239
174,23,203,212,109,42,113,95,2,101
174,24,57,191,172,181,234,29,233,132
174,25,249,48,174,41,29,136,163,22
174,26,174,206,22,232,152,156,14,76
174,27,209,234,22,65,7,118,5,105
174,28,222,241,167,206,21,226,140,8
174,29,240,231,213,3,50,31,172,181
174,30,70,231,243,189,11,90,21,211
174,31,251,185,130,179,216,181,106,58
174,32,148,96,176,91,186,131,201,99
174,33,190,232,38,238,58,248,116,3
174,34,88,180,196,45,146,161,171,235
174,35,131,255,145,161,100,153,20,217
174,36,207,42,116,11,223,181,193,25
174,37,87,31,221,83,190,102,84,45
174,38,39,244,15,157,44,162,71,167
174,39,241,61,220,68,9,252,52,14
175,0,181,82,107,6,251,39,245,83
175,1,117,158,199,250,112,191,220,237
175,2,64,198,239,127,238,233,243,134
175,3,90,169,134,246,73,178,60,105
175,4,17,254,82,202,30,80,74,255
175,5,174,5,68,255,56,159,102,30
175,6,108,166,149,164,178,193,134,42
175,7,40,146,220,1,210,195,122,41
175,8,248,215,207,183,68,184,46,201
175,9,4,151,217,244,24,162,105,201
175,10,68,228,239,181,252,15,97,219
175,11,64,203,2,212,95,181,27,68
175,12,234,132,57,197,184,154,233,172
175,13,164,249,48,41,174,128,136,230
175,14,174,152,232,42,129,192,14,76
175,15,209,22,7,118,239,142,234,120
175,16,241,222,30,167,206,21,140,180
175,17,26,3,240,206,231,50,36,69
175,18,70,11,231,189,190,1,4,157
175,19,216,237,179,251,185,71,230,181
175,20,215,248,183,13,124,242,9,201
175,21,244,4,162,52,217,89,196,242
175,22,68,181,239,15,228,140,128,97
175,23,64,101,212,2,68,113,216,95
175,24,57,172,233,132,181,234,206,29
175,25,164,249,48,174,122,198,163,195
175,26,174,152,232,238,22,14,206,76
175,27,209,7,118,22,234,5,105,239
175,28,241,21,222,30,206,45,8,140
175,29,240,26,3,231,31,206,205,50
175,30,231,70,55,1,189,243,11,157
175,31,237,216,251,179,185,58,80,71
175,32,224,42,176,91,171,197,61,199
175,33,179,201,38,156,217,10,12,171
175,34,217,49,196,235,146,213,70,47
175,35,224,255,131,210,161,184,214,73
175,36,24,255,42,193,57,25,116,223
175,37,50,87,14,221,83,45,147,102
175,38,146,244,39,44,157,162,15,86
175,39,177,13,61,85,220,62,14,52
176,0,109,24,177,175,55,203,76,31
176,1,236,226,8,42,178,49,85,175
176,2,221,58,3,77,193,157,93,5
176,3,234,44,66,197,167,202,243,215
176,4,30,243,51,169,137,82,178,80
176,5,5,66,48,133,115,30,81,217
176,6,108,149,49,25,134,104,131,17
176,7,1,146,220,167,122,210,41,239
176,8,248,183,215,38,68,201,88,124
176,9,4,24,162,236,14,196,105,234
176,10,228,117,143,15,181,239,146,138
176,11,212,103,59,216,37,79,68,6
176,12,181,234,32,210,57,172,107,132
176,13,48,249,230,174,122,128,136,238
176,14,232,174,152,42,156,22,206,192
176,15,22,209,234,118,239,5,230,76
176,16,21,167,206,30,222,241,90,140
176,17,231,206,3,240,50,78,56,143
176,18,70,190,238,231,211,189,11,12
176,19,251,80,71,107,216,111,155,181
176,20,248,215,38,13,201,124,88,207
176,21,4,162,89,196,14,244,52,236
176,22,228,117,216,15,51,252,143,146
176,23,103,59,212,216,208,231,95,79
176,24,181,172,57,234,210,11,132,7
176,25,48,230,249,18,41,122,198,19
176,26,203,174,22,232,206,14,169,156
176,27,22,5,209,234,118,7,142,207
176,28,21,190,167,206,181,99,222,241
176,29,206,3,50,231,205,240,143,21
176,30,190,90,70,11,231,211,189,188
176,31,251,252,71,185,216,111,107,80
176,32,48,22,91,62,176,76,102,18
176,33,38,56,224,107,11,161,250,68
176,34,175,64,240,72,109,28,94,95
176,35,2,85,94,185,20,161,255,236
176,36,202,195,67,142,246,152,39,147
176,37,60,43,161,83,193,174,126,135
176,38,201,234,119,44,163,30,39,9
176,39,246,1,215,92,183,250,9,122
177,0,46,127,63,233,202,18,110,111
177,1,117,43,232,29,118,223,151,90
177,2,23,147,169,134,242,164,35,51
177,3,116,55,171,51,20,234,203,138
177,4,155,215,12,30,82,251,229,126
177,5,254,169,100,12,5,253,249,67
177,6,175,61,149,136,42,73,166,108
177,7,1,40,220,56,210,79,7,146
177,8,49,38,120,207,65,184,88,201
177,9,14,151,240,4,13,145,98,96
177,10,24,114,218,252,51,143,15,63
177,11,114,203,79,49,236,216,21,250
177,12,206,11,132,181,7,190,155,95
177,13,48,38,76,123,41,18,29,195
177,14,241,234,169,14,75,206,218,174
177,15,22,76,192,207,209,71,234,5
177,16,167,137,45,42,222,90,21,118
177,17,114,50,231,143,240,92,102,187
177,18,190,215,214,70,188,12,238,211
177,19,251,71,80,107,252,111,178,91
177,20,120,49,124,201,248,88,38,215
177,21,4,240,14,89,196,151,43,236
177,22,114,24,51,218,15,143,252,117
177,23,49,114,79,103,101,208,248,156
177,24,181,206,203,172,95,132,57,124
177,25,76,195,48,38,142,123,249,51
177,26,39,241,206,169,174,14,75,232
177,27,76,207,142,5,22,234,7,209
177,28,45,21,137,167,99,31,222,119
177,29,114,206,7,50,240,231,92,36
177,30,215,214,190,238,70,188,231,12
177,31,71,120,251,194,107,80,28,170
177,32,139,221,102,62,40,201,116,176
177,33,168,121,205,182,224,38,12,253
177,34,81,55,95,34,208,15,70,64
177,35,39,99,151,20,132,161,236,35
177,36,172,252,49,117,193,34,195,202
177,37,56,83,15,90,193,241,45,87
177,38,44,126,39,250,195,133,157,47
177,39,127,15,235,165,168,7,125,179
178,0,102,228,14,194,250,93,84,21
178,1,29,117,37,126,39,105,90,151
178,2,233,134,147,225,23,161,171,202
178,3,28,199,85,116,242,3,12,244
178,4,174,155,12,30,215,187,246,69
178,5,12,25,162,5,253,143,200,57
178,6,175,108,254,18,21,174,139,104
178,7,220,146,1,122,94,130,7,204
178,8,215,248,9,183,88,207,201,68
178,9,52,4,24,162,139,196,68,105
178,10,181,85,128,97,239,240,143,15
178,11,42,131,212,157,68,240,135,94
178,12,57,172,107,208,98,27,173,234
178,13,249,174,27,122,136,198,207,39
178,14,232,152,156,174,129,42,192,79
178,15,209,22,118,142,239,234,7,166
178,16,241,30,233,74,222,59,167,206
178,17,3,231,180,31,232,254,205,147
178,18,70,231,189,1,28,21,87,235
178,19,216,179,181,40,111,155,175,185
178,20,215,248,183,207,13,222,68,9
178,21,52,24,162,244,4,196,242,128
178,22,181,160,128,85,7,246,239,97
178,23,80,212,95,131,2,225,68,94
178,24,57,172,233,12,234,98,46,107
178,25,41,249,174,48,124,18,198,122
178,26,232,152,22,174,1,156,42,89
178,27,209,118,239,22,7,26,186,84
178,28,241,74,222,30,8,167,233,206
178,29,150,231,232,240,45,3,180,31
178,30,70,231,215,144,93,214,189,180
178,31,251,154,194,204,216,166,153,181
178,32,139,221,102,62,66,91,40,127
178,33,168,121,38,12,182,241,224,87
178,34,81,34,55,70,15,95,208,205
178,35,39,99,151,20,132,161,35,184
178,36,172,252,49,193,117,34,186,239
178,37,15,83,90,241,193,45,220,97
178,38,44,126,39,250,86,139,80,106
178,39,72,15,36,244,203,125,174,114
179,0,2,223,50,152,96,177,250,133
179,1,37,126,221,53,29,42,105,157
179,2,147,23,212,110,194,101,173,242
179,3,213,66,234,197,53,7,218,243
179,4,164,30,149,93,37,155,82,178
179,5,66,12,115,33,5,217,253,236
179,6,175,136,108,18,245,62,61,25
179,7,1,239,151,146,220,66,41,167
179,8,124,88,201,49,38,7,248,183
179,9,4,14,5,236,196,107,242,162
179,10,117,108,143,15,51,17,204,218
179,11,103,216,79,248,209,116,212,68
179,12,32,181,119,95,139,55,57,234
179,13,76,48,123,195,228,222,249,36
179,14,169,174,39,14,206,129,75,232
179,15,22,76,142,192,207,234,118,209
179,16,21,45,222,138,31,206,42,90
179,17,206,231,114,49,78,92,143,187
179,18,70,238,190,215,214,12,130,30
179,19,71,251,194,80,178,111,114,170
179,20,49,38,201,88,124,248,7,13
179,21,4,89,14,196,190,107,43,162
179,22,117,216,51,17,114,15,143,108
179,23,103,79,248,209,116,59,216,208
179,24,119,181,203,128,139,95,172,7
179,25,76,195,48,123,19,193,228,254
179,26,169,174,39,14,218,93,241,75
179,27,76,142,22,207,192,79,7,157
179,28,21,45,99,233,193,137,66,90
179,29,114,78,88,255,49,7,206,21
179,30,215,50,70,214,162,238,12,81
179,31,252,251,111,71,80,185,60,107
179,32,139,179,104,40,201,91,75,21
179,33,161,5,104,38,6,103,133,162
179,34,227,44,28,238,143,171,20,109
179,35,148,190,145,20,74,151,161,61
179,36,172,39,115,55,227,147,202,193
179,37,27,83,78,190,101,169,241,193
179,38,169,44,119,215,251,126,39,250
179,39,179,158,122,224,15,197,235,163
180,0,101,249,242,135,108,91,150,197
180,1,118,97,27,11,231,117,62,155
180,2,147,121,17,176,235,242,4,210
180,3,146,211,31,37,84,236,226,199
180,4,118,167,251,30,65,67,13,222
180,5,12,10,104,6,161,253,66,236
180,6,175,167,61,245,136,142,62,18
180,7,66,1,2,79,23,10,29,220
180,8,49,88,35,33,207,184,212,201
180,9,13,94,29,14,39,4,240,98
180,10,216,114,51,169,248,1,143,130
180,11,103,20,79,236,203,49,248,185
180,12,7,26,181,56,32,234,132,19
180,13,48,76,18,123,43,29,51,72
180,14,241,174,169,75,14,129,156,232
180,15,22,192,96,209,118,142,234,5
180,16,167,237,99,21,206,233,196,90
180,17,61,231,50,166,92,240,187,56
180,18,70,190,187,12,238,251,211,231
180,19,251,120,80,111,130,230,71,178
180,20,201,248,35,33,88,4,215,124
180,21,4,13,89,240,14,29,94,107
180,22,114,15,143,169,204,55,62,51
180,23,103,49,20,42,236,208,189,101
180,24,181,172,26,63,139,173,203,59
180,25,48,142,29,43,123,18,228,136
180,26,174,241,14,169,206,75,119,89
180,27,142,5,192,7,22,234,230,209
180,28,21,222,31,188,167,99,206,5
180,29,255,206,250,172,231,50,240,3
180,30,190,70,81,187,148,238,103,231
180,31,120,130,251,252,185,80,111,170
180,32,98,201,99,40,91,96,21,176
180,33,232,126,38,190,238,183,58,116
180,34,34,180,207,116,101,171,161,97
180,35,145,20,153,2,161,85,236,218
180,36,202,181,120,207,193,172,211,117
180,37,83,190,97,31,60,87,174,161
180,38,44,39,126,252,71,250,104,233
180,39,241,9,68,235,165,225,179,170
181,0,165,57,56,6,66,110,58,59
181,1,117,112,73,147,250,118,189,122
181,2,238,234,121,255,134,225,179,62
181,3,171,214,55,70,189,105,76,73
181,4,242,254,118,74,67,138,122,251
181,5,12,249,169,134,10,13,5,100
181,6,164,175,108,151,166,124,88,193
181,7,1,66,56,220,2,160,151,195
181,8,120,35,248,88,201,215,183,8
181,9,148,4,96,217,24,242,68,162
181,10,24,46,15,143,108,114,161,218
181,11,210,216,203,212,93,42,103,68
181,12,181,57,234,172,32,139,7,132
181,13,48,249,72,174,136,18,198,122
181,14,174,152,232,156,42,169,129,14
181,15,209,22,234,118,230,239,192,5
181,16,222,241,30,21,206,167,140,42
181,17,231,240,3,31,206,92,36,50
181,18,70,231,190,238,189,211,165,87
181,19,251,80,216,185,71,179,155,111
181,20,248,215,201,13,124,120,9,35
181,21,162,4,52,196,148,89,242,80
181,22,15,181,204,143,254,239,11,46
181,23,212,80,210,101,103,68,208,131
181,24,172,181,173,57,107,234,36,231
181,25,249,48,136,198,122,193,18,128
181,26,174,152,22,14,192,232,79,141
181,27,5,7,234,118,209,22,203,142
181,28,222,21,206,241,137,140,83,81
181,29,206,240,104,231,3,31,218,205
181,30,70,190,238,188,231,103,211,149
181,31,120,251,71,185,80,230,107,216
181,32,221,102,40,48,62,91,176,21
181,33,96,121,224,38,205,107,168,12
181,34,34,95,208,175,64,55,171,220
181,35,85,20,94,2,161,99,236,131
181,36,195,202,117,193,42,67,246,116
181,37,83,97,43,60,87,161,241,209
181,38,44,201,39,126,234,250,3,157
181,39,246,1,215,183,92,220,252,15
182,0,122,127,18,84,85,102,49,250
182,1,29,117,255,118,111,3,65,121
182,2,234,238,243,108,179,136,134,15
182,3,116,214,171,20,203,51,55,109
182,4,67,74,12,79,254,118,246,244
182,5,12,169,249,13,253,68,134,5
182,6,136,166,61,193,42,17,19,62
182,7,66,56,2,1,220,85,40,44
182,8,120,216,35,88,201,8,248,49
182,9,14,240,148,151,13,5,68,4
182,10,24,114,161,46,218,104,84,69
182,11,114,49,74,203,210,236,173,93
182,12,154,95,206,11,212,181,7,155
182,13,48,142,38,123,72,18,22,70
182,14,241,169,174,218,14,205,213,129
182,15,22,192,96,142,230,5,118,209
182,16,137,21,13,20,206,140,222,167
182,17,102,92,218,231,206,240,50,36
182,18,238,190,70,188,12,165,103,211
182,19,251,120,71,91,80,194,111,178
182,20,120,201,248,215,88,35,124,216
182,21,4,107,14,196,5,228,89,31
182,22,114,15,117,24,218,143,46,204
182,23,103,114,101,74,49,208,248,210
182,24,181,172,95,139,203,206,173,107
182,25,142,48,38,123,51,18,198,72
182,26,174,169,14,114,206,241,75,156
182,27,142,5,192,7,230,22,234,209
182,28,21,137,222,231,20,31,206,83
182,29,206,218,231,92,240,3,31,104
182,30,190,238,70,221,231,188,103,12
182,31,120,71,251,80,107,170,185,111
182,32,221,102,40,176,21,91,201,62
182,33,121,168,38,224,12,205,96,185
182,34,81,55,34,95,208,64,28,171
182,35,39,99,20,161,131,212,236,61
182,36,49,193,117,195,42,202,139,116
182,37,15,83,193,97,90,241,87,209
182,38,44,39,126,250,86,80,3,162
182,39,72,36,244,183,15,220,203,61
183,0,223,2,115,133,50,86,152,29
183,1,117,126,42,221,29,105,145,118
183,2,234,23,194,110,212,166,242,236
183,3,66,234,2,58,44,243,214,63
183,4,30,149,164,37,169,82,178,203
183,5,66,115,225,5,81,217,33,93
183,6,136,245,108,115,19,61,142,62
183,7,1,220,95,41,239,151,146,66
183,8,201,124,248,242,88,8,46,183
183,9,4,5,107,128,14,236,242,162
183,10,117,15,143,218,114,46,17,104
183,11,103,151,116,209,212,208,74,113
183,12,181,234,95,217,139,115,107,132
183,13,48,72,249,123,38,254,156,198
183,14,174,169,206,152,42,76,192,14
183,15,22,209,142,118,234,207,7,197
183,16,21,222,140,206,167,241,90,233
183,17,206,240,231,50,78,92,36,143
183,18,70,238,190,237,231,12,188,157
183,19,251,71,216,176,178,80,185,111
183,20,248,242,201,215,124,88,13,46
183,21,4,89,242,196,162,190,80,107
183,22,117,15,140,17,143,114,218,216
183,23,103,208,116,151,209,248,59,212
183,24,181,95,119,128,172,139,233,173
183,25,48,193,38,155,123,249,72,18
183,26,174,93,14,206,75,76,220,141
183,27,142,22,7,5,234,197,192,9
183,28,21,222,206,226,82,193,137,167
183,29,49,78,206,240,88,231,3,92
183,30,70,238,50,237,231,190,103,162
183,31,251,185,60,107,71,170,111,28
183,32,75,40,176,179,21,91,86,126
183,33,161,104,38,5,6,162,185,12
183,34,227,44,28,238,146,109,55,171
183,35,148,20,161,131,61,190,123,100
183,36,39,193,55,227,115,147,42,202
183,37,83,87,241,27,78,97,193,15
183,38,44,250,126,39,215,119,162,3
183,39,158,61,252,52,165,224,220,72
184,0,96,117,171,226,185,128,133,187
184,1,206,183,227,223,13,117,230,232
184,2,227,235,131,132,166,242,44,176
184,3,76,2,213,234,221,170,122,21
184,4,60,119,55,82,105,8,139,180
184,5,66,194,225,6,93,5,142,81
184,6,16,136,115,108,3,235,134,245
184,7,1,220,243,84,239,146,151,41
184,8,248,124,201,35,112,242,12,103
184,9,4,239,5,178,14,242,162,107
184,10,163,15,143,218,114,90,229,255
184,11,18,130,103,212,208,142,151,116
184,12,95,181,234,67,7,154,172,132
184,13,48,200,72,249,18,254,116,241
184,14,174,38,42,152,232,156,192,169
184,15,22,209,118,234,240,239,230,9
184,16,21,222,206,167,140,13,241,90
184,17,231,240,206,102,31,50,218,92
184,18,70,238,231,190,211,12,165,189
184,19,251,71,216,80,111,58,107,179
184,20,248,215,201,35,112,124,88,242
184,21,4,162,196,120,80,239,178,242
184,22,163,15,143,117,204,254,181,239
184,23,18,208,101,130,103,142,207,212
184,24,172,181,67,57,95,173,107,132
184,25,48,249,142,18,123,122,51,72
184,26,174,14,152,192,206,93,22,79
184,27,5,118,209,22,230,234,240,7
184,28,21,222,231,241,206,30,54,167
184,29,231,31,240,236,206,56,3,50
184,30,70,231,238,103,190,36,221,211
184,31,251,71,185,216,111,107,58,230
184,32,17,176,40,194,91,89,21,206
184,33,214,23,38,94,12,40,217,185
184,34,187,146,188,19,54,58,47,235
184,35,131,214,20,161,255,123,61,196
184,36,0,253,193,116,239,8,210,42
184,37,84,87,220,83,241,164,57,97
184,38,250,44,22,39,126,136,86,244
184,39,145,16,23,62,61,181,52,146
185,0,181,82,107,251,255,39,245,221
185,1,31,117,53,168,89,135,237,248
185,2,115,56,81,178,176,231,241,248
185,3,76,158,105,227,9,109,73,169
185,4,133,82,60,30,57,182,227,3
185,5,174,114,66,6,68,225,56,142
185,6,16,115,49,108,134,231,193,9
185,7,220,1,84,243,195,146,167,239
185,8,248,68,201,124,35,46,183,112
185,9,4,14,5,242,162,190,120,239
185,10,68,15,143,239,254,140,181,107
185,11,64,207,130,212,208,149,21,113
185,12,95,234,172,181,210,67,154,132
185,13,164,48,249,230,174,136,254,128
185,14,174,152,42,232,192,129,76,22
185,15,22,209,118,234,7,5,230,120
185,16,222,140,21,241,30,167,206,90
185,17,26,240,231,31,206,3,102,92
185,18,70,231,238,190,165,55,36,189
185,19,251,237,58,80,216,179,71,185
185,20,248,215,201,70,13,134,9,250
185,21,162,4,52,196,242,89,80,190
185,22,68,15,254,204,140,143,97,181
185,23,64,101,212,207,208,68,21,240
185,24,172,173,181,57,107,233,46,231
185,25,249,136,48,164,198,88,193,122
185,26,174,141,79,192,22,152,14,232
185,27,5,7,234,118,22,209,240,142
185,28,222,21,206,241,226,140,83,20
185,29,26,31,240,231,3,206,50,205
185,30,70,231,55,238,36,190,211,221
185,31,237,251,185,58,80,216,230,107
185,32,224,176,91,206,197,190,40,21
185,33,179,201,38,156,12,185,248,217
185,34,217,49,146,188,235,213,47,58
185,35,131,224,161,214,20,236,123,255
185,36,24,255,193,116,239,42,129,139
185,37,83,87,50,14,97,241,147,57
185,38,146,44,39,86,250,126,157,244
185,39,177,13,61,85,62,220,181,252
186,0,109,55,24,152,70,31,217,20
186,1,226,236,42,117,190,22,49,245
186,2,115,221,5,77,56,178,3,193
186,3,234,167,197,15,243,215,247,66
186,4,243,30,180,178,169,137,60,44
186,5,66,6,217,48,33,5,16,102
186,6,49,115,186,149,108,245,9,25
186,7,1,220,167,146,41,122,95,151
186,8,248,68,184,124,201,215,183,13
186,9,4,14,162,89,5,128,190,242
186,10,15,143,204,81,232,114,107,66
186,11,212,59,207,103,8,208,21,191
186,12,181,210,234,173,95,172,119,61
186,13,48,230,249,72,136,228,207,128
186,14,174,42,169,14,206,40,129,192
186,15,22,234,5,209,118,142,7,192
186,16,190,21,206,222,167,90,140,233
186,17,231,206,240,3,102,36,31,92
186,18,70,238,190,231,211,189,251,87
186,19,251,80,71,70,185,176,155,227
186,20,248,215,13,35,201,70,134,208
186,21,4,162,89,242,14,107,52,196
186,22,15,204,143,239,97,253,9,168
186,23,85,207,212,103,101,208,240,113
186,24,181,172,173,210,7,61,59,95
186,25,48,249,72,193,230,136,198,51
186,26,174,206,14,76,79,141,89,192
186,27,5,118,234,22,209,7,240,230
186,28,222,190,21,206,140,241,8,226
186,29,3,31,231,240,56,206,102,236
186,30,70,231,238,36,189,211,250,149
186,31,71,185,251,58,216,51,80,179
186,32,176,76,91,85,40,190,177,61
186,33,38,11,56,95,6,248,189,68
186,34,146,72,47,19,94,206,28,70
186,35,131,161,236,20,100,145,123,40
186,36,116,42,193,25,223,139,98,11
186,37,87,83,84,221,97,45,126,93
186,38,14,39,44,15,167,157,244,114
186,39,61,165,220,252,146,52,14,168
187,0,96,226,128,247,171,80,133,243
187,1,236,169,2,175,104,134,117,131
187,2,197,115,254,28,251,178,30,173
187,3,188,105,221,234,7,2,166,170
187,4,119,30,60,105,20,82,37,196
187,5,194,61,6,114,217,66,5,82
187,6,16,115,134,49,9,108,186,129
187,7,1,146,220,41,167,84,122,151
187,8,248,184,112,35,215,124,68,201
187,9,4,162,206,14,120,242,178,190
187,10,15,229,143,181,239,163,204,97
187,11,18,212,130,207,240,66,21,208
187,12,234,172,173,57,181,106,154,66
187,13,174,48,128,200,136,122,249,207
187,14,174,152,42,232,192,129,141,79
187,15,209,22,118,234,239,7,241,2
187,16,241,222,30,206,140,167,21,90
187,17,231,3,31,240,102,206,205,36
187,18,70,231,189,238,36,211,87,243
187,19,251,58,80,185,179,71,216,181
187,20,215,248,9,13,134,70,112,250
187,21,162,52,242,4,89,80,244,196
187,22,15,181,239,97,254,163,140,204
187,23,101,212,18,130,131,240,207,6
187,24,172,173,57,181,233,36,72,98
187,25,249,48,136,198,174,163,128,193
187,26,174,232,152,141,79,22,192,89
187,27,209,118,7,234,5,22,43,239
187,28,222,241,206,8,21,140,226,231
187,29,3,31,231,240,236,232,205,206
187,30,231,70,36,189,243,6,149,211
187,31,185,251,58,179,216,71,51,80
187,32,89,176,194,91,17,61,126,190
187,33,38,214,23,94,248,68,199,12
187,34,146,187,47,19,54,182,34,70
187,35,131,161,100,40,236,20,255,217
187,36,0,253,116,42,8,193,25,139
187,37,87,220,83,84,45,221,164,97
187,38,14,39,157,22,15,44,244,167
187,39,145,16,61,220,23,252,62,52
188,0,110,88,57,59,56,157,68,180
188,1,166,131,60,89,117,98,35,190
188,2,33,211,197,30,28,125,181,224
188,3,70,105,90,188,234,3,139,166
188,4,82,133,30,60,126,138,101,182
188,5,24,144,174,250,5,6,217,116
188,6,115,49,16,129,108,134,84,172
188,7,129,1,146,41,122,220,173,217
188,8,207,184,68,201,124,215,248,167
188,9,4,148,24,105,162,236,14,231
188,10,68,97,73,143,15,140,92,85
188,11,210,207,212,147,154,2,93,232
188,12,181,234,57,84,132,66,233,210
188,13,48,164,51,174,18,72,207,59
188,14,174,42,232,156,129,206,178,22
188,15,203,22,209,234,118,239,177,5
188,16,21,167,206,90,241,222,42,161
188,17,231,26,50,3,206,240,56,205
188,18,70,189,211,243,231,238,149,12
188,19,251,179,80,71,111,185,181,155
188,20,215,13,248,167,157,201,64,183
188,21,162,4,219,148,89,242,220,244
188,22,97,68,15,140,30,73,254,7
188,23,210,113,212,154,147,101,207,190
188,24,181,29,173,233,172,57,61,84
188,25,163,174,48,164,249,198,18,247
188,26,174,206,22,76,232,156,141,89
188,27,234,203,22,5,118,209,7,105
188,28,206,21,8,161,226,42,222,241
188,29,3,231,26,205,56,181,206,240
188,30,243,189,70,211,149,231,206,97
188,31,185,251,179,176,107,80,60,181
188,32,224,91,197,61,89,177,176,126
188,33,177,38,96,248,156,122,84,217
188,34,49,217,188,213,171,28,47,15
188,35,100,236,131,242,224,20,184,214
188,36,255,42,193,24,223,239,11,116
188,37,45,83,87,14,50,97,158,57
188,38,39,44,146,162,15,14,244,86
188,39,13,85,61,62,177,220,15,52
189,0,180,24,41,136,2,109,225,5
189,1,166,253,165,111,117,22,60,49
189,2,211,33,77,120,15,181,197,5
189,3,70,234,7,105,102,132,202,66
189,4,30,149,82,133,180,60,4,138
189,5,213,144,24,31,174,63,250,66
189,6,115,129,49,16,200,172,128,84
189,7,129,1,239,167,146,41,253,151
189,8,201,68,184,124,88,248,69,207
189,9,4,14,240,148,5,89,162,24
189,10,143,15,73,114,97,68,140,17
189,11,210,147,207,154,212,103,208,113
189,12,181,95,234,84,166,57,147,154
189,13,164,48,51,123,245,228,174,72
189,14,174,206,169,232,42,156,218,76
189,15,22,203,234,5,192,116,209,207
189,16,21,167,206,42,13,90,222,33
189,17,231,50,56,206,240,92,181,3
189,18,70,211,12,238,190,243,130,103
189,19,251,111,80,71,176,179,107,206
189,20,215,201,157,184,13,88,248,167
189,21,4,148,162,220,219,89,240,120
189,22,143,15,17,97,254,204,30,66
189,23,210,113,101,154,207,212,147,103
189,24,181,173,172,29,57,61,84,7
189,25,48,163,164,18,51,174,249,247
189,26,174,206,76,22,156,232,141,15
189,27,203,234,5,22,209,118,7,192
189,28,21,206,226,42,222,161,8,167
189,29,3,231,181,206,205,56,240,50
189,30,243,70,189,211,149,130,103,231
189,31,251,185,179,111,107,80,176,71
189,32,197,91,116,177,75,61,40,241
189,33,177,38,96,248,122,84,182,206
189,34,49,217,188,213,11,171,28,177
189,35,236,214,100,20,242,131,244,224
189,36,193,255,11,24,42,239,223,129
189,37,83,45,14,87,50,57,37,147
189,38,39,44,244,162,15,250,124,86
189,39,62,13,61,220,52,181,15,177
190,0,180,177,55,31,217,214,47,242
190,1,111,155,223,197,5,117,105,42
190,2,211,150,199,24,212,235,77,94
190,3,234,66,137,243,7,87,44,132
190,4,30,178,243,44,169,137,101,51
190,5,81,6,66,5,217,252,144,33
190,6,115,82,9,129,49,84,104,116
190,7,1,129,41,122,95,146,151,68
190,8,124,201,215,68,248,13,88,183
190,9,4,89,162,24,220,190,105,242
190,10,15,143,35,30,85,18,138,97
190,11,212,113,37,147,59,103,240,190
190,12,181,234,61,57,66,2,22,172
190,13,174,48,51,247,207,59,249,30
190,14,206,174,76,42,22,129,169,232
190,15,234,22,209,105,230,142,5,197
190,16,21,206,82,167,42,193,241,233
190,17,231,240,3,206,50,181,205,71
190,18,70,243,151,189,211,231,238,190
190,19,251,179,176,71,185,111,80,155
190,20,215,13,64,201,167,46,248,88
190,21,4,219,89,162,220,242,190,46
190,22,216,15,146,97,35,30,11,254
190,23,113,212,59,201,37,226,147,231
190,24,181,128,61,234,11,210,7,29
190,25,48,97,247,19,249,174,163,18
190,26,174,206,76,203,22,218,89,15
190,27,22,234,5,7,118,84,105,197
190,28,206,212,193,82,226,21,196,222
190,29,3,88,240,181,231,205,21,61
190,30,70,50,243,189,211,149,231,162
190,31,185,251,179,43,80,155,176,107
190,32,91,179,162,57,177,131,176,126
190,33,38,162,248,104,56,181,189,177
190,34,44,109,171,28,240,5,195,146
190,35,236,161,100,20,148,131,74,190
190,36,202,39,42,115,147,11,193,223
190,37,83,27,87,45,78,193,60,97
190,38,39,44,15,119,215,167,162,80
190,39,220,158,61,244,198,183,139,252
191,0,51,49,22,153,247,85,227,119
191,1,223,177,169,117,77,53,156,84
191,2,128,16,146,162,215,19,53,186
191,3,98,97,27,238,160,146,153,135
191,4,167,14,65,30,82,181,67,201
191,5,67,235,6,66,82,5,191,252
191,6,115,129,167,215,9,172,134,229
191,7,44,129,1,41,220,146,66,210
191,8,33,248,201,184,13,68,124,207
191,9,132,4,14,89,13,94,22,98
191,10,248,143,15,216,114,253,11,237
191,11,36,20,212,103,147,49,45,232
191,12,181,234,57,160,7,107,22,233
191,13,33,48,51,29,222,174,142,228
191,14,147,174,42,206,156,22,232,93
191,15,166,22,234,209,5,240,118,84
191,16,156,206,167,140,21,90,222,241
191,17,110,231,3,50,240,102,56,205
191,18,70,112,128,211,189,231,238,190
191,19,251,120,80,179,12,71,111,155
191,20,215,248,33,13,201,184,208,167
191,21,162,132,4,89,242,219,196,244
191,22,248,15,97,143,239,254,204,181
191,23,36,20,212,101,130,226,49,207
191,24,172,181,173,57,233,234,29,46
191,25,48,33,142,163,249,136,174,193
191,26,174,147,206,141,156,22,232,89
191,27,234,5,118,22,209,7,240,239
191,28,156,206,222,212,241,21,231,8
191,29,110,3,31,231,205,240,56,181
191,30,70,231,112,189,128,243,211,149
191,31,185,251,179,120,58,80,12,51
191,32,238,91,176,113,158,194,126,190
191,33,38,73,41,248,94,232,12,199
191,34,34,97,161,19,171,146,70,188
191,35,131,236,161,20,100,255,217,242
191,36,42,193,116,181,8,0,223,139
191,37,83,87,45,97,90,220,84,241
191,38,39,44,86,15,14,244,157,167
191,39,220,61,23,15,165,16,149,68
192,0,181,82,107,251,245,255,39,83
192,1,173,117,189,39,237,31,248,54
192,2,76,16,108,30,156,113,243,81
192,3,143,169,53,75,72,164,153,194
192,4,133,30,81,67,211,82,7,120
192,5,174,194,5,66,159,229,6,68
192,6,19,49,115,134,108,16,17,149
192,7,44,1,220,146,41,151,195,198
192,8,33,68,248,201,216,215,184,13
192,9,132,4,162,190,89,213,14,242
192,10,68,161,15,253,143,239,209,69
192,11,64,238,212,36,130,207,143,55
192,12,234,154,115,181,212,172,153,210
192,13,164,230,48,142,174,249,33,128
192,14,174,147,42,76,232,152,22,141
192,15,22,209,234,118,5,166,7,239
192,16,222,241,206,156,140,30,21,90
192,17,231,26,3,240,110,31,102,206
192,18,70,231,189,238,112,149,211,243
192,19,251,179,80,185,237,120,58,71
192,20,215,248,13,167,70,134,45,33
192,21,162,4,242,89,52,196,219,91
192,22,68,15,97,254,239,140,161,181
192,23,64,212,101,238,113,190,240,2
192,24,173,172,181,57,233,231,29,234
192,25,48,249,136,164,163,33,174,193
192,26,174,141,79,232,147,22,152,206
192,27,234,118,7,5,209,22,212,43
192,28,222,206,241,21,226,8,19,231
192,29,26,3,31,240,110,206,205,231
192,30,231,70,55,36,189,243,149,190
192,31,185,251,237,58,179,80,120,216
192,32,224,91,176,197,190,238,126,243
192,33,179,38,201,156,248,12,185,199
192,34,217,49,146,188,34,213,70,47
192,35,131,224,236,161,100,20,217,123
192,36,255,24,239,42,193,116,139,223
192,37,83,87,50,97,90,45,14,37
192,38,39,44,86,146,15,14,157,167
192,39,177,85,13,220,61,36,15,62
193,0,109,177,24,55,224,152,3,242
193,1,236,52,56,70,226,109,245,90
193,2,221,76,157,193,3,42,228,202
193,3,234,197,16,66,44,243,2,63
193,4,169,30,243,137,93,51,151,212
193,5,6,5,81,66,225,48,187,115
193,6,49,115,25,108,19,82,219,9
193,7,41,146,220,122,1,130,167,77
193,8,215,248,124,68,183,13,43,9
193,9,162,4,242,52,244,111,190,219
193,10,15,140,239,30,117,181,143,97
193,11,212,146,240,113,208,190,6,238
193,12,234,172,173,210,181,231,115,233
193,13,48,249,230,163,128,136,207,174
193,14,174,42,192,232,79,152,237,70
193,15,209,234,22,118,7,212,43,105
193,16,206,241,21,226,140,82,90,30
193,17,3,231,206,240,205,31,55,36
193,18,70,231,189,149,211,243,210,206
193,19,251,185,179,60,126,80,5,155
193,20,215,248,13,45,167,70,5,134
193,21,162,242,89,219,4,80,91,244
193,22,15,140,97,30,239,254,103,181
193,23,212,238,190,113,59,240,208,153
193,24,173,172,29,210,233,115,231,181
193,25,48,163,174,230,128,249,193,207
193,26,174,89,237,232,79,192,141,93
193,27,234,7,118,209,248,212,22,5
193,28,226,206,241,21,190,230,82,8
193,29,3,31,205,78,240,206,231,55
193,30,231,70,189,149,243,112,210,36
193,31,185,60,251,179,196,58,155,126
193,32,120,176,91,76,126,243,177,109
193,33,250,38,248,56,54,11,3,185
193,34,146,72,94,47,209,19,109,171
193,35,131,217,161,100,123,185,184,242
193,36,116,223,42,139,193,147,79,25
193,37,87,45,83,7,84,210,221,102
193,38,14,39,167,162,15,157,3,114
193,39,165,220,61,252,168,89,149,224
194,0,96,226,128,247,171,133,80,107
194,1,2,236,56,90,52,177,169,180
194,2,202,206,73,254,242,244,213,12
194,3,188,221,170,2,192,234,122,247
194,4,82,169,119,30,60,20,93,181
194,5,6,61,225,81,66,5,194,116
194,6,16,115,19,49,9,82,108,219
194,7,146,41,220,1,84,122,238,173
194,8,248,112,215,124,68,70,167,45
194,9,206,162,4,242,244,120,14,190
194,10,15,229,140,239,163,97,30,143
194,11,18,212,238,207,190,240,130,113
194,12,106,234,172,173,57,231,115,27
194,13,200,249,48,174,128,207,136,163
194,14,174,232,42,192,152,237,79,205
194,15,209,241,22,118,234,212,105,239
194,16,241,149,206,226,90,30,140,21
194,17,231,3,31,240,206,12,55,236
194,18,231,70,189,243,1,210,6,149
194,19,179,185,216,251,126,71,58,46
194,20,215,248,45,167,112,183,13,9
194,21,162,242,52,80,91,89,244,206
194,22,15,97,140,239,67,181,200,163
194,23,18,101,212,190,144,68,130,207
194,24,172,29,173,231,233,98,57,36
194,25,174,128,163,48,249,200,136,198
194,26,174,232,237,152,89,79,192,99
194,27,209,7,118,236,234,105,241,40
194,28,241,226,206,8,30,83,149,129
194,29,3,31,240,231,55,236,174,205
194,30,231,70,189,243,6,1,36,149
194,31,60,185,179,196,251,216,58,233
194,32,89,176,126,243,91,194,17,199
194,33,38,214,94,248,23,185,3,68
194,34,146,187,19,54,182,47,209,70
194,35,217,100,131,161,123,184,201,255
194,36,116,42,0,253,223,8,139,25
194,37,45,87,220,221,102,84,7,164
194,38,14,39,167,15,162,22,157,244
194,39,145,16,220,61,252,23,15,149
195,0,203,177,47,222,55,151,208,152
195,1,203,153,7,70,113,42,245,56
195,2,157,211,42,193,12,202,95,178
195,3,234,197,44,192,13,63,245,16
195,4,169,30,51,178,180,191,151,80
195,5,5,181,252,48,30,187,225,116
195,6,9,108,25,17,201,129,84,70
195,7,122,146,130,38,41,220,246,83
195,8,215,9,183,119,128,124,79,43
195,9,162,4,52,242,244,80,219,111
195,10,15,140,181,97,67,239,103,200
195,11,212,240,37,190,146,94,197,100
195,12,234,57,172,231,173,233,66,36
195,13,128,174,238,48,207,122,163,249
195,14,174,232,42,152,237,192,79,29
195,15,209,118,234,22,212,236,7,239
195,16,241,206,226,30,21,82,90,129
195,17,231,3,12,205,31,55,206,240
195,18,231,189,70,149,210,116,151,46
195,19,179,185,251,216,247,126,181,155
195,20,215,248,13,45,167,58,9,70
195,21,162,80,242,89,244,219,4,52
195,22,15,67,216,140,239,181,146,200
195,23,212,197,201,37,190,59,144,146
195,24,128,233,231,234,173,57,172,183
195,25,128,163,48,19,174,238,23,207
195,26,174,203,232,237,89,199,42,192
195,27,234,209,118,7,22,212,239,10
195,28,241,206,82,226,193,21,128,190
195,29,3,128,88,205,231,31,21,206
195,30,231,189,70,149,243,63,50,151
195,31,185,251,179,126,60,249,18,196
195,32,120,91,144,179,176,246,18,126
195,33,38,248,104,185,250,139,102,11
195,34,28,240,44,109,238,146,171,209
195,35,217,161,131,236,148,100,185,20
195,36,147,42,227,39,202,142,79,116
195,37,78,87,83,27,45,193,15,196
195,38,39,215,167,119,162,157,15,44
195,39,158,61,220,122,244,165,252,44
196,0,242,133,187,117,185,186,27,121
196,1,232,117,66,104,13,169,42,43
196,2,164,107,242,12,169,50,9,176
196,3,221,234,192,156,7,245,239,191
196,4,82,55,139,180,8,169,30,40
196,5,214,225,232,6,181,61,187,66
196,6,3,108,9,17,114,115,84,134
196,7,41,146,1,243,220,238,131,84
196,8,248,215,45,112,124,68,167,58
196,9,19,4,206,162,242,178,96,244
196,10,15,163,140,7,30,239,97,216
196,11,212,18,142,116,190,2,240,113
196,12,67,233,234,231,114,66,57,173
196,13,200,48,163,128,238,174,207,100
196,14,174,38,42,192,232,152,205,237
196,15,241,234,103,209,118,22,212,7
196,16,78,241,206,226,149,21,232,90
196,17,155,231,128,3,240,206,205,55
196,18,189,231,70,243,6,149,210,162
196,19,179,185,251,151,181,71,216,159
196,20,167,215,13,112,45,68,248,250
196,21,162,219,89,19,4,216,242,24
196,22,97,163,30,140,200,15,254,213
196,23,212,18,113,190,142,238,207,101
196,24,29,233,173,172,67,234,231,66
196,25,163,174,48,200,181,207,30,249
196,26,232,174,38,89,178,122,141,237
196,27,209,234,118,236,212,241,10,22
196,28,206,8,78,226,149,21,129,241
196,29,3,155,205,231,128,174,236,169
196,30,243,189,6,70,231,149,211,1
196,31,185,196,179,60,46,251,106,155
196,32,17,61,91,243,126,37,157,194
196,33,23,117,94,214,38,248,185,161
196,34,187,58,28,182,19,54,177,209
196,35,100,184,242,131,236,7,55,165
196,36,223,42,253,0,8,193,57,139
196,37,45,220,164,92,158,87,84,196
196,38,132,136,39,14,162,15,22,37
196,39,23,175,16,220,61,145,15,52
197,0,110,88,57,59,56,157,68,118
197,1,88,166,117,60,190,119,89,180
197,2,78,160,33,81,137,125,82,185
197,3,70,99,5,107,3,234,60,19
197,4,82,3,35,135,225,2,40,60
197,5,214,24,144,174,3,232,5,225
197,6,115,9,108,17,186,134,27,219
197,7,129,146,1,41,122,238,84,173
197,8,68,167,215,248,184,207,79,183
197,9,148,4,162,24,105,236,213,219
197,10,97,68,140,73,30,154,7,200
197,11,210,212,147,113,201,154,45,207
197,12,233,57,29,234,66,181,27,121
197,13,164,174,163,146,181,30,48,207
197,14,232,156,42,152,178,129,229,112
197,15,209,22,239,203,118,236,234,84
197,16,233,90,74,161,140,167,241,8
197,17,231,23,26,3,254,191,130,69
197,18,1,21,28,189,87,243,251,206
197,19,179,181,216,106,175,111,40,155
197,20,215,183,222,13,207,248,167,64
197,21,148,24,4,162,128,219,89,244
197,22,97,68,85,246,181,73,231,7
197,23,212,210,147,154,64,45,113,80
197,24,57,29,234,46,52,98,233,172
197,25,174,164,163,249,41,48,181,122
197,26,232,22,174,156,89,178,42,206
197,27,203,209,236,118,234,22,10,105
197,28,206,8,241,140,161,30,21,226
197,29,26,3,231,205,174,214,128,240
197,30,243,189,70,183,231,97,144,206
197,31,196,46,185,179,60,155,251,10
197,32,224,197,61,91,218,126,243,37
197,33,177,96,38,156,248,117,84,185
197,34,49,217,28,177,213,58,209,159
197,35,100,242,184,224,236,165,52,7
197,36,223,42,255,57,193,11,24,139
197,37,45,158,87,7,50,14,210,83
197,38,14,39,162,15,146,244,44,124
197,39,85,13,61,220,15,52,203,177
198,0,180,55,177,47,192,203,151,222
198,1,111,70,197,105,5,117,190,245
198,2,78,160,82,137,185,3,94,77
198,3,234,247,16,44,99,7,63,200
198,4,30,180,169,243,178,80,35,137
198,5,214,3,5,232,82,187,48,144
198,6,9,115,201,186,57,108,172,123
198,7,122,146,129,223,157,41,130,1
198,8,215,183,68,167,248,124,9,79
198,9,162,4,24,105,231,242,219,216
198,10,97,140,200,19,85,30,154,15
198,11,212,201,197,240,113,147,190,37
198,12,57,234,29,233,107,172,181,27
198,13,174,207,30,249,163,48,122,128
198,14,232,42,156,152,22,129,174,205
198,15,209,22,234,118,239,236,142,84
198,16,193,206,241,233,140,82,167,30
198,17,231,3,240,164,71,205,45,206
198,18,70,243,189,21,50,151,231,211
198,19,179,251,181,249,80,185,155,216
198,20,215,13,248,167,124,207,45,183
198,21,162,4,219,89,242,80,244,190
198,22,216,97,15,146,30,85,19,200
198,23,201,212,197,113,136,37,147,59
198,24,128,234,115,174,181,29,11,205
198,25,48,97,163,19,249,41,128,174
198,26,174,206,171,22,156,112,218,14
198,27,22,234,5,118,84,209,7,86
198,28,193,206,196,226,82,241,167,212
198,29,61,3,88,240,119,231,21,164
198,30,70,231,50,189,211,149,243,162
198,31,251,185,249,80,179,43,205,216
198,32,109,131,125,91,179,176,92,144
198,33,38,250,234,104,132,181,248,143
198,34,44,240,171,235,20,146,48,96
198,35,145,131,148,190,20,161,74,236
198,36,39,115,227,120,19,142,147,202
198,37,27,190,169,78,175,101,16,87
198,38,169,134,119,61,18,215,96,75
198,39,231,163,117,170,179,139,206,61
199,0,123,229,249,196,216,7,242,105
199,1,225,244,93,117,118,231,27,155
199,2,100,163,103,4,227,162,57,140
199,3,133,187,152,235,231,234,190,212
199,4,13,142,236,30,102,222,167,251
199,5,6,104,193,5,186,253,41,112
199,6,167,153,54,9,108,172,61,123
199,7,1,29,146,23,210,220,41,216
199,8,234,207,248,201,184,89,84,88
199,9,94,29,164,13,4,201,24,105
199,10,130,169,216,143,213,198,248,181
199,11,189,212,161,95,103,107,147,90
199,12,26,63,74,57,234,128,181,107
199,13,43,147,48,29,154,134,41,30
199,14,124,51,156,129,14,16,42,232
199,15,22,200,81,148,209,162,213,232
199,16,5,133,233,196,167,140,206,43
199,17,250,76,87,172,166,61,231,3
199,18,187,179,50,70,57,21,211,190
199,19,109,130,251,205,111,20,160,216
199,20,234,207,248,4,13,215,184,115
199,21,164,29,13,94,4,89,162,197
199,22,169,130,198,248,15,143,236,35
199,23,189,62,42,161,128,212,95,206
199,24,74,63,26,128,44,57,181,234
199,25,147,43,6,249,48,41,134,136
199,26,148,124,22,232,174,51,32,156
199,27,209,22,200,81,118,234,181,84
199,28,133,5,167,241,222,206,43,30
199,29,231,76,250,172,3,50,240,87
199,30,187,21,70,179,231,189,81,205
199,31,251,130,39,216,181,179,205,109
199,32,98,131,99,186,134,176,91,106
199,33,183,232,238,38,116,73,126,86
199,34,84,207,235,180,171,96,62,101
199,35,145,57,20,131,153,255,161,63
199,36,181,120,70,211,139,116,14,42
199,37,190,31,65,58,95,87,143,83
199,38,75,148,92,71,213,157,39,3
199,39,2,69,38,217,189,254,61,213
200,0,177,47,115,158,132,235,192,141
200,1,182,244,93,155,118,117,197,211
200,2,123,57,93,100,103,82,140,29
200,3,133,187,117,233,190,235,40,234
200,4,236,142,54,102,30,144,95,222
200,5,90,193,47,43,65,88,5,44
200,6,153,60,206,138,196,22,215,250
200,7,23,29,117,10,64,204,147,229
200,8,234,239,207,56,180,77,116,84
200,9,164,13,191,239,2,197,113,36
200,10,169,198,185,125,36,240,247,65
200,11,189,108,206,128,161,107,86,62
200,12,93,74,128,63,26,65,44,54
200,13,134,147,43,154,6,224,175,97
200,14,51,86,148,137,124,32,52,159
200,15,162,87,22,200,213,181,148,165
200,16,43,5,133,233,243,196,156,0
200,17,250,87,76,0,5,166,57,255
200,18,179,187,163,50,226,134,21,251
200,19,109,116,20,205,215,160,12,39
200,20,234,239,207,186,116,115,4,248
200,21,13,191,164,94,197,4,102,29
200,22,169,198,125,236,248,35,143,130
200,23,189,42,128,62,206,111,86,106
200,24,74,93,220,26,63,65,44,15
200,25,6,134,147,48,43,154,249,41
200,26,32,148,124,51,60,86,232,22
200,27,200,209,87,181,22,71,81,162
200,28,167,5,43,133,224,222,46,90
200,29,231,250,76,50,172,87,173,0
200,30,81,21,179,187,70,1,205,28
200,31,39,109,216,116,251,179,181,205
200,32,119,134,106,131,186,176,201,96
200,33,183,93,238,116,232,28,86,73
200,34,207,235,82,180,84,96,171,225
200,35,145,57,63,255,153,184,160,20
200,36,120,181,70,211,119,14,202,193
200,37,190,31,104,58,143,95,182,87
200,38,75,27,148,71,92,213,3,157
200,39,69,243,110,38,12,254,217,154
201,0,107,181,82,43,83,106,57,169
201,1,117,242,118,132,19,122,86,54
201,2,255,133,80,60,49,243,233,238
201,3,219,119,131,169,214,90,246,227
201,4,118,30,79,255,88,242,74,202
201,5,147,174,5,159,44,102,248,68
201,6,183,208,164,149,68,118,108,42
201,7,1,210,101,146,7,195,220,207
201,8,207,234,183,248,239,215,84,88
201,9,151,13,24,217,105,201,244,4
201,10,228,68,62,114,181,72,239,155
201,11,64,27,69,181,95,195,253,109
201,12,155,57,191,132,234,246,154,62
201,13,164,168,41,18,48,136,174,249
201,14,232,156,152,42,213,174,14,129
201,15,22,209,71,239,118,7,234,166
201,16,167,233,222,241,30,212,206,140
201,17,26,231,3,158,166,50,147,240
201,18,70,21,159,231,189,28,1,190
201,19,216,179,181,237,251,40,71,160
201,20,215,248,183,207,13,184,68,234
201,21,244,24,4,162,217,89,13,52
201,22,68,228,181,128,246,31,239,159
201,23,64,27,95,212,195,101,140,131
201,24,57,155,191,46,132,172,12,234
201,25,249,164,48,41,6,22,18,124
201,26,22,238,232,174,152,14,156,172
201,27,209,118,22,7,110,239,71,26
201,28,241,167,222,188,30,20,21,8
201,29,26,231,101,240,50,206,173,3
201,30,70,190,55,231,159,1,21,165
201,31,237,216,179,40,251,230,111,71
201,32,224,42,176,21,171,206,197,199
201,33,179,201,156,217,40,12,38,10
201,34,49,217,235,196,95,188,213,102
201,35,214,255,210,224,184,63,3,131
201,36,24,255,57,239,193,117,129,244
201,37,50,14,87,90,57,147,241,102
201,38,146,244,75,86,44,157,97,250
201,39,177,62,13,85,61,52,181,14
202,0,109,24,65,136,233,86,218,102
202,1,226,85,117,42,118,234,22,242
202,2,58,133,83,77,221,80,49,104
202,3,214,2,202,234,44,19,58,66
202,4,30,243,60,118,79,215,80,126
202,5,147,213,31,67,254,100,5,48
202,6,149,100,157,42,183,245,108,142
202,7,1,79,7,220,169,61,101,210
202,8,207,242,157,88,184,183,56,186
202,9,151,14,5,156,13,201,128,98
202,10,114,228,72,17,171,143,63,246
202,11,151,27,208,69,209,156,107,49
202,12,191,132,155,206,95,166,138,1
202,13,18,168,48,111,41,22,29,224
202,14,241,14,238,156,218,52,75,232
202,15,22,71,209,116,213,110,181,26
202,16,167,136,20,233,119,231,90,181
202,17,101,166,50,231,147,229,143,174
202,18,190,159,70,165,21,238,251,206
202,19,111,39,251,40,206,216,237,230
202,20,207,242,184,157,248,201,4,13
202,21,151,4,13,102,14,24,240,213
202,22,143,114,72,17,228,246,63,117
202,23,156,208,27,69,49,209,107,195
202,24,191,132,155,206,138,181,46,57
202,25,18,48,249,111,123,22,29,113
202,26,14,156,232,22,180,52,174,75
202,27,71,209,22,110,123,26,142,116
202,28,167,21,20,188,201,119,222,147
202,29,101,50,206,231,147,173,157,240
202,30,190,237,70,81,165,159,238,21
202,31,251,71,40,111,39,14,252,107
202,32,75,116,42,21,62,197,201,102
202,33,182,59,18,224,206,12,40,168
202,34,205,95,55,235,188,196,102,152
202,35,39,99,210,214,63,3,20,184
202,36,251,117,239,193,49,67,24,202
202,37,90,241,15,14,209,83,50,57
202,38,44,124,86,250,97,126,75,39
202,39,27,72,36,52,203,62,15,181
203,0,2,41,86,136,50,115,223,29
203,1,241,39,151,37,157,227,72,101
203,2,83,192,93,63,157,77,89,218
203,3,213,66,234,177,101,58,53,215
203,4,149,30,51,60,93,169,212,157
203,5,115,213,147,48,165,66,52,33
203,6,100,245,232,149,115,108,157,25
203,7,1,220,79,7,239,167,183,169
203,8,242,207,184,124,88,201,19,183
203,9,5,14,4,102,151,146,128,86
203,10,117,143,17,114,228,222,15,81
203,11,103,151,209,69,208,3,248,137
203,12,166,132,155,95,181,35,108,234
203,13,18,228,48,254,123,230,16,13
203,14,14,75,206,238,174,156,169,218
203,15,22,213,71,192,110,135,116,142
203,16,167,21,136,20,180,233,90,188
203,17,101,50,78,206,229,143,157,158
203,18,190,70,238,251,165,12,159,63
203,19,111,71,251,39,230,178,42,206
203,20,207,242,184,201,88,208,19,13
203,21,14,151,102,4,13,5,89,197
203,22,117,228,143,17,114,72,81,204
203,23,209,208,151,103,250,69,248,21
203,24,155,191,166,132,181,138,65,46
203,25,48,18,113,111,230,249,22,123
203,26,52,238,206,75,174,14,156,232
203,27,22,71,116,209,110,142,135,123
203,28,167,21,20,138,201,188,222,90
203,29,101,78,206,50,147,231,173,157
203,30,70,238,237,90,165,81,190,251
203,31,251,71,40,39,111,14,230,107
203,32,75,22,197,42,14,92,40,201
203,33,59,5,103,54,18,181,161,205
203,34,227,235,109,11,102,196,94,5
203,35,214,210,3,63,244,184,136,20
203,36,251,48,239,24,193,57,129,67
203,37,14,162,57,241,147,83,97,37
203,38,124,97,75,44,250,126,39,244
203,39,177,62,13,52,77,181,254,203
204,0,55,31,177,175,134,74,178,151
204,1,101,245,206,49,44,254,74,42
204,2,83,235,71,3,218,192,33,57
204,3,213,44,234,197,66,58,61,76
204,4,44,60,30,51,93,137,192,80
204,5,236,102,48,165,52,115,81,117
204,6,100,245,232,157,25,172,115,149
204,7,1,167,239,7,220,79,85,130
204,8,207,184,242,222,159,201,84,88
204,9,4,128,24,14,146,201,86,5
204,10,143,81,31,228,216,242,187,12
204,11,59,3,103,250,85,151,147,17
204,12,132,35,208,210,181,155,46,65
204,13,18,48,124,41,228,30,113,254
204,14,235,75,156,60,206,218,238,89
204,15,22,71,135,110,209,233,44,213
204,16,167,136,180,190,46,90,233,73
204,17,101,50,56,229,157,78,104,88
204,18,90,190,250,238,251,21,115,70
204,19,111,178,85,39,40,42,160,71
204,20,207,184,159,35,13,201,115,242
204,21,13,151,102,14,89,4,47,197
204,22,143,72,216,114,242,228,187,81
204,23,85,250,3,59,208,111,147,107
204,24,155,191,65,132,181,95,11,46
204,25,111,48,18,113,22,230,19,29
204,26,203,52,75,60,156,241,218,206
204,27,71,22,135,110,209,88,26,142
204,28,167,190,188,181,136,21,73,224
204,29,101,50,255,173,206,21,147,157
204,30,81,90,250,70,165,63,190,21
204,31,39,251,252,71,106,40,42,111
204,32,76,48,201,22,18,246,106,91
204,33,205,11,56,116,59,139,189,95
204,34,175,72,240,64,28,95,235,94
204,35,185,2,94,85,145,148,190,191
204,36,202,39,67,142,195,246,227,115
204,37,43,60,126,78,161,27,174,193
204,38,201,119,234,163,215,75,123,44
204,39,75,138,1,246,9,215,92,197
205,0,166,97,142,113,205,150,123,67
205,1,34,26,187,59,62,118,132,117
205,2,210,83,218,43,90,164,245,130
205,3,211,226,37,236,146,46,31,234
205,4,161,105,65,167,30,14,170,181
205,5,236,161,44,10,5,34,142,69
205,6,42,100,157,245,142,149,232,61
205,7,91,2,1,79,85,169,7,10
205,8,207,242,35,184,186,212,88,84
205,9,39,13,14,151,98,29,94,156
205,10,114,228,72,216,143,142,84,63
205,11,69,20,151,107,236,111,103,208
205,12,155,132,191,35,136,65,46,128
205,13,168,18,111,48,29,41,113,26
205,14,238,75,218,52,241,156,14,60
205,15,22,65,71,213,135,110,181,26
205,16,167,180,136,96,233,119,73,90
205,17,101,166,88,11,50,147,193,229
205,18,148,190,70,251,21,159,90,63
205,19,111,130,39,42,178,40,251,252
205,20,207,184,35,248,186,13,4,33
205,21,39,13,151,102,4,14,31,24
205,22,72,114,143,31,159,246,84,142
205,23,69,20,208,49,156,107,250,147
205,24,155,67,65,132,191,138,46,181
205,25,48,18,22,113,29,111,100,249
205,26,52,241,218,75,60,156,14,206
205,27,71,65,22,110,88,135,209,26
205,28,167,119,136,96,188,46,90,21
205,29,101,50,255,16,7,206,188,173
205,30,81,148,190,70,211,21,90,165
205,31,39,130,251,106,252,42,40,71
205,32,106,201,99,113,148,91,131,254
205,33,190,232,116,205,41,38,224,29
205,34,88,161,34,97,171,55,61,62
205,35,145,39,22,20,74,0,99,63
205,36,207,120,39,49,14,202,134,117
205,37,190,27,15,193,83,145,143,184
205,38,71,95,80,44,75,213,139,215
205,39,72,69,244,241,15,213,183,139
206,0,66,106,46,6,22,40,63,185
206,1,191,117,118,112,223,107,158,86
206,2,87,198,22,23,121,89,133,83
206,3,202,146,55,214,234,218,58,19
206,4,122,215,139,105,118,65,30,164
206,5,67,100,254,44,161,10,31,11
206,6,42,114,100,61,142,3,157,122
206,7,242,91,79,2,44,7,10,85
206,8,207,33,113,186,35,103,120,56
206,9,240,217,13,156,151,14,178,98
206,10,114,72,62,253,171,84,216,142
206,11,49,69,236,20,142,195,248,156
206,12,155,132,67,138,7,191,56,206
206,13,72,142,48,18,113,111,123,168
206,14,241,75,218,238,169,38,14,203
206,15,22,71,96,26,37,110,120,135
206,16,180,119,136,167,188,237,90,20
206,17,101,88,50,11,143,157,139,229
206,18,190,148,159,90,215,63,88,70
206,19,178,39,252,111,234,42,251,218
206,20,207,35,120,184,103,33,113,201
206,21,240,217,13,102,14,4,151,24
206,22,114,72,143,31,51,84,62,253
206,23,49,156,208,69,107,250,236,172
206,24,155,191,132,181,138,7,94,65
206,25,72,48,132,18,113,123,111,41
206,26,241,75,218,180,169,14,156,203
206,27,71,22,110,135,88,209,102,207
206,28,119,167,136,188,99,90,237,21
206,29,255,50,101,7,206,147,157,173
206,30,81,90,190,148,70,165,211,188
206,31,252,39,71,251,106,42,218,178
206,32,116,201,106,148,48,246,91,75
206,33,205,232,182,116,11,224,210,58
206,34,9,205,34,95,64,175,161,171
206,35,145,2,85,153,99,94,66,39
206,36,39,120,202,67,14,115,117,49
206,37,190,43,27,15,60,145,250,175
206,38,123,75,143,158,213,96,77,196
206,39,75,9,235,106,139,163,15,197
207,0,97,10,166,113,210,205,67,194
207,1,158,59,62,34,154,64,135,26
207,2,251,173,108,64,141,120,89,201
207,3,146,211,236,194,42,234,37,113
207,4,105,161,131,30,154,251,167,17
207,5,100,254,67,44,236,10,14,5
207,6,42,142,157,100,61,196,172,251
207,7,242,1,79,91,10,23,40,7
207,8,35,207,184,4,212,242,33,113
207,9,39,13,240,197,151,14,69,9
207,10,114,72,63,171,196,222,62,142
207,11,42,49,203,236,107,66,151,109
207,12,132,191,128,35,7,155,65,46
207,13,72,18,29,48,123,28,111,142
207,14,241,75,169,156,14,218,129,235
207,15,22,181,213,71,37,192,166,209
207,16,167,136,233,212,180,170,231,217
207,17,101,166,50,147,231,157,45,36
207,18,190,90,70,251,12,165,206,21
207,19,111,39,252,40,251,178,120,155
207,20,35,207,184,248,4,201,88,120
207,21,13,240,102,39,4,31,24,133
207,22,114,143,72,31,159,246,55,63
207,23,49,107,208,172,66,116,109,250
207,24,191,132,181,46,65,57,4,15
207,25,72,48,29,111,18,123,142,132
207,26,156,22,241,14,52,180,16,169
207,27,209,22,71,65,166,142,135,120
207,28,167,188,73,181,224,136,222,21
207,29,173,231,147,255,206,50,157,240
207,30,81,90,28,70,190,206,165,21
207,31,179,40,252,38,71,216,251,39
207,32,201,48,76,246,176,106,91,148
207,33,205,190,28,116,6,224,126,232
207,34,175,88,64,95,235,205,97,171
207,35,2,85,94,20,145,63,255,184
207,36,202,67,207,195,246,39,117,152
207,37,43,60,161,174,135,145,190,27
207,38,201,234,163,75,30,9,44,3
207,39,1,246,138,215,92,250,183,9
208,0,127,6,153,85,18,112,195,58
208,1,158,223,117,43,191,118,79,29
208,2,43,173,169,39,23,109,120,251
208,3,236,116,226,171,20,194,51,234
208,4,105,12,60,30,228,215,119,172
208,5,236,169,249,69,144,114,221,27
208,6,182,42,61,157,100,232,245,142
208,7,1,242,79,40,7,10,23,167
208,8,35,207,184,120,242,159,212,103
208,9,151,13,14,98,102,47,197,105
208,10,114,218,24,72,222,171,143,63
208,11,114,66,236,49,3,107,147,42
208,12,132,35,191,155,7,95,94,136
208,13,72,18,38,48,111,113,29,142
208,14,241,218,75,60,156,14,52,235
208,15,22,71,166,37,181,209,135,110
208,16,167,136,181,212,23,231,233,90
208,17,101,102,50,166,147,231,218,11
208,18,70,190,165,206,211,251,21,189
208,19,51,111,216,251,40,179,155,194
208,20,207,35,248,184,215,13,4,120
208,21,13,4,102,24,162,14,244,89
208,22,114,143,159,246,31,72,218,85
208,23,114,49,66,107,101,208,109,147
208,24,46,191,132,57,181,65,138,107
208,25,48,249,124,142,113,29,18,72
208,26,22,232,156,174,172,16,180,60
208,27,209,22,166,239,71,118,120,234
208,28,167,73,241,222,30,8,224,90
208,29,231,173,218,102,147,23,240,232
208,30,28,21,70,1,81,206,231,189
208,31,179,40,71,38,51,216,181,251
208,32,221,201,246,176,171,158,91,61
208,33,205,121,6,168,116,28,224,94
208,34,81,208,235,95,64,225,55,34
208,35,63,39,99,255,145,20,184,2
208,36,49,202,195,117,67,211,119,193
208,37,220,15,145,193,84,174,102,161
208,38,75,80,44,234,3,39,213,157
208,39,244,72,254,92,36,183,23,241
209,0,117,185,122,18,242,171,226,146
209,1,126,29,221,117,79,81,84,223
209,2,23,120,173,236,194,43,39,101
209,3,221,236,188,53,170,234,214,166
209,4,60,228,139,55,8,119,30,105
209,5,114,236,165,61,202,194,48,52
209,6,42,16,232,182,3,100,136,56
209,7,1,228,79,167,16,239,146,131
209,8,207,184,35,112,212,103,159,183
209,9,19,206,178,24,14,105,4,5
209,10,163,159,31,246,187,143,114,218
209,11,18,116,109,250,3,142,207,145
209,12,67,46,132,35,57,106,136,191
209,13,200,72,41,124,48,111,18,113
209,14,235,156,22,232,38,172,42,60
209,15,209,22,241,103,71,239,37,118
209,16,167,222,149,179,73,233,232,22
209,17,231,102,155,180,45,101,147,3
209,18,162,28,21,70,1,231,206,6
209,19,38,181,179,216,40,111,71,155
209,20,215,183,207,68,248,112,13,222
209,21,24,4,19,206,162,105,178,244
209,22,159,246,163,85,47,31,181,128
209,23,18,109,101,212,207,130,142,49
209,24,57,46,67,12,191,172,132,107
209,25,124,249,48,200,174,198,122,41
209,26,22,232,38,172,152,156,89,174
209,27,209,103,239,22,241,166,118,37
209,28,241,8,73,222,179,149,167,30
209,29,231,155,173,102,232,180,23,240
209,30,28,21,1,6,231,206,235,70
209,31,40,179,38,216,71,181,233,253
209,32,17,89,176,171,201,61,194,246
209,33,23,214,117,94,237,116,28,38
209,34,235,187,225,58,12,28,47,19
209,35,63,255,184,7,99,145,20,59
209,36,253,119,57,0,145,8,193,25
209,37,220,84,164,87,102,95,45,83
209,38,75,136,157,39,244,3,44,22
209,39,23,254,16,68,241,61,14,52
210,0,181,82,107,251,39,255,83,99
210,1,119,168,237,89,220,53,248,176
210,2,13,177,81,1,5,99,127,28
210,3,65,109,158,28,105,85,186,124
210,4,25,120,82,30,227,133,182,21
210,5,174,172,48,232,114,142,202,3
210,6,174,108,56,71,149,232,89,58
210,7,1,146,16,94,220,122,71,210
210,8,68,207,215,183,35,222,184,109
210,9,24,105,4,244,162,19,52,236
210,10,68,97,128,181,246,10,239,7
210,11,64,212,131,109,2,207,42,94
210,12,57,107,172,27,154,233,234,98
210,13,164,174,41,230,207,122,48,112
210,14,232,152,42,156,22,174,1,129
210,15,209,22,166,118,239,142,241,234
210,16,241,233,222,30,167,8,212,140
210,17,231,26,180,3,102,232,23,31
210,18,70,28,21,231,1,189,206,162
210,19,216,181,179,237,40,71,250,175
210,20,215,183,248,68,207,13,222,156
210,21,24,52,162,244,4,204,19,105
210,22,68,181,128,246,85,239,159,7
210,23,64,131,101,212,207,95,109,115
210,24,57,46,12,172,233,98,67,107
210,25,164,249,122,124,174,198,200,48
210,26,232,22,152,1,174,172,156,42
210,27,209,239,118,166,22,241,103,186
210,28,241,8,30,232,149,222,140,179
210,29,26,231,232,155,173,180,101,240
210,30,55,28,231,1,206,235,21,70
210,31,237,216,40,179,38,181,18,71
210,32,224,197,176,171,37,61,199,126
210,33,179,201,156,117,10,237,38,63
210,34,49,235,217,58,47,28,225,177
210,35,224,63,255,184,7,73,214,40
210,36,57,255,24,119,145,193,244,239
210,37,50,87,102,14,158,221,45,83
210,38,146,75,157,244,39,44,3,86
210,39,177,85,13,254,14,61,62,52
211,0,1,109,2,65,86,24,136,3
211,1,236,226,190,42,22,117,119,28
211,2,13,5,177,139,221,194,218,120
211,3,44,167,234,0,202,156,61,58
211,4,243,25,30,190,149,80,133,139
211,5,14,213,172,48,31,232,202,89
211,6,100,2,174,108,25,114,58,56
211,7,16,61,146,1,19,210,130,202
211,8,207,157,68,183,222,88,201,124
211,9,160,14,24,105,4,240,200,253
211,10,31,159,246,173,114,128,154,47
211,11,109,156,186,207,201,120,49,2
211,12,12,131,46,132,249,57,166,206
211,13,41,230,48,124,100,155,42,59
211,14,22,156,232,172,38,42,218,235
211,15,209,51,22,146,239,119,116,71
211,16,167,22,224,233,232,10,30,222
211,17,231,101,213,173,180,157,206,155
211,18,162,21,28,1,165,70,145,231
211,19,38,63,206,179,43,237,40,181
211,20,215,157,183,207,13,68,222,248
211,21,24,160,200,4,244,240,162,253
211,22,159,47,173,98,31,246,154,181
211,23,109,156,199,29,115,212,11,95
211,24,46,57,249,12,166,172,148,98
211,25,124,230,174,48,249,41,122,21
211,26,232,22,172,143,218,89,156,152
211,27,51,209,239,119,22,45,86,245
211,28,201,22,241,30,232,222,8,224
211,29,101,173,213,231,157,23,180,232
211,30,28,1,21,151,235,231,19,206
211,31,38,179,40,216,181,71,175,253
211,32,116,75,176,157,246,142,171,70
211,33,18,59,237,206,152,161,10,103
211,34,94,235,241,225,11,183,206,47
211,35,63,255,184,191,73,7,59,20
211,36,251,145,57,193,147,48,116,223
211,37,248,87,196,102,14,45,83,162
211,38,124,75,157,244,39,3,87,52
211,39,166,254,14,77,61,52,177,13
212,0,1,134,50,178,151,239,55,250
212,1,88,116,236,101,15,154,94,41
212,2,97,218,96,180,3,52,83,177
212,3,44,19,167,0,234,72,213,61
212,4,190,44,243,30,180,221,51,80
212,5,14,172,89,81,48,102,5,215
212,6,2,174,100,178,108,42,71,104
212,7,16,146,210,122,7,1,83,130
212,8,207,183,215,68,222,128,109,9
212,9,24,160,105,14,4,162,204,253
212,10,159,31,246,173,85,98,139,244
212,11,109,120,186,95,212,201,250,199
212,12,57,12,46,131,249,107,132,246
212,13,174,41,124,122,207,249,48,211
212,14,22,232,42,156,172,152,89,235
212,15,209,119,239,22,146,37,71,51
212,16,22,30,167,241,224,233,90,168
212,17,231,213,23,180,101,3,157,254
212,18,28,21,1,231,206,235,145,98
212,19,179,181,38,40,175,43,253,216
212,20,215,183,207,13,222,248,68,64
212,21,24,160,4,162,105,204,219,200
212,22,159,47,85,246,31,173,181,154
212,23,109,95,201,212,133,199,59,85
212,24,46,57,128,12,249,11,234,172
212,25,124,41,230,174,48,249,21,19
212,26,232,22,152,172,156,218,89,206
212,27,209,239,51,22,186,118,84,71
212,28,193,241,190,167,30,22,224,8
212,29,213,231,88,180,62,173,101,23
212,30,28,50,1,21,231,235,189,70
212,31,179,216,40,181,39,175,106,18
212,32,179,246,171,176,76,131,201,125
212,33,132,237,95,104,116,10,11,234
212,34,235,28,44,240,225,238,94,183
212,35,191,255,148,145,184,190,63,74
212,36,39,147,115,227,202,211,79,251
212,37,193,27,78,87,190,143,56,102
212,38,75,157,215,39,119,169,101,3
212,39,158,75,231,254,179,197,14,172
213,0,166,97,113,142,205,10,215,154
213,1,34,59,26,62,199,187,158,181
213,2,218,127,90,46,64,180,97,146
213,3,211,90,31,37,146,135,186,84
213,4,161,65,167,190,14,30,25,131
213,5,14,104,89,161,172,5,236,232
213,6,42,2,167,174,178,100,142,243
213,7,91,16,210,1,146,2,29,242
213,8,207,35,33,212,186,84,88,89
213,9,39,13,29,94,105,14,24,253
213,10,159,31,246,114,130,154,85,47
213,11,20,109,250,95,107,212,17,186
213,12,35,131,57,46,132,160,12,220
213,13,124,41,29,48,72,43,111,112
213,14,156,22,14,51,42,232,174,129
213,15,22,209,65,166,71,181,37,213
213,16,233,167,212,73,120,222,22,231
213,17,166,231,213,147,50,3,158,101
213,18,148,70,21,28,206,231,87,189
213,19,130,216,111,40,181,160,251,179
213,20,215,248,207,33,183,13,222,4
213,21,39,4,13,24,162,29,244,105
213,22,159,85,246,143,47,128,181,31
213,23,20,212,109,107,101,95,94,207
213,24,57,46,67,172,27,227,132,233
213,25,249,48,124,29,174,122,198,41
213,26,232,22,152,172,156,174,178,89
213,27,209,65,239,22,120,118,186,84
213,28,96,241,8,222,30,167,211,73
213,29,231,173,180,23,240,213,172,50
213,30,28,148,21,1,231,189,206,70
213,31,130,179,181,216,40,106,251,39
213,32,99,201,113,176,246,171,254,131
213,33,190,232,237,104,116,28,205,10
213,34,235,88,161,97,225,34,56,171
213,35,255,145,63,20,184,218,236,74
213,36,207,211,202,49,39,193,120,147
213,37,193,27,87,143,174,190,78,83
213,38,75,39,157,80,71,101,234,44
213,39,72,244,69,92,254,183,250,61
214,0,186,185,2,6,242,66,157,133
214,1,191,117,198,42,118,91,158,213
214,2,198,87,218,127,180,64,46,133
214,3,90,44,234,19,156,221,53,58
214,4,139,25,30,55,118,2,8,80
214,5,48,232,3,14,102,114,81,195
214,6,3,174,108,114,2,42,58,100
214,7,146,91,94,16,210,122,2,202
214,8,215,207,183,112,248,68,43,212
214,9,19,105,244,24,139,206,178,162
214,10,181,253,163,7,128,85,197,159
214,11,142,18,2,212,156,116,109,151
214,12,57,67,12,46,233,234,172,155
214,13,41,200,48,174,100,249,207,124
214,14,152,38,232,42,156,1,22,174
214,15,209,103,241,22,239,118,17,84
214,16,78,241,30,232,167,233,182,90
214,17,180,155,231,128,232,3,102,69
214,18,162,28,235,21,231,1,148,189
214,19,216,179,181,160,233,155,16,71
214,20,215,68,183,248,207,112,13,9
214,21,19,52,244,162,139,24,196,240
214,22,181,163,128,253,239,85,154,7
214,23,131,156,101,18,142,109,212,130
214,24,67,57,172,12,46,233,230,107
214,25,249,48,124,122,200,244,174,41
214,26,152,232,38,174,22,89,1,250
214,27,209,103,118,241,239,17,7,166
214,28,241,30,78,8,73,232,222,185
214,29,232,155,180,231,128,173,240,31
214,30,235,231,122,6,70,1,28,21
214,31,216,16,179,18,233,71,40,185
214,32,17,171,176,37,126,194,199,75
214,33,117,23,94,214,10,161,197,116
214,34,47,58,187,235,28,19,114,54
214,35,255,40,34,161,7,201,63,184
214,36,25,57,253,0,8,116,234,193
214,37,102,87,221,220,84,164,90,83
214,38,5,157,136,75,22,244,44,15
214,39,16,23,14,61,213,145,252,68
215,0,181,82,107,251,39,255,83,221
215,1,88,184,168,237,119,220,53,228
215,2,227,0,45,127,13,243,161,237
215,3,90,132,5,28,48,127,169,213
215,4,82,25,182,227,196,80,202,19
215,5,232,174,48,142,3,102,4,114
215,6,108,174,58,85,194,193,119,16
215,7,94,146,122,133,207,130,114,13
215,8,215,68,183,248,9,112,207,84
215,9,52,139,19,24,244,105,68,196
215,10,181,68,154,128,239,197,7,97
215,11,64,131,212,2,6,94,55,130
215,12,98,57,172,12,27,106,107,36
215,13,164,27,230,174,249,122,41,128
215,14,152,232,1,42,192,174,70,156
215,15,209,118,241,22,239,7,142,17
215,16,241,30,233,78,222,90,149,8
215,17,26,180,232,231,31,102,3,128
215,18,122,235,70,1,231,55,87,28
215,19,216,237,179,118,206,16,55,181
215,20,215,248,183,9,68,106,13,156
215,21,52,242,139,162,244,196,19,204
215,22,181,68,128,239,154,194,15,170
215,23,64,131,101,212,68,6,115,207
215,24,172,57,98,36,230,107,233,27
215,25,164,249,244,27,174,122,198,200
215,26,152,232,174,250,1,89,219,192
215,27,209,118,7,166,241,17,239,186
215,28,241,30,78,149,222,8,232,147
215,29,232,26,180,128,101,231,240,155
215,30,55,235,231,122,70,1,145,4
215,31,216,237,16,18,179,14,132,155
215,32,224,176,171,197,126,135,199,37
215,33,201,179,117,156,10,63,12,38
215,34,49,217,47,28,58,235,213,177
215,35,224,255,40,34,184,201,7,161
215,36,57,255,25,24,116,244,239,42
215,37,102,87,50,221,14,158,90,45
215,38,146,157,244,5,75,15,39,86
215,39,85,13,177,61,14,252,220,168
216,0,177,109,78,120,217,55,148,24
216,1,215,236,1,226,186,240,228,117
216,2,228,221,45,13,182,237,155,77
216,3,16,234,44,0,61,108,180,132
216,4,169,243,82,204,1,30,117,51
216,5,48,142,102,133,143,139,232,6
216,6,108,25,71,32,219,58,189,186
216,7,94,220,122,207,173,130,166,146
216,8,215,248,9,47,183,68,26,124
216,9,52,75,139,162,24,196,80,32
216,10,109,181,239,119,128,254,146,170
216,11,6,131,146,37,240,212,100,68
216,12,98,47,36,172,57,166,107,27
216,13,27,249,174,19,230,0,122,136
216,14,152,232,192,144,129,219,174,172
216,15,112,209,178,22,7,118,142,95
216,16,241,30,53,233,59,10,82,222
216,17,206,19,180,232,240,31,131,62
216,18,108,231,70,116,235,1,36,87
216,19,247,216,206,55,58,118,179,155
216,20,215,248,47,9,183,128,134,70
216,21,52,242,196,162,139,204,244,80
216,22,109,181,239,128,194,15,146,154
216,23,131,146,6,37,135,68,212,157
216,24,172,166,98,36,55,47,57,27
216,25,230,249,0,174,128,27,198,136
216,26,152,232,192,174,79,250,89,172
216,27,18,209,7,112,178,118,214,10
216,28,56,241,30,53,222,8,83,233
216,29,232,4,31,126,62,240,180,220
216,30,108,231,55,235,209,66,36,1
216,31,216,247,55,37,219,18,179,239
216,32,14,176,171,58,28,248,135,92
216,33,185,68,250,176,10,198,197,199
216,34,47,164,94,18,249,48,103,80
216,35,255,40,131,34,77,176,201,73
216,36,25,116,17,138,244,57,21,50
216,37,226,214,87,102,221,110,14,196
216,38,157,244,141,242,24,5,28,197
216,39,42,209,168,83,14,5,61,66
217,0,98,240,50,69,220,167,156,5
217,1,70,215,236,69,186,51,68,89
217,2,157,42,221,182,13,83,139,216
217,3,234,61,36,16,44,197,0,58
217,4,169,149,243,51,30,178,1,137
217,5,48,232,77,75,102,30,64,5
217,6,108,168,32,71,201,219,104,58
217,7,122,94,220,130,146,166,173,213
217,8,215,9,248,68,26,183,128,6
217,9,52,75,139,24,204,162,128,91
217,10,181,239,119,146,128,254,154,97
217,11,6,131,146,212,37,68,240,237
217,12,98,172,57,36,166,69,27,234
217,13,27,174,249,136,194,19,122,230
217,14,152,232,192,219,70,1,17,174
217,15,209,7,18,112,214,118,22,6
217,16,241,30,234,53,233,222,56,19
217,17,19,180,232,31,240,206,9,131
217,18,231,116,108,70,1,36,235,87
217,19,247,216,58,55,99,206,179,37
217,20,215,248,9,134,128,250,183,167
217,21,52,162,242,91,244,139,196,204
217,22,181,128,239,254,109,194,154,146
217,23,131,146,6,212,68,37,101,177
217,24,98,172,166,36,57,27,55,50
217,25,230,249,27,0,198,136,174,128
217,26,232,152,192,250,1,174,79,219
217,27,209,18,7,118,214,10,112,222
217,28,241,56,30,53,82,234,8,83
217,29,232,31,4,180,62,220,128,240
217,30,108,231,235,116,209,55,151,36
217,31,247,99,216,18,219,16,179,58
217,32,26,14,171,176,135,144,28,126
217,33,68,185,197,10,103,199,84,54
217,34,47,94,18,103,48,11,146,109
217,35,117,255,40,131,201,184,73,114
217,36,116,37,25,44,244,48,57,127
217,37,102,87,162,221,226,14,160,196
217,38,157,242,244,99,185,14,15,5
217,39,197,77,168,14,61,66,44,6
218,0,13,55,230,116,159,217,47,19
218,1,80,163,236,21,235,0,243,44
218,2,26,155,21,231,7,51,70,204
218,3,191,16,234,156,132,33,180,48
218,4,44,221,243,169,30,148,117,206
218,5,48,232,133,102,30,77,142,3
218,6,108,57,85,174,187,58,100,104
218,7,223,94,38,130,122,146,220,133
218,8,215,9,68,248,26,183,73,128
218,9,52,139,75,24,177,242,196,128
218,10,181,19,154,146,128,242,239,15
218,11,131,212,6,222,220,37,240,94
218,12,98,172,57,36,234,27,50,208
218,13,174,249,136,27,122,39,230,194
218,14,232,152,192,1,174,70,42,251
218,15,209,118,33,7,22,43,10,2
218,16,241,30,82,233,234,222,90,8
218,17,232,164,180,231,3,21,240,31
218,18,116,70,231,235,1,189,4,151
218,19,216,85,16,247,179,155,48,185
218,20,215,248,13,9,183,236,207,134
218,21,52,242,139,32,89,162,244,128
218,22,19,181,146,242,154,216,137,15
218,23,131,212,220,201,37,59,222,197
218,24,128,57,172,234,11,50,36,233
218,25,101,230,249,48,41,19,0,174
218,26,174,152,232,218,1,89,172,203
218,27,209,33,118,7,22,239,17,26
218,28,241,193,30,167,82,90,190,222
218,29,164,88,180,240,232,21,3,62
218,30,50,231,70,63,235,1,4,21
218,31,216,18,16,179,181,185,39,40
218,32,176,171,179,125,126,144,109,131
218,33,234,198,68,132,104,10,11,38
218,34,44,48,240,94,47,164,103,28
218,35,255,184,161,190,145,148,74,40
218,36,39,25,115,202,142,116,120,225
218,37,102,27,87,193,221,169,78,95
218,38,157,169,88,75,119,138,215,96
218,39,231,179,158,168,252,244,61,197
219,0,123,229,249,196,216,7,105,242
219,1,225,231,27,117,150,118,155,93
219,2,4,162,70,17,249,103,90,168
219,3,133,187,31,235,152,37,84,234
219,4,102,142,30,222,167,13,236,54
219,5,104,186,193,6,161,5,236,90
219,6,174,108,167,42,2,243,187,153
219,7,146,23,29,1,210,94,7,202
219,8,207,234,248,89,164,84,43,215
219,9,13,29,203,94,105,24,98,162
219,10,169,181,130,85,128,154,246,143
219,11,189,42,212,174,203,95,107,131
219,12,57,160,12,128,220,172,63,46
219,13,41,29,43,48,249,124,136,174
219,14,156,42,174,232,152,22,14,129
219,15,22,209,118,71,142,181,148,234
219,16,5,167,233,222,241,30,140,212
219,17,250,231,166,3,213,87,50,147
219,18,70,21,231,189,197,28,206,190
219,19,130,205,181,109,216,251,160,179
219,20,248,207,215,234,13,4,184,183
219,21,29,4,13,203,94,242,162,89
219,22,169,236,198,181,130,143,128,85
219,23,42,189,212,62,95,107,94,174
219,24,57,74,220,63,26,46,160,172
219,25,249,48,43,147,41,29,124,198
219,26,22,232,174,152,124,14,156,32
219,27,209,22,118,234,239,84,120,81
219,28,167,222,5,241,133,206,30,8
219,29,231,250,240,3,50,172,76,173
219,30,21,70,231,189,179,187,81,28
219,31,181,130,251,179,106,216,39,109
219,32,98,176,99,131,186,134,201,96
219,33,183,232,238,38,116,58,126,28
219,34,235,180,84,207,171,96,101,146
219,35,145,153,20,40,57,63,161,218
219,36,211,181,70,120,202,193,116,42
219,37,190,31,87,143,83,58,182,174
219,38,75,71,148,92,157,39,3,95
219,39,2,69,189,38,217,213,61,252
220,0,110,57,56,157,127,32,66,165
220,1,117,242,118,122,84,73,90,54
220,2,33,80,255,133,121,60,217,165
220,3,19,70,171,44,90,107,131,234
220,4,118,122,254,74,80,138,25,30
220,5,169,24,144,5,147,30,48,44
220,6,183,174,42,108,166,187,250,56
220,7,146,56,210,1,207,7,122,101
220,8,207,183,222,234,186,215,248,13
220,9,105,217,148,24,13,128,4,88
220,10,24,73,114,92,85,72,7,155
220,11,210,147,27,154,195,93,95,107
220,12,57,155,84,121,191,107,53,197
220,13,41,48,22,30,122,168,18,124
220,14,232,156,178,42,213,22,152,89
220,15,209,22,203,239,71,84,118,219
220,16,167,90,233,161,30,241,8,249
220,17,231,23,3,180,56,205,50,197
220,18,21,1,28,189,231,159,206,70
220,19,181,179,216,106,199,175,40,155
220,20,215,207,183,13,248,222,184,156
220,21,148,4,162,24,105,236,89,244
220,22,24,85,7,97,114,73,128,181
220,23,210,212,147,154,27,101,95,195
220,24,57,46,84,233,191,12,172,234
220,25,22,249,174,41,48,124,30,122
220,26,232,22,156,152,42,178,174,206
220,27,209,239,203,22,118,234,84,71
220,28,241,8,161,167,249,206,30,222
220,29,231,214,23,3,50,240,169,205
220,30,21,189,231,206,1,28,71,243
220,31,91,181,179,216,251,185,199,175
220,32,201,221,91,246,176,48,94,61
220,33,96,151,58,121,38,107,28,248
220,34,56,208,235,175,171,95,252,70
220,35,85,218,236,20,184,99,255,111
220,36,211,195,202,246,152,193,1,139
220,37,161,174,87,143,83,67,56,45
220,38,234,201,39,101,9,44,30,3
220,39,246,1,250,92,183,215,15,220
221,0,186,234,242,84,144,78,111,27
221,1,117,29,111,126,178,198,175,118
221,2,230,33,150,86,15,92,133,159
221,3,44,155,116,234,202,19,214,51
221,4,112,94,30,71,178,98,169,166
221,5,169,48,144,232,253,81,168,5
221,6,174,142,9,42,108,17,126,73
221,7,146,210,243,122,1,181,173,41
221,8,207,222,183,215,248,201,236,103
221,9,236,105,4,24,162,14,128,253
221,10,7,85,97,181,252,114,0,140
221,11,212,114,153,147,95,210,240,107
221,12,57,233,155,234,172,181,46,171
221,13,41,48,38,174,198,122,30,249
221,14,232,156,42,22,152,178,174,89
221,15,22,209,118,239,234,84,203,44
221,16,167,206,241,8,30,90,233,249
221,17,231,3,197,23,205,56,206,180
221,18,189,21,70,206,231,28,1,243
221,19,181,216,185,91,179,155,71,107
221,20,215,248,207,13,236,183,68,156
221,21,4,162,236,242,89,244,24,105
221,22,85,0,7,97,128,181,140,143
221,23,212,15,147,116,153,114,95,210
221,24,57,233,172,234,227,46,12,181
221,25,249,48,174,163,41,181,198,122
221,26,232,22,79,174,152,178,156,1
221,27,209,118,22,234,239,43,248,236
221,28,241,8,206,30,140,167,249,222
221,29,231,3,128,240,49,23,56,205
221,30,189,231,21,28,206,70,243,211
221,31,216,60,185,181,251,179,71,18
221,32,86,176,91,126,171,61,195,201
221,33,36,97,38,37,248,189,10,181
221,34,90,28,212,235,255,171,238,47
221,35,49,255,20,44,236,161,73,111
221,36,234,147,227,42,193,39,25,116
221,37,193,87,83,45,78,15,221,102
221,38,215,44,3,157,39,162,139,15
221,39,158,224,72,61,15,220,14,252
222,0,96,117,226,133,170,187,185,128
222,1,117,206,40,96,209,179,131,183
222,2,114,196,55,137,200,123,116,141
222,3,44,247,222,234,252,242,48,179
222,4,182,55,2,112,178,71,35,98
222,5,48,232,3,30,225,133,144,5
222,6,108,9,3,174,17,16,142,114
222,7,146,243,122,94,210,133,41,173
222,8,183,215,248,112,207,167,222,236
222,9,236,19,206,4,24,162,105,244
222,10,97,163,7,85,181,200,140,128
222,11,212,18,68,240,130,232,116,45
222,12,233,57,72,172,234,67,106,117
222,13,200,174,122,41,48,249,198,181
222,14,232,42,152,156,141,38,79,174
222,15,209,103,241,22,118,234,239,236
222,16,241,30,8,206,140,78,90,149
222,17,231,155,128,3,180,240,138,205
222,18,189,231,70,243,28,206,1,157
222,19,216,185,181,179,46,159,196,91
222,20,215,248,183,236,68,13,45,112
222,21,162,19,242,244,236,80,52,206
222,22,200,181,97,163,128,239,154,85
222,23,212,18,68,131,101,190,130,240
222,24,172,233,57,72,36,67,173,183
222,25,249,163,174,122,48,198,200,181
222,26,232,237,152,174,79,38,227,89
222,27,209,118,10,103,236,7,43,22
222,28,241,8,30,226,206,140,222,232
222,29,231,155,240,3,31,128,232,236
222,30,231,189,70,6,28,157,206,243
222,31,216,185,60,233,179,71,155,46
222,32,17,176,126,37,171,243,89,61
222,33,214,23,94,117,38,248,185,12
222,34,177,187,54,19,28,146,47,70
222,35,161,217,100,255,131,73,201,236
222,36,57,0,42,8,25,253,116,239
222,37,87,220,102,45,221,164,90,83
222,38,157,244,162,15,44,22,14,136
222,39,23,61,220,252,16,14,145,36
223,0,136,78,241,89,56,18,14,227
223,1,166,6,119,117,95,190,165,60
223,2,174,181,99,19,209,196,141,197
223,3,247,179,44,234,252,75,48,137
223,4,253,35,2,82,182,55,80,56
223,5,3,48,142,174,225,232,5,68
223,6,108,9,186,201,25,17,189,242
223,7,146,122,94,210,220,60,41,133
223,8,157,215,183,248,207,68,9,167
223,9,24,162,236,105,4,244,19,68
223,10,12,97,181,128,68,154,239,200
223,11,64,212,68,240,130,131,232,197
223,12,57,172,233,234,98,36,27,106
223,13,42,174,249,41,136,122,128,48
223,14,232,152,174,42,129,1,192,79
223,15,22,209,118,234,7,239,142,84
223,16,241,222,206,30,8,233,247,90
223,17,185,231,240,3,180,31,232,138
223,18,70,231,189,4,206,243,1,87
223,19,216,185,181,179,251,46,71,155
223,20,215,248,183,236,157,45,13,68
223,21,242,52,80,162,244,89,228,4
223,22,12,181,68,239,154,15,128,103
223,23,64,212,68,131,101,6,190,113
223,24,172,233,57,36,72,173,234,183
223,25,42,249,48,136,128,163,174,241
223,26,232,174,152,237,79,227,141,89
223,27,209,118,7,10,22,43,234,236
223,28,241,30,8,226,206,147,140,222
223,29,185,231,240,31,3,174,232,169
223,30,231,72,70,189,206,157,4,243
223,31,216,185,196,46,179,155,18,251
223,32,224,176,126,197,243,61,171,37
223,33,63,156,38,117,248,185,18,12
223,34,152,177,54,70,47,146,213,28
223,35,161,217,100,255,131,73,201,184
223,36,239,42,57,251,24,25,116,223
223,37,50,87,102,45,90,221,14,83
223,38,157,162,15,146,244,14,44,86
223,39,220,177,13,85,61,252,14,36
224,0,47,55,36,134,177,180,151,44
224,1,61,76,101,164,70,254,105,42
224,2,182,42,3,157,181,228,174,126
224,3,234,16,197,63,247,61,36,44
224,4,169,253,82,30,80,137,178,1
224,5,48,225,102,133,64,5,3,238
224,6,108,168,201,9,186,25,104,195
224,7,122,220,130,146,173,94,149,83
224,8,215,248,124,9,183,236,45,192
224,9,52,242,162,91,4,80,128,236
224,10,15,103,181,254,67,239,200,146
224,11,212,68,37,6,240,100,146,190
224,12,172,72,234,233,36,57,166,231
224,13,241,249,193,136,198,42,27,174
224,14,232,174,152,79,237,192,70,129
224,15,209,22,118,7,18,10,105,40
224,16,154,241,30,226,82,140,83,8
224,17,31,55,240,174,232,231,185,206
224,18,231,70,116,4,36,210,189,87
224,19,216,58,247,185,55,206,47,46
224,20,248,215,45,13,70,236,47,250
224,21,242,91,162,80,52,89,244,236
224,22,15,254,181,103,146,200,67,12
224,23,212,68,146,37,197,190,59,131
224,24,172,166,72,36,231,173,233,183
224,25,42,48,136,249,163,88,193,100
224,26,174,237,79,89,232,192,227,152
224,27,7,18,118,10,40,209,22,43
224,28,226,241,56,30,82,206,83,147
224,29,31,185,3,55,19,174,240,169
224,30,231,209,70,189,66,72,36,210
224,31,185,216,60,219,58,126,247,18
224,32,26,92,14,176,126,190,243,248
224,33,185,250,38,248,171,176,12,199
224,34,249,146,152,80,18,177,47,11
224,35,161,131,100,217,236,117,73,185
224,36,79,42,37,44,116,25,127,202
224,37,196,87,83,162,214,45,102,7
224,38,52,15,88,157,162,244,87,39
224,39,66,251,220,61,77,252,14,44
225,0,13,2,116,178,159,52,155,239
225,1,80,232,141,52,61,104,109,83
225,2,105,140,250,162,164,181,30,111
225,3,234,217,254,245,158,53,63,155
225,4,149,82,239,221,169,30,148,253
225,5,225,181,48,187,112,91,5,118
225,6,108,9,219,186,201,58,134,253
225,7,161,146,220,84,122,138,130,232
225,8,248,124,215,9,183,236,45,13
225,9,242,52,162,244,80,236,17,4
225,10,15,181,12,103,154,128,254,239
225,11,212,68,240,220,190,232,6,94
225,12,233,172,166,234,72,57,231,183
225,13,42,241,48,249,122,136,100,41
225,14,232,152,174,70,192,79,237,89
225,15,209,22,118,10,7,239,154,142
225,16,241,154,30,8,233,206,140,247
225,17,49,128,31,232,185,231,180,3
225,18,231,70,189,36,235,157,4,145
225,19,216,185,206,58,126,60,179,46
225,20,215,248,9,13,45,183,236,70
225,21,80,52,162,244,242,236,89,219
225,22,181,154,200,12,239,254,140,97
225,23,68,212,146,209,6,131,190,240
225,24,172,166,36,233,72,231,173,57
225,25,42,198,128,122,249,48,163,241
225,26,237,232,227,174,79,192,152,141
225,27,118,10,209,7,40,236,43,22
225,28,241,30,138,8,226,206,129,83
225,29,31,78,185,3,128,232,231,174
225,30,231,189,70,72,66,36,157,235
225,31,216,60,185,18,155,58,179,126
225,32,176,197,14,126,243,171,190,146
225,33,103,167,38,185,248,189,12,63
225,34,177,227,152,47,146,11,18,213
225,35,217,201,131,100,255,73,161,184
225,36,48,25,42,116,57,223,251,58
225,37,87,102,162,45,221,14,83,139
225,38,157,15,244,14,162,124,39,114
225,39,220,77,61,14,177,13,252,224
226,0,151,55,178,47,70,31,177,134
226,1,254,44,101,206,70,100,42,117
226,2,3,235,181,114,160,174,105,141
226,3,234,44,16,247,217,63,197,36
226,4,44,169,80,253,178,30,137,51
226,5,48,3,232,225,142,75,181,5
226,6,9,108,186,201,25,219,27,168
226,7,146,38,122,94,133,130,202,246
226,8,215,248,183,68,9,124,13,128
226,9,162,236,80,242,52,4,105,196
226,10,154,12,181,200,140,242,97,128
226,11,212,68,197,240,131,220,37,222
226,12,233,172,57,234,72,98,36,183
226,13,122,174,136,181,30,249,128,48
226,14,232,42,152,174,1,79,129,89
226,15,209,118,22,234,239,10,84,236
226,16,241,30,206,8,233,90,193,167
226,17,231,3,205,180,128,240,138,31
226,18,189,231,70,157,243,206,21,116
226,19,216,185,181,179,85,155,46,129
226,20,215,248,13,236,207,45,183,163
226,21,80,236,89,242,162,244,4,52
226,22,12,154,181,216,200,242,85,128
226,23,212,201,197,68,220,59,131,190
226,24,233,57,128,234,172,205,11,157
226,25,48,41,249,42,163,19,101,30
226,26,232,174,1,89,203,42,178,152
226,27,118,209,22,234,239,84,10,236
226,28,241,206,8,190,30,193,167,82
226,29,231,3,88,240,128,185,180,21
226,30,189,21,231,70,206,50,28,211
226,31,216,181,185,18,251,179,40,155
226,32,176,91,179,131,144,171,86,126
226,33,104,38,132,139,10,11,248,185
226,34,240,235,44,28,48,171,238,146
226,35,255,190,148,20,161,236,185,73
226,36,79,39,142,147,115,202,42,227
226,37,27,193,78,196,87,83,143,95
226,38,215,75,132,3,157,15,44,119
226,39,158,244,75,14,72,220,44,61
227,0,113,166,142,97,205,213,150,215
227,1,34,26,117,187,59,118,132,207
227,2,90,162,164,146,176,210,26,103
227,3,211,31,146,46,37,135,84,234
227,4,161,167,65,30,13,14,82,39
227,5,104,142,232,3,5,161,6,253
227,6,9,108,167,174,17,186,142,44
227,7,146,91,210,133,29,23,122,2
227,8,207,33,248,183,13,89,215,174
227,9,39,29,94,13,105,4,236,24
227,10,85,7,12,130,128,181,97,143
227,11,212,20,95,45,147,107,94,232
227,12,57,233,234,172,181,63,12,227
227,13,41,48,30,181,29,198,136,122
227,14,156,42,232,178,22,61,206,129
227,15,22,209,234,65,118,239,84,142
227,16,167,206,233,90,8,249,30,241
227,17,231,3,23,205,56,50,240,138
227,18,206,148,189,70,21,231,243,211
227,19,181,130,216,185,250,107,155,251
227,20,215,13,248,33,207,184,183,156
227,21,4,39,242,236,162,231,133,89
227,22,85,97,143,83,15,140,200,181
227,23,212,20,113,107,45,95,101,147
227,24,57,227,233,181,234,172,46,29
227,25,249,48,181,163,174,198,41,43
227,26,232,174,22,79,156,178,152,42
227,27,65,22,234,209,118,43,84,236
227,28,206,8,140,241,249,167,226,96
227,29,231,3,240,205,172,23,50,169
227,30,206,189,148,70,243,211,231,21
227,31,181,185,251,130,250,91,216,107
227,32,94,91,99,131,113,201,61,176
227,33,190,248,38,232,104,58,151,116
227,34,88,161,171,97,235,56,34,209
227,35,111,236,145,20,218,100,99,161
227,36,207,42,139,211,49,202,11,193
227,37,193,143,45,87,15,83,174,161
227,38,3,71,234,44,162,15,39,9
227,39,72,69,92,220,250,244,183,15
228,0,6,106,22,153,51,85,49,66
228,1,117,112,250,223,118,84,110,200
228,2,198,16,87,59,10,121,108,22
228,3,31,98,97,160,146,238,27,76
228,4,118,167,65,242,14,30,251,82
228,5,67,5,161,10,253,100,14,232
228,6,167,9,174,142,42,178,108,17
228,7,44,210,91,146,1,133,10,23
228,8,33,207,89,212,57,13,248,56
228,9,13,94,132,105,217,4,14,98
228,10,62,114,161,85,7,253,155,72
228,11,20,203,95,238,195,107,212,147
228,12,57,234,181,12,233,63,46,7
228,13,41,48,29,30,249,142,136,43
228,14,156,174,42,206,232,61,129,14
228,15,22,234,209,118,142,5,71,250
228,16,167,222,233,206,182,90,140,30
228,17,3,231,205,240,50,166,147,31
228,18,70,112,206,231,190,21,189,4
228,19,251,185,111,216,181,230,80,58
228,20,248,184,33,207,215,201,13,46
228,21,242,4,13,217,94,162,89,133
228,22,15,62,114,143,236,140,204,239
228,23,20,42,212,203,107,95,113,195
228,24,181,57,172,233,63,234,26,12
228,25,249,48,41,43,29,198,18,163
228,26,174,22,232,156,79,152,206,14
228,27,234,118,22,209,84,5,239,7
228,28,222,167,206,241,249,5,8,226
228,29,240,231,172,3,50,110,205,31
228,30,70,112,206,189,21,231,211,187
228,31,251,181,106,185,216,39,40,234
228,32,131,176,96,113,91,201,186,238
228,33,73,38,238,232,116,58,248,28
228,34,235,207,180,171,161,97,34,47
228,35,145,153,20,131,111,161,255,123
228,36,181,120,139,211,116,25,42,193
228,37,190,31,87,83,143,193,84,102
228,38,3,75,157,44,213,39,123,15
228,39,241,9,61,72,220,252,146,68
229,0,110,57,191,56,127,165,68,0
229,1,117,189,242,72,84,112,73,170
229,2,33,16,108,76,134,10,21,113
229,3,70,171,19,121,3,107,194,100
229,4,254,74,122,242,138,118,80,3
229,5,24,144,169,5,30,253,118,249
229,6,142,19,42,110,174,166,198,250
229,7,210,56,146,1,44,52,137,91
229,8,207,69,19,222,184,202,88,201
229,9,148,105,217,128,13,237,4,43
229,10,73,24,114,92,143,161,91,72
229,11,147,154,210,238,95,27,203,66
229,12,84,57,181,155,121,132,234,107
229,13,48,41,30,18,59,181,133,211
229,14,156,178,61,232,42,75,206,218
229,15,22,203,209,84,239,71,234,219
229,16,167,161,233,206,90,249,222,136
229,17,50,231,56,205,23,3,225,17
229,18,21,211,189,12,70,206,251,28
229,19,111,181,107,106,251,199,155,175
229,20,184,207,13,201,186,222,88,248
229,21,148,4,13,231,89,14,236,105
229,22,114,143,24,72,35,73,91,85
229,23,147,210,27,154,212,238,203,66
229,24,181,84,138,57,132,155,191,234
229,25,48,18,41,30,163,228,249,22
229,26,156,174,232,178,61,206,75,22
229,27,234,22,203,71,84,118,110,209
229,28,167,161,249,136,206,99,222,8
229,29,50,231,3,214,205,23,240,138
229,30,206,189,211,81,70,21,112,159
229,31,251,181,91,185,39,250,199,107
229,32,91,201,221,94,106,131,48,177
229,33,96,248,58,38,151,121,107,116
229,34,226,171,56,208,175,95,209,252
229,35,85,236,218,20,111,99,22,161
229,36,1,195,211,139,117,246,202,152
229,37,67,143,161,83,174,56,87,45
229,38,201,234,9,3,195,44,30,39
229,39,246,1,250,92,183,215,15,220
230,0,242,234,186,144,84,92,188,155
230,1,117,198,111,65,118,42,29,239
230,2,230,33,86,150,15,92,133,16
230,3,155,234,19,214,44,70,202,66
230,4,112,94,30,71,98,169,80,63
230,5,169,144,48,253,5,165,18,81
230,6,84,142,19,9,200,250,108,59
230,7,1,146,210,243,181,41,40,122
230,8,184,207,159,248,103,201,13,88
230,9,105,237,14,128,162,4,24,89
230,10,143,114,85,9,81,66,199,239
230,11,147,153,212,145,66,114,238,95
230,12,181,234,57,172,84,132,233,155
230,13,48,41,38,30,136,249,18,207
230,14,42,174,156,178,232,75,61,206
230,15,22,118,209,234,84,142,203,239
230,16,167,222,206,233,90,249,241,8
230,17,3,197,231,56,205,50,236,206
230,18,70,189,21,231,211,4,206,190
230,19,185,181,71,216,179,251,155,230
230,20,248,184,215,207,13,159,236,201
230,21,89,162,242,4,43,14,196,13
230,22,143,0,15,114,9,85,35,239
230,23,153,212,147,66,145,101,15,208
230,24,181,172,57,234,233,46,173,132
230,25,48,249,41,18,241,30,198,136
230,26,174,79,22,232,178,152,141,156
230,27,118,22,209,234,7,248,84,43
230,28,222,167,206,8,241,226,21,249
230,29,240,3,31,231,236,130,205,206
230,30,70,231,4,189,206,21,211,69
230,31,185,106,251,71,51,58,216,5
230,32,176,195,91,86,126,201,146,61
230,33,38,97,6,189,37,248,94,116
230,34,212,52,47,235,146,19,171,187
230,35,131,161,123,145,100,255,111,20
230,36,0,234,116,42,8,25,139,84
230,37,87,220,83,84,221,102,139,33
230,38,14,157,15,3,167,22,244,39
230,39,252,61,23,220,168,16,145,241
231,0,181,82,107,255,251,39,245,246
231,1,222,40,234,117,39,176,248,90
231,2,120,108,173,129,209,197,2,132
231,3,237,50,139,134,109,105,219,150
231,4,82,156,172,30,213,179,254,20
231,5,174,250,5,68,232,48,217,142
231,6,84,108,149,9,17,219,134,115
231,7,1,146,220,84,41,195,210,122
231,8,248,184,68,201,207,183,215,46
231,9,242,162,4,196,105,14,43,86
231,10,68,15,181,239,228,143,254,204
231,11,64,212,6,87,2,240,207,130
231,12,234,172,98,154,171,46,36,106
231,13,249,164,136,48,41,230,174,198
231,14,174,42,152,232,79,129,22,192
231,15,209,22,118,7,234,142,2,43
231,16,222,241,206,30,233,167,19,140
231,17,3,26,240,206,231,31,232,205
231,18,70,4,231,11,189,235,21,206
231,19,185,216,251,179,237,230,181,58
231,20,215,248,13,236,183,117,134,208
231,21,52,242,196,89,162,4,244,235
231,22,15,68,181,239,140,103,7,228
231,23,64,212,101,131,6,190,68,95
231,24,172,46,234,36,233,181,27,98
231,25,249,164,48,136,198,174,241,41
231,26,174,152,22,232,79,192,141,89
231,27,209,7,118,22,234,5,186,43
231,28,222,241,206,30,8,21,226,140
231,29,240,26,3,232,31,231,174,206
231,30,70,231,55,4,206,189,36,235
231,31,237,216,185,251,179,58,40,16
231,32,224,176,42,126,199,197,171,91
231,33,179,201,38,156,217,12,248,185
231,34,49,217,235,47,196,146,213,149
231,35,131,224,40,161,255,123,214,210
231,36,24,255,25,57,116,42,139,239
231,37,50,87,102,14,221,83,158,147
231,38,146,157,244,15,14,3,75,44
231,39,85,61,13,220,177,252,62,14
232,0,55,109,177,151,24,78,203,31
232,1,76,236,164,117,226,70,61,245
232,2,193,221,3,120,228,58,157,42
232,3,16,234,197,63,66,36,243,215
232,4,82,243,169,30,80,137,178,51
232,5,5,48,30,102,217,75,66,225
232,6,84,108,9,149,25,134,219,172
232,7,1,122,146,220,246,38,84,130
232,8,248,215,183,9,68,124,201,13
232,9,52,4,242,162,196,190,43,128
232,10,15,103,146,181,228,239,107,140
232,11,212,6,146,37,240,87,137,59
232,12,234,172,36,98,46,61,27,107
232,13,249,136,48,174,198,241,122,254
232,14,174,42,152,232,79,22,192,129
232,15,209,7,22,118,142,234,43,18
232,16,222,206,82,241,140,90,30,233
232,17,3,240,206,231,232,205,71,36
232,18,70,231,189,11,4,116,21,235
232,19,185,251,216,60,179,247,155,181
232,20,215,248,236,13,134,46,183,117
232,21,52,242,89,196,162,244,4,43
232,22,15,146,239,181,103,140,228,107
232,23,212,37,59,190,6,146,95,197
232,24,46,172,234,233,12,36,128,11
232,25,249,48,230,136,41,19,0,193
232,26,174,22,42,203,152,141,232,89
232,27,7,118,22,239,209,234,84,18
232,28,222,206,241,226,21,8,82,190
232,29,3,240,206,128,21,205,232,90
232,30,70,231,11,189,149,4,206,63
232,31,185,251,71,179,60,216,18,199
232,32,92,176,18,246,48,62,91,126
232,33,38,107,139,181,250,11,248,3
232,34,240,72,15,94,64,235,171,109
232,35,161,40,185,236,85,2,94,20
232,36,202,246,152,79,195,142,116,42
232,37,161,83,60,174,43,87,135,45
232,38,234,9,201,15,39,44,30,167
232,39,246,250,1,92,248,220,252,203
233,0,242,234,178,13,170,174,55,60
233,1,232,117,105,71,100,3,198,43
233,2,136,242,212,150,110,176,23,86
233,3,155,7,234,215,247,14,239,66
233,4,82,94,164,30,169,12,71,225
233,5,217,5,225,250,187,66,19,232
233,6,108,84,9,178,115,235,123,219
233,7,243,1,84,146,95,181,41,173
233,8,248,124,46,215,117,201,13,12
233,9,96,242,4,162,196,190,144,105
233,10,15,7,239,181,140,107,103,31
233,11,212,116,2,6,153,95,113,114
233,12,234,172,233,61,46,181,139,135
233,13,249,48,136,247,254,174,128,62
233,14,174,42,152,141,79,192,15,1
233,15,7,118,209,22,142,211,248,234
233,16,222,206,241,140,21,226,90,128
233,17,240,3,206,128,138,197,205,232
233,18,70,231,11,189,235,149,107,188
233,19,185,60,251,71,114,216,181,179
233,20,215,248,236,13,46,201,134,68
233,21,242,96,162,89,52,196,244,4
233,22,15,7,0,239,181,140,213,107
233,23,212,116,190,6,95,2,59,15
233,24,172,233,46,234,128,183,72,61
233,25,249,48,136,23,193,241,41,198
233,26,174,141,22,42,15,79,152,192
233,27,7,118,22,239,209,10,248,211
233,28,222,206,241,226,21,230,78,128
233,29,240,3,49,128,206,205,231,224
233,30,231,70,189,151,50,235,206,149
233,31,60,185,251,18,216,71,179,28
233,32,86,176,126,146,91,246,179,171
233,33,36,38,97,3,104,37,117,248
233,34,212,28,238,90,255,44,235,206
233,35,161,49,255,190,148,220,40,111
233,36,147,227,234,39,116,115,42,25
233,37,193,87,15,78,83,27,102,221
233,38,139,215,15,157,119,167,3,44
233,39,158,72,224,36,220,61,252,165
234,0,242,96,187,27,223,186,133,178
234,1,183,96,117,209,206,13,40,158
234,2,161,95,227,35,160,233,136,24
234,3,111,234,7,221,156,155,255,132
234,4,82,55,180,71,182,169,12,30
234,5,217,225,232,19,5,187,61,48
234,6,108,9,3,16,84,123,92,178
234,7,228,243,84,1,146,133,220,94
234,8,248,112,46,124,183,215,13,68
234,9,19,96,206,242,4,162,14,196
234,10,15,163,7,239,181,140,197,30
234,11,18,212,116,2,6,142,216,113
234,12,106,67,234,172,233,61,95,46
234,13,249,200,48,136,174,241,193,128
234,14,174,152,38,192,79,1,141,42
234,15,241,118,7,209,103,22,211,43
234,16,222,241,149,78,179,140,30,206
234,17,240,128,155,3,232,180,206,231
234,18,231,70,235,6,189,36,144,107
234,19,185,216,251,179,5,71,151,129
234,20,215,248,112,68,236,13,134,163
234,21,242,19,52,162,196,244,89,206
234,22,15,181,163,239,140,154,7,128
234,23,18,212,131,68,142,190,101,6
234,24,172,106,233,234,67,36,183,72
234,25,249,200,48,241,136,193,174,198
234,26,174,152,38,232,89,79,192,1
234,27,118,7,241,209,10,103,22,43
234,28,222,241,78,30,149,206,226,140
234,29,240,3,232,128,155,31,236,180
234,30,70,231,6,4,235,189,206,1
234,31,216,185,60,16,18,179,233,71
234,32,176,17,126,199,89,171,91,157
234,33,117,38,23,214,94,10,3,248
234,34,177,187,47,28,19,54,58,235
234,35,255,161,240,7,220,40,131,123
234,36,25,57,8,0,116,42,31,253
234,37,102,87,221,220,158,7,164,91
234,38,157,15,5,244,14,167,22,136
234,39,252,23,61,68,220,16,14,168
235,0,181,107,82,251,39,245,119,221
235,1,35,117,166,158,60,222,119,88
235,2,24,174,99,112,203,205,136,113
235,3,247,111,255,14,65,86,164,169
235,4,82,180,182,55,22,84,120,30
235,5,174,232,225,3,142,217,5,30
235,6,108,9,16,229,123,17,115,50
235,7,94,228,207,146,220,133,122,3
235,8,248,215,68,112,183,46,117,9
235,9,52,139,162,242,196,19,206,127
235,10,181,68,239,15,154,128,97,134
235,11,64,212,131,6,42,68,240,2
235,12,98,57,172,234,36,106,230,27
235,13,249,164,27,174,122,136,48,30
235,14,152,232,174,192,129,70,251,79
235,15,209,22,118,142,7,241,17,239
235,16,222,241,233,30,90,206,167,74
235,17,3,26,232,180,31,240,231,71
235,18,70,231,235,4,1,189,36,87
235,19,216,185,237,179,58,10,155,132
235,20,248,215,9,134,183,13,70,68
235,21,52,162,196,242,80,244,89,139
235,22,181,103,68,239,15,160,128,254
235,23,64,80,131,212,68,101,6,30
235,24,172,36,98,233,27,230,234,57
235,25,249,164,136,198,48,174,27,128
235,26,152,174,232,192,89,141,79,1
235,27,209,7,118,22,10,40,190,164
235,28,241,222,30,140,206,8,149,83
235,29,232,26,240,31,3,128,174,150
235,30,231,70,55,4,235,122,36,189
235,31,237,216,16,172,18,185,155,58
235,32,224,176,197,126,171,199,43,66
235,33,179,201,38,156,117,3,10,185
235,34,49,217,177,47,213,235,146,28
235,35,224,161,255,40,131,220,123,201
235,36,255,25,57,116,24,42,239,31
235,37,102,87,221,158,50,90,7,83
235,38,157,146,15,244,14,167,162,44
235,39,252,85,61,13,220,177,14,0
236,0,109,55,70,24,151,71,60,37
236,1,226,236,117,105,42,85,190,22
236,2,24,174,99,112,211,3,13,221
236,3,247,234,14,111,167,44,164,32
236,4,82,180,243,30,169,137,178,27
236,5,232,3,5,225,48,217,172,102
236,6,108,9,104,123,149,17,219,86
236,7,38,228,73,146,94,133,84,95
236,8,248,68,215,183,9,163,117,13
236,9,242,162,52,4,196,139,190,105
236,10,154,15,181,239,197,103,146,107
236,11,212,6,201,68,37,240,131,93
236,12,234,172,57,233,61,36,183,98
236,13,249,136,174,122,48,246,30,19
236,14,174,152,232,42,79,1,192,129
236,15,118,209,22,7,142,43,234,84
236,16,222,241,30,206,82,193,140,90
236,17,240,3,214,62,231,31,205,180
236,18,70,231,151,189,235,4,219,93
236,19,185,216,251,179,85,155,10,5
236,20,248,215,236,13,134,117,163,183
236,21,242,89,52,162,244,196,139,190
236,22,15,154,181,216,146,213,239,103
236,23,212,201,197,68,93,131,37,59
236,24,172,234,128,11,233,183,36,46
236,25,48,249,19,230,97,41,136,241
236,26,174,203,79,22,89,152,42,141
236,27,7,118,22,234,9,239,10,209
236,28,222,206,193,241,226,167,128,82
236,29,240,88,3,62,21,173,205,49
236,30,70,50,162,231,4,189,149,151
236,31,185,251,43,28,18,38,179,216
236,32,86,179,85,176,126,91,246,131
236,33,132,38,104,185,36,139,3,102
236,34,44,235,238,240,28,94,48,171
236,35,161,190,148,74,255,220,117,4
236,36,227,39,79,147,42,115,142,139
236,37,27,78,56,196,83,193,15,87
236,38,215,132,15,157,119,167,139,75
236,39,158,72,220,252,61,36,122,15
237,0,242,22,187,46,63,157,110,128
237,1,13,117,223,158,104,232,43,66
237,2,107,35,22,59,242,26,70,146
237,3,234,247,255,14,170,192,166,214
237,4,139,82,30,180,55,123,60,122
237,5,6,225,114,217,5,66,3,31
237,6,114,9,108,84,3,16,92,170
237,7,253,228,84,220,243,1,44,41
237,8,248,120,124,184,103,201,159,35
237,9,240,96,14,162,4,242,98,216
237,10,15,140,163,7,103,253,107,114
237,11,142,116,212,208,2,66,130,18
237,12,67,234,95,173,172,22,181,233
237,13,48,249,193,136,200,100,241,62
237,14,40,174,38,79,141,152,15,192
237,15,7,142,22,118,209,9,211,36
237,16,222,21,137,206,226,140,241,233
237,17,206,240,232,138,71,218,36,102
237,18,70,238,209,231,190,4,188,149
237,19,251,185,55,5,28,71,21,60
237,20,248,215,201,46,236,134,230,6
237,21,242,43,196,240,162,89,128,52
237,22,15,103,163,140,204,213,253,239
237,23,101,6,142,66,212,248,68,208
237,24,172,107,173,67,37,72,183,135
237,25,193,48,249,136,62,82,196,198
237,26,40,174,79,141,251,146,15,192
237,27,7,9,142,118,10,22,43,209
237,28,222,226,21,206,241,83,129,231
237,29,3,174,240,206,232,55,138,92
237,30,70,238,231,4,243,206,36,189
237,31,251,71,185,40,60,80,227,216
237,32,75,176,194,126,91,17,102,61
237,33,168,12,38,248,185,94,3,182
237,34,205,19,146,55,47,209,12,54
237,35,123,100,111,161,242,132,131,20
237,36,253,42,139,0,8,193,239,84
237,37,37,220,84,83,87,97,7,45
237,38,14,167,3,22,15,162,126,44
237,39,16,145,220,252,61,23,15,146
238,0,136,241,78,89,56,18,5,33
238,1,82,117,79,63,228,6,243,31
238,2,237,101,194,51,137,246,141,168
238,3,107,245,89,195,203,48,153,139
238,4,82,253,30,123,3,139,225,64
238,5,174,225,142,6,217,114,139,5
238,6,108,27,9,25,114,189,115,104
238,7,253,85,84,220,228,1,41,3
238,8,157,248,124,120,201,117,12,236
238,9,162,4,43,5,216,201,196,190
238,10,68,12,140,97,15,103,204,213
238,11,64,248,208,130,212,68,2,6
238,12,95,173,234,172,22,107,154,233
238,13,42,48,136,249,116,70,193,174
238,14,40,174,141,152,251,42,79,129
238,15,7,142,118,22,209,9,252,234
238,16,222,21,137,20,241,206,140,90
238,17,185,206,232,240,138,3,36,174
238,18,70,238,209,231,4,190,87,189
238,19,251,185,71,55,216,206,227,179
238,20,248,201,215,236,157,46,13,230
238,21,242,43,162,196,89,52,190,4
238,22,12,68,15,103,97,213,107,140
238,23,64,248,101,212,68,6,113,208
238,24,107,172,173,37,183,233,181,139
238,25,42,48,193,249,136,198,82,241
238,26,40,174,141,79,251,152,15,14
238,27,7,9,142,118,10,209,22,234
238,28,222,21,241,20,206,226,8,137
238,29,185,3,174,206,240,232,92,205
238,30,72,70,238,231,243,4,206,221
238,31,251,40,185,71,216,80,60,227
238,32,224,197,176,102,126,61,91,43
238,33,63,12,168,38,156,248,185,3
238,34,152,55,54,47,235,188,171,146
238,35,100,123,131,39,242,214,111,40
238,36,239,251,24,42,139,193,84,40
238,37,50,37,83,14,87,97,90,241
238,38,146,44,126,162,15,3,86,14
238,39,85,177,13,220,252,61,15,52
239,0,2,36,134,41,86,65,55,152
239,1,117,42,254,101,8,105,22,118
239,2,237,182,194,139,93,95,211,0
239,3,234,66,107,58,156,44,48,86
239,4,30,149,253,169,82,4,51,212
239,5,213,81,217,116,66,48,5,225
239,6,25,108,62,115,71,104,27,189
239,7,253,85,41,1,130,84,220,146
239,8,124,248,201,236,157,242,88,156
239,9,4,162,242,14,133,196,128,190
239,10,31,15,117,143,250,97,12,17
239,11,248,109,151,212,2,208,103,113
239,12,166,95,234,119,181,173,132,37
239,13,48,42,193,249,136,254,100,198
239,14,40,174,141,79,101,119,15,152
239,15,142,7,22,234,118,209,211,5
239,16,222,21,154,138,206,137,20,226
239,17,206,185,240,138,232,3,36,78
239,18,70,237,238,149,190,231,206,4
239,19,185,206,251,179,71,5,230,60
239,20,248,215,201,46,0,236,6,255
239,21,242,4,162,196,133,10,80,89
239,22,17,15,12,31,117,97,239,204
239,23,248,209,151,113,2,208,212,109
239,24,173,166,181,172,72,107,108,119
239,25,48,42,193,249,198,163,136,246
239,26,174,40,141,79,15,251,220,14
239,27,7,142,9,43,234,118,5,22
239,28,222,21,226,138,206,137,241,103
239,29,185,206,3,78,240,174,138,90
239,30,70,237,238,206,72,4,149,231
239,31,251,60,185,80,40,71,179,230
239,32,75,197,91,14,176,61,177,126
239,33,161,12,63,103,38,248,5,154
239,34,227,152,249,102,235,171,11,18
239,35,20,236,123,3,100,161,111,92
239,36,55,251,42,11,48,193,139,239
239,37,162,83,97,196,14,37,87,241
239,38,52,124,39,44,126,15,3,167
239,39,224,77,177,220,15,75,13,61
240,0,166,113,97,142,205,150,215,213
240,1,101,34,59,26,87,10,105,227
240,2,0,235,176,227,93,197,229,51
240,3,76,46,211,28,3,41,239,105
240,4,167,161,240,253,30,4,14,82
240,5,66,6,213,225,131,51,142,189
240,6,245,115,108,25,119,62,152,190
240,7,253,91,220,1,41,85,84,3
240,8,248,124,33,201,157,217,134,163
240,9,39,132,4,162,14,5,190,242
240,10,15,117,216,12,143,31,254,97
240,11,20,248,36,208,2,113,207,212
240,12,166,95,234,181,154,173,218,252
240,13,48,42,33,136,249,100,193,142
240,14,174,40,147,141,79,218,152,14
240,15,22,142,65,7,118,234,9,209
240,16,222,154,21,137,20,206,147,241
240,17,185,110,206,240,138,174,232,41
240,18,70,238,190,4,231,128,149,253
240,19,251,185,120,206,5,230,71,80
240,20,248,33,201,215,46,124,134,13
240,21,242,39,132,162,4,196,190,89
240,22,117,15,103,143,12,204,239,107
240,23,101,248,208,20,36,113,6,212
240,24,172,173,181,107,183,135,95,141
240,25,48,249,42,136,33,142,193,18
240,26,174,141,79,251,14,40,15,147
240,27,7,65,142,118,234,9,22,10
240,28,222,21,226,156,206,147,231,20
240,29,240,206,110,3,174,55,50,185
240,30,128,70,4,190,238,231,149,221
240,31,251,120,185,230,71,40,179,60
240,32,113,238,176,158,126,91,62,21
240,33,190,63,41,12,38,161,185,248
240,34,34,97,88,152,161,235,47,55
240,35,39,161,236,123,20,40,131,100
240,36,239,207,42,193,139,251,55,24
240,37,83,37,241,97,87,90,15,14
240,38,44,126,86,39,15,157,250,162
240,39,220,252,15,61,72,36,52,13
241,0,115,2,6,152,41,60,55,223
241,1,191,117,42,105,254,101,118,213
241,2,0,235,76,192,139,198,104,108
241,3,76,234,66,218,139,13,243,241
241,4,30,149,253,169,178,225,62,80
241,5,225,6,213,66,217,5,48,131
241,6,25,108,152,134,115,62,104,245
241,7,220,1,84,91,85,253,95,130
241,8,248,124,201,46,236,215,181,68
241,9,242,4,162,43,196,190,133,220
241,10,15,103,117,204,239,97,241,216
241,11,212,6,146,248,208,113,240,26
241,12,166,234,95,22,119,172,173,181
241,13,249,48,42,136,174,193,241,62
241,14,174,79,40,141,152,129,251,33
241,15,7,142,22,118,209,211,40,43
241,16,222,21,241,154,226,233,206,140
241,17,206,240,185,232,138,174,55,3
241,18,70,4,238,231,66,149,210,209
241,19,206,185,251,5,71,230,21,179
241,20,248,215,46,236,201,6,45,134
241,21,242,162,89,196,43,216,190,52
241,22,15,103,239,12,97,204,107,67
241,23,248,146,212,6,113,68,37,240
241,24,166,173,172,119,107,183,135,181
241,25,48,42,193,249,198,136,62,246
241,26,174,141,79,40,251,15,192,152
241,27,7,142,118,9,10,43,211,234
241,28,222,138,21,226,206,241,56,129
241,29,185,3,174,55,232,240,206,78
241,30,70,206,238,4,72,231,243,66
241,31,251,185,60,40,80,179,249,71
241,32,14,197,176,144,91,126,75,94
241,33,161,12,185,248,103,38,63,3
241,34,227,152,47,18,109,171,11,235
241,35,123,100,131,111,20,40,242,92
241,36,42,55,48,148,139,11,193,251
241,37,162,14,83,97,37,87,196,7
241,38,44,3,126,39,124,14,15,157
241,39,220,77,177,61,13,15,52,252
242,0,55,242,13,177,134,217,203,47
242,1,254,101,206,15,105,155,44,12
242,2,48,235,74,124,237,3,182,24
242,3,109,16,234,7,63,197,66,76
242,4,44,253,30,169,82,180,51,178
242,5,201,66,81,217,6,116,225,187
242,6,115,25,62,9,108,27,104,152
242,7,253,85,41,95,246,1,220,167
242,8,124,248,201,46,176,68,215,12
242,9,4,242,162,220,5,196,133,190
242,10,15,216,12,103,140,143,204,107
242,11,248,113,212,103,173,208,2,222
242,12,181,119,234,173,61,22,95,107
242,13,48,249,136,241,193,82,174,70
242,14,174,40,42,141,251,79,129,152
242,15,142,22,7,234,9,118,209,211
242,16,222,21,206,233,193,226,241,140
242,17,206,240,71,3,232,205,138,36
242,18,70,238,151,231,209,149,190,99
242,19,251,185,71,151,85,43,176,227
242,20,201,248,13,215,46,124,134,154
242,21,4,89,242,43,220,190,162,196
242,22,216,15,12,140,7,107,143,254
242,23,113,212,248,59,220,197,208,116
242,24,128,119,181,172,173,107,233,234
242,25,48,249,97,42,19,136,193,23
242,26,174,40,15,141,251,79,76,42
242,27,7,234,22,118,9,142,10,5
242,28,222,193,206,226,190,82,128,241
242,29,240,88,3,61,21,185,205,128
242,30,70,50,231,162,189,149,211,11
242,31,185,251,43,216,60,230,18,126
242,32,176,179,91,125,131,85,246,76
242,33,38,102,104,248,181,56,139,3
242,34,44,28,235,240,72,171,238,48
242,35,185,236,161,190,148,20,145,74
242,36,202,39,115,142,79,147,227,42
242,37,27,83,78,87,60,193,174,196
242,38,75,80,215,119,15,87,234,39
242,39,231,244,220,92,183,158,61,72
243,0,229,249,123,196,242,216,7,105
243,1,225,117,118,231,244,27,93,155
243,2,163,103,4,227,162,100,17,145
243,3,133,187,152,235,31,234,231,84
243,4,13,142,236,102,30,167,251,222
243,5,104,6,193,5,186,253,90,161
243,6,84,9,167,108,153,174,134,123
243,7,1,29,146,23,210,220,41,83
243,8,234,248,207,89,184,201,19,13
243,9,94,29,13,164,4,105,86,24
243,10,130,169,216,181,15,143,85,248
243,11,189,212,95,161,107,185,145,94
243,12,26,234,63,74,57,128,181,107
243,13,43,147,249,41,29,48,136,254
243,14,124,174,156,51,42,232,129,119
243,15,22,209,81,200,118,142,148,234
243,16,5,233,167,206,196,133,222,140
243,17,250,3,172,76,255,61,166,231
243,18,70,187,179,50,57,231,21,189
243,19,251,130,109,205,20,230,160,216
243,20,248,234,207,184,13,4,215,212
243,21,29,94,13,164,4,89,242,162
243,22,130,169,15,198,248,236,143,181
243,23,189,42,62,212,95,161,128,94
243,24,74,63,26,128,172,181,234,160
243,25,249,43,147,48,41,6,136,134
243,26,174,124,148,22,32,79,232,51
243,27,118,234,22,200,209,81,7,5
243,28,222,167,5,133,206,241,226,43
243,29,3,240,250,172,231,76,50,31
243,30,70,231,179,187,189,21,206,211
243,31,185,251,130,181,109,216,205,106
243,32,98,176,131,99,186,134,91,94
243,33,183,38,238,232,116,248,73,126
243,34,84,207,180,235,171,146,47,96
243,35,131,145,153,161,57,123,100,20
243,36,181,120,70,139,42,25,127,116
243,37,190,31,87,83,193,182,221,58
243,38,3,148,71,157,92,75,15,213
243,39,2,69,61,38,252,189,217,220
244,0,107,82,181,32,83,60,221,245
244,1,117,118,132,122,242,84,73,112
244,2,255,80,243,121,133,238,165,60
244,3,219,131,169,119,90,227,214,190
244,4,118,242,255,30,79,254,245,89
244,5,174,147,5,159,68,255,106,42
244,6,183,164,166,108,208,149,119,140
244,7,1,210,220,101,146,195,109,207
244,8,234,207,248,201,183,184,19,215
244,9,151,4,13,217,105,201,86,162
244,10,68,228,161,62,114,15,239,181
244,11,64,27,195,69,181,95,212,129
244,12,155,234,172,181,191,57,154,197
244,13,164,249,48,168,41,22,136,18
244,14,174,232,14,42,152,213,206,156
244,15,22,209,234,118,5,7,82,142
244,16,222,140,167,212,206,233,241,30
244,17,26,240,231,3,174,166,71,206
244,18,70,4,231,190,159,206,87,189
244,19,251,237,216,185,230,80,71,250
244,20,248,215,13,176,207,208,236,117
244,21,4,217,242,52,89,162,133,80
244,22,68,15,228,161,103,239,181,143
244,23,64,27,212,101,195,113,69,140
244,24,172,155,191,181,173,46,72,36
244,25,249,164,48,136,22,198,29,163
244,26,174,238,152,22,79,232,14,206
244,27,22,118,7,209,234,5,43,166
244,28,222,241,140,206,167,83,30,226
244,29,26,240,3,231,174,31,232,101
244,30,70,55,231,4,159,206,189,190
244,31,237,251,185,216,230,179,58,40
244,32,224,42,176,126,199,91,197,171
244,33,179,201,38,156,217,185,12,248
244,34,49,217,196,235,146,47,213,188
244,35,131,161,210,224,255,123,214,100
244,36,24,255,42,25,57,129,116,139
244,37,50,87,14,221,102,147,83,57
244,38,146,157,244,44,3,15,167,75
244,39,13,61,177,220,252,85,62,52
245,0,24,109,55,151,177,70,139,224
245,1,117,226,70,236,42,105,22,85
245,2,58,3,221,77,133,5,193,181
245,3,234,44,16,32,19,90,13,167
245,4,30,178,243,82,137,169,27,80
245,5,5,48,102,60,217,209,248,16
245,6,108,149,9,152,134,131,44,217
245,7,146,1,38,220,210,122,84,173
245,8,248,183,215,68,46,207,13,201
245,9,4,162,105,43,196,216,52,133
245,10,228,15,181,103,239,146,204,107
245,11,212,37,6,95,94,190,113,240
245,12,46,234,172,139,98,57,179,155
245,13,249,48,136,41,168,241,174,22
245,14,174,22,42,232,152,129,172,79
245,15,22,209,7,234,118,5,105,142
245,16,222,140,206,82,90,21,167,233
245,17,240,3,231,206,174,205,36,214
245,18,70,4,11,231,21,189,206,219
245,19,185,251,216,181,155,43,159,40
245,20,248,215,46,13,183,236,227,208
245,21,52,196,89,4,242,105,162,43
245,22,15,228,140,239,146,31,7,181
245,23,212,95,190,37,113,6,59,197
245,24,46,234,12,172,233,155,132,72
245,25,249,48,41,22,136,230,124,198
245,26,22,174,42,152,76,79,89,192
245,27,118,7,22,234,5,209,239,84
245,28,222,206,140,21,167,181,241,226
245,29,240,3,214,206,173,231,205,50
245,30,70,90,21,189,231,11,4,149
245,31,185,251,155,199,71,181,91,112
245,32,176,48,22,246,91,92,62,70
245,33,38,139,107,224,28,68,151,248
245,34,175,235,94,240,48,64,171,56
245,35,85,161,236,94,2,117,1,40
245,36,202,195,246,79,152,67,142,116
245,37,83,161,60,87,174,43,135,45
245,38,234,201,39,9,15,132,30,44
245,39,246,1,92,250,215,183,220,252
246,0,242,234,27,13,186,188,178,76
246,1,232,117,198,66,118,111,104,43
246,2,181,141,230,110,23,127,150,86
246,3,90,7,155,234,156,19,116,66
246,4,82,94,71,169,30,12,91,63
246,5,5,217,225,187,253,102,48,232
246,6,108,9,178,235,142,92,115,242
246,7,243,1,220,210,181,146,84,41
246,8,248,46,176,124,227,183,208,13
246,9,96,4,14,133,162,89,19,10
246,10,15,7,140,218,239,66,114,30
246,11,153,212,114,116,95,171,8,113
246,12,234,46,179,206,172,181,135,139
246,13,249,48,41,38,136,168,196,62
246,14,174,42,14,220,22,76,152,79
246,15,22,7,234,5,209,248,118,142
246,16,222,206,21,140,180,78,167,241
246,17,240,206,197,3,128,231,174,205
246,18,70,4,231,189,243,69,11,190
246,19,185,60,251,71,216,159,5,230
246,20,248,215,13,46,149,68,134,227
246,21,96,80,19,89,242,196,244,52
246,22,15,0,140,7,239,181,43,30
246,23,212,153,15,190,114,68,95,101
246,24,172,46,233,179,37,12,72,234
246,25,249,48,136,41,200,198,38,22
246,26,174,83,79,152,1,220,22,89
246,27,118,7,248,209,234,22,241,5
246,28,222,241,206,226,8,21,78,30
246,29,240,3,128,206,31,236,205,174
246,30,70,231,4,189,21,69,243,36
246,31,185,216,60,71,251,18,179,58
246,32,176,86,195,199,126,91,171,146
246,33,97,38,37,36,117,94,181,248
246,34,146,212,90,47,187,235,28,255
246,35,161,131,255,40,123,49,100,220
246,36,57,234,0,42,8,25,147,116
246,37,87,220,102,221,84,228,83,158
246,38,157,15,244,14,167,162,22,3
246,39,23,61,220,252,16,14,68,168
247,0,181,107,82,251,39,245,255,60
247,1,40,166,183,117,145,96,184,31
247,2,160,125,137,250,13,166,196,197
247,3,247,90,60,109,99,21,255,111
247,4,82,156,182,71,159,189,180,227
247,5,174,3,232,225,217,19,5,131
247,6,9,108,178,191,149,242,119,219
247,7,133,84,220,243,146,1,41,73
247,8,248,176,46,68,227,112,215,149
247,9,19,242,80,220,206,162,45,4
247,10,68,15,154,140,30,103,181,239
247,11,64,171,212,68,6,176,18,113
247,12,106,172,234,179,37,72,183,135
247,13,249,164,136,48,200,230,128,62
247,14,174,79,152,192,232,129,14,13
247,15,241,209,7,22,118,5,142,40
247,16,222,241,149,206,140,30,226,78
247,17,240,26,232,3,206,174,31,138
247,18,4,70,231,189,235,36,243,1
247,19,216,185,237,251,71,230,58,155
247,20,215,248,112,134,45,236,9,13
247,21,52,242,80,162,19,91,196,89
247,22,68,15,181,103,239,254,140,30
247,23,64,101,68,212,131,6,18,207
247,24,172,36,98,37,173,72,27,233
247,25,249,164,136,200,174,128,48,198
247,26,174,152,79,232,38,192,237,141
247,27,209,118,7,241,43,10,22,40
247,28,222,241,149,30,8,83,226,206
247,29,240,232,26,31,3,174,128,231
247,30,231,70,55,4,36,206,189,235
247,31,216,237,185,58,18,179,16,60
247,32,224,176,126,197,171,199,89,91
247,33,179,201,38,156,117,185,10,12
247,34,146,217,49,47,235,213,28,177
247,35,131,40,161,123,255,224,100,217
247,36,25,57,255,24,42,127,116,139
247,37,102,221,87,50,14,158,7,90
247,38,157,146,15,244,14,167,162,3
247,39,13,61,85,252,220,177,14,168
248,0,109,177,178,55,224,175,31,24
248,1,226,236,49,42,117,84,105,22
248,2,160,13,221,3,181,77,166,137
248,3,247,234,66,63,132,44,32,13
248,4,180,243,169,82,30,80,27,225
248,5,3,225,5,232,102,19,217,187
248,6,108,9,178,149,242,115,94,174
248,7,133,84,246,220,122,173,38,146
248,8,248,68,176,183,215,163,227,236
248,9,242,162,144,4,80,196,220,216
248,10,154,15,197,138,213,90,107,103
248,11,212,6,171,93,68,190,201,30
248,12,172,234,233,61,179,183,146,57
248,13,249,136,48,62,174,19,246,117
248,14,174,152,79,1,42,76,141,192
248,15,7,118,209,22,234,5,10,142
248,16,222,241,206,140,226,82,90,19
248,17,240,214,62,3,128,174,31,138
248,18,70,4,231,248,189,206,149,11
248,19,185,251,216,230,5,85,114,155
248,20,248,236,215,68,13,176,117,134
248,21,242,89,52,162,80,196,43,244
248,22,15,154,213,140,181,239,30,103
248,23,212,201,93,68,190,6,59,218
248,24,172,11,234,183,179,233,37,128
248,25,249,48,136,230,41,19,62,23
248,26,174,203,79,15,152,192,76,22
248,27,7,5,118,10,22,234,211,40
248,28,222,206,226,128,241,193,21,190
248,29,240,3,88,62,21,205,173,206
248,30,70,162,4,50,231,21,149,189
248,31,251,185,43,225,216,18,28,38
248,32,86,176,179,85,91,126,131,62
248,33,68,38,104,95,36,139,132,143
248,34,44,238,235,240,28,94,90,72
248,35,190,148,161,49,40,236,74,217
248,36,227,147,39,202,79,115,42,142
248,37,27,83,78,15,193,87,228,95
248,38,215,15,44,39,157,119,162,169
248,39,158,72,75,220,252,168,36,61
249,0,166,113,97,142,205,150,123,215
249,1,34,26,187,117,59,118,132,199
249,2,26,146,90,35,70,162,174,105
249,3,31,211,46,146,135,84,37,142
249,4,167,161,65,82,13,30,14,251
249,5,5,6,104,161,204,10,253,232
249,6,9,178,108,167,242,174,142,207
249,7,133,91,210,1,29,146,220,84
249,8,248,33,46,13,89,176,208,201
249,9,39,94,29,4,13,242,10,89
249,10,15,130,140,7,239,248,66,181
249,11,20,212,95,190,6,171,185,8
249,12,234,46,179,172,26,63,139,233
249,13,249,48,43,136,41,62,174,196
249,14,174,42,152,76,14,22,79,129
249,15,7,65,22,234,5,142,209,118
249,16,222,206,140,212,241,226,90,196
249,17,240,3,174,61,213,231,138,205
249,18,70,4,11,231,190,148,187,189
249,19,251,130,185,230,5,155,216,159
249,20,248,215,176,236,33,46,227,13
249,21,39,80,242,29,94,89,196,52
249,22,15,140,103,239,83,107,130,7
249,23,20,212,203,95,101,6,190,68
249,24,172,179,37,46,63,72,173,234
249,25,249,48,136,43,29,41,174,22
249,26,174,79,141,22,14,15,152,76
249,27,65,7,5,118,22,234,142,209
249,28,222,206,226,96,241,5,21,167
249,29,240,3,172,206,50,205,55,31
249,30,70,148,4,231,187,11,189,149
249,31,130,251,185,199,230,216,225,71
249,32,99,113,176,62,91,131,201,238
249,33,190,38,232,107,104,143,248,224
249,34,88,161,97,252,34,171,70,235
249,35,161,1,236,217,2,20,74,111
249,36,207,202,42,246,152,139,116,49
249,37,161,83,60,174,135,45,87,43
249,38,234,15,39,44,9,71,30,167
249,39,250,92,69,72,220,252,244,203
250,0,242,234,186,188,66,27,6,60
250,1,117,118,191,198,189,112,84,213
250,2,110,198,230,150,87,86,92,121
250,3,155,156,234,7,202,90,247,66
250,4,82,94,71,30,118,169,63,103
250,5,225,217,5,187,102,232,6,66
250,6,235,108,123,92,178,3,9,115
250,7,220,181,91,84,243,1,44,210
250,8,248,124,46,176,208,120,227,12
250,9,96,14,220,4,133,5,242,216
250,10,15,253,140,103,5,161,9,7
250,11,153,142,212,8,195,171,6,208
250,12,234,95,206,179,172,139,37,72
250,13,116,249,48,193,41,136,22,196
250,14,174,79,14,152,76,141,192,42
250,15,7,22,248,5,142,209,39,40
250,16,222,21,206,140,226,20,90,167
250,17,206,197,240,236,174,218,232,3
250,18,4,70,11,190,69,231,238,206
250,19,251,185,230,71,216,5,60,21
250,20,248,176,215,236,13,149,46,163
250,21,242,80,96,43,89,196,52,235
250,22,15,140,103,0,181,239,253,9
250,23,153,101,68,212,6,113,208,15
250,24,172,37,179,106,183,72,46,181
250,25,48,116,136,249,193,174,29,200
250,26,174,79,83,152,14,141,237,89
250,27,7,248,118,142,40,22,209,10
250,28,222,241,54,226,21,206,83,231
250,29,240,236,3,174,31,206,55,138
250,30,70,4,231,69,11,189,206,238
250,31,185,60,251,71,216,5,233,18
250,32,176,195,126,199,162,86,146,91
250,33,97,37,38,36,94,3,217,248
250,34,212,187,47,90,206,255,235,146
250,35,49,161,255,220,131,123,217,40
250,36,0,8,234,116,25,147,42,139
250,37,87,220,102,90,221,228,83,84
250,38,157,15,14,244,44,167,22,39
250,39,252,61,23,68,220,241,16,168
251,0,181,82,255,107,39,251,119,245
251,1,40,209,96,183,117,12,222,176
251,2,52,172,35,65,226,191,124,0
251,3,86,192,247,173,216,234,60,217
251,4,82,156,71,216,30,130,159,60
251,5,19,174,225,132,5,217,194,232
251,6,108,123,235,91,149,9,92,115
251,7,220,84,243,1,146,4,73,173
251,8,248,176,124,46,68,117,227,12
251,9,242,220,80,190,201,4,162,216
251,10,68,15,103,140,5,239,181,30
251,11,64,171,212,6,68,130,252,132
251,12,106,172,234,95,37,179,136,72
251,13,164,249,136,48,193,116,230,128
251,14,174,152,79,192,129,141,232,14
251,15,7,241,22,209,118,142,5,40
251,16,222,241,149,226,206,21,30,83
251,17,26,240,232,206,55,174,31,138
251,18,4,70,231,36,144,55,235,189
251,19,237,216,185,5,251,71,206,58
251,20,215,248,236,163,134,112,68,183
251,21,242,52,162,80,91,196,89,235
251,22,68,15,103,239,181,140,213,30
251,23,64,68,101,69,207,6,212,93
251,24,172,106,183,98,37,36,72,234
251,25,164,249,200,136,48,116,241,174
251,26,174,152,79,192,237,238,141,38
251,27,7,241,118,209,10,22,43,40
251,28,222,241,149,30,226,21,206,185
251,29,26,240,232,31,3,174,128,55
251,30,70,231,4,55,238,189,221,36
251,31,237,216,185,18,60,251,179,5
251,32,224,176,126,197,199,171,42,206
251,33,179,201,156,38,217,3,185,12
251,34,49,217,47,213,146,235,196,70
251,35,161,224,255,40,123,131,201,220
251,36,24,255,25,116,239,42,57,139
251,37,87,102,50,90,221,14,228,83
251,38,157,146,15,244,86,14,167,44
251,39,252,13,220,61,85,177,14,62
252,0,109,151,24,55,47,203,177,139
252,1,226,236,42,163,22,243,105,117
252,2,3,221,52,143,160,65,193,172
252,3,234,86,247,16,44,243,23,180
252,4,243,169,178,30,80,82,27,117
252,5,5,232,48,102,19,30,217,225
252,6,108,9,149,104,174,91,85,152
252,7,38,146,130,73,6,220,94,95
252,8,215,68,248,9,183,128,13,176
252,9,52,242,162,4,139,80,196,190
252,10,15,181,103,146,242,239,197,154
252,11,212,6,164,37,93,68,131,218
252,12,234,172,57,36,233,107,61,215
252,13,249,19,136,48,174,122,198,230
252,14,174,152,232,192,79,1,42,129
252,15,7,209,118,22,10,43,142,186
252,16,241,222,30,206,90,82,226,140
252,17,62,214,240,31,232,3,206,36
252,18,70,4,231,209,235,189,30,238
252,19,194,216,185,85,251,99,5,10
252,20,215,248,236,13,163,176,134,117
252,21,242,52,89,235,190,162,196,80
252,22,15,181,103,213,146,242,239,140
252,23,164,93,68,218,212,197,131,37
252,24,172,11,234,36,190,183,233,37
252,25,249,48,230,116,19,136,241,193
252,26,174,152,79,203,192,89,141,14
252,27,7,142,10,118,209,9,40,22
252,28,222,241,21,206,137,226,30,83
252,29,232,206,240,174,62,3,31,55
252,30,70,4,231,190,238,188,69,11
252,31,185,28,251,216,71,230,60,46
252,32,176,126,102,86,109,91,144,94
252,33,36,198,68,139,38,185,12,3
252,34,90,94,48,146,240,55,47,28
252,35,49,161,217,100,98,39,123,111
252,36,79,42,147,139,227,116,11,44
252,37,87,15,83,196,56,193,7,9
252,38,157,15,162,132,167,44,114,139
252,39,158,252,220,72,165,61,44,122
253,0,242,187,117,133,185,121,96,27
253,1,43,117,232,13,158,104,223,12
253,2,212,70,90,164,102,44,26,168
253,3,247,170,255,234,180,156,192,8
253,4,123,119,55,82,30,12,71,130
253,5,19,225,133,132,142,5,48,217
253,6,108,178,92,123,136,235,134,9
253,7,85,220,84,1,243,146,181,210
253,8,120,248,124,103,201,117,46,12
253,9,242,14,162,5,19,4,190,133
253,10,15,163,5,103,218,204,140,181
253,11,130,18,116,212,6,68,171,208
253,12,179,95,11,234,190,172,206,183
253,13,249,48,116,41,193,136,62,200
253,14,174,152,79,40,14,192,232,141
253,15,7,22,142,118,209,5,99,234
253,16,222,137,241,21,206,20,199,90
253,17,206,240,218,174,232,36,41,165
253,18,4,70,238,190,188,231,11,209
253,19,230,185,251,71,216,55,5,91
253,20,248,176,236,215,45,120,46,227
253,21,80,242,43,235,19,216,89,196
253,22,15,103,140,163,218,204,181,239
253,23,101,68,248,130,208,6,212,18
253,24,172,37,179,173,107,183,72,36
253,25,48,136,249,193,174,116,128,62
253,26,174,79,141,237,14,152,40,192
253,27,7,142,10,40,118,99,209,5
253,28,222,21,241,226,199,83,137,206
253,29,174,206,232,55,31,240,3,218
253,30,70,4,238,231,190,210,87,36
253,31,71,185,251,216,230,46,14,182
253,32,17,176,126,194,102,89,175,243
253,33,168,12,248,105,38,185,214,3
253,34,55,146,54,19,47,187,209,206
253,35,100,217,161,98,236,92,111,123
253,36,42,0,253,139,239,8,116,250
253,37,83,87,220,84,90,45,7,37
253,38,15,14,162,22,44,114,167,157
253,39,16,252,220,23,145,61,68,146
254,0,136,78,241,89,56,18,14,37
254,1,6,82,228,117,168,186,237,119
254,2,95,237,196,13,102,137,125,191
254,3,255,100,153,65,203,3,73,41
254,4,253,123,82,3,210,227,30,211
254,5,142,174,225,181,217,132,171,134
254,6,108,27,62,25,58,189,134,119
254,7,220,85,84,94,207,1,173,146
254,8,248,157,120,124,176,215,236,201
254,9,242,162,4,190,80,5,52,144
254,10,68,15,103,12,181,128,204,97
254,11,64,248,6,68,130,171,212,208
254,12,172,234,179,95,36,107,57,154
254,13,249,42,136,48,174,241,193,116
254,14,174,152,232,79,129,40,14,141
254,15,7,22,209,118,142,5,234,40
254,16,222,241,137,21,30,206,140,20
254,17,185,206,240,174,232,41,3,31
254,18,4,70,238,231,209,87,36,190
254,19,55,216,185,230,251,5,71,58
254,20,248,215,236,176,45,183,134,117
254,21,242,80,52,235,128,43,196,216
254,22,103,15,68,12,239,181,213,204
254,23,64,68,248,101,6,208,212,113
254,24,172,37,36,107,179,173,72,183
254,25,42,136,249,48,174,193,128,198
254,26,174,152,79,237,141,192,227,232
254,27,7,10,209,142,40,118,22,5
254,28,222,241,21,83,199,30,137,206
254,29,185,232,174,206,55,240,31,3
254,30,72,70,4,238,231,190,221,87
254,31,185,251,216,71,46,230,40,14
254,32,224,197,176,126,102,243,94,91
254,33,63,12,156,248,185,168,38,3
254,34,152,55,54,47,146,213,188,70
254,35,100,217,73,39,92,98,1,161
254,36,42,251,239,24,139,223,57,116
254,37,50,14,83,87,90,45,7,37
254,38,15,146,162,44,14,157,244,86
254,39,177,85,252,13,220,61,203,52
255,0,55,134,36,177,31,133,152,224
255,1,254,247,117,42,101,105,84,15
255,2,95,182,3,194,237,157,13,160
255,3,16,234,63,66,44,58,243,215
255,4,30,169,253,82,204,3,225,166
255,5,225,181,48,133,5,30,3,217
255,6,108,25,62,9,91,119,104,131
255,7,85,220,84,122,146,173,246,1
255,8,124,248,157,68,46,201,215,176
255,9,242,4,144,162,196,220,133,52
255,10,15,103,200,12,175,239,140,181
255,11,248,68,212,6,211,208,113,26
255,12,234,95,172,119,183,233,72,136
255,13,249,42,48,136,174,241,193,62
255,14,174,152,40,79,141,192,15,119
255,15,7,142,118,10,209,22,5,40
255,16,222,21,241,190,20,206,226,137
255,17,206,240,185,174,55,232,36,41
255,18,4,70,209,238,231,190,248,210
255,19,185,71,126,251,230,216,55,46
255,20,248,45,236,215,157,201,13,176
255,21,80,242,43,216,162,89,190,196
255,22,103,140,12,15,200,239,204,181
255,23,68,248,212,6,113,101,146,240
255,24,172,183,37,72,173,179,107,119
255,25,48,249,42,136,193,213,241,174
255,26,174,237,79,141,227,192,40,152
255,27,7,142,10,40,118,211,43,5
255,28,222,226,190,21,241,83,129,199
255,29,55,174,185,232,240,31,3,125
255,30,70,4,72,231,210,238,209,36
255,31,185,60,71,182,251,46,196,230
255,32,109,176,126,243,94,91,218,76
255,33,248,68,3,38,11,12,95,185
255,34,146,47,72,209,249,152,240,19
255,35,217,98,100,161,236,92,123,1
255,36,42,139,130,79,223,251,116,178
255,37,87,83,7,45,210,209,90,37
255,38,14,15,114,162,167,157,39,44
255,39,252,220,165,61,146,168,89,203
256,0,96,226,80,171,128,247,198,214
256,1,247,15,12,8,175,178,254,131
256,2,254,114,137,160,182,196,237,95
256,3,188,221,63,180,215,200,234,144
256,4,82,169,253,30,35,225,119,3
256,5,225,181,213,61,217,142,133,195
256,6,16,108,62,25,119,9,94,20
256,7,85,220,84,1,94,173,61,248
256,8,248,157,124,112,68,45,215,201
256,9,242,206,4,220,162,80,190,5
256,10,15,229,103,12,163,239,204,255
256,11,18,130,248,68,212,6,208,113
256,12,106,172,234,119,95,120,37,72
256,13,249,200,48,42,241,136,174,193
256,14,174,79,40,152,192,14,237,129
256,15,7,241,142,22,40,209,118,5
256,16,222,21,241,137,206,140,171,83
256,17,206,240,232,174,55,36,102,138
256,18,4,70,238,209,231,253,144,190
256,19,251,185,71,55,5,230,21,216
256,20,248,215,176,236,45,13,157,46
256,21,80,242,52,206,235,43,190,89
256,22,103,15,163,239,140,67,181,134
256,23,101,18,6,68,212,248,113,130
256,24,172,37,36,107,173,72,183,179
256,25,136,249,48,193,174,198,241,128
256,26,174,79,237,152,141,123,192,89
256,27,7,40,142,10,118,209,211,22
256,28,222,83,21,241,226,199,129,206
256,29,232,55,174,240,31,3,206,185
256,30,70,4,231,238,72,36,210,87
256,31,60,251,185,71,182,46,155,196
256,32,89,176,126,243,194,197,17,94
256,33,68,185,214,248,38,3,12,23
256,34,146,182,54,187,47,19,209,235
256,35,217,98,100,161,236,123,111,92
256,36,253,42,139,130,223,0,239,116
256,37,83,87,45,7,164,84,90,210
256,38,14,15,162,114,167,44,39,157
256,39,252,220,16,61,145,203,146,15
257,0,2,242,41,163,177,234,152,203
257,1,100,145,83,153,228,101,180,61
257,2,139,211,166,42,182,150,199,86
257,3,234,155,215,63,58,18,243,23
257,4,169,239,149,30,63,3,151,11
257,5,181,225,48,30,187,213,6,75
257,6,129,17,108,70,29,201,195,9
257,7,161,138,220,202,238,84,77,95
257,8,124,45,248,215,119,128,252,117
257,9,80,4,216,162,242,17,52,220
257,10,103,204,140,15,200,239,67,107
257,11,146,68,208,240,6,26,212,248
257,12,37,166,72,95,172,119,183,173
257,13,193,213,48,241,249,136,163,198
257,14,174,79,237,40,34,14,141,152
257,15,7,142,40,18,112,22,118,5
257,16,222,21,154,226,233,83,129,20
257,17,206,49,55,246,174,71,9,240
257,18,70,4,238,209,210,46,87,206
257,19,46,60,251,74,55,114,185,230
257,20,45,236,248,101,144,36,172,252
257,21,80,163,216,43,133,242,190,235
257,22,103,204,140,15,67,200,194,107
257,23,146,68,212,248,240,100,173,246
257,24,37,183,166,72,107,119,172,173
257,25,193,213,48,198,82,122,249,136
257,26,237,79,174,40,89,34,141,14
257,27,40,7,18,10,118,211,56,142
257,28,83,226,222,129,233,138,199,82
257,29,55,174,232,31,78,240,169,138
257,30,209,4,70,151,210,87,66,183
257,31,60,46,182,196,185,247,155,216
257,32,28,14,126,26,218,176,43,109
257,33,185,103,250,248,12,3,181,38
257,34,47,109,146,209,227,11,143,18
257,35,217,100,98,123,111,92,44,115
257,36,48,42,223,139,130,32,177,84
257,37,7,162,87,37,210,45,228,102
257,38,14,157,114,162,15,167,28,39
257,39,224,252,77,220,146,61,197,15
258,0,177,55,151,47,203,224,152,217
258,1,70,206,109,52,42,105,44,165
258,2,42,166,211,157,235,199,132,73
258,3,234,145,247,197,63,192,162,16
258,4,169,30,44,180,63,80,182,221
258,5,225,181,252,48,5,30,187,6
258,6,9,108,129,70,25,27,201,115
258,7,220,138,202,130,85,94,84,95
258,8,248,124,215,45,13,236,117,255
258,9,80,52,242,216,220,43,4,162
258,10,103,15,67,204,216,200,181,140
258,11,146,212,68,6,113,240,37,100
258,12,234,72,172,37,119,107,218,36
258,13,249,136,193,48,213,122,254,196
258,14,174,79,152,14,237,141,40,129
258,15,7,142,22,209,118,40,9,102
258,16,222,21,233,241,206,226,82,193
258,17,174,240,232,246,206,71,3,36
258,18,4,70,151,209,238,116,87,231
258,19,47,251,185,230,55,216,247,46
258,20,248,176,45,13,236,215,46,134
258,21,80,89,242,162,128,43,196,190
258,22,216,103,15,67,204,181,146,140
258,23,37,146,212,197,201,248,68,59
258,24,128,234,119,46,172,183,72,37
258,25,48,249,97,41,193,19,213,101
258,26,174,40,79,14,89,22,237,141
258,27,7,22,118,40,209,10,211,5
258,28,222,193,82,206,226,196,241,233
258,29,88,240,3,61,173,21,174,185
258,30,70,162,50,4,231,189,21,11
258,31,185,251,216,43,230,18,181,46
258,32,144,179,125,26,131,176,126,28
258,33,185,104,38,250,102,132,54,68
258,34,44,235,146,28,240,238,103,171
258,35,190,131,148,74,100,117,161,255
258,36,39,42,115,142,227,202,139,44
258,37,27,78,87,190,228,83,196,169
258,38,215,119,15,169,80,162,157,75
258,39,158,231,252,220,61,244,117,168
259,0,229,249,123,196,216,242,105,7
259,1,225,231,118,117,244,27,93,155
259,2,103,163,162,100,4,227,17,140
259,3,133,187,152,235,234,31,231,84
259,4,13,142,30,167,236,102,251,222
259,5,6,104,193,5,186,253,224,90
259,6,108,167,153,9,123,178,134,27
259,7,29,1,146,23,220,210,84,202
259,8,248,234,89,207,13,19,201,212
259,9,29,94,13,164,201,242,86,4
259,10,169,130,216,15,181,248,103,140
259,11,189,212,161,95,129,176,185,113
259,12,63,26,234,74,172,57,107,46
259,13,43,249,147,48,136,97,29,41
259,14,174,124,51,152,14,232,42,156
259,15,22,209,200,81,118,142,232,148
259,16,5,233,222,133,206,196,167,212
259,17,250,172,76,3,231,61,166,255
259,18,70,187,179,50,57,4,231,190
259,19,251,130,205,109,216,160,230,155
259,20,234,248,207,13,4,184,215,212
259,21,29,164,94,4,13,89,242,162
259,22,130,169,248,198,15,143,236,181
259,23,189,212,161,62,42,95,128,94
259,24,74,63,26,128,172,44,181,234
259,25,43,147,48,249,6,41,61,134
259,26,174,148,124,232,20,22,32,79
259,27,22,234,118,209,200,81,84,43
259,28,5,222,167,133,206,241,43,226
259,29,231,3,250,172,76,240,50,31
259,30,70,231,179,189,187,206,21,211
259,31,251,185,130,181,106,109,205,216
259,32,98,131,91,176,99,134,186,94
259,33,183,38,232,238,116,248,73,126
259,34,84,207,171,180,96,146,235,47
259,35,131,145,20,57,161,153,236,123
259,36,120,181,70,211,139,42,14,202
259,37,190,31,87,143,83,193,58,182
259,38,148,71,92,3,213,157,95,15
259,39,2,69,189,38,61,217,213,220
260,0,57,110,56,32,127,165,6,238
260,1,117,118,112,73,242,72,179,122
260,2,80,33,255,60,133,10,121,28
260,3,70,171,191,107,19,131,219,92
260,4,118,74,254,242,122,3,80,255
260,5,24,169,144,5,30,147,44,248
260,6,183,164,208,166,46,119,140,17
260,7,210,1,56,146,101,9,52,207
260,8,207,234,184,176,248,19,202,201
260,9,148,13,217,105,4,128,86,70
260,10,24,73,114,161,72,213,92,143
260,11,27,210,147,95,154,66,195,102
260,12,84,181,155,191,57,234,121,132
260,13,48,41,168,18,22,30,249,254
260,14,156,232,42,178,75,61,174,206
260,15,22,203,209,234,239,118,84,71
260,16,167,206,233,222,90,161,140,249
260,17,231,50,3,205,56,23,147,240
260,18,159,70,211,21,189,206,12,251
260,19,251,181,111,185,107,216,106,230
260,20,184,207,248,201,13,215,236,234
260,21,4,148,162,242,89,13,133,231
260,22,24,114,143,161,72,15,35,85
260,23,27,210,147,212,195,113,95,101
260,24,181,191,227,172,155,57,138,84
260,25,48,22,41,18,163,249,181,29
260,26,174,156,232,79,206,178,61,22
260,27,234,22,203,118,43,209,71,84
260,28,167,161,206,226,8,222,249,140
260,29,3,231,214,50,240,205,23,138
260,30,206,189,211,70,231,81,21,159
260,31,251,185,91,181,250,199,107,155
260,32,91,201,221,94,131,48,177,106
260,33,96,248,58,38,121,151,107,116
260,34,226,171,56,208,175,95,252,209
260,35,85,236,20,218,99,111,22,161
260,36,1,195,211,139,246,202,117,152
260,37,67,143,83,161,174,87,56,45
260,38,201,234,9,3,44,195,30,39
260,39,246,1,250,215,92,183,220,15
261,0,84,46,63,202,127,233,250,110
261,1,117,65,165,72,111,118,109,42
261,2,80,33,15,133,230,57,240,6
261,3,116,214,70,55,20,171,19,234
261,4,112,215,74,30,98,82,27,54
261,5,169,27,144,253,5,11,44,30
261,6,154,183,142,73,166,119,42,108
261,7,1,56,210,146,7,41,220,10
261,8,184,207,186,159,201,103,248,208
261,9,4,105,14,148,13,128,89,215
261,10,24,114,72,51,161,29,143,15
261,11,147,66,114,247,27,210,195,102
261,12,181,155,178,43,234,7,191,132
261,13,48,38,41,249,168,22,136,18
261,14,174,206,42,156,152,14,232,75
261,15,22,16,234,209,203,118,5,142
261,16,167,222,206,140,90,21,241,233
261,17,197,231,240,3,218,50,205,138
261,18,70,231,190,189,243,206,4,211
261,19,251,185,230,80,216,71,111,199
261,20,184,248,207,215,13,176,201,236
261,21,4,242,215,162,133,89,14,220
261,22,24,15,114,161,143,204,140,168
261,23,113,147,114,212,210,101,247,66
261,24,181,191,172,173,227,155,72,233
261,25,249,48,163,136,22,29,198,228
261,26,174,206,79,232,14,156,119,152
261,27,234,22,16,118,7,5,43,203
261,28,222,167,226,206,21,140,83,231
261,29,218,240,3,231,50,206,31,205
261,30,70,231,189,206,211,243,81,71
261,31,251,185,91,71,58,199,181,230
261,32,221,201,91,94,176,48,177,195
261,33,244,121,96,38,58,248,107,116
261,34,171,81,56,208,95,146,252,202
261,35,132,20,218,236,161,131,123,99
261,36,195,211,117,246,139,202,152,42
261,37,158,83,161,143,87,174,67,45
261,38,234,44,9,3,30,39,167,162
261,39,246,250,248,1,92,220,15,61
262,0,242,186,84,234,144,237,214,27
262,1,135,165,198,254,83,117,8,109
262,2,92,57,150,86,230,159,124,33
262,3,234,155,213,214,44,70,156,7
262,4,112,94,37,30,178,71,60,98
262,5,144,5,253,169,194,217,48,116
262,6,154,84,115,142,172,9,73,108
262,7,1,210,220,146,243,181,84,122
262,8,184,159,207,248,149,124,176,13
262,9,4,14,242,162,133,89,128,220
262,10,15,114,143,107,204,0,168,55
262,11,153,147,212,114,113,66,145,37
262,12,181,234,61,171,227,35,172,155
262,13,48,38,41,249,228,136,168,62
262,14,174,206,79,232,42,14,129,152
262,15,22,234,209,118,43,16,142,71
262,16,140,21,167,206,212,226,222,82
262,17,240,206,231,197,31,3,138,236
262,18,231,70,178,190,206,189,87,211
262,19,251,71,5,70,250,185,58,155
262,20,248,149,184,215,13,236,207,159
262,21,242,4,91,89,162,133,128,14
262,22,15,0,143,114,140,254,161,168
262,23,153,212,113,147,66,100,114,101
262,24,172,236,181,72,234,227,173,36
262,25,48,249,193,122,198,22,29,18
262,26,174,79,89,232,206,119,152,192
262,27,22,118,43,209,166,7,248,234
262,28,140,167,226,83,222,21,206,90
262,29,31,240,3,236,231,138,55,206
262,30,231,70,178,206,69,36,189,190
262,31,71,58,51,251,60,185,172,216
262,32,195,176,86,94,190,194,201,177
262,33,97,37,38,185,189,6,94,250
262,34,146,212,187,19,109,255,209,54
262,35,161,123,131,111,49,100,145,40
262,36,139,0,116,25,234,8,42,127
262,37,87,220,7,221,84,83,45,102
262,38,14,167,3,22,157,15,162,44
262,39,220,23,61,16,252,145,68,168
263,0,181,82,107,251,39,245,255,119
263,1,40,183,96,117,206,209,234,8
263,2,57,120,197,173,105,141,124,30
263,3,105,7,21,166,192,239,50,122
263,4,60,156,82,172,191,213,98,30
263,5,174,250,116,5,92,194,217,195
263,6,84,115,149,108,134,9,172,154
263,7,1,220,84,146,195,210,0,41
263,8,248,184,68,124,176,149,159,46
263,9,4,242,133,162,14,190,91,107
263,10,15,68,153,143,140,107,181,239
263,11,64,212,130,113,208,100,240,6
263,12,234,172,106,227,236,61,181,37
263,13,249,164,193,48,136,230,174,241
263,14,174,79,152,232,192,42,129,33
263,15,22,209,118,43,234,7,105,241
263,16,140,222,21,226,241,83,30,206
263,17,240,31,26,138,231,3,206,102
263,18,231,70,178,206,36,190,87,238
263,19,58,251,250,237,71,185,5,216
263,20,215,248,236,134,70,13,149,183
263,21,242,162,52,91,4,133,89,128
263,22,15,68,254,181,239,67,140,97
263,23,64,101,212,100,131,113,240,30
263,24,172,173,72,36,57,227,98,37
263,25,249,164,48,193,136,198,122,88
263,26,79,174,232,152,192,237,89,13
263,27,43,118,22,209,7,166,214,234
263,28,83,140,222,226,241,21,30,8
263,29,31,240,26,3,231,55,138,232
263,30,231,70,206,55,36,178,190,189
263,31,237,58,250,185,251,71,216,172
263,32,224,176,94,197,190,126,199,61
263,33,179,201,185,38,156,3,248,217
263,34,146,217,49,188,209,235,47,213
263,35,123,161,131,111,224,40,100,214
263,36,139,255,24,25,116,239,42,127
263,37,87,50,221,83,90,7,14,45
263,38,167,3,14,146,86,157,15,44
263,39,61,220,13,85,177,252,62,52
264,0,177,109,2,115,224,152,242,47
264,1,185,236,32,144,70,226,245,83
264,2,221,120,139,193,157,228,77,160
264,3,234,16,197,7,243,215,66,58
264,4,169,149,30,243,82,93,51,194
264,5,5,48,225,213,187,250,116,66
264,6,108,115,84,25,219,49,9,149
264,7,1,220,146,122,84,150,130,95
264,8,248,124,215,68,149,183,13,45
264,9,242,4,162,52,133,91,128,190
264,10,15,117,67,153,239,103,181,254
264,11,212,6,113,100,190,240,146,94
264,12,166,234,172,61,72,36,37,46
264,13,249,48,193,230,136,174,196,122
264,14,174,79,152,232,192,129,13,33
264,15,22,209,118,43,7,105,211,234
264,16,140,154,222,21,226,82,90,241
264,17,240,206,231,31,78,49,138,3
264,18,231,70,243,178,206,238,210,189
264,19,206,251,58,60,5,237,216,185
264,20,248,215,13,45,70,134,149,183
264,21,242,52,162,91,89,4,133,128
264,22,15,117,239,17,181,254,140,67
264,23,212,209,113,190,100,101,68,59
264,24,172,166,72,29,173,61,36,37
264,25,249,48,230,193,136,163,198,155
264,26,174,79,237,152,192,89,232,13
264,27,118,43,7,22,209,18,105,234
264,28,226,138,222,140,241,83,21,206
264,29,240,31,78,3,55,138,205,174
264,30,231,70,36,55,243,189,210,178
264,31,60,185,58,251,216,237,180,71
264,32,176,14,197,190,126,91,243,75
264,33,103,38,185,161,179,250,201,248
264,34,109,146,227,94,11,249,47,18
264,35,161,131,123,100,136,242,8,255
264,36,48,42,116,139,24,55,25,251
264,37,162,87,14,221,83,7,45,147
264,38,14,167,15,3,87,157,162,124
264,39,77,61,220,224,13,62,177,252
265,0,178,139,13,217,224,116,177,55
265,1,206,236,80,44,117,245,105,70
265,2,160,235,242,142,215,244,197,250
265,3,239,234,197,7,16,100,63,192
265,4,169,44,82,30,178,243,80,64
265,5,48,8,5,225,116,187,181,38
265,6,108,9,84,219,115,134,189,217
265,7,220,1,84,38,146,130,73,122
265,8,68,215,248,124,70,183,13,149
265,9,242,4,196,162,190,91,133,52
265,10,15,216,239,103,67,181,140,107
265,11,212,100,37,6,240,68,190,94
265,12,172,234,61,57,231,233,46,36
265,13,249,48,230,193,136,122,88,198
265,14,174,192,152,79,232,129,172,42
265,15,209,22,118,7,105,234,43,186
265,16,241,82,30,140,21,226,222,206
265,17,240,31,206,3,231,71,36,138
265,18,231,70,219,238,36,189,178,243
265,19,251,58,216,247,185,5,71,155
265,20,248,215,70,13,45,68,183,134
265,21,242,89,52,162,196,91,80,244
265,22,216,15,146,239,181,67,254,213
265,23,212,59,37,190,197,220,201,100
265,24,172,128,233,11,234,183,231,46
265,25,249,230,48,193,88,19,163,137
265,26,174,203,192,79,89,152,237,93
265,27,118,22,7,234,43,209,105,239
265,28,226,167,241,82,206,222,193,21
265,29,240,3,88,31,21,128,205,138
265,30,231,70,189,50,63,178,162,11
265,31,185,251,58,216,5,43,18,159
265,32,179,85,176,190,86,18,91,57
265,33,162,139,104,38,185,3,11,248
265,34,44,146,240,94,28,238,72,48
265,35,161,148,190,123,131,236,74,20
265,36,202,39,142,115,139,227,116,42
265,37,87,27,60,161,83,78,193,174
265,38,167,215,234,119,3,80,15,157
265,39,92,220,244,158,72,61,250,183
266,0,51,49,22,153,85,247,227,119
266,1,223,169,117,184,177,77,87,84
266,2,16,26,164,162,242,90,146,214
266,3,98,97,160,146,238,27,135,31
266,4,167,14,82,65,30,39,181,3
266,5,67,6,235,5,250,181,142,112
266,6,84,108,167,9,115,172,154,149
266,7,44,1,220,210,146,84,41,52
266,8,33,184,248,207,124,68,149,255
266,9,132,4,94,242,14,133,13,22
266,10,15,248,216,143,103,239,211,140
266,11,36,20,212,113,100,147,103,145
266,12,234,181,35,160,184,227,61,172
266,13,33,48,230,249,29,41,193,228
266,14,147,174,79,142,192,232,129,152
266,15,22,166,209,118,234,43,240,156
266,16,156,140,206,167,212,90,21,222
266,17,110,240,231,31,3,206,71,138
266,18,231,112,128,70,190,178,238,206
266,19,120,251,12,58,71,216,250,155
266,20,33,248,215,13,70,134,149,4
266,21,132,242,162,91,89,4,52,133
266,22,248,15,254,181,239,67,143,140
266,23,36,101,20,212,100,240,113,190
266,24,172,173,36,72,57,227,236,98
266,25,33,249,48,193,142,136,198,88
266,26,147,174,79,192,232,152,237,89
266,27,118,166,43,22,7,209,105,214
266,28,156,226,83,140,212,222,241,206
266,29,31,110,240,3,55,138,231,205
266,30,231,112,70,128,36,178,206,189
266,31,58,250,251,185,120,71,12,51
266,32,238,113,158,176,190,194,94,126
266,33,73,41,185,38,232,94,248,3
266,34,146,97,161,34,19,47,70,209
266,35,123,131,161,111,100,217,20,40
266,36,116,139,181,127,25,0,8,42
266,37,87,220,221,7,83,102,84,45
266,38,14,167,3,22,157,15,44,86
266,39,145,220,61,16,252,23,248,168
267,0,181,82,107,251,245,255,39,68
267,1,173,117,189,135,237,39,220,31
267,2,76,16,108,61,222,26,214,28
267,3,169,164,75,174,76,100,3,5
267,4,133,82,30,244,172,7,67,65
267,5,174,250,5,6,142,181,8,225
267,6,19,84,149,108,115,134,17,78
267,7,220,44,84,1,146,143,115,0
267,8,33,248,216,68,184,149,255,124
267,9,132,242,4,91,133,162,190,14
267,10,68,15,161,253,254,153,140,239
267,11,64,238,36,212,113,130,100,55
267,12,115,234,212,227,236,172,37,181
267,13,33,230,164,249,48,142,193,136
267,14,174,147,79,152,192,232,129,89
267,15,22,118,209,166,43,234,240,105
267,16,156,140,222,212,226,30,206,83
267,17,31,26,240,110,102,231,206,3
267,18,231,70,112,178,206,128,55,36
267,19,120,237,58,251,12,250,71,216
267,20,248,215,70,33,13,134,183,250
267,21,242,162,91,52,132,89,4,133
267,22,15,68,254,161,181,248,239,140
267,23,64,101,36,212,238,100,113,240
267,24,172,173,36,57,227,72,236,234
267,25,249,33,164,48,136,142,193,198
267,26,174,79,147,152,232,192,89,237
267,27,118,43,22,7,209,214,234,166
267,28,83,226,156,222,140,21,241,19
267,29,31,26,240,110,3,55,206,138
267,30,231,55,70,178,36,206,112,190
267,31,237,58,251,250,185,71,120,5
267,32,224,94,176,190,238,197,126,21
267,33,179,201,185,38,156,12,248,3
267,34,146,217,49,188,34,70,213,209
267,35,123,131,161,224,111,100,214,40
267,36,255,139,24,239,116,42,193,127
267,37,50,87,90,83,7,14,221,209
267,38,167,14,3,146,86,44,15,157
267,39,220,61,85,13,177,36,252,62
268,0,109,2,41,24,115,76,177,60
268,1,236,226,117,22,245,105,204,42
268,2,76,139,221,16,181,193,194,157
268,3,234,156,215,167,66,16,243,44
268,4,30,149,169,243,82,178,63,80
268,5,213,48,5,66,133,250,115,116
268,6,108,19,25,115,84,189,149,245
268,7,220,1,130,146,122,167,84,77
268,8,248,68,215,124,9,183,45,201
268,9,162,91,4,52,242,128,133,196
268,10,254,117,181,119,15,17,239,103
268,11,100,240,208,146,212,231,209,68
268,12,172,166,36,115,173,236,227,234
268,13,249,230,48,88,122,136,27,193
268,14,152,79,192,232,174,129,172,89
268,15,209,118,22,18,214,112,43,7
268,16,21,83,30,154,19,241,138,140
268,17,31,206,232,231,240,174,106,36
268,18,231,36,70,238,178,87,206,190
268,19,58,247,206,250,71,216,251,237
268,20,248,215,134,70,9,250,149,13
268,21,91,52,162,242,128,133,179,89
268,22,254,109,181,17,67,15,103,119
268,23,100,212,146,238,240,209,131,101
268,24,172,36,236,98,115,173,166,37
268,25,249,230,136,198,193,48,88,122
268,26,79,174,192,232,152,89,219,66
268,27,18,214,118,7,43,209,22,40
268,28,83,140,8,226,30,10,19,56
268,29,232,31,3,55,126,78,174,231
268,30,36,231,209,70,122,178,130,87
268,31,58,247,60,250,216,185,71,251
268,32,190,135,144,14,176,126,94,197
268,33,197,185,199,161,103,38,179,201
268,34,146,227,94,109,47,18,249,209
268,35,123,131,111,40,161,44,114,15
268,36,148,25,127,116,139,48,37,176
268,37,221,7,87,196,102,162,83,45
268,38,14,132,167,3,157,52,15,124
268,39,197,224,168,77,220,61,251,252
269,0,177,55,13,224,20,139,217,67
269,1,175,178,8,236,131,105,70,17
269,2,181,42,235,26,65,126,4,85
269,3,146,16,234,197,156,63,163,250
269,4,169,3,44,63,82,206,30,80
269,5,48,64,133,75,77,5,116,102
269,6,219,189,108,4,195,17,201,25
269,7,130,220,166,73,95,1,38,184
269,8,215,248,9,124,201,183,68,202
269,9,52,91,242,162,196,128,4,133
269,10,254,67,181,103,15,239,146,144
269,11,212,146,100,37,240,6,131,197
269,12,36,172,234,98,236,27,37,227
269,13,249,198,136,27,88,193,244,70
269,14,152,79,192,174,232,219,237,89
269,15,22,118,95,209,18,214,9,43
269,16,82,83,30,140,226,19,222,233
269,17,31,232,71,55,206,9,240,174
269,18,116,231,70,36,178,151,238,46
269,19,47,58,251,99,55,247,216,5
269,20,248,70,215,134,13,149,9,67
269,21,91,52,89,162,242,128,4,133
269,22,254,146,216,67,15,181,20,103
269,23,37,212,197,100,136,201,222,146
269,24,115,128,172,36,234,50,236,55
269,25,230,249,48,193,88,0,136,101
269,26,174,79,171,192,203,152,89,237
269,27,118,43,214,18,22,7,209,234
269,28,83,226,193,82,241,206,167,8
269,29,31,3,88,240,138,231,128,9
269,30,231,70,36,189,63,50,178,162
269,31,58,99,185,249,216,251,47,18
269,32,26,190,179,176,18,92,246,126
269,33,185,11,250,104,38,139,248,199
269,34,146,109,44,94,28,240,64,48
269,35,123,131,161,111,236,185,148,255
269,36,202,79,37,139,39,142,115,116
269,37,196,87,83,60,161,27,221,193
269,38,132,167,234,14,3,15,80,119
269,39,220,244,66,92,61,183,9,250
270,0,5,13,17,67,19,54,55,128
270,1,80,232,73,174,17,141,0,214
270,2,210,245,55,105,220,161,73,116
270,3,163,234,173,63,44,126,160,10
270,4,206,169,30,221,80,166,3,148
270,5,77,48,75,64,5,139,134,192
270,6,189,108,219,4,9,201,25,146
270,7,130,38,146,220,246,95,83,184
270,8,248,215,9,124,68,250,183,230
270,9,52,91,162,242,32,4,196,139
270,10,254,181,146,15,103,67,239,216
270,11,212,37,240,100,220,197,146,222
270,12,234,172,36,115,107,57,173,27
270,13,249,88,193,136,122,48,230,198
270,14,174,192,152,232,79,171,129,89
270,15,118,209,22,43,234,105,214,240
270,16,30,82,241,226,193,206,83,140
270,17,31,206,240,21,3,231,71,55
270,18,231,70,116,151,189,178,238,190
270,19,58,249,251,216,185,47,247,5
270,20,248,215,70,13,134,149,124,9
270,21,242,91,162,89,52,244,4,236
270,22,181,15,254,216,146,140,128,239
270,23,212,136,197,201,190,238,220,174
270,24,115,172,128,233,57,234,36,11
270,25,249,48,230,101,193,19,136,137
270,26,174,192,152,79,171,203,1,232
270,27,118,22,209,43,7,234,214,239
270,28,226,241,193,167,83,206,82,222
270,29,31,88,3,240,21,231,119,128
270,30,231,70,189,50,63,162,178,36
270,31,185,58,251,249,216,18,179,5
270,32,179,144,190,176,18,86,91,246
270,33,11,104,185,38,139,248,167,3
270,34,146,44,240,28,94,48,70,64
270,35,161,131,123,148,236,190,111,74
270,36,202,39,139,142,115,116,152,227
270,37,87,83,27,60,161,174,193,45
270,38,167,3,234,15,215,119,14,80
270,39,220,244,92,61,72,250,183,9
271,0,165,85,49,233,157,227,22,9
271,1,232,203,66,169,117,236,133,223
271,2,164,169,22,107,90,242,73,232
271,3,55,234,171,19,146,109,252,47
271,4,65,122,82,30,164,3,228,60
271,5,249,61,142,6,250,5,225,139
271,6,90,84,189,108,219,54,9,19
271,7,131,1,220,44,146,210,84,173
271,8,248,124,65,207,184,13,186,103
271,9,217,96,14,91,242,4,0,162
271,10,62,15,254,253,181,216,140,239
271,11,142,207,212,20,238,197,100,174
271,12,67,172,160,234,236,173,35,227
271,13,48,230,100,249,88,136,29,122
271,14,174,152,192,79,232,38,1,42
271,15,209,118,22,43,239,214,7,234
271,16,167,241,30,147,90,96,226,206
271,17,88,31,231,3,240,55,12,174
271,18,231,70,63,189,190,243,178,21
271,19,58,216,185,251,179,181,71,225
271,20,248,215,70,13,207,68,134,149
271,21,217,242,162,91,244,89,96,4
271,22,181,254,24,62,15,140,128,253
271,23,142,207,212,20,190,68,101,100
271,24,172,67,233,57,231,36,236,173
271,25,100,48,249,88,136,163,193,122
271,26,174,192,79,152,180,1,141,89
271,27,118,7,214,43,234,22,209,40
271,28,83,241,226,167,206,147,96,30
271,29,31,3,240,104,206,55,50,138
271,30,231,70,178,36,189,190,188,4
271,31,58,185,251,216,225,18,71,199
271,32,18,190,48,246,176,62,91,126
271,33,11,38,107,121,248,151,185,224
271,34,146,175,208,64,70,95,171,101
271,35,161,85,131,123,94,2,236,145
271,36,202,195,246,139,152,67,116,42
271,37,83,161,60,87,43,174,135,45
271,38,201,234,167,44,3,15,9,162
271,39,220,1,246,215,250,92,183,138
272,0,242,234,186,111,27,188,224,133
272,1,203,117,133,7,198,113,85,105
272,2,89,110,230,23,150,86,15,117
272,3,155,234,156,116,215,202,177,252
272,4,94,164,169,71,12,30,166,82
272,5,225,169,249,75,81,48,156,6
272,6,219,108,189,235,73,9,115,100
272,7,131,243,146,173,84,1,181,220
272,8,248,124,70,215,186,134,9,207
272,9,96,14,91,0,242,162,244,52
272,10,254,181,253,7,15,239,114,218
272,11,114,207,142,116,212,153,100,238
272,12,172,67,7,22,231,234,173,57
272,13,100,48,88,249,122,38,136,193
272,14,192,152,79,174,232,218,129,237
272,15,209,118,22,214,7,43,248,233
272,16,167,30,83,241,147,90,226,21
272,17,31,88,229,240,197,55,206,12
272,18,231,63,70,190,36,188,162,178
272,19,58,216,71,91,185,251,160,80
272,20,248,215,70,207,13,134,68,4
272,21,96,242,91,52,89,14,244,162
272,22,254,181,0,239,128,15,218,9
272,23,114,68,116,190,15,212,207,142
272,24,172,231,57,36,233,67,7,230
272,25,100,249,48,88,136,111,38,193
272,26,192,152,174,79,1,232,227,93
272,27,7,214,118,248,209,105,40,22
272,28,83,241,30,21,167,226,230,147
272,29,31,49,206,240,128,3,55,218
272,30,231,36,70,190,178,165,189,235
272,31,58,71,216,60,18,185,251,28
272,32,176,86,190,146,18,126,62,195
272,33,36,97,38,37,3,224,6,10
272,34,146,90,212,28,238,206,255,70
272,35,161,49,131,123,255,148,190,44
272,36,147,234,227,116,39,139,42,117
272,37,193,15,87,83,78,27,90,221
272,38,44,215,167,157,15,14,3,139
272,39,158,72,36,220,252,61,15,244
273,0,96,226,80,68,243,185,117,187
273,1,183,96,117,40,203,209,13,202
273,2,95,35,12,252,192,232,89,20
273,3,156,12,221,234,170,192,111,60
273,4,55,82,139,71,182,12,8,180
273,5,223,239,225,156,75,232,61,142
273,6,3,219,108,114,189,9,115,217
273,7,243,131,84,173,146,52,94,220
273,8,248,124,215,68,70,134,9,149
273,9,206,19,91,52,242,96,14,0
273,10,163,254,181,239,15,128,7,103
273,11,116,18,142,212,207,68,190,100
273,12,67,172,231,57,36,236,27,72
273,13,200,88,100,249,48,193,136,128
273,14,192,152,38,79,174,237,218,219
273,15,103,241,214,7,118,22,17,105
273,16,232,83,241,167,30,21,149,147
273,17,31,155,240,55,206,180,88,236
273,18,231,6,70,36,162,235,178,107
273,19,58,216,71,91,185,251,46,55
273,20,215,248,68,70,9,134,13,112
273,21,242,52,19,206,244,162,91,80
273,22,163,239,128,181,254,15,30,154
273,23,18,142,207,68,101,190,212,130
273,24,172,67,36,231,57,233,183,236
273,25,249,88,100,48,200,136,128,193
273,26,192,174,152,38,79,83,237,227
273,27,103,7,118,214,241,105,10,209
273,28,241,83,232,30,226,21,149,19
273,29,31,155,240,55,206,236,3,128
273,30,231,6,70,36,178,189,235,190
273,31,58,216,185,71,18,251,60,233
273,32,175,176,37,17,190,126,199,171
273,33,117,214,23,94,38,185,199,12
273,34,146,58,187,28,54,182,70,19
273,35,7,161,131,255,123,201,217,100
273,36,245,0,116,42,8,139,25,239
273,37,87,164,84,220,102,90,221,83
273,38,136,14,157,167,15,244,22,44
273,39,220,16,23,61,252,145,36,14
274,0,181,82,107,122,255,39,251,221
274,1,89,9,117,237,220,176,248,166
274,2,185,125,47,99,1,144,233,95
274,3,73,3,121,65,158,109,41,60
274,4,82,210,133,3,182,120,145,49
274,5,223,174,232,239,142,3,225,25
274,6,108,219,119,140,189,217,9,225
274,7,94,195,207,146,220,173,247,122
274,8,68,248,215,9,183,26,70,112
274,9,52,139,19,206,162,179,242,91
274,10,68,181,239,154,128,254,213,15
274,11,64,131,212,68,201,207,240,6
274,12,172,57,106,36,67,98,27,230
274,13,164,100,249,230,27,200,88,48
274,14,152,192,232,1,38,174,70,79
274,15,241,209,103,17,118,214,22,7
274,16,241,232,30,149,203,83,167,90
274,17,26,31,180,155,240,128,232,231
274,18,231,70,235,162,55,36,63,1
274,19,216,58,237,71,179,185,155,55
274,20,215,68,248,9,70,13,134,183
274,21,52,242,244,19,162,206,91,139
274,22,239,68,181,128,154,254,15,30
274,23,64,207,101,68,131,212,190,6
274,24,172,36,57,67,233,98,231,230
274,25,249,164,88,200,27,136,100,198
274,26,192,152,174,38,79,232,1,89
274,27,7,118,214,209,103,241,10,105
274,28,241,30,83,232,149,226,19,140
274,29,240,31,26,155,128,232,3,55
274,30,231,55,70,36,235,189,165,178
274,31,237,216,58,18,185,60,71,179
274,32,175,224,176,37,190,197,171,199
274,33,179,201,117,156,10,38,185,199
274,34,49,217,146,58,28,70,47,213
274,35,7,161,255,131,224,201,217,123
274,36,245,116,255,25,24,42,239,139
274,37,87,221,50,102,90,14,83,45
274,38,157,146,244,15,167,14,86,44
274,39,220,85,13,61,252,14,177,62
275,0,109,55,177,78,224,20,217,151
275,1,52,236,1,56,109,117,226,190
275,2,185,228,47,221,245,125,157,95
275,3,16,234,180,215,63,156,167,58
275,4,169,243,166,30,194,49,11,51
275,5,223,225,142,232,75,156,48,30
275,6,108,219,17,25,9,32,189,119
275,7,94,130,232,220,41,247,173,246
275,8,248,68,215,9,124,47,70,134
275,9,91,52,162,4,242,144,80,139
275,10,239,109,154,30,128,181,15,140
275,11,68,190,240,212,6,113,211,146
275,12,172,47,231,233,36,72,98,37
275,13,128,136,193,230,163,88,249,70
275,14,192,152,174,227,237,79,1,144
275,15,7,178,112,10,214,118,211,18
275,16,241,21,232,226,107,10,30,125
275,17,31,206,55,240,232,128,12,71
275,18,231,70,107,36,243,189,235,157
275,19,58,60,216,55,185,71,126,247
275,20,215,248,47,68,45,70,9,13
275,21,242,80,52,244,162,89,91,196
275,22,154,239,181,30,254,19,140,15
275,23,68,212,190,6,59,85,207,131
275,24,172,47,231,233,183,72,173,36
275,25,230,128,48,88,249,136,100,163
275,26,192,174,152,227,1,79,89,232
275,27,118,10,214,178,7,33,56,209
275,28,241,190,232,226,83,30,82,21
275,29,31,128,126,3,240,164,232,55
275,30,231,36,18,70,151,189,63,209
275,31,216,60,185,55,58,18,71,126
275,32,248,176,120,58,126,243,229,171
275,33,250,176,38,54,161,10,171,12
275,34,249,80,94,146,15,72,47,28
275,35,121,7,255,176,77,201,161,217
275,36,21,228,79,245,25,17,138,147
275,37,244,214,110,160,196,87,102,83
275,38,43,141,156,177,24,195,182,236
275,39,66,5,209,37,83,168,127,251
276,0,156,132,17,54,52,255,15,129
276,1,52,56,109,251,3,165,37,203
276,2,245,228,67,202,47,185,51,204
276,3,16,180,234,253,93,222,149,53
276,4,169,243,51,93,30,166,80,180
276,5,142,232,223,48,225,30,115,75
276,6,108,57,219,25,17,9,149,127
276,7,223,246,146,122,130,232,247,94
276,8,215,47,248,68,124,9,134,163
276,9,242,162,52,4,91,80,196,144
276,10,239,154,19,181,109,30,128,15
276,11,68,212,190,240,201,6,113,211
276,12,172,231,233,36,47,98,72,234
276,13,128,136,88,249,230,193,174,100
276,14,192,152,174,227,232,79,237,70
276,15,118,178,209,7,10,214,211,105
276,16,241,30,82,226,203,21,233,83
276,17,31,164,240,206,12,128,232,180
276,18,231,70,36,151,63,107,189,235
276,19,216,58,71,85,185,60,238,126
276,20,215,248,47,68,13,70,9,134
276,21,242,52,244,89,80,162,196,68
276,22,19,181,154,239,216,128,254,30
276,23,212,59,201,68,190,85,6,168
276,24,172,128,233,231,7,234,52,57
276,25,100,230,48,249,128,88,19,136
276,26,174,192,152,1,93,79,141,232
276,27,118,33,209,214,10,7,178,22
276,28,241,190,30,82,206,83,193,8
276,29,128,31,164,3,88,240,205,27
276,30,231,70,189,50,151,63,36,162
276,31,216,185,58,18,60,71,179,251
276,32,176,120,179,126,248,18,76,171
276,33,234,250,104,11,38,132,176,54
276,34,249,72,94,80,44,28,109,47
276,35,121,176,217,255,77,161,185,148
276,36,39,147,79,115,21,227,29,31
276,37,214,244,193,102,137,127,110,87
276,38,156,141,18,24,254,222,177,161
276,39,66,251,209,83,142,101,5,218
277,0,52,209,17,198,53,220,240,58
277,1,52,37,56,39,151,109,236,105
277,2,245,71,185,47,202,3,67,163
277,3,180,234,16,63,66,87,18,21
277,4,169,243,30,180,82,93,91,166
277,5,232,142,223,225,3,30,75,187
277,6,57,9,108,219,25,149,17,39
277,7,223,133,84,232,146,95,173,130
277,8,248,215,124,68,70,9,134,250
277,9,242,91,162,52,196,80,190,144
277,10,154,19,239,181,15,254,128,140
277,11,212,68,201,190,240,6,94,207
277,12,172,231,234,233,36,52,57,22
277,13,88,100,230,48,136,249,128,122
277,14,174,192,152,232,79,129,237,229
277,15,118,22,209,7,142,214,43,105
277,16,167,193,203,241,226,30,233,212
277,17,31,231,240,164,12,55,88,246
277,18,231,70,63,50,151,190,36,104
277,19,58,216,160,251,185,71,80,1
277,20,248,68,215,13,207,124,134,70
277,21,242,89,91,162,244,4,236,80
277,22,216,181,154,15,254,128,19,130
277,23,201,212,190,116,68,123,59,168
277,24,128,160,172,7,115,35,57,234
277,25,100,48,97,88,249,230,136,19
277,26,174,79,14,171,192,40,152,218
277,27,118,22,43,7,33,71,234,214
277,28,167,226,83,193,190,206,241,196
277,29,88,31,240,61,3,164,21,138
277,30,231,70,162,50,178,189,63,36
277,31,185,251,58,216,5,181,18,106
277,32,179,176,125,86,131,91,126,190
277,33,104,234,132,38,95,11,3,143
277,34,44,72,146,28,240,238,62,94
277,35,161,148,190,255,74,131,145,217
277,36,39,115,227,147,142,42,139,116
277,37,27,193,78,87,83,102,190,15
277,38,215,157,119,15,167,3,169,162
277,39,158,220,61,231,72,252,14,122
278,0,226,96,146,247,171,80,11,133
278,1,236,169,2,39,117,232,81,160
278,2,254,185,245,249,47,71,202,7
278,3,221,188,180,170,122,234,193,53
278,4,82,169,119,180,30,20,105,181
278,5,142,61,223,225,232,3,30,133
278,6,16,57,108,219,9,115,17,119
278,7,84,94,133,173,232,41,220,95
278,8,68,248,112,215,124,134,45,13
278,9,206,19,91,242,144,80,162,139
278,10,229,154,239,30,19,181,163,128
278,11,18,68,212,190,207,142,113,240
278,12,106,231,172,67,72,233,183,22
278,13,200,128,100,136,48,88,193,249
278,14,152,38,192,237,174,79,70,232
278,15,241,209,118,7,211,10,214,105
278,16,149,241,78,232,21,226,30,167
278,17,31,128,155,55,180,206,12,240
278,18,231,70,6,235,36,157,107,238
278,19,216,58,71,126,185,46,55,179
278,20,215,248,112,68,9,70,13,207
278,21,52,206,80,244,19,162,242,196
278,22,239,181,154,163,128,140,254,200
278,23,18,207,142,101,68,212,131,6
278,24,172,67,231,36,233,106,98,57
278,25,128,200,48,249,198,193,136,88
278,26,152,38,174,237,192,232,89,227
278,27,241,118,7,209,10,214,103,43
278,28,241,149,30,83,78,8,226,185
278,29,31,155,128,232,3,240,236,174
278,30,231,6,36,70,189,235,165,243
278,31,216,60,185,58,71,18,233,179
278,32,89,176,199,171,126,17,243,190
278,33,214,94,117,68,23,38,10,185
278,34,187,47,182,146,28,54,19,58
278,35,217,255,7,201,131,161,100,73
278,36,25,253,57,116,8,0,42,245
278,37,102,87,164,221,220,84,158,45
278,38,157,244,15,136,22,14,114,167
278,39,23,61,220,16,14,252,68,225
279,0,181,82,107,251,255,39,221,83
279,1,131,89,166,9,175,117,176,35
279,2,211,138,241,202,28,156,245,171
279,3,105,45,5,3,158,28,121,246
279,4,82,232,227,133,97,176,184,7
279,5,174,142,200,247,25,234,57,232
279,6,108,129,139,17,190,219,225,124
279,7,94,122,195,146,130,141,207,73
279,8,215,68,248,9,207,8,26,183
279,9,52,213,43,139,68,24,179,162
279,10,68,243,185,176,181,150,154,128
279,11,128,64,12,206,42,135,160,204
279,12,128,208,107,221,65,1,18,145
279,13,118,154,164,134,182,114,175,147
279,14,148,156,51,14,129,169,16,60
279,15,22,192,87,71,142,209,230,207
279,16,233,167,74,42,243,118,0,133
279,17,50,231,29,255,147,56,26,115
279,18,12,190,251,165,70,169,238,87
279,19,111,113,251,215,107,40,252,150
279,20,88,201,207,222,184,124,56,115
279,21,146,13,4,24,102,197,234,11
279,22,143,14,63,160,68,31,248,232
279,23,80,106,103,111,57,56,250,64
279,24,65,181,132,1,207,254,59,222
279,25,123,228,18,41,48,58,13,16
279,26,206,169,52,59,60,161,14,156
279,27,157,22,209,87,192,220,142,63
279,28,30,233,81,167,39,222,21,227
279,29,26,180,231,106,150,112,3,240
279,30,55,231,235,70,36,189,1,145
279,31,237,216,16,154,58,155,179,185
279,32,224,176,197,199,126,171,135,89
279,33,201,179,156,38,117,10,185,12
279,34,49,217,47,213,146,28,177,70
279,35,255,217,224,201,131,7,161,40
279,36,25,255,24,57,116,42,245,31
279,37,102,87,221,50,14,158,45,139
279,38,157,146,244,15,14,114,162,167
279,39,13,61,220,14,252,85,177,62
280,0,109,47,151,55,177,70,203,24
280,1,236,226,100,70,71,105,42,117
280,2,3,211,71,193,185,221,254,5
280,3,234,16,44,167,63,61,52,229
280,4,169,243,30,80,178,82,125,137
280,5,48,252,30,75,232,225,5,223
280,6,108,9,57,17,129,219,149,201
280,7,223,38,146,94,133,122,84,130
280,8,215,68,248,9,183,163,26,117
280,9,242,162,80,52,196,144,91,190
280,10,19,239,154,181,15,242,140,146
280,11,212,68,6,201,240,190,37,197
280,12,172,36,233,57,231,27,234,98
280,13,128,249,88,230,174,198,136,48
280,14,152,232,192,174,237,79,70,129
280,15,209,118,22,105,7,10,142,211
280,16,241,193,30,82,233,167,140,90
280,17,45,31,164,240,231,214,3,165
280,18,231,70,151,189,104,50,21,206
280,19,216,238,85,160,58,185,179,181
280,20,215,248,13,207,73,211,68,183
280,21,89,244,162,4,80,52,242,236
280,22,216,181,154,19,146,239,128,15
280,23,212,201,197,190,68,59,37,218
280,24,128,172,57,11,233,234,7,0
280,25,97,48,230,19,163,249,100,41
280,26,174,79,218,14,171,232,89,1
280,27,118,22,234,209,7,71,33,84
280,28,193,167,226,206,241,196,82,83
280,29,88,61,240,3,31,164,21,62
280,30,70,231,189,50,178,162,63,211
280,31,251,185,58,181,205,249,5,250
280,32,131,91,125,179,144,126,94,109
280,33,132,38,234,104,185,248,238,3
280,34,44,146,240,28,171,238,20,62
280,35,161,123,145,148,190,131,74,20
280,36,39,139,115,227,147,42,142,202
280,37,27,190,193,87,113,78,83,101
280,38,215,169,119,3,167,15,157,162
280,39,158,231,220,61,129,122,179,252
281,0,229,249,123,216,196,242,105,7
281,1,225,244,117,231,93,118,27,155
281,2,103,163,100,162,227,4,151,145
281,3,133,187,152,235,231,234,212,31
281,4,13,142,30,236,222,167,251,102
281,5,104,193,6,112,5,186,253,224
281,6,167,84,153,54,9,108,172,142
281,7,29,23,1,146,210,220,83,216
281,8,234,207,89,248,184,180,19,13
281,9,29,13,94,164,4,86,105,35
281,10,130,169,216,248,181,143,15,224
281,11,189,161,212,136,95,147,185,145
281,12,26,74,63,234,128,107,181,57
281,13,147,43,48,154,228,29,136,249
281,14,124,51,14,174,50,156,86,129
281,15,22,200,81,148,71,209,232,87
281,16,5,133,196,233,167,156,212,140
281,17,250,76,61,172,57,87,166,71
281,18,187,179,50,57,70,190,211,30
281,19,130,109,251,205,111,20,12,160
281,20,234,207,4,248,184,201,13,212
281,21,29,4,94,164,13,126,89,102
281,22,248,130,169,198,143,236,15,185
281,23,189,62,161,42,212,128,113,95
281,24,74,63,26,181,44,128,160,234
281,25,43,147,61,48,6,97,18,41
281,26,148,124,174,147,206,51,32,20
281,27,22,234,200,81,209,118,181,84
281,28,5,167,133,222,206,43,196,156
281,29,231,250,172,76,3,50,240,205
281,30,179,70,187,206,189,21,211,231
281,31,251,130,185,181,109,205,106,250
281,32,98,91,131,99,94,134,176,186
281,33,183,232,238,38,248,116,73,126
281,34,84,207,171,180,96,235,62,101
281,35,145,20,131,57,153,111,236,161
281,36,181,120,70,211,139,42,193,14
281,37,190,31,143,87,83,58,182,193
281,38,3,92,148,71,213,75,157,39
281,39,2,69,189,38,217,61,213,220
282,0,157,165,212,110,127,66,32,106
282,1,117,118,242,73,112,86,113,105
282,2,255,80,121,10,60,133,219,165
282,3,171,219,214,234,19,177,92,73
282,4,118,74,30,254,122,242,80,138
282,5,169,5,147,11,161,44,14,30
282,6,183,42,164,166,208,108,140,46
282,7,1,240,210,220,146,101,10,52
282,8,207,234,186,248,201,212,88,13
282,9,239,13,156,217,151,4,148,105
282,10,24,114,161,72,62,84,7,143
282,11,27,195,130,156,64,210,114,66
282,12,155,191,181,206,132,138,234,57
282,13,168,48,22,18,142,41,220,38
282,14,156,14,174,75,241,169,42,206
282,15,22,209,118,71,234,239,192,110
282,16,167,119,206,233,180,90,42,222
282,17,231,50,166,197,11,3,36,56
282,18,156,190,70,159,12,165,231,211
282,19,251,111,71,107,216,178,80,181
282,20,207,201,248,124,88,215,184,13
282,21,239,4,13,14,89,162,102,145
282,22,114,161,143,51,24,72,15,84
282,23,27,114,195,156,208,101,113,84
282,24,181,155,138,191,57,206,132,172
282,25,48,22,18,249,123,29,168,142
282,26,174,206,14,156,232,22,241,169
282,27,22,234,209,118,71,207,110,5
282,28,167,119,222,99,21,188,206,8
282,29,231,50,240,3,31,206,218,23
282,30,156,70,206,159,190,231,189,81
282,31,251,71,185,230,252,107,250,216
282,32,221,201,91,176,94,48,195,40
282,33,38,217,121,96,58,116,253,248
282,34,208,95,175,188,171,235,70,9
282,35,40,85,131,20,123,161,111,196
282,36,195,117,0,139,67,42,202,193
282,37,43,87,83,56,220,60,93,45
282,38,195,3,201,163,44,43,39,157
282,39,246,27,215,1,61,220,168,15
283,0,127,69,84,14,18,85,250,98
283,1,92,96,117,234,3,29,63,251
283,2,234,233,201,80,64,134,94,238
283,3,214,116,20,171,55,51,234,45
283,4,74,254,12,79,215,30,118,82
283,5,169,253,5,11,30,147,82,48
283,6,42,108,183,166,119,73,134,17
283,7,1,240,220,210,146,56,173,84
283,8,207,248,201,186,88,215,19,149
283,9,4,239,14,105,242,5,133,162
283,10,24,114,15,143,240,209,239,181
283,11,114,130,42,27,61,212,208,195
283,12,57,181,234,107,172,154,132,227
283,13,41,18,48,249,168,30,122,181
283,14,156,232,42,229,169,129,206,186
283,15,22,209,239,44,142,71,192,219
283,16,167,233,42,74,118,90,222,206
283,17,231,50,56,3,23,147,92,36
283,18,165,12,70,28,190,238,211,251
283,19,111,181,216,107,251,106,179,40
283,20,215,207,201,222,183,248,88,184
283,21,4,24,162,234,239,5,89,146
283,22,143,114,85,160,128,46,24,117
283,23,80,103,208,114,212,84,147,101
283,24,57,181,132,172,107,7,222,46
283,25,18,48,123,249,41,22,122,198
283,26,156,206,174,232,152,14,169,22
283,27,209,22,44,142,71,234,118,192
283,28,21,167,222,241,99,42,20,30
283,29,231,218,240,50,3,206,31,23
283,30,231,70,206,156,190,189,211,243
283,31,251,185,250,58,71,216,40,107
283,32,221,176,94,91,195,126,201,194
283,33,121,38,217,12,248,96,185,168
283,34,81,188,54,95,208,146,47,171
283,35,131,123,40,111,161,100,20,196
283,36,0,139,117,193,8,42,239,50
283,37,87,220,83,84,90,241,221,45
283,38,3,44,14,86,39,15,167,213
283,39,23,61,220,168,68,16,252,52
284,0,136,78,14,241,89,56,68,18
284,1,221,117,92,228,6,234,248,29
284,2,201,234,68,233,236,94,64,101
284,3,214,15,234,20,194,134,85,186
284,4,253,37,254,30,79,74,82,227
284,5,169,253,5,174,48,30,225,116
284,6,42,108,166,25,134,142,115,119
284,7,1,240,220,210,146,41,84,173
284,8,157,207,201,248,124,88,186,13
284,9,4,239,14,5,105,151,162,107
284,10,12,68,114,143,15,209,181,72
284,11,64,130,27,208,114,195,156,66
284,12,95,181,154,234,155,132,191,172
284,13,48,42,38,168,41,22,18,249
284,14,174,232,14,156,42,152,206,129
284,15,22,209,118,234,44,142,7,239
284,16,167,222,206,21,241,140,30,20
284,17,231,185,240,3,50,206,31,197
284,18,70,156,190,231,238,189,211,206
284,19,251,216,71,80,185,111,107,181
284,20,248,215,201,157,207,13,124,183
284,21,4,162,239,89,242,196,14,236
284,22,12,15,143,68,114,161,254,239
284,23,64,101,114,212,27,156,208,113
284,24,172,181,173,57,46,107,191,234
284,25,249,42,48,198,136,22,168,122
284,26,174,22,232,79,152,141,206,14
284,27,118,234,22,209,7,43,5,186
284,28,222,8,21,206,226,241,167,83
284,29,185,31,3,231,240,50,206,174
284,30,72,231,70,190,206,156,189,36
284,31,251,185,71,216,40,58,250,107
284,32,224,176,197,91,94,206,126,61
284,33,63,38,156,12,18,217,185,248
284,34,152,47,188,146,54,235,70,171
284,35,131,123,40,100,60,214,20,111
284,36,24,251,239,25,193,127,139,42
284,37,50,87,83,14,221,102,147,90
284,38,44,3,14,146,86,39,157,244
284,39,177,13,61,85,168,252,220,62
285,0,36,65,134,55,175,1,31,224
285,1,221,117,15,254,101,49,42,22
285,2,201,234,182,236,3,95,178,94
285,3,15,234,214,66,30,218,101,199
285,4,30,37,253,190,51,93,169,194
285,5,5,81,253,14,115,236,66,254
285,6,42,142,25,178,232,108,56,198
285,7,1,240,210,16,220,167,146,239
285,8,207,201,88,222,248,8,19,157
285,9,14,4,5,128,105,102,151,98
285,10,31,12,114,143,159,72,213,168
285,11,109,95,103,85,212,208,250,137
285,12,132,181,155,234,95,157,191,46
285,13,48,42,168,41,18,22,249,38
285,14,42,156,22,232,14,174,206,101
285,15,22,209,234,71,239,44,84,146
285,16,167,206,222,190,126,224,90,180
285,17,231,50,3,213,206,56,185,78
285,18,70,190,21,72,211,156,189,165
285,19,251,111,71,181,107,179,178,216
285,20,207,201,184,248,13,68,4,88
285,21,4,14,13,89,105,102,162,236
285,22,12,114,31,143,159,72,46,242
285,23,109,85,156,212,69,95,208,94
285,24,181,191,132,155,157,138,46,206
285,25,48,42,249,22,41,111,18,123
285,26,22,174,206,156,14,241,75,232
285,27,234,22,209,84,5,71,118,44
285,28,167,222,190,206,21,211,99,224
285,29,231,185,173,50,3,213,255,205
285,30,21,72,70,189,156,211,231,206
285,31,251,38,179,181,71,106,185,40
285,32,76,91,201,176,70,18,85,131
285,33,95,11,38,6,116,59,104,139
285,34,240,235,72,28,171,44,206,95
285,35,191,20,145,148,190,153,236,40
285,36,39,202,227,251,142,115,147,211
285,37,193,15,27,83,78,126,95,87
285,38,215,44,3,119,80,75,87,39
285,39,158,75,72,244,254,122,9,197
286,0,233,185,250,40,18,117,198,171
286,1,133,169,232,223,158,81,117,17
286,2,239,183,201,127,68,71,64,226
286,3,15,53,90,234,214,236,213,188
286,4,122,105,119,228,30,254,253,60
286,5,14,61,253,5,236,31,81,66
286,6,42,90,142,178,3,44,2,56
286,7,1,131,240,210,16,146,239,41
286,8,207,103,201,88,212,122,248,164
286,9,217,14,105,4,13,178,98,102
286,10,62,114,12,31,72,163,159,143
286,11,109,95,203,247,212,142,27,66
286,12,181,132,234,191,154,12,7,233
286,13,48,41,168,249,111,30,136,254
286,14,174,42,156,206,14,232,152,251
286,15,22,234,209,118,5,239,71,9
286,16,222,167,206,241,90,30,8,233
286,17,231,3,50,240,205,56,213,92
286,18,70,189,231,190,211,21,162,12
286,19,251,181,185,71,111,179,216,107
286,20,248,184,215,201,207,13,35,236
286,21,4,217,162,89,14,105,178,196
286,22,62,15,114,143,31,51,163,239
286,23,109,42,212,101,142,95,247,216
286,24,172,181,173,57,132,12,233,46
286,25,249,48,41,136,198,100,149,30
286,26,174,22,42,152,206,232,178,141
286,27,234,118,22,209,120,84,5,186
286,28,222,206,167,8,241,211,249,19
286,29,3,231,213,31,240,50,205,56
286,30,70,189,231,211,21,206,36,149
286,31,251,181,185,106,179,58,216,71
286,32,176,91,96,186,201,61,116,42
286,33,11,38,151,58,232,248,238,116
286,34,47,196,171,180,205,235,12,149
286,35,131,145,153,20,40,100,123,60
286,36,127,25,8,181,0,116,193,223
286,37,87,221,31,83,102,84,220,45
286,38,14,157,44,39,244,15,3,59
286,39,168,241,61,252,9,145,68,16
287,0,78,136,89,56,18,68,241,0
287,1,135,117,6,134,79,186,222,119
287,2,239,58,89,64,127,181,141,68
287,3,90,234,53,85,169,42,214,139
287,4,17,253,30,82,254,133,80,244
287,5,5,174,18,116,217,118,225,68
287,6,108,9,115,178,134,27,25,16
287,7,146,1,210,41,13,84,220,109
287,8,157,248,207,201,88,43,124,13
287,9,162,4,105,14,217,242,231,133
287,10,12,228,15,68,140,254,114,239
287,11,64,212,95,69,156,27,208,6
287,12,172,234,181,173,233,132,12,46
287,13,48,249,42,41,136,198,163,122
287,14,174,42,152,199,232,141,251,79
287,15,22,209,118,234,239,142,7,84
287,16,222,206,167,8,226,19,90,241
287,17,3,231,205,185,31,240,206,50
287,18,70,231,189,21,211,72,206,4
287,19,251,185,181,179,155,216,71,58
287,20,248,215,157,134,13,236,207,183
287,21,162,4,89,52,217,242,196,105
287,22,12,254,68,228,15,97,143,7
287,23,212,64,101,94,156,95,109,130
287,24,172,173,57,234,233,181,36,12
287,25,48,249,198,136,42,41,241,122
287,26,174,141,232,152,22,79,89,178
287,27,118,234,209,22,7,214,186,239
287,28,222,8,19,206,241,83,226,140
287,29,31,3,185,232,231,130,240,205
287,30,231,70,72,36,189,206,211,21
287,31,185,251,58,179,216,71,181,172
287,32,224,176,197,42,91,126,61,190
287,33,63,38,12,156,217,199,18,248
287,34,47,152,54,196,146,235,171,206
287,35,131,40,210,60,123,20,100,15
287,36,25,127,251,239,24,116,84,193
287,37,221,87,50,102,4,83,62,14
287,38,14,157,146,39,244,44,15,4
287,39,168,252,177,13,85,61,220,52
288,0,134,47,36,151,177,55,139,203
288,1,100,254,145,101,134,70,180,90
288,2,3,42,58,157,143,182,166,228
288,3,16,234,44,61,63,163,58,36
288,4,169,30,253,178,166,80,51,3
288,5,139,75,5,77,48,64,63,30
288,6,189,9,219,108,195,25,201,128
288,7,38,130,146,41,1,166,13,6
288,8,248,124,215,9,165,134,43,249
288,9,162,52,105,4,75,128,43,196
288,10,254,12,92,97,146,228,103,181
288,11,212,154,37,6,146,100,94,240
288,12,172,173,234,36,107,27,61,50
288,13,136,249,48,198,27,41,122,207
288,14,174,141,199,42,152,232,89,192
288,15,118,209,22,234,239,214,9,95
288,16,222,206,19,82,8,30,167,233
288,17,31,3,231,206,205,232,130,214
288,18,70,116,231,189,36,21,211,209
288,19,251,185,179,47,181,144,58,155
288,20,248,134,215,13,94,165,124,172
288,21,162,89,52,196,105,4,32,43
288,22,254,12,146,7,97,228,73,92
288,23,212,37,154,197,146,94,59,95
288,24,172,173,234,233,57,157,11,181
288,25,136,48,41,249,42,0,198,212
288,26,141,174,203,42,89,199,22,98
288,27,118,234,239,84,7,38,214,209
288,28,206,222,19,8,249,211,167,161
288,29,3,214,185,31,205,90,206,232
288,30,189,36,70,149,231,21,211,44
288,31,185,251,179,181,58,144,155,91
288,32,26,91,18,48,246,176,22,144
288,33,38,151,250,139,107,185,58,248
288,34,175,48,171,240,56,109,47,64
288,35,85,236,20,131,114,40,94,218
288,36,202,246,195,152,142,211,79,116
288,37,83,174,161,87,60,17,45,97
288,38,39,201,234,44,9,157,30,14
288,39,246,1,250,183,92,215,197,168
289,0,177,13,234,78,186,131,242,133
289,1,109,117,52,49,232,66,43,56
289,2,230,110,86,150,228,166,92,157
289,3,155,16,234,145,146,44,19,63
289,4,169,112,204,166,1,71,94,194
289,5,75,81,5,169,225,48,232,139
289,6,9,174,92,178,115,108,128,235
289,7,243,13,41,163,146,181,210,131
289,8,248,47,134,124,94,165,46,13
289,9,162,105,96,4,14,89,52,196
289,10,7,254,12,109,85,245,250,31
289,11,153,212,2,146,6,116,114,95
289,12,173,172,234,181,233,55,57,80
289,13,136,48,207,249,41,174,163,30
289,14,42,141,174,199,22,178,1,192
289,15,118,234,239,209,22,84,178,248
289,16,222,206,19,8,21,249,90,167
289,17,3,206,205,231,197,90,31,128
289,18,189,70,231,36,21,149,211,98
289,19,60,179,185,251,181,155,58,71
289,20,94,248,13,134,68,215,47,165
289,21,162,89,196,105,4,244,52,96
289,22,7,0,254,85,140,97,181,12
289,23,212,116,2,15,95,153,6,114
289,24,172,233,234,173,57,181,12,108
289,25,48,136,249,41,207,163,26,30
289,26,141,174,42,89,1,152,22,199
289,27,118,234,248,239,209,38,10,22
289,28,222,206,19,241,8,78,230,21
289,29,3,128,49,206,205,41,232,90
289,30,189,70,231,149,21,36,211,151
289,31,60,185,179,251,18,181,71,216
289,32,86,176,91,120,195,246,126,171
289,33,38,250,97,36,37,181,248,104
289,34,212,255,28,90,249,47,238,171
289,35,49,40,77,44,20,121,131,176
289,36,147,21,228,227,234,39,138,115
289,37,214,193,83,15,220,144,244,17
289,38,156,182,39,24,87,139,177,43
289,39,251,127,142,5,209,224,66,83
290,0,52,194,15,234,17,193,210,240
290,1,52,109,49,56,165,90,68,3
290,2,230,150,86,110,81,151,92,172
290,3,155,234,44,116,63,7,66,58
290,4,94,169,71,166,30,112,82,204
290,5,5,75,232,81,48,217,253,225
290,6,9,174,178,92,142,235,134,189
290,7,13,243,41,181,210,163,146,1
290,8,248,134,124,165,94,13,207,201
290,9,162,105,14,237,96,4,89,19
290,10,7,12,85,254,181,140,0,31
290,11,212,153,95,2,116,114,6,82
290,12,172,234,173,57,12,181,233,205
290,13,48,41,136,249,207,30,38,254
290,14,174,199,42,141,152,251,178,232
290,15,118,22,209,234,239,84,9,142
290,16,222,206,19,167,8,90,21,249
290,17,3,231,205,31,206,56,50,197
290,18,70,231,189,21,211,36,190,44
290,19,185,179,251,181,60,155,71,151
290,20,248,13,94,134,215,68,201,124
290,21,162,89,196,105,4,96,19,244
290,22,7,0,85,254,181,140,12,97
290,23,212,116,95,2,114,94,153,15
290,24,172,233,234,173,181,128,57,12
290,25,48,136,41,249,26,30,207,163
290,26,174,141,42,178,1,22,89,152
290,27,118,234,209,248,239,22,5,84
290,28,222,206,78,19,241,8,249,21
290,29,3,128,49,205,88,41,231,31
290,30,189,70,231,21,149,50,36,211
290,31,60,185,179,251,18,216,181,58
290,32,176,86,91,179,126,195,246,171
290,33,38,97,36,104,37,250,117,181
290,34,212,90,28,47,255,44,238,171
290,35,49,40,131,220,255,20,236,148
290,36,147,234,227,39,115,223,116,0
290,37,193,15,83,220,27,78,17,87
290,38,39,139,215,44,157,15,126,75
290,39,72,158,224,36,15,23,61,197
291,0,55,152,177,224,2,242,31,13
291,1,117,206,40,230,42,105,96,13
291,2,160,35,226,107,241,81,51,113
291,3,247,234,180,63,44,248,66,232
291,4,180,55,30,204,82,166,164,169
291,5,232,3,75,81,5,225,217,214
291,6,9,114,104,174,108,178,3,134
291,7,146,163,41,1,133,131,210,243
291,8,248,134,124,207,94,68,165,13
291,9,162,105,237,4,144,190,14,89
291,10,7,12,254,85,197,154,181,97
291,11,212,116,2,95,82,6,201,94
291,12,234,172,57,233,173,12,205,247
291,13,48,249,136,41,207,30,122,254
291,14,174,42,141,199,22,232,152,89
291,15,118,22,209,234,2,239,84,9
291,16,222,206,167,19,90,8,193,30
291,17,3,205,231,31,36,56,213,50
291,18,70,231,189,211,44,21,190,36
291,19,251,185,179,155,181,189,58,230
291,20,248,94,134,13,68,215,117,201
291,21,162,89,4,196,136,237,105,220
291,22,254,7,216,97,15,85,12,181
291,23,212,116,201,95,94,154,2,123
291,24,172,128,173,234,181,233,205,108
291,25,136,48,41,249,97,19,163,212
291,26,174,141,42,203,14,178,89,98
291,27,234,118,5,22,7,84,239,38
291,28,206,222,19,193,249,167,8,196
291,29,3,88,205,50,62,90,61,21
291,30,149,70,36,211,189,50,231,162
291,31,251,185,58,179,181,80,230,155
291,32,91,131,179,157,86,176,126,148
291,33,38,132,104,181,36,248,151,161
291,34,171,44,238,235,28,47,240,182
291,35,148,236,145,20,131,74,190,220
291,36,202,39,227,115,147,211,42,116
291,37,83,27,78,87,174,15,45,190
291,38,39,215,44,119,15,157,169,200
291,39,75,158,61,197,252,103,15,220
292,0,113,166,97,142,205,213,123,160
292,1,34,26,187,59,117,132,105,118
292,2,26,146,227,103,35,59,17,176
292,3,31,211,46,146,135,37,234,84
292,4,161,65,167,30,13,82,14,251
292,5,6,5,104,161,75,253,232,186
292,6,9,167,174,178,189,108,84,2
292,7,91,210,13,146,29,1,133,41
292,8,248,89,33,207,134,13,201,212
292,9,39,162,94,29,13,105,4,237
292,10,12,130,85,7,254,248,73,143
292,11,212,20,95,154,2,82,94,203
292,12,172,234,160,173,26,57,63,181
292,13,48,136,41,249,29,43,254,228
292,14,174,42,141,199,129,206,251,178
292,15,22,209,234,118,65,9,239,142
292,16,222,167,19,206,90,212,8,233
292,17,3,231,31,205,50,61,56,147
292,18,70,190,231,189,148,211,36,21
292,19,251,185,130,179,181,58,230,155
292,20,248,134,94,33,201,13,184,124
292,21,162,39,89,4,29,196,94,220
292,22,254,97,15,83,143,140,130,35
292,23,20,212,101,95,94,154,113,174
292,24,172,173,181,233,63,160,234,26
292,25,136,48,43,249,163,41,29,18
292,26,141,174,178,14,122,42,98,206
292,27,234,65,118,5,7,22,84,38
292,28,222,19,206,96,167,5,249,21
292,29,3,172,205,50,31,240,90,206
292,30,148,36,70,149,189,211,187,231
292,31,251,185,130,58,179,181,230,80
292,32,91,99,113,131,126,176,201,238
292,33,190,38,232,248,151,224,58,104
292,34,88,161,171,97,34,56,47,235
292,35,131,145,236,20,39,218,99,74
292,36,207,49,202,211,246,152,193,42
292,37,83,15,174,161,87,60,45,193
292,38,39,71,234,44,9,80,30,15
292,39,72,92,36,69,244,250,15,183
293,0,88,59,6,57,157,56,110,180
293,1,117,118,250,112,191,84,189,73
293,2,198,87,121,238,234,76,64,108
293,3,70,19,234,55,146,245,214,171
293,4,118,65,242,74,30,138,82,0
293,5,174,5,24,249,6,75,139,225
293,6,115,9,16,189,27,134,90,194
293,7,129,2,41,91,1,44,210,163
293,8,248,134,124,120,94,12,250,201
293,9,162,148,4,220,217,105,89,98
293,10,68,253,254,140,97,73,161,228
293,11,210,212,195,142,113,93,154,64
293,12,173,172,234,84,181,80,95,154
293,13,136,164,48,249,41,100,22,207
293,14,174,141,42,213,199,79,129,89
293,15,118,234,22,209,203,7,240,5
293,16,222,206,19,21,167,90,161,8
293,17,26,3,232,206,205,174,71,231
293,18,70,36,4,189,148,149,211,190
293,19,251,185,179,230,46,58,80,155
293,20,94,134,248,13,215,124,250,6
293,21,162,148,220,89,52,4,196,239
293,22,254,68,97,30,253,103,15,228
293,23,210,212,113,101,64,6,154,190
293,24,173,172,233,181,108,37,234,27
293,25,136,48,164,163,249,174,198,193
293,26,174,141,122,227,89,238,98,79
293,27,234,118,7,203,5,10,214,22
293,28,19,222,206,21,8,226,199,161
293,29,26,3,31,205,240,174,181,90
293,30,36,70,149,4,243,189,211,231
293,31,251,185,58,179,80,230,155,126
293,32,224,91,42,126,197,176,190,32
293,33,177,38,96,156,248,84,217,12
293,34,49,217,196,47,171,188,235,213
293,35,131,224,100,236,20,196,40,220
293,36,255,24,42,11,239,193,116,223
293,37,83,50,87,14,37,97,17,158
293,38,39,146,14,44,15,162,157,126
293,39,177,85,13,61,252,220,15,62
294,0,180,55,151,152,203,224,177,76
294,1,111,117,22,42,245,239,74,49
294,2,234,221,212,199,3,77,240,72
294,3,234,215,243,19,197,247,44,66
294,4,243,30,169,166,137,178,80,1
294,5,5,217,75,225,139,102,232,66
294,6,9,115,25,134,104,189,219,108
294,7,129,1,246,163,146,220,95,41
294,8,248,134,124,68,94,201,13,165
294,9,162,220,4,144,43,86,237,196
294,10,15,228,103,204,254,253,140,143
294,11,212,6,113,146,59,2,94,216
294,12,172,234,173,139,233,22,210,171
294,13,136,48,249,207,100,163,254,247
294,14,174,141,42,122,199,1,89,130
294,15,118,22,5,234,7,9,209,142
294,16,222,206,19,21,90,167,8,241
294,17,3,206,205,41,246,36,240,103
294,18,70,4,189,231,238,149,248,211
294,19,185,251,179,230,85,155,71,151
294,20,248,13,215,94,134,117,170,227
294,21,162,89,196,220,52,237,4,144
294,22,15,253,7,254,103,107,140,239
294,23,212,6,190,59,68,37,197,2
294,24,172,173,233,234,108,181,11,61
294,25,48,136,249,41,163,207,100,22
294,26,174,141,203,89,42,14,199,192
294,27,118,5,234,7,10,239,22,38
294,28,206,222,21,19,249,167,8,199
294,29,3,205,90,206,50,41,128,56
294,30,70,149,188,148,189,4,231,36
294,31,185,251,179,230,155,60,199,58
294,32,91,109,246,18,126,48,176,102
294,33,38,102,139,107,224,177,68,248
294,34,240,64,171,72,48,109,175,55
294,35,236,20,2,39,131,185,196,99
294,36,202,49,152,246,195,79,142,42
294,37,83,161,174,60,15,87,43,135
294,38,39,234,44,9,30,15,157,80
294,39,72,250,92,244,252,36,15,183
295,0,13,234,2,242,41,76,152,27
295,1,223,175,232,131,178,8,117,66
295,2,230,110,150,86,212,23,107,160
295,3,155,234,180,66,63,7,144,218
295,4,94,169,71,82,30,12,166,194
295,5,217,5,225,115,66,139,6,75
295,6,9,235,115,108,25,92,3,178
295,7,41,243,181,163,146,220,1,129
295,8,248,124,94,13,134,46,165,208
295,9,162,96,89,4,144,220,105,190
295,10,7,140,15,97,30,253,107,197
295,11,2,153,212,116,113,208,211,142
295,12,234,173,172,95,80,233,181,139
295,13,48,249,136,163,207,41,116,100
295,14,174,141,42,130,122,1,199,22
295,15,234,5,118,7,22,123,209,252
295,16,222,206,21,241,78,19,90,128
295,17,206,3,197,41,205,128,90,246
295,18,70,189,231,149,4,238,188,248
295,19,185,60,251,179,151,18,230,181
295,20,248,94,13,215,134,227,68,236
295,21,162,89,96,196,52,220,4,144
295,22,140,7,0,15,239,107,97,30
295,23,212,2,116,153,190,15,113,6
295,24,173,172,233,234,181,61,80,108
295,25,48,249,163,136,207,30,100,41
295,26,174,141,42,89,220,1,93,152
295,27,118,234,5,248,7,239,22,10
295,28,206,222,21,78,241,230,19,249
295,29,3,128,205,49,90,206,41,240
295,30,70,189,231,149,243,69,211,4
295,31,60,185,251,179,216,18,106,230
295,32,86,176,162,91,195,246,109,126
295,33,38,97,36,37,250,181,248,171
295,34,109,90,255,212,28,206,171,47
295,35,49,255,131,44,220,20,161,145
295,36,147,234,227,39,116,42,79,193
295,37,15,193,83,87,220,78,27,45
295,38,139,44,215,157,39,15,255,162
295,39,158,72,224,36,15,252,61,220
296,0,242,96,187,117,27,133,185,121
296,1,183,40,117,209,206,96,13,166
296,2,35,160,197,9,137,114,116,19
296,3,247,234,192,221,170,130,63,7
296,4,55,180,82,71,169,182,30,8
296,5,217,5,225,232,81,66,3,6
296,6,9,235,108,115,3,178,92,27
296,7,41,243,133,1,69,129,146,248
296,8,248,112,134,124,13,227,208,46
296,9,19,162,144,96,89,4,220,206
296,10,140,15,163,7,197,103,66,30
296,11,212,116,18,2,113,95,211,142
296,12,234,233,172,173,139,181,159,67
296,13,249,48,200,136,163,41,207,187
296,14,174,42,1,38,141,130,152,199
296,15,241,234,118,5,22,209,84,9
296,16,222,78,206,241,90,19,149,21
296,17,128,3,205,180,236,41,155,206
296,18,70,189,231,4,211,6,243,221
296,19,185,251,179,151,216,71,155,230
296,20,215,248,13,68,236,117,134,112
296,21,162,19,89,196,52,244,242,4
296,22,15,163,181,140,239,7,128,154
296,23,212,18,101,68,190,6,207,131
296,24,172,233,234,173,106,181,108,36
296,25,48,249,200,136,30,163,174,207
296,26,174,152,38,141,89,1,199,42
296,27,118,241,209,7,234,22,10,5
296,28,222,241,206,78,149,8,30,185
296,29,3,128,232,240,205,155,236,174
296,30,70,231,189,6,4,235,243,211
296,31,216,185,251,179,106,18,230,60
296,32,176,17,199,126,91,171,37,162
296,33,38,117,94,23,214,12,10,248
296,34,177,187,47,28,206,146,19,54
296,35,255,131,7,161,100,220,201,145
296,36,57,8,116,42,0,25,253,234
296,37,87,220,102,158,221,84,164,95
296,38,157,244,15,162,22,39,136,14
296,39,23,61,252,14,220,16,68,241
297,0,181,82,107,39,251,119,221,255
297,1,117,166,176,119,248,184,168,207
297,2,160,102,241,9,137,209,26,172
297,3,5,158,41,73,217,45,86,109
297,4,82,145,182,97,184,66,135,210
297,5,232,174,5,3,142,225,134,106
297,6,108,9,134,219,115,12,104,123
297,7,146,220,84,94,195,1,41,133
297,8,248,68,215,117,227,134,124,46
297,9,162,52,244,242,190,43,19,139
297,10,68,154,181,128,239,15,80,140
297,11,64,212,68,131,240,6,2,94
297,12,106,234,172,57,233,214,154,27
297,13,164,249,48,136,254,230,128,207
297,14,174,152,1,42,141,192,38,232
297,15,241,118,22,209,234,7,5,142
297,16,222,241,78,149,206,90,30,21
297,17,26,128,3,180,231,246,205,232
297,18,70,231,189,4,235,165,238,55
297,19,216,185,179,237,251,10,151,206
297,20,215,248,68,13,183,112,205,117
297,21,52,162,244,196,89,242,19,139
297,22,181,68,239,128,154,15,140,254
297,23,64,101,131,212,68,6,207,190
297,24,172,36,233,234,98,230,57,107
297,25,249,164,48,200,136,174,27,198
297,26,152,174,89,1,192,38,232,141
297,27,118,209,7,241,22,10,252,40
297,28,241,222,30,149,8,78,206,21
297,29,232,26,3,128,31,240,174,180
297,30,70,231,4,55,235,189,36,221
297,31,237,216,185,18,16,179,58,230
297,32,224,176,197,126,199,171,37,175
297,33,179,201,38,117,156,10,12,185
297,34,49,217,47,177,146,213,28,235
297,35,255,224,131,161,7,217,201,40
297,36,57,25,255,24,116,42,31,239
297,37,87,102,50,221,14,158,83,160
297,38,157,146,244,15,162,14,4,39
297,39,61,252,13,14,220,85,177,52
298,0,109,151,24,55,203,177,139,178
298,1,226,236,151,39,42,117,105,22
298,2,3,160,143,102,95,247,185,13
298,3,234,247,243,0,44,16,180,61
298,4,180,169,243,30,137,178,80,51
298,5,232,5,3,75,48,133,225,102
298,6,108,9,174,104,85,123,32,131
298,7,38,94,146,130,246,220,1,122
298,8,68,215,248,9,117,201,26,183
298,9,52,196,139,162,144,244,105,190
298,10,181,154,197,239,128,242,60,138
298,11,212,68,131,2,201,211,240,6
298,12,234,57,172,36,233,230,98,107
298,13,249,48,136,122,128,207,198,30
298,14,174,152,70,1,42,232,192,89
298,15,209,22,118,7,239,142,93,17
298,16,241,222,30,206,204,90,233,82
298,17,3,62,180,206,214,128,71,232
298,18,70,231,235,189,151,238,55,165
298,19,216,185,179,247,85,10,251,155
298,20,215,68,248,13,9,117,70,201
298,21,52,89,196,244,139,190,162,144
298,22,181,154,128,239,242,146,216,140
298,23,201,212,131,68,59,218,37,190
298,24,128,233,234,172,11,230,57,36
298,25,48,230,249,19,97,70,136,30
298,26,174,152,1,203,89,42,14,141
298,27,22,118,7,5,209,239,84,234
298,28,193,206,222,241,82,196,167,249
298,29,88,3,62,128,61,205,173,41
298,30,70,50,162,189,149,211,231,21
298,31,251,185,18,216,230,43,146,28
298,32,86,179,176,91,131,246,125,126
298,33,68,104,38,132,139,143,102,36
298,34,28,44,48,240,94,238,171,206
298,35,148,190,255,220,74,117,161,20
298,36,79,227,39,147,115,142,202,42
298,37,27,78,193,15,196,83,87,95
298,38,215,157,244,15,119,39,139,44
298,39,158,72,44,75,14,61,36,252
299,0,13,159,178,55,116,31,174,19
299,1,23,141,80,236,232,117,105,17
299,2,65,26,90,70,138,116,33,155
299,3,180,252,234,156,138,5,66,132
299,4,180,148,221,30,166,82,169,204
299,5,232,133,75,225,5,3,48,30
299,6,108,9,174,85,187,123,17,32
299,7,133,94,246,146,207,173,130,38
299,8,68,248,215,9,13,183,26,134
299,9,52,162,144,196,244,139,242,4
299,10,154,197,239,181,128,15,138,140
299,11,212,220,68,201,2,240,211,6
299,12,234,172,233,57,230,205,98,27
299,13,48,249,136,30,207,55,41,128
299,14,174,42,141,1,152,251,199,89
299,15,118,22,5,209,7,234,142,239
299,16,222,206,193,241,167,90,21,233
299,17,3,246,128,205,41,36,206,90
299,18,70,4,231,189,151,149,50,248
299,19,185,251,179,230,18,216,181,155
299,20,68,13,215,248,201,124,117,94
299,21,162,89,196,144,4,244,220,242
299,22,7,15,154,140,181,216,239,30
299,23,212,201,2,95,220,216,68,116
299,24,128,234,205,233,181,172,173,108
299,25,97,48,249,41,19,136,55,18
299,26,174,141,203,42,14,101,22,1
299,27,22,5,234,118,7,9,146,84
299,28,193,222,206,167,196,82,249,99
299,29,3,62,88,50,21,205,61,41
299,30,70,50,149,162,73,189,148,211
299,31,251,185,230,179,18,43,146,181
299,32,131,91,179,86,246,125,176,126
299,33,132,38,104,143,36,68,95,102
299,34,44,238,206,240,28,171,48,23
299,35,190,148,220,74,20,131,161,236
299,36,227,147,39,115,202,79,142,42
299,37,27,15,193,78,83,95,87,186
299,38,215,44,157,119,39,15,139,169
299,39,158,72,36,75,244,252,61,197
300,0,113,166,97,142,205,150,123,213
300,1,34,26,59,187,117,118,87,132
300,2,26,146,70,90,59,227,103,176
300,3,211,146,31,46,135,37,84,234
300,4,161,167,65,30,13,82,14,191
300,5,104,6,5,186,161,224,232,3
300,6,9,167,174,108,178,123,115,84
300,7,91,146,29,133,210,41,1,129
300,8,248,33,89,13,201,207,212,208
300,9,39,94,29,162,13,4,105,132
300,10,130,7,248,15,253,216,140,143
300,11,20,212,2,95,94,172,232,185
300,12,234,172,63,26,139,22,57,181
300,13,48,249,43,136,29,254,97,41
300,14,174,42,124,129,251,14,199,141
300,15,22,118,209,65,234,142,9,5
300,16,222,167,206,5,212,196,233,8
300,17,3,231,172,61,147,205,71,50
300,18,70,190,187,148,57,231,189,50
300,19,251,130,179,181,111,230,185,155
300,20,33,201,124,248,184,13,207,215
300,21,39,4,162,29,94,89,196,105
300,22,130,143,31,254,15,35,51,204
300,23,20,212,95,216,103,161,203,94
300,24,181,63,128,160,26,132,172,234
300,25,48,43,18,249,41,147,97,123
300,26,174,75,14,141,22,124,206,42
300,27,65,22,234,5,118,9,84,81
300,28,167,222,206,5,249,99,188,19
300,29,50,172,3,205,231,61,147,31
300,30,148,70,187,211,190,189,149,21
300,31,251,130,185,181,106,58,230,179
300,32,91,131,99,113,201,62,238,176
300,33,190,38,232,104,143,224,41,116
300,34,88,97,34,161,171,62,64,235
300,35,145,20,2,131,74,236,39,161
300,36,202,207,49,246,39,211,193,152
300,37,60,83,15,174,161,135,27,87
300,38,234,44,71,39,30,80,9,15
300,39,92,72,69,36,244,103,250,252
301,0,22,106,6,153,51,85,49,227
301,1,117,223,250,84,118,112,110,156
301,2,59,16,198,108,10,87,121,26
301,3,98,146,97,160,31,27,238,234
301,4,118,167,65,30,14,251,242,122
301,5,10,67,5,161,186,253,224,6
301,6,167,9,178,174,142,42,84,215
301,7,44,210,1,91,146,41,240,13
301,8,33,207,89,248,212,164,184,57
301,9,94,13,132,105,217,4,14,156
301,10,62,114,253,130,161,248,72,7
301,11,20,203,95,238,212,195,36,49
301,12,234,181,12,132,63,26,7,57
301,13,48,43,41,29,206,249,18,254
301,14,174,42,93,156,75,14,124,206
301,15,22,234,209,118,239,84,9,71
301,16,167,222,206,196,212,233,5,90
301,17,231,50,3,61,172,205,56,166
301,18,112,70,190,211,189,187,12,21
301,19,251,111,181,107,185,230,179,178
301,20,201,33,184,207,248,13,124,88
301,21,4,94,89,13,217,132,162,39
301,22,62,143,114,130,35,236,51,248
301,23,203,20,42,212,95,101,94,172
301,24,181,132,172,234,57,63,26,173
301,25,48,18,43,41,29,249,123,30
301,26,174,75,206,156,22,14,178,42
301,27,234,22,84,71,209,192,5,118
301,28,167,206,222,249,99,156,21,5
301,29,50,172,110,231,3,205,56,92
301,30,112,211,70,189,21,187,81,205
301,31,251,181,106,185,111,107,91,179
301,32,91,131,113,96,201,238,186,40
301,33,38,232,238,73,58,116,41,248
301,34,171,180,207,161,97,235,34,101
301,35,20,145,153,236,151,100,63,255
301,36,181,120,211,117,202,193,98,95
301,37,31,190,83,143,84,175,93,87
301,38,44,39,213,139,250,126,75,28
301,39,241,9,72,68,146,15,254,61
302,0,55,242,12,222,178,137,60,223
302,1,117,153,42,84,98,189,245,118
302,2,58,76,193,16,133,230,239,108
302,3,234,197,66,44,16,243,19,215
302,4,30,51,169,180,178,82,93,63
302,5,5,81,48,102,217,169,27,66
302,6,19,42,142,91,48,108,25,104
302,7,1,16,210,167,220,109,146,19
302,8,201,68,207,124,88,248,13,183
302,9,4,14,5,196,128,156,145,102
302,10,31,228,114,232,143,253,250,51
302,11,103,231,238,59,95,212,109,137
302,12,132,181,234,155,206,46,95,139
302,13,48,41,249,123,174,228,18,198
302,14,22,42,156,174,206,169,14,232
302,15,22,209,234,192,118,5,142,230
302,16,21,167,206,222,90,180,42,188
302,17,206,231,50,92,3,78,56,11
302,18,165,70,12,190,238,73,211,11
302,19,111,71,251,170,178,43,181,155
302,20,201,88,207,124,13,184,248,215
302,21,4,14,89,196,102,145,43,105
302,22,31,228,114,143,51,140,107,159
302,23,231,103,109,238,95,59,216,212
302,24,181,206,132,155,95,11,46,139
302,25,48,123,41,18,249,198,228,51
302,26,22,203,206,174,93,220,75,251
302,27,22,142,192,234,5,123,7,209
302,28,21,167,206,222,99,181,33,237
302,29,206,3,50,7,92,231,205,139
302,30,70,11,190,90,188,165,73,211
302,31,71,251,170,185,111,91,199,155
302,32,85,62,48,201,91,40,102,18
302,33,107,38,224,139,95,102,58,248
302,34,95,175,171,240,64,70,235,28
302,35,191,85,20,236,2,94,151,185
302,36,202,195,246,152,117,142,67,79
302,37,161,174,60,83,43,126,135,67
302,38,234,201,44,9,30,39,119,163
302,39,246,1,250,92,215,183,15,125
303,0,127,188,111,242,234,172,63,46
303,1,232,198,63,162,104,117,43,66
303,2,239,23,230,173,127,110,150,169
303,3,116,90,53,234,155,240,55,202
303,4,30,12,71,94,171,82,215,164
303,5,169,254,5,249,253,217,100,66
303,6,73,42,19,115,142,235,91,178
303,7,1,56,40,16,210,109,220,79
303,8,201,184,159,207,88,103,248,120
303,9,96,14,4,5,128,145,89,102
303,10,114,24,31,218,51,253,0,143
303,11,66,114,238,247,103,95,196,116
303,12,132,206,181,234,95,7,139,46
303,13,48,38,41,123,111,18,254,70
303,14,75,206,14,234,174,42,241,169
303,15,22,234,209,192,5,142,9,230
303,16,21,167,206,180,188,13,222,90
303,17,206,197,50,231,218,92,3,36
303,18,70,190,165,188,238,12,11,211
303,19,71,251,111,170,178,176,91,230
303,20,201,120,159,184,88,13,124,207
303,21,96,4,14,196,89,43,102,145
303,22,114,31,24,140,252,143,107,134
303,23,66,114,103,101,208,247,216,109
303,24,181,206,139,132,95,107,46,254
303,25,48,38,123,51,111,249,228,70
303,26,251,93,22,206,114,174,220,101
303,27,142,5,192,22,7,234,9,230
303,28,21,222,206,167,231,31,99,226
303,29,206,218,3,92,7,187,41,50
303,30,70,11,188,149,190,238,73,165
303,31,71,170,251,185,91,199,113,28
303,32,221,102,62,201,91,40,48,18
303,33,168,6,224,121,107,38,97,248
303,34,81,95,70,171,208,64,56,52
303,35,236,20,99,132,161,39,151,85
303,36,202,234,117,152,246,195,49,211
303,37,83,161,174,60,45,15,135,241
303,38,234,44,9,39,126,30,15,201
303,39,165,15,92,250,246,235,1,220
304,0,102,233,15,80,21,117,228,131
304,1,63,120,228,92,67,8,57,247
304,2,101,173,116,141,233,23,236,239
304,3,134,234,214,20,90,253,107,105
304,4,119,254,12,37,71,30,215,171
304,5,169,254,5,253,217,250,221,100
304,6,235,115,178,193,73,108,38,147
304,7,1,16,56,210,41,220,109,4
304,8,201,124,248,184,12,68,88,65
304,9,96,4,14,5,162,196,102,86
304,10,31,24,15,107,143,7,140,145
304,11,212,2,95,232,94,208,196,113
304,12,132,181,172,234,57,46,154,139
304,13,48,249,123,18,174,254,41,228
304,14,156,169,14,232,42,251,174,206
304,15,22,192,209,142,230,239,113,63
304,16,167,42,21,33,233,31,188,186
304,17,231,50,92,56,254,147,206,137
304,18,12,165,190,238,251,70,232,103
304,19,111,113,146,251,230,43,71,28
304,20,201,88,207,184,222,124,208,165
304,21,146,4,102,5,234,13,24,43
304,22,143,160,31,232,81,140,5,204
304,23,103,80,208,84,250,147,184,225
304,24,7,181,132,59,65,107,56,207
304,25,228,18,123,48,13,26,41,254
304,26,206,75,156,169,14,205,72,119
304,27,192,142,157,22,209,234,27,26
304,28,21,146,167,66,71,99,188,31
304,29,206,150,218,92,187,41,3,181
304,30,70,11,188,238,149,190,254,3
304,31,154,251,199,170,185,71,221,238
304,32,221,89,102,91,62,40,18,48
304,33,105,107,121,38,248,244,224,58
304,34,81,95,208,70,171,64,56,12
304,35,236,132,20,85,161,94,2,55
304,36,202,246,152,195,117,253,42,139
304,37,83,161,174,60,45,135,43,67
304,38,234,44,201,9,39,30,126,15
304,39,246,250,1,92,248,15,220,125
305,0,242,234,186,210,27,144,188,111
305,1,117,198,79,95,42,213,217,118
305,2,239,23,110,183,173,101,150,230
305,3,53,213,90,155,66,234,202,240
305,4,30,94,164,71,12,155,82,93
305,5,33,5,52,217,4,81,246,236
305,6,123,178,142,147,200,235,84,92
305,7,1,4,243,16,220,210,109,181
305,8,201,124,38,248,68,88,13,207
305,9,4,96,14,5,128,162,190,89
305,10,31,114,7,143,51,250,15,0
305,11,103,216,116,153,238,212,114,95
305,12,234,181,132,32,206,57,139,7
305,13,48,249,41,254,38,30,18,238
305,14,42,22,156,206,169,14,174,75
305,15,22,209,234,142,118,84,192,239
305,16,21,167,206,193,222,186,90,249
305,17,206,50,231,78,3,56,205,92
305,18,70,190,12,165,238,211,151,29
305,19,111,71,251,60,181,178,43,179
305,20,201,38,207,88,13,248,184,124
305,21,4,96,14,89,105,190,196,102
305,22,216,0,31,114,143,51,140,212
305,23,103,116,95,79,212,208,59,109
305,24,128,181,132,205,234,46,95,65
305,25,48,97,18,41,123,38,140,19
305,26,22,218,169,206,174,75,93,156
305,27,22,234,142,192,84,5,209,207
305,28,193,21,167,206,99,222,196,186
305,29,88,49,61,3,173,205,231,206
305,30,50,70,162,165,211,189,238,21
305,31,60,251,185,252,181,71,111,106
305,32,86,91,179,125,40,146,131,201
305,33,36,104,97,38,6,116,37,161
305,34,28,44,90,212,238,255,171,206
305,35,148,145,49,190,20,44,74,236
305,36,39,227,234,147,115,202,172,19
305,37,27,78,193,83,15,196,169,186
305,38,215,169,119,44,139,39,251,126
305,39,231,158,224,122,72,117,15,201
306,0,229,249,216,7,196,242,123,105
306,1,225,244,231,117,93,118,27,150
306,2,163,100,103,227,4,140,162,197
306,3,133,187,152,235,234,231,190,212
306,4,142,13,30,236,251,167,222,102
306,5,104,193,6,5,253,41,47,112
306,6,123,167,153,178,142,18,175,61
306,7,1,29,210,146,23,4,10,83
306,8,234,207,201,184,89,248,88,19
306,9,94,29,13,164,4,105,102,98
306,10,169,130,143,216,31,85,248,181
306,11,189,95,161,212,103,185,94,250
306,12,26,63,74,181,128,132,234,57
306,13,43,147,48,18,29,41,30,97
306,14,124,156,51,42,206,232,75,169
306,15,22,81,209,200,9,148,71,192
306,16,5,196,167,133,233,212,206,90
306,17,61,250,172,76,50,231,166,3
306,18,50,187,179,57,190,12,70,21
306,19,130,111,205,109,251,20,39,181
306,20,234,207,201,88,186,184,4,212
306,21,29,94,164,13,4,89,102,105
306,22,130,169,143,198,236,72,35,246
306,23,189,161,42,62,128,212,221,95
306,24,74,128,181,63,26,160,65,132
306,25,147,18,43,48,6,97,41,134
306,26,148,124,32,156,51,169,206,75
306,27,22,200,81,181,234,209,87,71
306,28,167,133,5,196,99,222,206,249
306,29,231,250,76,172,50,3,87,205
306,30,179,187,70,211,81,206,21,189
306,31,251,130,181,106,109,205,185,39
306,32,98,91,99,131,186,134,106,94
306,33,183,232,238,38,116,126,248,73
306,34,84,207,171,180,235,34,96,101
306,35,20,145,153,236,57,218,111,161
306,36,181,211,120,70,193,139,202,98
306,37,190,31,143,182,58,83,87,45
306,38,3,71,92,148,213,39,44,75
306,39,2,69,189,38,217,213,220,61
307,0,57,110,56,32,127,238,165,157
307,1,117,118,73,112,72,242,179,90
307,2,33,80,255,60,121,10,133,241
307,3,70,171,191,107,131,217,186,121
307,4,118,74,254,242,122,30,255,3
307,5,24,144,169,5,44,30,207,160
307,6,183,164,208,118,46,119,110,191
307,7,1,210,56,101,145,9,146,10
307,8,207,234,184,201,176,186,88,19
307,9,148,13,217,105,4,156,86,128
307,10,24,73,161,114,72,92,91,35
307,11,210,147,27,154,95,195,66,106
307,12,181,84,155,132,191,234,57,121
307,13,48,41,22,168,18,30,26,254
307,14,156,42,75,178,232,206,61,213
307,15,22,203,209,234,239,84,192,118
307,16,167,206,161,90,249,233,222,136
307,17,231,50,3,56,205,92,23,207
307,18,211,12,70,159,190,189,21,251
307,19,251,111,181,199,107,106,155,119
307,20,184,207,201,13,248,88,186,124
307,21,148,4,89,13,14,162,105,231
307,22,24,143,114,72,35,161,73,51
307,23,210,147,27,212,195,95,154,101
307,24,181,84,138,191,132,57,155,172
307,25,22,18,48,41,228,163,26,51
307,26,156,206,75,174,61,178,232,241
307,27,234,22,203,71,209,84,118,5
307,28,167,161,206,249,99,136,8,222
307,29,231,50,3,214,205,23,240,56
307,30,211,206,189,70,81,243,159,21
307,31,251,91,185,181,107,250,199,111
307,32,91,201,221,94,48,131,106,177
307,33,96,58,248,38,121,151,107,116
307,34,226,171,56,208,175,95,252,209
307,35,85,20,236,218,99,111,22,161
307,36,211,195,1,246,139,117,202,152
307,37,67,143,161,174,56,83,87,45
307,38,201,234,9,3,44,195,30,39
307,39,246,1,250,92,215,183,220,15
308,0,242,84,250,234,186,144,155,111
308,1,117,111,65,29,118,255,211,42
308,2,133,33,230,15,94,240,234,80
308,3,19,202,214,234,70,116,155,218
308,4,112,30,94,71,74,60,27,98
308,5,169,144,5,44,34,42,248,69
308,6,183,42,142,73,172,217,56,198
308,7,1,101,10,210,79,74,190,7
308,8,207,184,159,186,103,35,201,19
308,9,128,13,105,14,4,47,156,148
308,10,114,72,81,143,161,35,91,9
308,11,66,147,114,153,27,195,3,95
308,12,155,191,181,35,132,234,7,138
308,13,48,168,22,38,41,18,111,30
308,14,75,235,156,206,42,93,60,178
308,15,22,234,203,135,71,110,84,250
308,16,167,206,136,233,90,181,231,224
308,17,197,50,231,56,166,205,218,3
308,18,211,21,70,159,190,12,251,206
308,19,251,111,51,181,107,71,230,178
308,20,184,207,201,159,4,13,35,186
308,21,4,13,14,89,102,156,105,31
308,22,114,143,72,161,0,35,81,9
308,23,66,147,114,27,153,101,195,106
308,24,181,191,138,132,227,43,57,155
308,25,48,22,18,168,29,41,249,163
308,26,174,206,156,14,178,61,75,232
308,27,234,22,118,84,5,209,71,43
308,28,167,206,249,8,222,226,136,21
308,29,231,50,3,205,240,218,23,56
308,30,206,211,70,189,243,21,81,12
308,31,251,185,181,51,91,107,250,106
308,32,91,195,201,94,177,221,61,194
308,33,6,38,248,58,97,75,37,96
308,34,171,212,56,255,95,252,81,187
308,35,20,236,218,161,111,145,123,196
308,36,211,0,139,234,193,42,8,202
308,37,143,83,67,161,220,174,145,45
308,38,44,3,9,234,39,30,213,126
308,39,250,23,92,220,72,15,241,68
309,0,181,82,107,251,39,83,255,221
309,1,117,234,92,248,16,184,176,122
309,2,120,112,28,94,101,39,173,129
309,3,194,109,153,105,50,217,150,90
309,4,172,30,156,60,227,195,246,254
309,5,250,174,5,144,159,68,42,194
309,6,149,42,172,56,108,134,115,174
309,7,1,210,146,220,41,101,16,195
309,8,184,207,68,248,159,201,183,88
309,9,4,14,105,102,5,217,141,162
309,10,68,114,143,15,72,84,155,168
309,11,64,66,130,212,208,113,95,27
309,12,181,154,155,234,132,95,35,136
309,13,48,164,22,41,230,249,136,168
309,14,174,42,206,156,232,14,75,251
309,15,22,234,209,118,166,5,142,233
309,16,222,167,206,140,212,233,48,90
309,17,231,26,240,3,50,205,147,206
309,18,70,190,243,231,189,211,206,4
309,19,251,185,237,181,71,111,216,179
309,20,248,215,13,201,184,207,134,236
309,21,4,162,89,242,220,236,228,133
309,22,68,15,143,161,97,114,30,35
309,23,64,113,101,212,208,66,190,27
309,24,181,172,173,227,233,29,234,57
309,25,249,163,164,48,136,168,198,22
309,26,174,206,79,232,22,14,152,141
309,27,234,22,7,118,43,209,5,40
309,28,222,226,21,206,167,140,8,231
309,29,240,26,3,50,231,205,206,174
309,30,70,243,55,206,231,190,189,211
309,31,237,251,185,46,71,230,250,107
309,32,224,91,176,177,94,126,197,61
309,33,179,201,38,156,248,217,185,12
309,34,217,49,188,70,146,213,171,235
309,35,161,224,214,123,236,20,100,131
309,36,24,255,239,42,193,139,11,57
309,37,50,83,90,241,147,14,87,45
309,38,44,146,86,250,3,162,15,39
309,39,85,220,177,13,62,61,252,52
310,0,55,109,177,20,151,152,31,47
310,1,90,236,70,226,177,245,42,52
310,2,221,120,3,157,193,228,201,5
310,3,16,197,234,66,44,58,63,215
310,4,169,30,243,93,51,137,82,166
310,5,66,48,5,6,250,115,116,187
310,6,108,25,115,172,49,134,149,9
310,7,1,220,167,146,122,41,95,246
310,8,248,124,68,207,46,13,154,201
310,9,4,162,14,216,128,89,236,190
310,10,15,117,228,143,239,168,107,181
310,11,212,113,208,103,59,6,151,95
310,12,234,181,172,210,46,217,95,132
310,13,249,48,230,174,136,163,41,193
310,14,174,42,232,206,22,79,172,76
310,15,22,234,209,118,7,18,105,142
310,16,222,140,21,167,206,90,82,19
310,17,240,206,231,50,3,205,143,181
310,18,70,243,190,231,238,211,206,11
310,19,251,185,71,60,181,155,159,194
310,20,215,248,13,46,134,183,236,45
310,21,4,89,162,236,242,220,216,133
310,22,15,117,216,140,239,228,30,146
310,23,113,212,151,208,190,59,37,103
310,24,181,29,210,7,46,172,132,233
310,25,249,48,163,230,136,137,174,41
310,26,174,206,22,232,79,89,192,101
310,27,234,22,7,118,105,43,84,209
310,28,222,206,226,21,167,190,140,249
310,29,240,3,50,206,78,205,231,181
310,30,243,70,231,189,206,63,211,250
310,31,185,251,60,71,155,18,180,65
310,32,120,76,176,177,91,18,246,62
310,33,11,38,250,248,56,139,161,54
310,34,72,109,94,235,64,28,171,44
310,35,161,20,185,2,236,148,40,131
310,36,202,39,79,142,147,227,42,246
310,37,83,60,161,196,126,87,193,174
310,38,234,39,44,167,119,15,87,162
310,39,244,92,220,158,61,72,224,250
311,0,96,226,247,128,93,133,171,80
311,1,90,236,177,169,2,77,117,210
311,2,132,254,202,166,242,229,244,203
311,3,188,221,239,2,234,122,170,244
311,4,82,60,30,169,119,93,105,181
311,5,66,6,61,250,225,5,116,217
311,6,16,115,108,49,172,84,134,25
311,7,1,220,146,167,41,101,210,95
311,8,112,68,207,124,248,7,12,184
311,9,4,206,14,162,19,105,236,216
311,10,15,229,163,30,140,18,143,107
311,11,18,212,113,208,103,68,190,21
311,12,234,106,210,181,95,37,29,173
311,13,48,249,200,163,41,136,241,193
311,14,174,42,232,206,79,152,172,235
311,15,241,22,234,209,118,43,105,142
311,16,140,21,222,167,149,206,90,226
311,17,240,231,206,205,3,50,45,181
311,18,243,70,231,189,6,190,206,211
311,19,185,251,216,181,71,46,159,250
311,20,248,215,112,13,45,183,134,167
311,21,4,162,236,242,206,89,216,80
311,22,15,163,97,200,30,140,85,239
311,23,113,18,212,101,190,208,207,142
311,24,233,181,29,172,57,67,173,234
311,25,163,249,48,200,136,30,181,174
311,26,174,79,232,237,206,89,38,141
311,27,234,118,22,43,241,209,7,105
311,28,226,140,222,206,8,21,241,149
311,29,240,3,231,205,236,56,155,128
311,30,231,243,70,6,189,206,211,210
311,31,185,216,251,60,155,71,46,233
311,32,89,176,91,194,199,17,243,126
311,33,214,38,23,94,248,68,185,3
311,34,187,235,182,146,19,70,47,54
311,35,161,100,40,131,217,255,123,111
311,36,42,253,0,8,223,139,116,193
311,37,87,84,220,45,164,210,83,102
311,38,15,162,157,39,244,167,44,3
311,39,23,16,61,220,145,252,68,14
312,0,181,82,107,251,39,255,119,221
312,1,131,89,9,166,117,35,175,237
312,2,132,211,202,242,156,53,51,166
312,3,239,21,90,45,139,244,76,245
312,4,82,232,133,191,62,246,182,227
312,5,174,5,68,252,189,142,116,17
312,6,108,129,115,9,16,134,219,119
312,7,146,122,220,1,207,94,173,235
312,8,68,248,215,112,46,183,117,124
312,9,4,162,236,242,206,196,80,52
312,10,68,15,181,97,239,18,30,128
312,11,212,64,113,190,68,6,232,240
312,12,234,57,172,106,233,61,46,173
312,13,249,164,48,230,174,136,163,41
312,14,232,42,174,152,79,22,206,76
312,15,22,209,234,241,118,105,239,43
312,16,140,222,206,149,90,167,241,48
312,17,240,231,26,3,205,112,206,243
312,18,243,231,70,189,206,21,1,190
312,19,185,216,251,237,179,181,46,155
312,20,215,248,183,13,68,167,46,45
312,21,4,242,162,52,89,236,216,206
312,22,68,15,239,97,181,200,30,140
312,23,64,212,113,101,207,190,131,144
312,24,29,172,46,233,57,234,72,181
312,25,249,164,163,48,174,136,200,198
312,26,174,232,152,22,79,192,237,89
312,27,234,209,118,7,22,105,43,40
312,28,222,140,241,226,206,8,149,21
312,29,240,26,3,231,31,174,128,205
312,30,231,70,55,243,189,206,36,1
312,31,237,216,185,179,60,251,46,18
312,32,224,176,197,89,126,199,243,91
312,33,179,201,156,38,248,185,3,171
312,34,49,217,235,146,213,47,28,70
312,35,40,100,161,224,131,217,123,255
312,36,24,255,42,223,57,239,116,139
312,37,87,50,14,45,83,210,102,221
312,38,146,15,157,162,244,39,167,75
312,39,13,61,220,177,85,252,62,14
313,0,151,55,109,24,177,47,178,70
313,1,226,70,236,117,105,42,190,85
313,2,211,193,132,3,53,166,221,202
313,3,234,239,13,7,44,16,244,21
313,4,82,178,169,30,243,137,80,191
313,5,252,5,48,16,102,116,30,189
313,6,108,9,129,115,134,149,104,123
313,7,1,146,220,246,38,41,95,122
313,8,248,68,215,46,183,124,12,134
313,9,4,162,52,216,105,196,190,89
313,10,15,239,216,181,107,146,209,140
313,11,212,37,6,190,113,201,59,94
313,12,234,172,57,181,36,61,173,233
313,13,249,48,174,136,163,82,207,230
313,14,42,174,232,152,206,76,192,251
313,15,22,209,234,118,7,105,84,239
313,16,222,140,206,21,82,167,90,30
313,17,240,231,3,206,205,190,50,36
313,18,70,231,243,189,190,149,211,238
313,19,185,251,85,179,181,155,71,198
313,20,215,248,13,46,149,134,167,236
313,21,4,89,162,242,236,52,220,216
313,22,15,216,146,239,140,30,97,7
313,23,212,113,190,37,59,201,176,218
313,24,233,181,173,128,29,234,7,11
313,25,249,48,163,230,136,19,41,254
313,26,174,203,206,42,152,89,153,22
313,27,234,7,22,118,239,84,105,40
313,28,222,206,226,21,167,140,82,249
313,29,240,3,205,128,88,50,21,214
313,30,243,70,189,231,211,50,149,162
313,31,185,251,155,71,181,18,146,179
313,32,91,177,179,246,176,62,18,86
313,33,38,248,139,68,104,11,107,3
313,34,44,240,171,28,94,64,238,70
313,35,40,161,236,148,2,185,20,242
313,36,79,202,39,147,142,227,246,42
313,37,83,161,60,174,27,78,45,193
313,38,234,15,39,44,119,162,167,9
313,39,92,220,158,250,244,72,122,61
314,0,128,133,96,117,185,187,226,198
314,1,232,117,169,66,81,236,13,104
314,2,102,22,59,107,164,146,242,127
314,3,7,221,234,21,90,239,156,44
314,4,82,55,182,139,8,60,30,225
314,5,217,225,66,187,61,6,81,102
314,6,108,3,115,9,114,49,129,16
314,7,1,146,41,243,220,84,173,122
314,8,112,248,68,46,124,207,215,183
314,9,4,19,206,14,162,96,242,10
314,10,15,163,140,30,239,7,209,107
314,11,18,113,212,142,116,176,190,208
314,12,67,234,181,29,195,61,173,233
314,13,249,48,200,163,136,174,212,41
314,14,174,38,42,206,232,152,95,40
314,15,241,22,234,209,105,118,103,7
314,16,222,140,21,232,206,149,167,78
314,17,240,155,206,231,128,205,243,3
314,18,243,70,189,6,231,190,162,211
314,19,185,251,65,71,250,151,181,159
314,20,149,13,112,215,46,68,248,45
314,21,220,4,19,89,206,216,162,242
314,22,15,30,163,140,200,143,97,239
314,23,113,212,18,101,190,142,176,68
314,24,29,181,233,173,37,72,61,172
314,25,249,163,48,136,200,181,196,174
314,26,174,38,89,206,232,13,1,69
314,27,234,22,118,7,241,209,105,10
314,28,140,206,226,222,8,21,232,149
314,29,240,155,3,128,205,231,174,181
314,30,243,189,70,6,211,206,231,36
314,31,185,251,60,155,106,179,181,46
314,32,17,177,91,37,61,176,194,89
314,33,38,214,117,23,94,248,3,116
314,34,177,187,58,28,19,235,171,70
314,35,161,219,100,236,220,242,20,255
314,36,57,11,8,0,42,253,193,139
314,37,158,220,164,45,83,7,84,87
314,38,162,136,39,15,44,14,157,22
314,39,23,220,16,68,61,252,15,241
315,0,110,57,88,56,60,59,68,33
315,1,166,119,190,95,89,60,117,165
315,2,174,181,33,99,241,22,102,30
315,3,70,90,19,245,21,239,121,234
315,4,82,27,35,30,133,60,225,55
315,5,24,144,174,3,232,5,225,217
315,6,115,9,108,186,27,134,3,50
315,7,129,146,1,41,122,243,210,173
315,8,207,68,248,184,8,112,183,46
315,9,148,4,162,220,237,19,206,105
315,10,73,30,140,68,15,97,154,92
315,11,113,210,147,212,154,201,57,176
315,12,181,234,84,121,29,57,233,18
315,13,164,48,249,30,163,41,181,224
315,14,178,232,156,42,206,69,235,174
315,15,22,203,209,239,219,234,84,118
315,16,161,167,233,90,140,206,66,200
315,17,231,26,45,23,205,71,56,50
315,18,243,211,28,21,12,189,70,87
315,19,111,106,251,181,40,107,155,175
315,20,207,183,215,13,201,222,184,167
315,21,148,4,236,89,162,220,24,216
315,22,97,68,143,73,30,199,154,85
315,23,113,210,212,147,154,64,101,144
315,24,29,181,57,233,172,84,173,234
315,25,249,163,181,48,174,164,30,136
315,26,174,232,119,206,89,178,122,69
315,27,234,203,22,209,118,7,105,40
315,28,140,206,226,222,8,161,21,232
315,29,240,26,3,205,174,128,231,181
315,30,243,189,70,211,206,231,87,36
315,31,185,251,60,155,46,172,179,196
315,32,224,177,91,61,197,37,126,175
315,33,177,38,96,248,156,117,63,84
315,34,177,49,217,213,28,171,70,235
315,35,224,100,219,236,161,242,220,7
315,36,255,11,57,42,24,193,159,139
315,37,158,50,45,83,7,87,14,37
315,38,162,146,15,14,39,44,157,3
315,39,85,220,13,177,61,15,252,203
316,0,180,151,55,152,47,177,103,76
316,1,117,111,105,70,91,187,190,239
316,2,174,181,225,212,33,22,239,7
316,3,7,234,247,90,21,239,63,44
316,4,178,169,30,180,243,27,80,83
316,5,232,3,102,187,66,144,5,225
316,6,115,9,186,108,27,134,104,123
316,7,129,1,146,122,95,243,41,133
316,8,8,68,46,248,183,207,124,215
316,9,4,162,237,220,24,105,89,14
316,10,15,30,140,154,197,239,7,209
316,11,113,212,176,147,201,2,190,208
316,12,181,234,233,61,57,29,173,107
316,13,249,48,163,30,193,174,136,207
316,14,42,174,206,232,152,112,251,199
316,15,22,234,209,118,239,142,105,7
316,16,222,206,140,21,167,193,82,233
316,17,231,240,3,205,206,50,243,174
316,18,243,70,189,190,151,211,231,21
316,19,251,185,181,155,189,71,159,153
316,20,13,149,46,207,248,68,184,201
316,21,4,89,220,162,216,236,190,10
316,22,216,30,15,140,143,35,85,200
316,23,113,212,201,37,116,190,147,59
316,24,128,181,7,234,233,205,11,29
316,25,48,249,163,19,97,41,137,18
316,26,203,174,206,42,14,218,22,101
316,27,234,22,7,118,84,5,207,146
316,28,206,167,193,212,219,82,222,226
316,29,240,88,50,3,205,62,21,181
316,30,243,70,162,50,211,189,190,206
316,31,251,185,43,28,181,146,230,18
316,32,91,179,177,109,86,62,131,21
316,33,132,38,104,162,102,248,250,139
316,34,44,240,28,238,64,171,235,62
316,35,161,148,190,2,236,20,74,219
316,36,202,39,115,227,147,142,139,246
316,37,27,60,78,83,161,174,135,43
316,38,234,119,44,215,30,80,39,15
316,39,92,158,250,244,220,72,183,122
317,0,242,234,13,2,186,152,155,20
317,1,64,97,195,66,95,105,42,117
317,2,107,230,150,110,157,118,92,86
317,3,234,155,66,7,13,44,206,90
317,4,94,71,30,12,93,164,63,169
317,5,115,5,23,217,66,187,249,114
317,6,3,235,92,115,134,84,17,114
317,7,1,181,220,253,210,41,151,129
317,8,247,207,124,248,184,183,46,103
317,9,22,240,14,96,4,5,102,107
317,10,9,253,143,15,218,216,63,114
317,11,103,153,142,116,36,202,203,49
317,12,7,181,160,95,132,234,55,67
317,13,48,249,137,116,228,33,41,142
317,14,174,206,14,38,42,147,146,93
317,15,22,234,142,177,209,5,25,7
317,16,78,140,167,21,222,26,206,156
317,17,240,110,231,50,181,3,206,147
317,18,190,243,70,238,231,206,128,188
317,19,251,28,185,12,120,198,71,227
317,20,46,13,248,201,247,149,4,215
317,21,4,96,240,22,89,220,132,10
317,22,15,253,9,0,143,218,239,30
317,23,36,49,113,116,153,103,142,208
317,24,181,95,7,29,132,234,233,72
317,25,249,48,163,142,33,228,29,192
317,26,206,174,76,93,40,147,14,89
317,27,234,22,7,248,105,37,40,43
317,28,78,21,222,206,167,140,188,71
317,29,240,49,50,206,3,181,218,236
317,30,243,70,190,69,189,238,206,211
317,31,251,185,28,60,71,51,155,111
317,32,162,86,195,177,146,194,91,176
317,33,133,97,37,181,75,38,6,54
317,34,212,255,238,90,15,171,5,70
317,35,49,161,145,20,212,236,66,148
317,36,234,227,147,117,193,39,139,11
317,37,83,15,241,209,27,193,78,220
317,38,44,215,139,39,126,119,162,3
317,39,158,72,36,165,15,220,252,224
318,0,96,117,171,226,93,187,198,185
318,1,183,209,195,206,96,2,40,157
318,2,2,246,118,213,247,251,7,63
318,3,216,170,122,247,239,192,111,234
318,4,123,71,119,55,60,105,82,12
318,5,23,194,5,114,237,66,217,123
318,6,16,115,134,3,235,61,108,90
318,7,253,1,44,220,66,41,210,235
318,8,112,33,247,38,248,7,207,46
318,9,240,22,4,19,132,178,14,190
318,10,163,15,253,229,143,209,239,216
318,11,18,49,36,142,113,116,212,130
318,12,67,181,7,234,132,203,195,95
318,13,249,142,48,200,33,163,192,136
318,14,147,174,206,42,38,69,146,152
318,15,22,234,96,209,240,105,118,142
318,16,140,78,222,206,156,167,21,90
318,17,240,231,110,102,50,181,3,205
318,18,243,70,190,231,189,206,238,211
318,19,251,185,120,12,198,176,58,71
318,20,215,46,13,248,33,112,183,201
318,21,4,89,240,242,220,132,162,236
318,22,15,163,239,97,30,253,143,140
318,23,113,36,49,101,207,18,212,190
318,24,181,46,233,29,57,172,7,132
318,25,249,163,48,142,21,198,33,18
318,26,174,76,22,206,232,152,89,79
318,27,234,22,105,7,118,209,10,240
318,28,222,140,21,206,226,231,156,167
318,29,240,3,110,231,236,205,50,206
318,30,243,70,189,231,206,211,190,149
318,31,185,251,155,120,71,51,172,12
318,32,17,177,194,176,238,91,89,21
318,33,38,23,214,94,248,3,105,122
318,34,187,19,188,235,58,171,54,146
318,35,161,20,236,100,123,40,242,219
318,36,253,0,139,193,42,8,239,11
318,37,83,84,220,87,90,158,7,45
318,38,44,39,162,15,86,167,28,3
318,39,23,220,68,61,252,165,16,241
319,0,181,82,107,251,39,255,83,221
319,1,117,168,31,89,248,176,237,9
319,2,246,81,115,213,241,209,237,2
319,3,9,169,99,158,73,105,72,217
319,4,82,227,133,20,249,145,49,130
319,5,174,68,5,56,255,159,134,217
319,6,108,134,211,115,17,225,89,119
319,7,1,253,220,195,143,84,146,173
319,8,248,68,215,46,183,201,117,39
319,9,4,190,14,242,121,162,105,213
319,10,68,15,239,219,181,209,30,191
319,11,64,113,212,207,130,102,238,171
319,12,234,181,154,233,172,57,212,29
319,13,249,164,48,230,72,192,21,142
319,14,174,42,232,76,152,79,206,141
319,15,22,209,234,105,96,118,211,7
319,16,140,222,206,90,167,241,13,21
319,17,240,231,26,102,3,181,50,205
319,18,70,231,243,190,206,238,189,157
319,19,185,251,237,179,216,58,10,120
319,20,215,248,183,46,13,201,117,134
319,21,4,242,89,52,162,236,220,216
319,22,15,68,239,117,97,140,30,181
319,23,64,113,101,212,207,208,238,190
319,24,46,172,7,181,29,57,233,132
319,25,249,48,164,21,163,72,18,198
319,26,174,22,152,76,232,89,206,79
319,27,7,22,105,234,118,209,40,5
319,28,21,222,140,206,226,231,241,20
319,29,240,26,3,206,231,174,50,181
319,30,70,243,55,231,190,189,221,238
319,31,237,185,251,120,172,155,216,58
319,32,224,197,176,177,206,21,91,245
319,33,179,201,38,156,248,12,185,3
319,34,217,49,188,213,235,146,34,70
319,35,161,224,100,40,236,123,20,214
319,36,24,255,239,42,139,193,11,251
319,37,50,83,87,90,14,147,241,209
319,38,44,146,86,39,162,15,167,3
319,39,85,13,177,220,62,61,252,203
320,0,109,115,55,203,24,152,3,177
320,1,70,90,77,236,226,105,72,83
320,2,221,5,77,193,3,157,13,182
320,3,234,66,197,32,218,243,2,167
320,4,30,243,169,82,166,93,1,178
320,5,5,66,102,217,48,187,225,116
320,6,108,115,49,245,25,172,134,19
320,7,1,220,146,122,253,173,167,41
320,8,46,248,183,242,124,68,201,13
320,9,4,162,242,236,216,14,190,220
320,10,15,117,143,239,30,107,209,103
320,11,113,212,103,151,59,207,190,8
320,12,234,210,181,57,172,46,233,227
320,13,249,48,21,230,18,192,72,163
320,14,174,232,42,79,76,206,152,129
320,15,22,234,209,118,105,7,142,43
320,16,140,222,21,206,167,90,226,128
320,17,240,231,206,3,50,181,45,78
320,18,243,70,190,231,189,238,206,4
320,19,251,185,58,181,71,179,216,91
320,20,46,13,215,248,201,134,183,149
320,21,4,89,220,236,162,242,216,52
320,22,15,117,30,216,140,239,97,143
320,23,113,212,151,207,238,190,59,208
320,24,210,181,233,46,29,7,234,61
320,25,249,48,163,230,21,192,18,196
320,26,174,76,22,206,89,232,79,93
320,27,234,7,118,105,22,40,209,10
320,28,222,140,21,206,226,190,8,167
320,29,240,3,78,128,231,205,181,56
320,30,243,70,189,231,149,206,250,211
320,31,185,251,71,155,18,60,181,172
320,32,76,177,176,18,91,246,85,245
320,33,11,56,38,161,248,102,3,104
320,34,72,109,94,28,235,171,146,44
320,35,161,145,236,20,185,100,131,123
320,36,202,39,42,139,147,142,230,11
320,37,83,126,87,60,193,16,174,161
320,38,44,3,167,234,39,162,15,196
320,39,165,244,220,252,92,61,41,72
321,0,96,226,247,107,171,128,80,214
321,1,90,77,236,2,169,12,39,247
321,2,250,254,166,244,19,12,105,208
321,3,188,221,21,239,2,122,170,105
321,4,82,60,119,30,20,19,105,181
321,5,66,61,6,5,217,225,194,102
321,6,16,115,49,108,245,134,9,219
321,7,1,220,253,146,173,41,84,95
321,8,112,248,68,46,207,216,242,201
321,9,4,206,14,236,162,133,242,190
321,10,229,15,163,30,143,50,103,140
321,11,18,212,113,207,208,103,238,190
321,12,106,234,181,233,29,67,57,172
321,13,200,249,48,21,163,72,18,192
321,14,174,232,42,79,205,69,76,206
321,15,22,241,234,209,118,43,105,142
321,16,140,222,206,21,149,167,90,226
321,17,240,231,102,205,3,45,138,181
321,18,243,70,189,206,231,211,6,238
321,19,185,251,181,250,216,71,179,111
321,20,215,112,248,13,46,183,201,207
321,21,4,162,89,236,206,242,231,133
321,22,15,97,163,30,200,85,140,143
321,23,113,212,18,101,207,190,208,238
321,24,181,29,227,233,57,234,67,173
321,25,163,249,48,181,18,174,200,30
321,26,232,174,79,22,206,178,89,156
321,27,234,22,118,209,236,43,105,239
321,28,8,140,222,206,226,21,42,249
321,29,240,231,3,205,236,56,23,138
321,30,206,243,70,189,231,211,6,4
321,31,185,251,250,196,172,46,181,216
321,32,89,176,94,194,199,177,61,91
321,33,214,23,248,38,94,185,3,154
321,34,187,146,235,209,19,182,54,28
321,35,100,123,111,161,242,131,217,20
321,36,139,42,8,0,253,223,193,116
321,37,220,87,84,45,164,158,210,221
321,38,3,162,167,14,22,15,39,28
321,39,23,61,220,16,145,252,52,68
322,0,181,82,107,251,119,255,39,221
322,1,131,89,9,166,175,35,117,31
322,2,211,156,67,250,105,166,138,181
322,3,105,239,21,3,76,245,246,145
322,4,82,227,135,229,19,133,21,191
322,5,174,200,25,5,244,142,131,57
322,6,108,231,129,119,115,225,124,140
322,7,146,122,73,173,1,220,207,94
322,8,68,248,46,215,183,117,39,167
322,9,4,236,162,242,213,190,52,196
322,10,68,15,97,181,239,18,90,128
322,11,64,212,113,68,176,6,232,102
322,12,106,57,234,172,233,29,72,46
322,13,249,164,230,48,174,136,128,192
322,14,232,174,42,76,152,79,205,192
322,15,22,209,241,118,234,105,43,240
322,16,140,222,206,149,21,90,30,241
322,17,240,26,231,3,102,45,205,69
322,18,70,231,243,189,206,4,55,157
322,19,185,237,216,251,179,181,10,206
322,20,215,248,46,183,13,68,112,205
322,21,242,4,162,52,89,236,206,80
322,22,15,68,97,239,140,181,200,30
322,23,64,212,207,101,113,190,18,238
322,24,46,172,233,57,4,29,98,72
322,25,249,164,48,163,200,21,198,72
322,26,22,174,76,232,79,152,172,89
322,27,118,234,105,7,22,209,241,10
322,28,222,140,206,21,241,8,149,226
322,29,240,3,26,231,128,31,174,205
322,30,231,70,189,55,243,206,4,149
322,31,237,185,216,60,172,155,251,18
322,32,224,176,197,89,199,177,126,243
322,33,179,201,38,156,248,185,3,12
322,34,217,49,235,146,213,28,47,188
322,35,100,123,217,131,161,40,224,111
322,36,42,255,24,139,223,116,57,239
322,37,87,50,14,158,45,83,102,221
322,38,146,162,3,14,15,39,167,244
322,39,13,61,177,85,220,252,62,52
323,0,55,151,109,24,70,139,177,180
323,1,70,226,117,105,236,22,42,190
323,2,211,193,3,17,235,166,221,181
323,3,234,239,21,76,7,105,16,13
323,4,178,30,243,82,169,229,27,173
323,5,5,102,252,48,60,187,116,89
323,6,108,9,129,115,231,134,91,104
323,7,146,1,38,220,122,109,95,173
323,8,183,68,46,248,215,128,13,9
323,9,4,162,196,236,216,105,220,190
323,10,15,216,239,103,181,30,143,107
323,11,212,113,37,190,6,201,8,94
323,12,234,46,139,57,4,233,172,171
323,13,249,48,21,192,72,136,30,18
323,14,174,42,76,129,232,152,205,22
323,15,22,234,209,105,142,118,7,5
323,16,222,140,206,167,193,21,82,90
323,17,240,231,3,206,45,128,214,165
323,18,70,243,231,189,4,190,238,157
323,19,185,251,176,71,58,85,179,91
323,20,248,13,46,134,149,215,68,201
323,21,4,220,89,196,162,52,10,242
323,22,15,30,216,146,140,239,7,181
323,23,212,113,190,37,207,201,8,197
323,24,233,72,172,234,61,46,7,37
323,25,249,48,21,230,163,136,192,196
323,26,174,22,1,76,89,171,152,93
323,27,234,7,105,118,22,239,10,5
323,28,222,140,206,226,21,82,193,128
323,29,240,128,3,88,205,214,231,181
323,30,243,189,70,231,149,63,50,151
323,31,185,251,18,172,155,176,71,60
323,32,177,179,176,245,18,91,92,28
323,33,38,139,104,68,11,248,250,151
323,34,44,28,240,94,235,48,238,249
323,35,161,236,148,185,117,219,20,100
323,36,79,11,147,202,39,115,227,37
323,37,196,83,193,27,78,87,45,174
323,38,132,15,39,186,119,162,44,215
323,39,158,175,220,252,244,251,72,61
324,0,117,96,128,133,185,226,214,187
324,1,232,117,81,66,13,169,43,236
324,2,181,22,141,107,164,105,26,127
324,3,90,221,7,234,239,21,246,170
324,4,82,55,139,182,8,30,60,225
324,5,217,225,187,102,61,66,232,54
324,6,3,108,115,114,9,49,16,129
324,7,1,146,84,220,41,173,131,243
324,8,112,248,46,68,149,183,216,176
324,9,4,19,206,14,220,133,237,10
324,10,15,163,30,140,229,7,103,107
324,11,18,113,212,142,171,116,207,176
324,12,67,234,4,29,233,181,106,72
324,13,249,200,48,21,163,136,196,72
324,14,174,38,42,76,79,40,232,13
324,15,241,234,22,105,247,209,103,118
324,16,140,222,149,78,206,21,90,167
324,17,240,231,102,128,155,45,206,205
324,18,243,70,189,231,6,4,157,206
324,19,185,251,71,151,176,58,159,10
324,20,13,112,215,149,68,248,46,5
324,21,220,4,19,206,162,89,219,216
324,22,30,163,15,140,181,200,7,197
324,23,113,18,101,212,142,190,171,238
324,24,233,29,61,181,37,72,67,172
324,25,249,163,48,21,200,198,136,196
324,26,174,38,89,1,122,130,76,79
324,27,234,10,22,118,105,7,241,247
324,28,140,222,206,8,226,21,149,78
324,29,240,3,128,205,155,181,231,102
324,30,243,189,70,6,211,231,206,36
324,31,185,251,60,155,176,106,50,172
324,32,17,91,177,245,37,61,89,176
324,33,38,214,23,117,94,248,116,185
324,34,177,187,58,28,19,47,54,30
324,35,100,220,242,161,236,219,131,255
324,36,11,57,8,42,0,253,193,223
324,37,158,220,164,45,83,84,87,7
324,38,162,39,136,15,14,44,157,244
324,39,23,16,220,15,68,61,252,241
325,0,110,57,88,56,60,59,68,154
325,1,166,119,89,190,95,60,165,117
325,2,181,174,33,99,241,22,30,66
325,3,70,90,245,21,19,121,107,239
325,4,82,135,133,27,35,225,32,91
325,5,24,174,144,3,171,232,217,181
325,6,115,9,186,119,108,27,191,134
325,7,1,129,146,41,122,173,73,157
325,8,207,8,68,216,149,248,183,117
325,9,148,4,220,68,136,99,237,213
325,10,68,73,30,140,60,129,236,217
325,11,210,147,154,113,135,12,212,254
325,12,121,153,181,57,18,234,73,91
325,13,164,63,71,52,114,26,18,234
325,14,156,169,186,75,142,150,206,11
325,15,72,22,192,207,113,203,230,13
325,16,71,167,74,186,233,45,99,95
325,17,50,139,115,7,101,229,114,26
325,18,12,215,190,165,251,205,114,135
325,19,111,28,113,218,150,252,146,178
325,20,88,207,201,184,124,49,132,222
325,21,146,148,13,4,234,24,11,88
325,22,31,143,160,51,63,68,81,222
325,23,80,147,250,103,210,57,56,106
325,24,65,132,19,181,207,222,35,7
325,25,13,192,123,18,41,48,228,30
325,26,60,146,156,75,169,39,186,95
325,27,203,22,157,71,49,209,84,21
325,28,167,161,21,249,16,30,206,90
325,29,26,23,231,214,205,56,174,240
325,30,243,189,70,201,211,206,28,231
325,31,185,251,155,60,46,172,176,40
325,32,224,91,61,177,197,126,218,37
325,33,177,38,96,248,156,117,84,185
325,34,177,49,217,213,28,171,30,58
325,35,100,224,236,242,219,220,131,161
325,36,255,42,11,57,24,193,223,139
325,37,158,45,50,83,14,7,87,37
325,38,162,146,39,15,14,44,40,244
325,39,85,220,13,177,15,61,252,52
326,0,180,151,152,104,103,214,55,203
326,1,117,111,12,105,247,190,154,70
326,2,174,181,141,160,212,241,185,104
326,3,234,7,247,63,245,90,239,217
326,4,30,169,27,178,180,243,225,135
326,5,232,3,225,66,144,102,217,5
326,6,115,9,108,57,242,186,119,27
326,7,146,223,129,1,41,122,95,173
326,8,183,68,248,124,46,8,176,149
326,9,4,237,162,220,105,196,24,56
326,10,30,15,140,197,97,154,143,19
326,11,113,212,171,147,201,68,48,190
326,12,233,234,181,29,57,171,89,107
326,13,249,21,48,163,51,72,192,174
326,14,174,42,206,129,232,169,76,104
326,15,22,234,209,142,247,105,118,192
326,16,222,140,193,167,206,233,21,42
326,17,119,231,240,45,3,205,72,50
326,18,50,70,190,243,151,189,29,12
326,19,249,251,111,71,23,185,155,227
326,20,88,201,13,207,8,247,124,46
326,21,4,22,89,220,190,162,102,10
326,22,216,15,143,130,30,140,239,204
326,23,201,113,136,212,54,103,116,123
326,24,128,181,160,242,234,7,115,89
326,25,97,48,249,18,41,19,228,163
326,26,174,206,218,203,171,14,169,22
326,27,22,234,71,5,142,9,7,86
326,28,167,193,206,222,212,196,82,99
326,29,88,61,240,119,50,3,21,255
326,30,70,50,162,243,190,211,12,232
326,31,251,111,252,185,230,135,249,80
326,32,131,179,125,91,109,21,86,177
326,33,104,132,38,234,102,143,181,68
326,34,44,171,28,240,238,62,20,177
326,35,148,190,20,74,145,161,236,61
326,36,39,115,227,202,211,142,147,139
326,37,27,78,169,101,190,16,83,113
326,38,169,119,215,44,61,3,96,158
326,39,158,75,117,163,179,139,231,122
327,0,113,166,97,142,205,150,213,123
327,1,34,187,26,59,117,118,132,181
327,2,103,146,59,26,151,227,190,53
327,3,211,31,46,146,135,37,142,84
327,4,161,167,65,13,30,14,82,91
327,5,104,6,161,186,5,10,235,224
327,6,167,54,115,9,84,107,134,123
327,7,1,29,91,210,23,146,220,41
327,8,33,207,89,247,184,248,164,149
327,9,39,94,29,13,4,22,132,14
327,10,248,130,216,143,15,211,85,118
327,11,20,212,136,147,103,113,95,249
327,12,26,63,181,7,160,234,242,132
327,13,249,43,48,228,18,254,33,123
327,14,14,206,124,174,93,156,232,147
327,15,22,65,81,234,177,209,142,192
327,16,5,167,212,196,233,156,140,222
327,17,172,61,166,231,147,240,50,71
327,18,190,148,70,187,50,57,12,243
327,19,130,251,111,230,39,113,71,120
327,20,33,201,247,88,4,207,184,124
327,21,39,4,29,22,94,220,102,13
327,22,130,248,143,216,114,83,204,15
327,23,20,161,113,103,54,36,212,136
327,24,181,63,26,160,128,74,132,155
327,25,48,43,228,18,147,123,97,249
327,26,206,174,124,147,14,169,156,75
327,27,65,22,81,234,192,5,142,71
327,28,167,5,212,156,188,96,206,222
327,29,172,50,61,231,3,181,119,240
327,30,148,70,190,187,243,211,81,206
327,31,251,130,111,12,252,230,135,185
327,32,99,113,238,40,91,131,201,21
327,33,190,232,38,104,41,122,116,224
327,34,88,161,97,34,62,171,70,55
327,35,20,161,236,39,145,151,61,74
327,36,207,193,49,139,202,42,211,117
327,37,241,83,15,27,190,84,193,87
327,38,44,3,250,71,39,80,162,15
327,39,69,244,72,139,68,220,241,92
328,0,6,78,89,56,238,60,33,0
328,1,117,118,191,250,6,186,86,112
328,2,198,87,121,76,133,22,64,108
328,3,90,234,109,153,92,246,146,73
328,4,118,253,30,82,65,242,168,74
328,5,5,174,6,249,66,142,134,195
328,6,115,134,42,108,194,25,9,19
328,7,2,1,91,85,220,41,44,210
328,8,157,120,207,248,201,247,184,33
328,9,4,5,14,156,13,102,151,89
328,10,253,68,12,161,114,143,46,140
328,11,64,195,142,156,248,208,20,130
328,12,138,154,95,181,132,155,206,234
328,13,42,48,22,18,249,116,100,228
328,14,174,83,14,206,213,169,218,93
328,15,22,209,142,234,177,192,5,71
328,16,167,20,21,222,188,96,137,140
328,17,185,240,104,231,50,206,92,147
328,18,190,70,238,148,165,243,12,231
328,19,251,71,111,225,230,21,113,170
328,20,201,247,46,157,120,124,215,88
328,21,4,22,220,196,5,151,162,102
328,22,253,68,12,15,143,239,204,140
328,23,64,54,208,103,113,248,101,156
328,24,138,181,155,132,67,139,107,29
328,25,249,42,48,18,123,22,228,163
328,26,174,206,14,169,76,75,146,79
328,27,142,7,22,116,177,234,9,192
328,28,20,222,21,188,167,96,231,137
328,29,206,240,104,185,50,147,231,187
328,30,190,70,238,72,148,221,243,103
328,31,251,71,111,170,185,40,225,230
328,32,224,197,40,102,21,176,206,177
328,33,63,12,18,156,168,122,40,38
328,34,152,55,188,54,213,95,102,70
328,35,214,39,212,161,20,100,3,244
328,36,24,239,193,251,129,139,42,117
328,37,50,241,14,83,90,147,57,97
328,38,44,86,146,250,126,39,97,3
328,39,177,13,85,62,36,52,220,181
329,0,2,177,36,134,224,41,152,217
329,1,42,254,101,117,8,149,9,89
329,2,182,93,194,77,157,201,87,139
329,3,234,66,58,44,215,149,94,47
329,4,253,149,30,51,169,93,27,63
329,5,66,5,52,213,115,48,33,217
329,6,115,62,25,108,116,61,134,168
329,7,1,85,167,220,239,41,228,95
329,8,124,201,88,184,207,13,46,183
329,9,4,5,14,102,220,196,64,234
329,10,117,232,15,253,17,143,12,174
329,11,231,248,103,113,209,208,212,8
329,12,166,181,95,234,139,57,155,119
329,13,48,249,42,163,123,22,228,100
329,14,206,174,14,83,76,156,251,40
329,15,22,234,192,230,142,209,9,5
329,16,21,138,167,137,188,222,20,42
329,17,240,206,92,187,185,104,231,50
329,18,190,238,70,130,219,243,12,165
329,19,247,251,71,111,230,170,176,206
329,20,201,184,88,124,4,207,247,13
329,21,4,220,14,5,102,89,22,219
329,22,17,12,232,253,15,117,143,204
329,23,231,113,248,103,209,59,21,202
329,24,181,166,155,119,138,95,132,222
329,25,42,123,228,48,18,249,51,163
329,26,206,93,14,75,174,156,251,169
329,27,142,192,9,234,22,5,7,123
329,28,21,138,20,167,137,188,222,42
329,29,206,185,50,187,78,240,147,104
329,30,130,72,70,238,190,219,12,103
329,31,111,251,247,170,71,113,107,185
329,32,40,14,197,85,21,206,62,75
329,33,5,103,12,68,63,122,40,38
329,34,152,227,55,11,188,102,213,18
329,35,214,20,3,244,92,236,61,100
329,36,24,48,193,239,129,251,42,44
329,37,241,14,162,57,83,147,97,37
329,38,44,185,250,97,126,39,79,162
329,39,177,62,13,77,181,52,242,78
330,0,155,55,175,31,152,134,13,177
330,1,3,254,251,44,195,71,83,49
330,2,122,130,209,235,196,123,23,17
330,3,213,66,137,234,228,156,218,44
330,4,30,44,253,216,60,93,51,158
330,5,115,5,33,66,52,69,2,236
330,6,62,25,115,61,235,116,232,100
330,7,1,85,167,239,79,4,210,220
330,8,184,159,207,201,88,124,164,183
330,9,5,14,4,234,146,0,102,98
330,10,9,253,5,143,81,216,12,222
330,11,103,248,3,66,145,142,113,101
330,12,181,222,132,95,7,234,138,227
330,13,116,48,18,123,249,100,41,228
330,14,206,75,156,174,14,83,93,169
330,15,22,234,39,209,192,142,9,71
330,16,188,167,21,54,42,222,33,90
330,17,92,50,187,56,231,240,206,104
330,18,70,190,238,12,103,165,232,243
330,19,111,51,71,251,252,170,113,227
330,20,201,88,159,184,4,207,215,124
330,21,4,14,5,89,220,102,145,11
330,22,143,9,114,253,12,63,218,81
330,23,66,103,248,153,208,113,85,101
330,24,222,181,132,138,107,139,59,65
330,25,123,116,48,51,18,249,228,29
330,26,206,169,75,93,14,156,174,114
330,27,192,22,142,234,230,113,209,71
330,28,167,31,99,21,188,54,222,42
330,29,92,56,231,139,187,255,240,206
330,30,70,12,165,103,238,142,81,250
330,31,51,111,170,71,252,251,91,107
330,32,40,76,201,176,146,106,86,162
330,33,6,75,11,56,116,181,49,104
330,34,72,240,5,101,109,235,44,28
330,35,145,20,49,63,61,185,218,236
330,36,39,211,202,227,98,193,117,210
330,37,126,84,145,27,83,241,15,207
330,38,44,126,250,35,119,39,157,169
330,39,165,146,179,6,122,86,125,139
331,0,96,226,93,247,171,194,214,80
331,1,195,81,16,254,2,251,94,3
331,2,7,148,191,112,173,118,63,39
331,3,188,221,170,122,216,105,234,213
331,4,60,119,105,216,253,172,30,20
331,5,194,61,114,250,5,102,69,221
331,6,16,235,61,62,115,172,134,90
331,7,1,85,239,253,181,79,167,4
331,8,112,184,159,207,201,88,35,242
331,9,14,5,120,206,4,178,133,190
331,10,229,143,163,15,5,63,212,214
331,11,18,103,66,207,130,142,248,113
331,12,154,95,132,181,106,67,222,57
331,13,249,48,116,200,18,123,137,51
331,14,152,169,129,174,206,235,76,172
331,15,22,209,234,230,142,118,39,9
331,16,167,188,222,21,13,26,140,118
331,17,240,92,236,231,31,187,50,147
331,18,70,165,238,190,231,29,12,103
331,19,51,71,170,111,179,252,251,58
331,20,215,201,183,46,247,88,112,248
331,21,196,162,5,52,4,242,190,22
331,22,239,163,15,31,114,117,128,143
331,23,66,18,207,103,101,208,54,130
331,24,222,139,132,57,172,46,107,181
331,25,249,123,137,18,51,48,116,199
331,26,152,169,14,174,76,206,22,192
331,27,230,142,22,209,120,233,177,192
331,28,222,21,167,231,122,31,20,26
331,29,240,236,206,231,92,56,31,187
331,30,165,70,103,238,231,190,221,12
331,31,51,111,216,170,71,40,233,91
331,32,89,40,176,194,17,206,199,21
331,33,214,23,94,12,49,40,68,122
331,34,187,19,235,54,188,182,47,28
331,35,63,255,214,61,20,212,161,40
331,36,253,0,210,8,193,211,117,34
331,37,84,145,220,241,164,87,56,57
331,38,44,250,86,157,126,22,75,39
331,39,23,145,16,241,62,146,68,181
332,0,250,157,186,188,127,242,50,44
332,1,98,131,79,117,190,153,63,95
332,2,120,211,112,84,28,150,194,101
332,3,66,171,202,19,217,188,155,216
332,4,30,112,133,215,172,60,98,12
332,5,250,66,18,114,169,61,33,144
332,6,129,82,107,172,136,49,174,115
332,7,1,56,181,239,217,85,220,243
332,8,120,201,207,88,184,183,65,176
332,9,14,4,5,145,11,237,234,196
332,10,7,24,143,85,114,31,140,209
332,11,207,210,66,113,57,84,147,103
332,12,57,206,132,181,121,95,119,19
332,13,137,48,18,51,249,123,116,228
332,14,156,206,152,232,169,235,42,129
332,15,22,209,192,234,203,142,230,127
332,16,188,21,167,13,90,222,42,118
332,17,231,240,206,92,50,197,86,56
332,18,165,70,238,190,103,12,231,243
332,19,91,111,71,170,179,216,21,181
332,20,201,215,183,184,120,88,124,248
332,21,4,196,162,14,5,24,11,234
332,22,143,24,114,7,117,85,232,128
332,23,103,210,207,113,101,147,84,66
332,24,181,57,206,59,132,139,121,222
332,25,51,18,249,137,123,48,228,163
332,26,206,169,156,152,114,14,251,93
332,27,142,230,192,22,234,209,113,203
332,28,21,222,167,31,42,118,99,90
332,29,206,231,56,240,92,7,139,218
332,30,165,103,70,12,190,28,238,221
332,31,91,111,71,170,107,216,251,185
332,32,221,162,40,102,176,62,246,91
332,33,168,121,224,151,96,122,12,38
332,34,81,95,28,55,208,56,34,235
332,35,99,39,20,161,236,61,60,212
332,36,49,117,193,202,195,211,123,152
332,37,193,15,83,241,90,174,220,161
332,38,44,126,234,39,250,80,9,213
332,39,72,244,15,183,36,250,92,203
333,0,2,50,242,223,177,157,152,133
333,1,188,221,126,29,42,105,117,82
333,2,212,236,15,194,186,211,237,159
333,3,66,44,234,156,213,17,19,243
333,4,30,178,180,164,185,51,169,37
333,5,250,144,33,81,168,66,48,75
333,6,136,107,172,48,115,129,62,174
333,7,1,217,220,122,239,146,4,173
333,8,201,88,68,124,248,183,207,186
333,9,14,4,234,5,196,162,145,11
333,10,232,143,85,7,117,114,254,15
333,11,103,147,231,248,207,84,116,94
333,12,132,57,222,19,181,107,59,121
333,13,18,137,51,48,249,123,228,254
333,14,206,169,156,251,232,114,152,119
333,15,22,192,230,209,234,113,186,203
333,16,21,167,42,193,31,188,33,118
333,17,92,231,206,50,78,56,240,88
333,18,165,12,70,238,190,103,29,246
333,19,91,111,71,170,251,176,65,14
333,20,201,88,215,184,13,68,186,19
333,21,4,14,190,234,220,43,196,162
333,22,216,143,114,117,0,85,194,146
333,23,103,116,231,147,113,59,208,200
333,24,181,128,119,59,95,222,65,132
333,25,18,48,137,51,123,116,19,249
333,26,206,93,169,156,114,75,218,119
333,27,192,22,113,230,142,234,71,209
333,28,21,167,193,99,42,82,90,233
333,29,88,231,49,92,56,206,173,7
333,30,165,50,162,70,12,238,28,103
333,31,111,71,170,91,251,43,28,107
333,32,40,179,86,125,176,91,230,21
333,33,198,104,161,6,162,5,38,36
333,34,28,44,227,238,109,235,171,95
333,35,148,190,20,114,74,61,255,236
333,36,39,227,147,115,193,202,211,117
333,37,78,27,193,126,83,241,15,87
333,38,215,44,126,250,169,119,39,157
333,39,158,75,165,122,15,139,72,56
334,0,185,96,68,117,226,243,128,133
334,1,206,202,183,13,166,81,158,117
334,2,132,173,235,51,99,245,191,181
334,3,48,137,221,122,170,53,189,185
334,4,55,139,60,182,2,8,30,82
334,5,223,33,3,66,81,52,61,168
334,6,3,136,114,115,174,172,108,9
334,7,1,217,243,146,239,220,19,173
334,8,68,201,124,183,248,88,43,46
334,9,19,206,14,5,196,4,162,234
334,10,163,7,85,59,143,211,181,128
334,11,18,103,207,142,116,84,147,26
334,12,67,57,95,132,139,172,206,154
334,13,200,249,18,48,137,51,123,228
334,14,38,152,169,156,232,172,129,251
334,15,22,209,241,103,192,230,234,142
334,16,21,232,167,188,13,149,90,222
334,17,155,206,92,231,236,240,88,31
334,18,165,70,238,190,231,6,12,103
334,19,91,71,111,216,170,179,251,14
334,20,68,201,183,215,88,112,248,184
334,21,19,206,196,4,14,162,244,5
334,22,163,128,85,143,232,239,204,108
334,23,18,207,142,103,101,130,208,84
334,24,57,67,95,59,139,181,132,107
334,25,51,249,18,48,123,200,122,39
334,26,38,152,14,156,169,114,251,93
334,27,230,241,142,103,209,22,192,118
334,28,232,21,222,149,30,167,118,241
334,29,155,206,231,56,92,236,240,31
334,30,165,238,70,190,6,28,231,103
334,31,216,71,111,170,14,40,28,107
334,32,175,37,17,40,176,199,21,194
334,33,117,23,214,94,12,40,38,63
334,34,28,58,187,54,182,12,19,235
334,35,7,255,212,99,63,20,161,3
334,36,245,0,8,210,193,117,34,57
334,37,220,84,164,90,241,87,83,209
334,38,136,44,86,244,250,126,157,22
334,39,23,16,52,68,145,36,62,61
335,0,122,165,233,85,157,110,49,227
335,1,203,190,166,28,202,98,117,7
335,2,185,47,125,99,22,190,78,238
335,3,55,234,255,137,202,121,214,19
335,4,30,133,139,60,122,185,82,105
335,5,223,178,31,3,14,213,232,33
335,6,114,42,3,108,174,243,115,58
335,7,1,220,19,239,16,146,217,173
335,8,68,157,201,207,186,124,88,215
335,9,14,5,4,145,217,24,196,139
335,10,68,128,154,143,31,114,7,46
335,11,207,93,156,109,64,201,212,208
335,12,67,57,132,138,206,181,27,95
335,13,164,48,18,137,249,51,123,230
335,14,83,38,235,152,232,156,169,42
335,15,22,209,241,103,116,192,44,239
335,16,232,167,21,149,90,188,13,222
335,17,104,231,155,206,92,50,240,45
335,18,165,238,70,190,231,12,162,103
335,19,225,71,111,91,216,206,179,251
335,20,68,201,157,215,183,207,248,88
335,21,206,4,196,14,19,5,244,148
335,22,68,128,31,154,143,85,108,159
335,23,64,207,93,156,101,103,109,208
335,24,57,67,181,132,95,46,107,65
335,25,48,164,18,249,51,123,137,200
335,26,38,152,22,93,251,174,83,14
335,27,142,22,230,209,192,241,234,118
335,28,232,21,222,149,90,167,30,241
335,29,155,104,231,206,92,56,240,173
335,30,165,70,238,28,190,231,221,189
335,31,225,216,71,111,170,179,251,185
335,32,224,175,37,176,40,197,171,206
335,33,18,117,156,63,12,38,40,206
335,34,217,58,28,49,213,152,235,47
335,35,7,255,224,214,212,20,132,63
335,36,245,255,239,24,57,251,193,210
335,37,50,14,90,241,87,57,83,158
335,38,44,86,244,146,157,126,124,250
335,39,177,13,62,36,61,85,181,52
336,0,2,65,41,223,86,152,242,177
336,1,85,255,117,42,101,203,84,143
336,2,185,117,47,77,182,174,160,139
336,3,66,234,101,202,58,214,156,42
336,4,30,149,74,93,133,180,169,53
336,5,223,213,178,31,115,3,66,232
336,6,114,42,243,108,25,142,174,100
336,7,253,169,1,19,61,16,220,239
336,8,157,201,68,207,124,88,103,186
336,9,14,5,240,4,22,145,128,102
336,10,17,117,114,154,31,143,128,159
336,11,207,202,93,156,209,109,103,201
336,12,206,132,166,95,138,57,181,67
336,13,48,51,123,137,228,18,230,249
336,14,83,38,169,156,235,206,14,218
336,15,22,192,116,209,249,234,135,142
336,16,167,31,21,188,185,232,138,222
336,17,104,206,231,92,78,187,50,240
336,18,165,70,238,190,162,103,130,72
336,19,225,71,111,91,170,38,179,251
336,20,68,201,157,88,184,183,28,207
336,21,14,102,4,240,196,190,89,5
336,22,17,31,159,154,143,108,232,128
336,23,156,202,103,93,109,209,207,226
336,24,95,46,181,139,132,59,166,57
336,25,48,123,164,137,199,228,222,51
336,26,93,251,22,206,38,156,114,205
336,27,22,142,192,116,234,135,230,209
336,28,232,21,201,138,222,90,167,185
336,29,173,104,78,92,206,231,56,155
336,30,165,70,238,28,12,221,237,72
336,31,225,38,170,71,111,216,251,185
336,32,75,40,197,37,175,176,116,70
336,33,5,18,103,63,12,59,38,161
336,34,227,28,11,206,213,235,152,173
336,35,7,63,136,214,35,255,244,224
336,36,245,251,57,48,239,145,24,193
336,37,14,50,241,83,37,57,162,87
336,38,124,44,126,244,250,39,157,75
336,39,177,13,62,181,15,254,61,52
337,0,166,97,113,142,205,150,10,210
337,1,101,34,26,59,87,132,227,187
337,2,65,235,117,149,97,7,93,191
337,3,150,46,211,31,139,146,51,237
337,4,167,161,240,30,4,14,21,96
337,5,66,213,178,223,33,142,225,6
337,6,245,25,115,108,243,100,142,42
337,7,91,220,1,19,239,2,253,41
337,8,33,124,201,68,157,88,248,164
337,9,5,132,39,14,4,11,145,102
337,10,117,17,114,143,216,31,128,108
337,11,207,20,36,202,209,208,103,93
337,12,95,166,154,206,132,181,139,136
337,13,230,33,48,142,100,18,123,42
337,14,83,169,14,203,147,114,218,174
337,15,22,192,65,209,230,234,142,5
337,16,147,13,21,167,232,154,31,222
337,17,206,92,104,110,231,50,185,240
337,18,165,190,238,70,12,148,128,103
337,19,111,71,120,206,225,170,251,216
337,20,201,33,68,88,183,124,248,184
337,21,39,132,4,102,14,5,196,190
337,22,31,117,143,108,232,159,204,128
337,23,20,103,101,156,207,202,36,93
337,24,95,181,132,139,59,107,67,46
337,25,48,123,18,142,249,33,51,228
337,26,114,169,206,251,22,156,93,218
337,27,142,22,192,65,230,135,234,113
337,28,21,147,222,156,31,167,231,96
337,29,92,206,110,173,50,139,104,56
337,30,128,70,190,238,165,148,12,221
337,31,120,111,170,38,71,225,251,107
337,32,238,113,40,158,176,62,175,99
337,33,190,41,63,224,12,38,40,206
337,34,34,97,161,88,152,206,55,213
337,35,39,7,99,20,224,212,61,151
337,36,239,207,193,245,34,117,57,24
337,37,90,241,83,50,14,15,97,209
337,38,44,126,86,250,39,244,97,146
337,39,36,15,62,181,13,72,52,177
338,0,41,2,65,223,242,177,6,152
338,1,231,27,191,8,255,35,52,173
338,2,148,76,235,7,150,224,213,65
338,3,66,234,155,213,243,63,58,156
338,4,149,30,93,203,169,51,155,216
338,5,115,213,33,178,223,66,81,217
338,6,115,25,19,108,185,245,243,100
338,7,16,1,239,220,253,4,41,91
338,8,201,124,88,248,183,68,242,208
338,9,4,14,5,145,43,52,196,190
338,10,31,117,143,17,232,250,159,204
338,11,103,109,207,209,216,151,136,248
338,12,166,132,115,46,57,181,95,139
338,13,48,249,230,100,123,122,254,228
338,14,169,22,156,83,172,232,101,14
338,15,22,209,76,192,142,230,146,234
338,16,21,167,154,222,31,138,20,188
338,17,50,92,78,206,49,231,213,104
338,18,165,70,238,190,12,72,231,3
338,19,111,71,170,206,38,43,216,179
338,20,201,88,248,68,215,208,19,106
338,21,4,196,102,43,190,14,24,89
338,22,31,17,143,159,117,216,204,154
338,23,103,209,109,207,93,136,248,202
338,24,166,115,139,55,132,181,95,119
338,25,123,48,230,249,42,19,198,228
338,26,93,114,205,22,169,251,14,218
338,27,142,22,116,192,230,209,135,5
338,28,21,138,232,222,20,201,81,82
338,29,78,92,173,213,104,231,206,56
338,30,70,238,165,221,72,12,87,28
338,31,170,249,38,111,60,225,40,71
338,32,40,197,14,37,162,176,175,70
338,33,103,181,12,5,59,250,18,198
338,34,227,109,11,235,206,152,28,213
338,35,7,63,214,244,35,20,255,46
338,36,251,48,245,57,24,145,239,129
338,37,14,241,162,37,50,83,97,57
338,38,124,126,75,250,44,244,39,97
338,39,177,13,254,62,15,181,77,52
339,0,1,2,65,3,223,86,134,60
339,1,206,101,44,15,10,42,105,230
339,2,235,47,117,65,185,183,0,3
339,3,213,0,66,234,44,218,138,132
339,4,30,44,180,190,243,51,231,93
339,5,14,223,178,33,81,3,115,59
339,6,114,243,25,42,100,37,172,178
339,7,1,16,41,239,146,31,253,220
339,8,201,68,88,124,207,248,184,222
339,9,14,4,5,12,102,145,105,43
339,10,31,143,159,154,216,232,168,114
339,11,93,109,103,201,207,17,215,212
339,12,132,181,139,46,12,107,148,133
339,13,228,48,137,230,18,123,254,51
339,14,169,22,156,83,42,14,206,114
339,15,22,192,234,209,135,146,141,28
339,16,167,193,31,21,209,222,33,42
339,17,213,231,92,50,104,173,147,45
339,18,165,12,190,238,70,151,72,251
339,19,111,71,225,251,38,85,43,42
339,20,201,88,68,184,207,208,222,13
339,21,102,4,14,146,89,190,145,105
339,22,216,31,143,159,154,242,81,232
339,23,201,103,109,93,59,85,202,147
339,24,128,181,65,132,11,7,119,205
339,25,97,19,18,48,123,137,228,230
339,26,205,169,218,119,75,206,156,40
339,27,22,192,234,135,71,113,108,84
339,28,193,167,196,81,99,39,190,224
339,29,88,61,213,255,21,173,231,194
339,30,50,70,162,81,21,211,12,63
339,31,251,39,111,205,4,252,181,225
339,32,131,125,91,106,179,40,76,111
339,33,132,116,237,238,95,38,104,161
339,34,44,28,20,240,171,183,235,72
339,35,191,145,148,190,20,240,81,38
339,36,39,19,115,120,227,85,93,133
339,37,169,27,190,16,127,2,91,175
339,38,169,18,35,158,96,3,196,61
339,39,231,117,113,179,166,163,139,22
340,0,249,229,216,7,196,105,242,104
340,1,225,244,93,118,231,150,155,27
340,2,100,163,103,227,4,214,190,127
340,3,133,187,152,235,231,234,190,77
340,4,142,236,13,30,222,128,251,19
340,5,193,104,41,5,6,186,112,47
340,6,153,167,61,142,107,172,206,83
340,7,29,23,1,216,10,210,204,239
340,8,234,207,201,88,180,89,116,83
340,9,164,13,29,94,86,35,24,177
340,10,169,130,216,198,185,69,143,90
340,11,189,161,128,147,90,149,172,95
340,12,74,26,128,63,65,44,107,15
340,13,147,43,134,154,61,30,18,97
340,14,124,51,50,156,148,20,86,225
340,15,22,200,81,148,87,162,58,181
340,16,5,133,196,233,43,243,167,0
340,17,250,76,61,172,87,255,0,166
340,18,50,179,187,57,0,134,21,182
340,19,109,130,205,20,39,111,160,57
340,20,234,207,88,115,186,201,4,239
340,21,164,94,29,13,197,126,4,102
340,22,130,169,198,248,143,196,35,69
340,23,189,161,128,62,250,42,206,147
340,24,74,63,26,44,128,160,65,181
340,25,147,18,43,6,134,48,97,61
340,26,148,124,32,20,51,60,169,156
340,27,22,200,181,81,87,209,84,71
340,28,133,167,5,196,43,136,224,99
340,29,76,250,172,231,50,87,61,147
340,30,179,81,187,21,70,205,206,211
340,31,251,130,39,205,181,109,111,252
340,32,98,134,131,99,186,106,91,94
340,33,183,238,232,126,116,38,73,86
340,34,84,207,180,171,96,235,62,101
340,35,145,20,153,57,218,184,111,236
340,36,211,181,120,70,139,14,193,202
340,37,190,31,143,65,182,58,145,83
340,38,3,148,92,71,75,213,39,95
340,39,2,69,189,38,217,213,61,254
341,0,165,57,56,127,157,110,66,32
341,1,117,73,112,118,242,132,243,86
341,2,238,234,255,80,133,243,60,121
341,3,171,214,55,219,73,70,90,208
341,4,118,254,74,242,30,138,122,82
341,5,249,161,169,5,44,10,134,147
341,6,183,164,208,133,166,181,46,63
341,7,1,101,56,109,210,10,2,7
341,8,207,234,120,88,186,201,184,248
341,9,151,13,148,217,96,156,4,149
341,10,46,161,24,114,72,155,228,84
341,11,93,195,27,210,236,66,221,203
341,12,154,138,155,132,191,181,120,98
341,13,18,168,22,48,41,228,254,206
341,14,213,75,156,14,169,83,206,93
341,15,22,192,71,2,209,168,207,44
341,16,167,188,42,233,90,119,95,71
341,17,50,166,104,92,231,56,36,194
341,18,190,12,159,70,165,251,103,232
341,19,111,251,225,252,39,71,107,194
341,20,207,201,120,88,184,124,215,234
341,21,4,148,102,13,14,151,24,89
341,22,46,143,114,24,31,51,72,161
341,23,210,93,208,27,103,195,221,101
341,24,181,132,138,155,206,57,7,27
341,25,18,22,123,48,249,29,51,228
341,26,14,206,169,213,156,75,241,174
341,27,22,71,142,192,203,209,234,207
341,28,167,188,21,99,181,96,222,224
341,29,50,104,206,231,139,240,56,147
341,30,190,70,81,159,103,12,188,165
341,31,251,111,252,71,39,107,170,113
341,32,221,201,102,48,40,21,62,106
341,33,121,96,224,205,116,107,143,38
341,34,208,95,175,64,220,235,171,102
341,35,85,2,94,61,20,151,161,99
341,36,195,67,117,202,246,193,152,139
341,37,60,56,43,161,83,174,135,209
341,38,201,44,195,234,163,3,9,30
341,39,246,1,215,92,250,183,15,138
342,0,46,127,122,63,84,250,202,233
342,1,29,117,255,118,72,111,37,211
342,2,234,238,80,134,15,147,240,23
342,3,214,116,55,20,171,219,234,51
342,4,74,155,12,30,251,215,118,82
342,5,254,169,100,253,12,11,5,67
342,6,175,183,42,166,142,73,61,136
342,7,1,101,56,79,10,210,220,7
342,8,120,49,38,207,88,35,201,186
342,9,151,240,13,14,148,145,98,128
342,10,46,114,24,51,161,72,218,171
342,11,79,114,49,236,195,27,210,93
342,12,206,155,132,138,181,56,154,7
342,13,76,22,18,168,38,48,123,142
342,14,169,241,14,156,75,218,206,83
342,15,22,76,192,71,44,209,207,13
342,16,167,137,119,188,136,42,31,13
342,17,114,139,50,92,231,187,143,102
342,18,190,215,214,12,159,165,103,70
342,19,71,111,252,251,42,91,170,107
342,20,120,49,124,201,88,183,35,215
342,21,4,240,14,24,102,151,146,145
342,22,46,114,143,51,24,232,204,218
342,23,114,49,79,103,101,208,27,210
342,24,181,206,138,132,59,19,203,57
342,25,76,123,48,51,195,142,22,18
342,26,39,169,14,156,241,206,75,232
342,27,209,76,207,22,71,142,192,44
342,28,167,45,21,119,99,137,31,118
342,29,114,206,231,50,139,7,104,23
342,30,215,214,190,12,1,70,251,165
342,31,71,111,252,120,107,251,40,216
342,32,139,221,102,201,61,40,62,21
342,33,121,168,224,182,205,96,6,122
342,34,95,208,81,55,34,15,205,64
342,35,99,39,3,184,151,20,255,132
342,36,252,172,49,193,117,195,202,210
342,37,56,15,193,241,83,87,90,209
342,38,44,195,157,250,104,126,97,139
342,39,127,15,235,165,52,103,252,125
343,0,228,102,14,250,194,93,84,122
343,1,29,37,39,117,57,151,90,148
343,2,234,233,134,171,147,238,179,225
343,3,85,28,214,116,199,45,12,3
343,4,155,174,30,20,215,12,69,184
343,5,12,253,5,162,169,201,244,234
343,6,175,42,18,133,111,207,139,254
343,7,1,239,220,7,16,235,66,204
343,8,88,201,207,49,222,183,35,19
343,9,24,200,13,68,43,4,5,14
343,10,243,176,185,127,240,143,134,24
343,11,42,12,128,206,135,160,56,9
343,12,132,57,121,208,52,59,46,19
343,13,18,123,228,175,133,76,122,224
343,14,169,156,11,186,235,14,206,75
343,15,192,22,13,230,207,209,113,135
343,16,42,31,118,146,74,71,167,45
343,17,139,114,92,50,187,231,23,137
343,18,12,165,135,251,190,215,238,214
343,19,111,113,43,40,175,107,218,42
343,20,222,201,184,183,88,124,28,165
343,21,24,146,4,102,234,145,5,105
343,22,143,246,160,232,31,85,119,117
343,23,80,103,84,225,248,202,17,151
343,24,7,57,207,59,181,46,56,219
343,25,228,123,51,122,18,181,222,198
343,26,156,206,14,169,232,235,172,72
343,27,157,142,209,192,251,5,230,22
343,28,74,42,31,45,146,21,118,20
343,29,150,231,23,206,139,137,114,147
343,30,251,1,12,215,214,28,165,238
343,31,111,40,216,107,175,113,251,160
343,32,61,221,40,139,66,176,102,127
343,33,168,121,224,12,154,205,122,182
343,34,81,95,208,34,15,55,102,70
343,35,39,184,255,3,99,20,151,92
343,36,252,172,193,49,117,210,194,195
343,37,15,241,90,193,220,87,84,83
343,38,44,250,157,97,86,126,139,39
343,39,72,36,244,52,15,23,68,183
344,0,250,84,46,110,50,157,233,218
344,1,44,29,126,37,157,79,227,230
344,2,234,134,147,238,236,23,117,194
344,3,214,177,30,234,118,121,28,85
344,4,251,37,155,12,54,30,74,228
344,5,254,67,100,12,31,253,5,147
344,6,42,175,166,136,61,142,73,183
344,7,1,79,101,66,56,85,220,10
344,8,49,35,120,88,207,201,103,186
344,9,240,151,14,5,102,98,128,13
344,10,46,114,24,51,72,17,218,63
344,11,49,114,79,236,156,195,27,210
344,12,206,155,154,132,56,181,138,95
344,13,22,38,123,76,48,18,168,195
344,14,14,241,156,75,169,93,206,218
344,15,22,76,192,209,71,44,13,142
344,16,137,167,188,45,31,136,13,119
344,17,102,187,114,139,50,231,92,143
344,18,190,214,215,12,165,251,70,238
344,19,71,111,252,230,251,91,170,42
344,20,120,35,124,201,184,88,183,248
344,21,240,4,14,102,24,146,120,151
344,22,46,114,232,143,51,204,81,24
344,23,49,103,101,156,248,114,79,208
344,24,181,203,57,132,138,19,206,108
344,25,48,51,76,142,228,195,123,249
344,26,39,169,206,14,156,75,174,251
344,27,209,76,142,22,192,234,71,207
344,28,45,21,167,31,137,119,222,231
344,29,206,231,7,56,139,147,50,92
344,30,70,215,165,251,1,231,190,12
344,31,71,120,216,40,111,230,251,107
344,32,116,221,75,102,176,40,61,201
344,33,168,182,121,205,6,224,116,38
344,34,205,34,81,95,55,208,188,235
344,35,39,255,184,99,20,3,92,161
344,36,193,117,49,172,8,0,252,210
344,37,84,220,15,90,241,193,87,145
344,38,44,157,250,244,86,39,97,126
344,39,72,36,52,23,15,62,244,61
345,0,2,223,86,41,65,157,115,250
345,1,79,42,126,221,29,118,208,5
345,2,147,72,234,0,194,101,201,56
345,3,66,213,44,234,58,214,243,215
345,4,60,30,149,37,51,169,246,93
345,5,12,27,253,33,48,66,115,133
345,6,245,136,61,108,142,62,175,115
345,7,220,1,66,7,95,239,122,173
345,8,88,183,201,222,248,124,207,242
345,9,14,5,4,128,24,102,234,11
345,10,117,46,114,143,204,232,181,17
345,11,103,209,208,231,248,59,137,21
345,12,19,155,172,132,177,181,180,108
345,13,18,76,48,123,249,195,122,22
345,14,14,169,156,174,232,129,75,83
345,15,22,76,209,71,44,192,142,26
345,16,21,167,45,66,222,31,188,48
345,17,143,206,50,49,104,78,88,187
345,18,190,238,70,251,30,12,215,165
345,19,71,111,230,178,251,216,39,91
345,20,88,242,124,201,248,19,207,49
345,21,14,4,102,89,43,11,128,190
345,22,46,114,143,117,216,51,204,17
345,23,103,208,248,209,49,231,59,116
345,24,181,119,56,65,128,89,7,155
345,25,48,76,18,123,22,195,19,51
345,26,169,14,241,218,75,39,93,174
345,27,76,71,22,192,142,44,209,207
345,28,45,21,167,99,31,66,90,233
345,29,255,78,49,88,114,7,206,50
345,30,215,50,214,162,70,81,190,237
345,31,252,71,111,251,230,170,216,151
345,32,201,75,179,139,40,106,104,21
345,33,5,104,161,6,116,103,38,68
345,34,227,44,238,28,143,109,95,102
345,35,148,190,145,20,92,3,64,255
345,36,39,227,115,172,147,193,120,202
345,37,27,78,190,126,169,186,113,145
345,38,215,169,119,251,44,67,75,250
345,39,158,122,15,197,179,252,52,14
346,0,101,242,249,108,135,91,150,197
346,1,62,97,27,118,11,231,155,150
346,2,147,235,121,4,17,242,210,75
346,3,211,146,37,31,84,236,205,71
346,4,251,167,118,67,30,65,222,105
346,5,10,12,104,253,161,44,66,88
346,6,61,175,167,245,142,136,42,62
346,7,66,1,79,2,10,7,220,23
346,8,88,33,49,207,35,164,57,56
346,9,13,240,94,14,39,29,132,98
346,10,114,216,46,248,51,63,72,222
346,11,49,203,236,20,103,79,248,36
346,12,19,7,56,26,132,155,181,63
346,13,18,142,33,48,123,76,168,22
346,14,241,75,14,147,169,93,218,156
346,15,22,192,71,13,207,113,44,76
346,16,167,188,156,90,136,13,42,137
346,17,166,50,110,102,92,61,187,143
346,18,190,12,103,251,238,70,114,165
346,19,120,111,251,252,113,170,71,178
346,20,201,207,33,88,35,124,4,120
346,21,4,240,11,14,13,5,39,102
346,22,114,143,46,72,62,204,117,248
346,23,49,103,36,101,208,42,20,236
346,24,181,132,19,155,95,65,107,59
346,25,142,123,18,48,51,228,29,22
346,26,241,75,14,206,169,114,156,174
346,27,192,142,22,71,13,113,207,9
346,28,21,167,31,188,99,156,42,118
346,29,139,50,206,255,92,187,7,110
346,30,190,70,103,12,81,238,187,251
346,31,120,111,130,170,251,252,113,107
346,32,98,201,40,96,99,21,113,186
346,33,232,190,126,183,238,116,58,224
346,34,34,180,116,207,101,171,161,97
346,35,145,153,20,2,61,85,161,127
346,36,181,202,207,211,117,193,120,232
346,37,31,190,83,174,241,250,207,60
346,38,44,126,176,35,49,233,206,8
346,39,241,9,73,235,68,133,165,123
347,0,165,57,56,6,110,58,66,59
347,1,112,73,147,250,117,189,129,118
347,2,238,222,234,61,255,231,134,225
347,3,171,70,33,214,227,76,55,189
347,4,254,242,67,74,118,244,138,122
347,5,12,249,169,215,253,159,207,10
347,6,207,164,124,53,89,214,61,88
347,7,1,66,56,220,136,9,194,88
347,8,120,88,201,35,216,248,207,181
347,9,148,4,24,96,217,14,200,5
347,10,46,24,143,240,114,63,0,204
347,11,210,93,203,103,208,249,131,42
347,12,57,132,172,154,46,98,27,230
347,13,18,123,249,72,122,39,48,254
347,14,156,169,232,172,129,14,152,235
347,15,22,209,71,44,192,142,230,239
347,16,167,42,118,233,21,188,90,31
347,17,104,231,92,50,147,23,36,56
347,18,165,238,190,12,70,251,87,28
347,19,111,216,40,71,225,175,204,39
347,20,215,207,201,222,183,248,88,120
347,21,4,24,5,234,148,162,196,52
347,22,143,46,246,85,128,204,117,79
347,23,80,210,103,93,208,131,212,84
347,24,57,107,181,132,172,59,153,53
347,25,18,123,249,48,51,122,137,149
347,26,14,156,169,152,206,213,232,174
347,27,209,22,142,71,203,192,230,13
347,28,21,167,137,222,20,99,81,227
347,29,206,104,92,45,231,139,50,187
347,30,190,70,238,188,103,12,165,221
347,31,111,120,170,251,113,71,107,230
347,32,221,40,102,48,21,201,62,66
347,33,96,121,224,205,107,38,253,122
347,34,34,95,208,175,64,102,220,55
347,35,85,2,61,94,20,99,161,3
347,36,195,202,117,193,67,246,152,139
347,37,60,161,43,241,83,174,209,97
347,38,44,126,201,234,39,97,30,9
347,39,246,1,92,215,250,183,15,125
348,0,242,234,122,188,111,84,186,144
348,1,255,198,29,117,85,118,111,211
348,2,23,110,234,150,230,238,76,15
348,3,214,116,202,177,155,66,20,234
348,4,12,71,94,30,60,74,63,239
348,5,169,194,253,12,66,249,5,18
348,6,73,61,19,235,136,142,115,166
348,7,1,220,66,239,7,40,10,253
348,8,184,207,201,159,120,88,103,248
348,9,14,96,5,4,128,11,102,151
348,10,114,46,218,143,222,161,24,72
348,11,66,114,103,236,210,238,49,208
348,12,206,132,181,155,7,95,19,136
348,13,72,38,48,18,123,142,111,22
348,14,75,14,241,169,206,156,232,93
348,15,22,192,209,113,71,207,9,44
348,16,167,13,21,137,188,42,90,118
348,17,50,92,197,218,56,187,231,102
348,18,190,70,165,238,12,103,188,251
348,19,111,170,251,71,91,113,107,252
348,20,201,120,88,207,184,124,159,215
348,21,4,14,96,196,5,11,89,102
348,22,143,114,46,117,218,204,0,24
348,23,66,103,114,101,208,49,210,113
348,24,181,206,107,132,95,19,172,139
348,25,123,18,51,48,142,38,228,111
348,26,14,114,251,206,169,75,156,93
348,27,142,192,9,22,230,113,71,209
348,28,21,167,137,99,20,31,231,118
348,29,206,92,218,139,56,187,7,50
348,30,190,238,70,103,165,221,12,251
348,31,170,111,120,71,251,107,113,28
348,32,221,102,40,21,201,62,195,176
348,33,168,224,6,97,12,121,38,37
348,34,52,95,81,34,55,212,102,255
348,35,39,99,61,20,3,212,110,127
348,36,49,193,117,234,210,34,139,84
348,37,241,15,90,193,83,37,97,209
348,38,126,44,86,250,97,39,3,80
348,39,72,36,15,244,183,52,62,203
349,0,2,223,86,41,177,152,242,50
349,1,120,35,92,144,105,29,153,241
349,2,23,173,120,236,95,194,63,212
349,3,66,234,58,101,202,218,169,215
349,4,149,60,30,51,93,169,164,63
349,5,115,66,236,250,33,48,253,5
349,6,136,245,61,172,108,142,232,115
349,7,1,220,239,167,66,95,202,122
349,8,201,88,242,124,207,222,248,183
349,9,5,14,4,128,234,11,107,102
349,10,117,143,114,46,17,204,211,218
349,11,103,209,248,208,151,200,116,231
349,12,132,95,19,181,119,139,115,234
349,13,123,72,18,137,48,254,249,198
349,14,14,169,75,156,232,114,152,206
349,15,192,22,209,71,9,113,142,230
349,16,21,167,188,193,90,20,33,118
349,17,50,92,78,206,187,56,88,143
349,18,238,190,12,70,165,103,251,237
349,19,111,170,71,113,251,42,70,107
349,20,201,242,88,207,124,184,19,215
349,21,5,14,11,4,190,89,43,234
349,22,117,216,143,46,114,17,241,211
349,23,103,208,116,209,59,248,151,231
349,24,128,181,119,95,65,115,132,94
349,25,48,123,18,97,19,38,51,75
349,26,75,218,93,169,14,206,114,40
349,27,192,113,22,71,142,207,13,9
349,28,167,21,193,99,188,82,196,137
349,29,88,78,49,61,50,255,92,139
349,30,50,162,238,70,165,12,103,81
349,31,111,252,251,170,71,107,113,28
349,32,40,125,179,75,201,21,91,86
349,33,6,104,5,54,116,38,162,161
349,34,227,44,5,238,28,55,95,171
349,35,148,190,145,180,61,74,20,136
349,36,39,115,227,19,202,133,193,93
349,37,27,169,126,78,145,186,241,207
349,38,169,215,119,44,126,250,35,67
349,39,231,158,75,117,179,251,15,122
350,0,166,97,113,142,205,150,123,213
350,1,34,26,187,227,59,87,181,39
350,2,235,227,75,229,242,176,83,26
350,3,211,46,31,146,37,135,84,142
350,4,167,161,65,14,30,19,227,39
350,5,66,104,161,6,235,10,253,51
350,6,245,167,136,61,142,172,107,62
350,7,1,91,220,29,2,10,239,3
350,8,33,201,207,88,184,164,124,186
350,9,39,94,29,13,132,14,4,11
350,10,216,114,46,143,248,130,63,117
350,11,20,103,248,236,36,151,208,185
350,12,26,132,7,19,63,128,181,35
350,13,18,33,43,123,29,48,72,137
350,14,75,14,169,124,156,206,93,129
350,15,65,22,192,44,207,13,26,230
350,16,167,5,196,42,13,188,33,71
350,17,61,50,166,92,172,139,231,187
350,18,190,148,12,187,103,238,70,165
350,19,130,111,252,113,170,251,146,71
350,20,201,88,33,207,124,212,181,19
350,21,39,29,4,94,11,102,5,43
350,22,143,114,46,117,83,130,31,56
350,23,20,103,208,101,84,184,200,248
350,24,181,132,26,63,107,172,95,128
350,25,18,123,48,51,43,228,22,142
350,26,75,14,169,206,114,156,174,241
350,27,65,192,142,22,113,9,209,230
350,28,21,96,167,188,99,5,222,118
350,29,172,139,92,50,206,61,56,231
350,30,148,190,70,103,187,238,12,81
350,31,130,111,170,251,120,252,107,113
350,32,99,40,113,238,201,62,21,176
350,33,190,232,104,41,224,38,116,12
350,34,34,88,97,161,55,52,102,95
350,35,39,99,61,145,20,74,3,2
350,36,207,49,117,193,202,39,120,210
350,37,15,241,27,90,190,83,193,209
350,38,44,126,250,86,71,80,97,39
350,39,72,69,36,244,15,183,52,125
351,0,66,6,22,106,185,117,40,214
351,1,117,241,223,191,118,112,206,250
351,2,235,198,121,75,87,242,120,10
351,3,214,76,234,236,202,146,169,2
351,4,122,118,139,30,60,65,105,228
351,5,114,66,10,6,194,5,31,161
351,6,114,61,3,136,245,142,42,167
351,7,253,1,44,2,91,220,79,85
351,8,120,35,201,184,207,88,164,103
351,9,217,178,13,14,5,240,145,94
351,10,114,253,62,51,46,129,161,17
351,11,66,142,49,195,156,20,236,149
351,12,67,138,206,132,181,154,7,95
351,13,22,18,48,236,123,29,254,111
351,14,40,75,38,14,241,169,93,218
351,15,22,192,142,209,9,71,113,120
351,16,167,21,188,96,119,13,84,222
351,17,50,92,143,88,218,187,139,7
351,18,190,70,165,12,103,238,148,251
351,19,111,170,71,251,252,178,113,28
351,20,201,88,207,184,35,124,215,242
351,21,217,14,11,196,43,4,5,89
351,22,143,62,114,253,46,241,51,129
351,23,66,103,20,101,208,42,200,142
351,24,181,107,132,172,67,222,53,139
351,25,48,123,51,18,29,22,228,75
351,26,40,169,75,156,114,251,206,152
351,27,192,142,22,9,113,230,209,13
351,28,167,99,21,119,31,81,188,96
351,29,92,139,7,56,206,187,231,50
351,30,70,103,12,148,165,238,159,81
351,31,251,111,170,91,252,107,225,71
351,32,75,96,40,186,201,176,116,91
351,33,168,11,58,232,38,238,116,182
351,34,205,12,180,52,101,171,9,95
351,35,132,153,145,20,255,240,66,102
351,36,253,211,202,49,117,193,98,230
351,37,84,15,83,143,250,87,220,145
351,38,88,255,44,126,161,233,206,157
351,39,146,165,27,151,142,72,241,170
352,0,250,194,198,102,18,40,10,110
352,1,241,228,82,63,154,179,221,79
352,2,198,87,76,237,121,120,194,235
352,3,214,202,234,199,30,101,107,236
352,4,30,122,118,139,228,119,60,105
352,5,194,114,10,69,18,5,66,100
352,6,73,114,61,142,136,3,90,42
352,7,1,253,44,79,2,220,91,239
352,8,201,159,184,35,103,207,88,164
352,9,217,14,240,151,13,178,156,4
352,10,114,62,253,161,222,46,51,72
352,11,66,195,247,49,236,142,27,207
352,12,154,132,181,7,19,95,43,67
352,13,48,22,123,18,116,111,137,206
352,14,40,169,75,14,156,174,114,241
352,15,22,192,209,142,9,113,230,39
352,16,21,167,188,13,20,222,90,33
352,17,92,50,206,187,218,231,236,36
352,18,165,70,190,238,103,12,232,251
352,19,111,71,170,251,178,252,113,51
352,20,201,88,184,215,207,124,248,159
352,21,217,14,196,4,43,11,5,89
352,22,62,143,114,140,51,241,90,253
352,23,66,103,101,42,208,247,200,94
352,24,181,132,107,206,139,172,57,19
352,25,48,123,51,18,228,249,22,75
352,26,251,169,156,114,75,40,206,14
352,27,142,192,209,22,9,230,113,234
352,28,167,99,21,31,222,81,231,188
352,29,92,7,56,139,206,231,187,147
352,30,70,103,12,165,205,238,159,251
352,31,251,111,170,107,91,216,71,181
352,32,96,40,186,176,91,201,116,42
352,33,58,11,238,232,168,151,38,116
352,34,196,180,205,12,171,101,102,47
352,35,255,145,153,20,184,132,217,3
352,36,8,193,57,0,181,210,253,211
352,37,84,220,87,31,241,221,83,102
352,38,244,157,250,44,126,39,97,255
352,39,146,68,241,61,9,52,23,172
353,0,181,82,107,251,255,119,39,246
353,1,135,79,117,35,222,248,237,53
353,2,237,101,191,224,165,240,231,0
353,3,107,105,134,147,169,85,45,131
353,4,254,17,30,172,82,130,185,122
353,5,174,5,18,159,250,194,180,147
353,6,147,107,149,108,133,164,115,166
353,7,1,3,220,95,253,239,109,48
353,8,201,88,68,248,217,124,184,12
353,9,14,5,217,151,4,196,96,145
353,10,68,228,15,114,140,211,143,90
353,11,64,207,69,208,212,27,21,200
353,12,132,214,139,154,95,172,206,19
353,13,164,48,123,249,137,18,230,22
353,14,169,129,152,251,174,114,14,40
353,15,22,209,142,9,192,230,118,120
353,16,21,167,20,188,222,13,241,90
353,17,26,92,206,231,50,187,240,147
353,18,70,165,238,190,103,12,55,231
353,19,71,237,111,170,251,216,227,178
353,20,201,248,215,88,184,124,68,207
353,21,196,217,5,14,4,43,89,0
353,22,68,228,143,140,15,204,181,241
353,23,64,103,101,207,212,208,200,93
353,24,181,172,107,57,132,139,206,19
353,25,164,51,48,18,123,249,198,122
353,26,238,152,174,251,14,169,114,206
353,27,142,22,209,230,118,9,192,234
353,28,21,222,167,241,99,30,149,81
353,29,26,92,206,231,31,240,56,130
353,30,70,55,238,231,165,103,12,221
353,31,237,216,251,170,111,40,71,185
353,32,224,42,176,40,199,206,91,171
353,33,179,201,156,217,38,12,40,10
353,34,49,217,196,47,213,188,235,28
353,35,255,224,210,214,244,184,20,131
353,36,255,24,57,193,210,239,42,84
353,37,50,14,241,87,57,102,221,147
353,38,146,244,157,44,250,126,39,162
353,39,177,85,13,61,181,62,52,14
354,0,109,24,55,139,177,222,151,47
354,1,226,236,70,22,42,61,76,164
354,2,3,221,58,193,157,143,237,5
354,3,44,234,167,243,66,61,197,0
354,4,30,178,243,169,82,51,137,1
354,5,5,48,232,33,60,75,195,91
354,6,149,108,25,48,174,71,32,9
354,7,38,1,220,130,146,122,94,95
354,8,68,88,215,201,9,124,248,183
354,9,52,196,139,65,43,234,4,162
354,10,181,146,228,239,128,119,242,241
354,11,212,37,131,231,26,94,6,218
354,12,57,172,107,230,50,36,234,208
354,13,19,249,230,48,122,27,128,70
354,14,152,129,169,232,251,174,156,70
354,15,209,22,142,9,230,118,192,113
354,16,21,167,241,53,233,90,30,118
354,17,214,206,62,92,232,31,19,231
354,18,70,238,165,190,231,30,103,246
354,19,216,71,247,111,170,251,85,21
354,20,215,248,201,88,124,68,207,13
354,21,196,14,89,52,0,4,5,43
354,22,228,146,181,128,143,242,239,140
354,23,154,164,93,212,218,103,37,131
354,24,84,181,11,19,132,172,57,233
354,25,51,48,18,123,230,137,249,22
354,26,169,251,152,75,203,174,14,40
354,27,9,142,192,113,118,230,234,22
354,28,99,21,167,161,181,222,241,249
354,29,214,206,92,56,7,139,231,50
354,30,103,70,12,165,211,90,231,238
354,31,91,251,199,107,111,185,170,216
354,32,91,48,40,62,102,18,176,144
354,33,58,107,139,68,151,38,84,102
354,34,56,48,175,94,171,95,240,103
354,35,85,20,94,218,236,2,61,117
354,36,195,246,202,211,152,79,248,67
354,37,161,174,67,60,83,143,135,43
354,38,234,30,9,201,44,126,39,119
354,39,246,1,92,215,250,183,125,15
355,0,127,49,118,85,119,227,18,9
355,1,232,43,29,117,90,77,210,57
355,2,26,70,90,169,155,9,237,146
355,3,171,116,20,42,107,252,5,51
355,4,215,30,12,82,172,202,112,126
355,5,169,250,253,249,18,30,189,5
355,6,136,147,149,107,108,73,42,17
355,7,56,1,3,220,253,85,95,161
355,8,201,120,88,65,248,124,68,186
355,9,14,196,5,237,96,4,145,102
355,10,24,114,140,218,181,241,22,73
355,11,114,212,154,207,208,200,203,66
355,12,206,84,132,19,181,139,11,95
355,13,48,51,123,249,18,38,137,22
355,14,169,40,129,174,251,152,14,114
355,15,22,209,9,142,192,230,118,113
355,16,188,21,161,20,137,167,222,241
355,17,92,197,206,56,50,218,231,205
355,18,70,238,165,190,103,211,251,12
355,19,71,251,91,111,216,170,107,227
355,20,201,120,88,248,215,124,184,69
355,21,237,14,196,5,4,89,43,102
355,22,24,114,143,140,204,241,107,91
355,23,114,103,154,101,208,66,248,94
355,24,181,84,206,172,43,107,132,19
355,25,51,48,18,123,38,198,249,75
355,26,75,251,220,114,169,40,156,174
355,27,142,192,113,9,230,234,209,22
355,28,21,161,99,222,167,249,241,31
355,29,206,56,92,218,139,231,7,17
355,30,103,70,165,211,238,251,12,71
355,31,91,251,107,111,71,185,170,216
355,32,221,102,91,40,201,62,18,48
355,33,121,168,107,151,58,38,224,96
355,34,81,95,55,208,56,171,252,28
355,35,99,20,39,218,236,61,3,127
355,36,202,195,49,152,211,117,246,193
355,37,174,161,83,67,60,193,15,143
355,38,234,30,9,44,126,39,80,97
355,39,250,92,72,244,15,183,125,203
356,0,242,186,234,144,27,155,84,188
356,1,117,126,221,29,198,42,105,100
356,2,23,212,70,150,230,110,26,236
356,3,156,155,66,234,44,252,180,202
356,4,30,94,112,71,12,82,169,32
356,5,66,33,5,253,194,217,30,48
356,6,136,235,147,115,108,9,200,142
356,7,243,181,1,239,220,146,41,95
356,8,201,124,65,88,248,69,68,103
356,9,5,96,14,237,4,196,145,231
356,10,140,9,143,7,218,114,15,107
356,11,153,103,212,114,15,208,130,68
356,12,95,84,181,206,132,139,233,57
356,13,48,51,38,137,116,18,249,123
356,14,220,169,152,251,79,174,42,14
356,15,22,9,142,123,209,192,118,230
356,16,21,186,20,241,167,188,222,90
356,17,197,206,92,56,50,205,231,31
356,18,70,238,165,103,211,12,190,189
356,19,251,71,91,107,111,185,181,216
356,20,201,65,88,69,124,248,12,13
356,21,237,4,196,14,5,89,43,96
356,22,140,0,143,91,114,15,107,7
356,23,15,103,153,208,212,113,114,101
356,24,181,84,206,95,233,172,173,107
356,25,48,51,18,123,163,198,38,249
356,26,220,251,174,75,114,152,14,141
356,27,142,9,234,113,192,123,22,230
356,28,186,21,222,249,99,206,167,241
356,29,56,206,92,231,205,122,3,240
356,30,103,69,70,189,238,211,165,12
356,31,107,251,185,71,170,91,111,60
356,32,91,195,162,62,40,86,176,201
356,33,36,217,37,97,38,248,12,94
356,34,90,188,212,28,255,171,187,95
356,35,20,214,49,196,44,100,145,236
356,36,0,147,234,193,8,11,210,244
356,37,220,84,193,241,83,37,87,57
356,38,250,44,126,39,244,97,22,86
356,39,23,224,241,52,16,145,15,61
357,0,110,59,88,157,57,56,180,245
357,1,166,40,209,96,117,183,176,180
357,2,44,209,178,238,132,176,1,125
357,3,70,247,19,138,217,192,3,174
357,4,156,138,82,30,71,60,145,182
357,5,19,174,24,66,217,253,250,225
357,6,200,115,9,147,108,38,92,119
357,7,129,4,41,243,1,220,95,239
357,8,201,124,248,69,68,65,88,12
357,9,148,4,14,5,145,96,196,242
357,10,68,140,46,15,31,143,30,254
357,11,210,208,212,207,113,153,15,93
357,12,181,84,95,206,139,132,172,234
357,13,164,48,51,155,136,249,137,70
357,14,220,169,152,251,42,123,129,174
357,15,22,142,9,203,234,123,230,118
357,16,21,186,20,222,206,167,161,90
357,17,206,26,50,92,205,56,231,240
357,18,70,238,165,211,103,231,149,189
357,19,251,71,91,181,185,107,40,178
357,20,201,65,13,205,215,184,12,88
357,21,4,148,196,43,89,14,190,242
357,22,140,31,69,43,0,143,68,213
357,23,208,210,212,113,103,173,15,64
357,24,181,84,95,172,107,173,233,139
357,25,48,70,164,136,249,51,18,30
357,26,220,251,174,61,42,119,218,141
357,27,234,22,9,203,84,142,113,118
357,28,186,21,206,249,222,161,241,99
357,29,205,3,56,206,231,50,240,92
357,30,211,189,70,50,69,243,151,238
357,31,251,60,185,107,71,181,216,176
357,32,91,86,224,62,162,101,203,176
357,33,177,96,38,36,217,248,6,104
357,34,90,28,171,49,15,217,238,44
357,35,20,49,190,44,224,236,148,100
357,36,147,255,227,193,11,39,24,57
357,37,83,193,14,158,241,50,97,37
357,38,250,44,39,126,146,88,244,236
357,39,15,85,177,13,151,62,52,181
358,0,180,55,177,151,31,152,103,242
358,1,111,117,154,105,22,70,85,226
358,2,44,221,212,178,115,132,146,2
358,3,247,234,44,66,7,197,156,122
358,4,30,180,243,169,93,178,83,101
358,5,19,66,81,33,217,133,6,115
358,6,200,115,147,142,136,9,25,123
358,7,41,1,129,122,95,4,243,167
358,8,201,124,88,248,68,69,12,215
358,9,4,14,145,5,196,237,220,190
358,10,15,31,143,140,213,250,204,30
358,11,103,212,216,113,208,116,94,248
358,12,181,132,95,84,173,107,234,22
358,13,48,136,51,249,123,70,39,30
358,14,42,169,174,251,152,172,206,129
358,15,142,22,234,9,209,118,230,84
358,16,21,186,206,222,167,249,233,193
358,17,50,206,205,231,56,3,71,240
358,18,70,238,211,165,231,149,190,73
358,19,251,71,181,91,43,40,111,178
358,20,201,13,88,248,69,215,12,64
358,21,4,89,14,105,196,237,43,190
358,22,216,0,140,143,31,114,204,35
358,23,103,116,212,208,59,94,113,95
358,24,181,205,128,84,132,172,119,107
358,25,48,51,18,30,249,156,41,137
358,26,42,220,75,93,251,178,61,169
358,27,22,234,113,84,142,9,192,230
358,28,249,21,206,193,99,167,186,222
358,29,56,88,205,3,49,92,231,173
358,30,50,211,162,70,189,103,165,113
358,31,251,107,60,181,111,71,185,68
358,32,91,86,179,109,176,40,201,85
358,33,181,104,36,38,6,102,189,132
358,34,28,44,238,171,90,240,72,109
358,35,148,190,20,49,185,145,236,74
358,36,147,39,227,115,79,202,211,234
358,37,27,78,193,15,83,143,186,126
358,38,215,139,44,126,119,39,251,250
358,39,158,72,15,122,75,244,224,125
359,0,117,171,185,128,226,96,187,242
359,1,13,223,117,81,232,158,210,184
359,2,44,107,146,215,35,19,186,176
359,3,247,170,122,234,221,192,7,255
359,4,139,55,8,2,60,82,30,105
359,5,66,6,81,19,114,225,3,217
359,6,16,114,115,200,3,9,136,147
359,7,41,243,1,44,220,19,253,129
359,8,201,124,112,248,12,103,65,69
359,9,239,4,178,14,145,5,19,237
359,10,163,140,15,143,7,30,114,31
359,11,18,142,208,116,113,103,212,130
359,12,67,181,95,132,173,206,139,7
359,13,48,200,51,18,136,81,140,163
359,14,38,42,206,40,251,218,169,76
359,15,240,103,22,142,234,9,113,192
359,16,21,180,188,167,249,186,222,206
359,17,155,206,50,56,92,157,240,205
359,18,238,70,211,165,103,149,190,113
359,19,251,151,91,71,28,178,111,107
359,20,201,112,184,88,69,12,248,13
359,21,4,239,237,14,178,89,162,19
359,22,163,143,140,73,92,114,85,253
359,23,142,18,103,207,208,94,212,113
359,24,181,67,95,172,233,19,147,107
359,25,48,51,18,30,192,200,249,123
359,26,178,38,220,146,206,40,251,75
359,27,240,234,22,113,142,230,84,118
359,28,21,78,206,249,90,167,222,186
359,29,56,155,130,231,205,3,92,206
359,30,211,70,189,165,238,103,243,113
359,31,251,71,185,107,106,181,28,111
359,32,17,91,201,40,203,124,61,217
359,33,23,38,214,117,116,248,94,6
359,34,12,28,58,171,149,187,188,34
359,35,196,20,145,49,236,127,255,184
359,36,253,0,117,193,8,210,166,147
359,37,220,84,164,83,233,87,93,207
359,38,136,44,126,233,191,105,176,254
359,39,241,23,15,146,68,16,73,201
360,0,110,57,37,180,157,214,169,250
360,1,98,190,135,154,31,117,166,119
360,2,115,33,56,178,81,78,5,173
360,3,247,70,234,44,15,90,66,122
360,4,2,55,30,60,138,180,91,32
360,5,3,24,144,66,19,253,81,232
360,6,114,186,59,200,136,115,174,142
360,7,243,1,41,146,239,253,133,122
360,8,201,88,247,68,184,69,248,12
360,9,148,237,14,4,22,145,234,5
360,10,73,143,7,213,154,92,85,114
360,11,210,147,103,154,207,116,2,212
360,12,181,205,57,84,19,132,252,233
360,13,51,48,192,18,123,30,249,137
360,14,42,40,178,251,206,169,75,156
360,15,240,22,203,234,113,9,192,142
360,16,193,21,161,167,249,90,222,206
360,17,231,56,92,157,50,206,214,3
360,18,70,165,211,12,151,238,113,149
360,19,111,251,181,107,71,91,151,40
360,20,201,88,13,184,215,248,12,207
360,21,148,4,89,196,14,234,237,162
360,22,73,143,92,91,216,85,154,168
360,23,147,154,210,103,201,212,116,93
360,24,181,84,205,128,57,65,233,94
360,25,48,51,97,18,192,30,140,249
360,26,40,22,178,218,220,75,251,93
360,27,240,203,22,234,113,239,84,209
360,28,193,206,21,249,222,90,167,99
360,29,88,231,214,61,56,3,92,249
360,30,50,162,211,70,189,165,231,232
360,31,251,181,107,111,185,227,179,71
360,32,91,179,125,86,131,176,246,40
360,33,96,104,132,6,38,151,36,177
360,34,28,44,171,238,17,140,20,172
360,35,148,190,20,196,145,74,218,255
360,36,39,227,147,115,202,211,133,19
360,37,27,78,16,186,169,19,80,91
360,38,169,215,206,233,67,35,235,6
360,39,158,231,117,179,168,134,37,170
361,0,229,123,249,216,242,196,7,105
361,1,225,244,93,231,118,117,155,27
361,2,100,163,103,4,227,214,162,190
361,3,133,187,152,235,231,190,234,31
361,4,142,13,30,236,222,128,251,167
361,5,193,104,41,6,5,186,253,112
361,6,153,167,61,107,142,123,17,83
361,7,29,1,23,10,216,239,3,210
361,8,234,207,201,116,88,19,84,248
361,9,164,29,94,13,201,86,35,68
361,10,169,130,198,216,143,185,90,50
361,11,189,161,128,103,147,90,187,57
361,12,74,26,128,63,65,44,87,107
361,13,147,43,134,154,18,30,224,97
361,14,124,51,148,20,75,50,225,60
361,15,200,22,81,148,71,87,162,213
361,16,133,5,196,233,43,167,243,0
361,17,76,250,172,61,87,255,0,147
361,18,179,50,187,57,0,13,134,21
361,19,109,20,39,205,130,160,111,57
361,20,234,115,207,186,239,88,116,19
361,21,164,94,29,13,197,126,2,63
361,22,130,169,198,196,35,143,69,248
361,23,189,161,128,62,206,250,95,221
361,24,74,44,63,26,128,65,160,53
361,25,6,147,43,134,18,61,97,48
361,26,148,32,124,20,51,60,137,37
361,27,181,200,81,87,22,84,58,88
361,28,133,5,46,43,136,167,196,90
361,29,76,250,87,172,50,16,0,61
361,30,81,179,187,21,205,211,89,115
361,31,39,205,109,111,252,164,4,251
361,32,134,106,98,131,186,181,192,99
361,33,183,238,116,126,232,86,49,73
361,34,207,84,180,96,171,62,101,225
361,35,145,57,218,63,20,184,153,22
361,36,211,120,70,181,14,98,248,193
361,37,190,65,143,31,58,145,182,175
361,38,148,92,213,75,95,3,71,101
361,39,243,2,38,217,69,254,78,46
362,0,177,47,115,132,158,235,192,141
362,1,182,244,93,155,118,197,211,117
362,2,123,93,100,57,29,82,27,103
362,3,133,187,117,233,235,190,40,103
362,4,236,144,142,128,95,45,30,54
362,5,193,90,47,65,41,127,43,88
362,6,153,60,206,138,22,196,68,155
362,7,23,29,117,64,10,147,123,190
362,8,234,239,180,116,207,77,84,56
362,9,164,13,113,239,191,2,197,36
362,10,185,169,198,125,36,65,150,39
362,11,189,161,206,108,128,86,62,133
362,12,74,93,44,128,63,65,26,54
362,13,134,6,147,154,43,138,61,32
362,14,51,148,32,124,137,86,50,224
362,15,87,162,200,181,58,148,22,189
362,16,133,43,5,46,233,156,80,0
362,17,76,250,87,0,57,5,172,61
362,18,179,187,163,134,89,50,226,131
362,19,109,39,116,20,205,111,167,252
362,20,239,234,115,116,207,186,88,4
362,21,164,197,13,191,47,94,2,126
362,22,169,198,35,91,125,196,63,157
362,23,189,128,42,206,107,106,62,86
362,24,74,93,220,65,26,44,63,15
362,25,6,134,147,48,182,43,154,18
362,26,32,60,148,137,51,52,124,37
362,27,181,87,200,165,88,81,162,58
362,28,167,136,5,133,46,43,188,9
362,29,50,76,250,87,0,172,16,255
362,30,179,81,187,21,163,205,211,89
362,31,39,116,205,109,251,252,4,106
362,32,119,134,131,106,192,90,186,181
362,33,183,93,238,116,232,92,29,28
362,34,82,207,171,180,96,84,86,85
362,35,145,57,20,218,22,153,63,160
362,36,211,181,70,120,14,98,202,193
362,37,143,190,104,31,182,58,145,174
362,38,148,27,213,92,71,75,101,95
362,39,243,69,110,38,12,78,154,217
363,0,57,106,127,66,43,165,110,157
363,1,117,118,242,19,112,86,132,161
363,2,238,255,234,60,133,80,49,219
363,3,171,214,70,55,219,234,208,73
363,4,118,74,254,88,30,138,242,244
363,5,147,44,169,5,249,161,11,100
363,6,183,208,164,68,65,42,133,89
363,7,1,101,7,109,79,10,56,210
363,8,207,120,88,234,186,35,84,216
363,9,13,148,151,217,96,156,24,105
363,10,46,24,114,72,62,155,31,161
363,11,27,93,210,236,195,66,181,69
363,12,138,191,155,132,65,1,43,117
363,13,168,6,18,28,123,48,41,22
363,14,75,213,241,169,156,146,52,60
363,15,22,71,213,110,192,181,120,207
363,16,167,136,188,46,119,243,95,90
363,17,50,166,104,229,115,56,11,139
363,18,159,12,190,165,205,21,251,215
363,19,111,39,252,178,229,146,40,113
363,20,207,88,186,184,201,107,115,120
363,21,13,148,197,217,47,151,146,156
363,22,46,114,72,63,35,24,143,51
363,23,27,107,210,250,208,195,56,147
363,24,191,138,155,65,132,19,181,206
363,25,18,123,22,48,30,168,156,113
363,26,75,241,60,156,169,206,146,32
363,27,110,22,71,203,88,207,113,192
363,28,167,136,188,119,99,90,189,46
363,29,104,50,139,206,205,7,229,16
363,30,159,190,81,21,211,165,103,12
363,31,39,252,251,71,111,40,42,146
363,32,221,201,106,102,48,192,91,21
363,33,121,96,116,224,107,143,28,205
363,34,208,95,175,64,235,171,220,102
363,35,85,2,94,20,99,61,63,3
363,36,117,195,202,67,246,211,152,193
363,37,56,43,60,174,161,83,135,207
363,38,201,195,163,234,44,9,213,30
363,39,246,1,138,215,92,250,15,183
364,0,234,242,188,186,111,122,172,84
364,1,117,198,29,255,111,85,7,113
364,2,110,234,230,23,238,150,86,15
364,3,214,116,155,202,177,44,234,90
364,4,71,12,30,94,74,60,82,112
364,5,169,253,5,236,33,48,229,66
364,6,42,178,108,142,235,73,204,174
364,7,1,210,7,220,146,56,79,10
364,8,207,65,183,186,242,103,248,222
364,9,96,4,14,5,105,239,24,145
364,10,31,46,114,7,72,246,159,24
364,11,114,208,153,109,95,210,27,236
364,12,206,155,132,46,138,57,191,1
364,13,249,168,41,155,48,38,22,18
364,14,220,232,22,172,241,156,42,218
364,15,22,209,44,110,123,71,239,186
364,16,167,119,180,136,90,222,233,140
364,17,197,50,231,206,126,104,240,11
364,18,159,190,21,165,12,70,246,89
364,19,39,178,111,91,40,252,107,225
364,20,65,207,186,88,225,201,184,242
364,21,96,13,4,24,47,151,145,14
364,22,46,114,72,0,63,35,143,84
364,23,208,114,27,210,15,153,3,107
364,24,206,132,138,155,101,181,191,65
364,25,18,22,48,123,168,155,249,41
364,26,75,206,241,169,180,156,60,220
364,27,44,110,22,123,209,71,207,84
364,28,167,188,136,99,21,119,249,42
364,29,50,231,206,23,240,139,7,205
364,30,190,81,21,69,211,165,28,70
364,31,251,111,71,181,107,40,39,252
364,32,195,201,91,62,21,106,61,221
364,33,36,37,224,97,116,96,121,6
364,34,90,95,235,212,208,64,171,28
364,35,99,196,145,20,22,49,39,40
364,36,234,117,147,0,49,193,202,211
364,37,193,220,15,83,143,174,55,93
364,38,101,44,213,93,233,6,235,143
364,39,23,241,15,235,224,127,210,73
365,0,110,57,157,84,250,201,89,194
365,1,64,221,40,96,209,113,53,7
365,2,234,238,23,178,33,95,236,201
365,3,214,44,70,202,234,4,41,155
365,4,71,37,60,138,112,12,94,156
365,5,24,144,19,253,236,5,66,194
365,6,235,136,142,61,204,42,178,174
365,7,1,243,239,210,79,220,10,146
365,8,207,65,222,184,88,186,103,69
365,9,4,5,148,14,96,145,128,105
365,10,46,114,72,7,9,5,143,63
365,11,208,210,147,93,114,153,66,95
365,12,132,138,206,155,191,43,95,181
365,13,116,168,38,18,48,28,41,30
365,14,75,83,156,60,235,218,220,178
365,15,44,71,22,203,88,39,123,213
365,16,136,167,188,46,90,180,249,233
365,17,50,104,197,206,36,56,88,205
365,18,12,190,21,165,159,113,251,103
365,19,111,39,228,178,91,42,252,40
365,20,207,184,65,186,88,201,103,80
365,21,13,96,148,47,14,89,5,146
365,22,46,114,72,35,0,143,91,63
365,23,210,147,208,114,3,107,250,153
365,24,206,191,138,181,65,132,95,155
365,25,116,30,48,38,41,22,18,123
365,26,75,156,61,220,60,37,178,206
365,27,123,44,203,71,250,110,22,88
365,28,167,136,21,161,188,249,90,46
365,29,206,50,218,139,214,17,231,56
365,30,69,165,81,211,103,21,251,190
365,31,251,71,91,111,60,107,181,40
365,32,201,195,91,106,61,86,221,62
365,33,96,36,6,116,151,97,168,38
365,34,90,95,171,81,208,28,56,235
365,35,99,20,22,196,218,49,39,61
365,36,117,211,193,147,49,234,39,227
365,37,193,143,174,15,67,83,161,145
365,38,101,44,9,30,234,213,126,104
365,39,15,72,250,92,244,23,224,183
366,0,242,157,144,234,186,188,223,152
366,1,111,117,198,42,40,113,239,221
366,2,212,178,95,230,150,107,236,86
366,3,247,155,44,213,15,234,159,202
366,4,37,60,30,112,180,94,158,71
366,5,19,81,144,3,2,253,66,5
366,6,142,136,235,178,200,172,42,73
366,7,1,79,239,210,243,181,10,37
366,8,207,159,184,222,88,164,103,186
366,9,128,47,14,5,13,11,98,198
366,10,114,72,9,222,46,5,91,143
366,11,147,3,95,153,66,250,103,236
366,12,191,132,138,181,65,155,1,95
366,13,28,38,168,41,48,18,116,30
366,14,75,60,156,61,235,178,119,83
366,15,44,71,88,213,22,181,203,110
366,16,46,136,167,188,90,80,249,233
366,17,50,17,56,197,88,166,16,218
366,18,12,177,115,21,190,251,211,103
366,19,111,228,51,39,252,42,107,71
366,20,207,159,184,186,88,115,4,80
366,21,13,47,197,14,146,141,89,96
366,22,114,0,72,35,9,63,143,91
366,23,147,107,3,66,153,145,250,116
366,24,65,191,181,194,138,132,190,222
366,25,30,48,116,41,123,18,29,113
366,26,52,75,60,156,61,37,178,119
366,27,71,88,250,248,22,110,44,192
366,28,136,167,46,90,188,54,249,9
366,29,255,56,139,49,50,206,23,17
366,30,81,21,69,165,177,50,103,211
366,31,51,71,111,106,39,40,251,42
366,32,106,86,162,201,195,146,61,91
366,33,6,189,49,116,97,104,37,36
366,34,90,212,28,44,235,171,255,238
366,35,49,190,145,63,148,22,20,74
366,36,39,227,147,234,115,14,117,193
366,37,145,27,193,78,15,190,126,143
366,38,215,75,213,44,139,119,169,251
366,39,158,75,72,15,254,197,224,36
367,0,96,250,93,69,194,242,210,117
367,1,195,96,40,2,81,209,234,117
367,2,123,212,120,251,84,108,173,178
367,3,44,236,188,148,122,213,155,15
367,4,119,60,55,112,98,37,71,105
367,5,194,144,250,2,253,61,114,69
367,6,172,142,235,200,42,178,59,3
367,7,1,79,181,239,210,10,208,101
367,8,112,207,159,184,35,88,201,222
367,9,47,120,14,128,5,13,98,206
367,10,163,114,72,91,222,171,9,229
367,11,18,147,66,3,130,145,250,153
367,12,154,191,132,138,43,35,106,19
367,13,123,200,28,18,137,228,168,48
367,14,169,146,156,75,52,235,11,241
367,15,22,192,110,120,71,213,233,13
367,16,167,95,188,243,136,42,90,233
367,17,115,50,229,236,187,139,166,56
367,18,12,165,205,190,251,192,246,159
367,19,111,252,229,51,113,14,39,71
367,20,107,88,112,207,201,184,186,222
367,21,146,13,11,0,197,14,120,24
367,22,63,163,143,114,72,51,222,35
367,23,107,66,18,56,147,3,250,145
367,24,65,191,19,138,207,132,181,121
367,25,123,228,48,13,137,18,28,200
367,26,169,206,75,146,83,52,186,156
367,27,110,233,192,71,142,22,207,213
367,28,167,136,188,54,90,31,149,231
367,29,236,50,139,187,56,115,23,206
367,30,165,12,103,81,192,190,251,6
367,31,111,51,71,113,42,106,170,252
367,32,17,40,194,89,61,201,178,106
367,33,23,49,214,6,116,94,40,122
367,34,187,102,54,19,95,173,34,235
367,35,145,214,3,49,184,60,20,61
367,36,0,253,193,117,8,34,211,57
367,37,145,84,220,241,227,57,93,147
367,38,75,250,44,97,86,213,95,67
367,39,241,23,52,146,16,62,68,145
368,0,157,233,110,127,40,250,147,46
368,1,98,81,117,79,190,166,183,84
368,2,120,84,13,173,108,101,251,123
368,3,236,148,202,188,214,234,85,44
368,4,122,119,60,30,133,172,105,98
368,5,250,31,61,114,236,2,151,144
368,6,49,142,172,157,42,107,200,56
368,7,79,101,1,239,10,74,7,109
368,8,88,207,107,159,56,103,186,201
368,9,217,14,13,47,151,5,98,149
368,10,63,62,114,222,171,72,51,155
368,11,236,207,27,107,66,247,147,145
368,12,43,132,65,19,155,191,35,56
368,13,123,137,28,18,228,48,116,13
368,14,75,169,241,206,119,186,11,156
368,15,233,213,192,110,22,207,71,220
368,16,188,167,243,136,95,46,90,233
368,17,88,115,50,236,229,187,166,139
368,18,12,205,190,165,215,106,103,142
368,19,111,252,229,71,146,51,178,113
368,20,107,207,88,201,184,65,186,132
368,21,217,14,146,13,0,11,145,197
368,22,62,63,114,51,143,72,222,31
368,23,107,42,66,247,250,147,103,207
368,24,65,132,19,138,206,181,154,191
368,25,123,18,48,137,228,13,51,156
368,26,83,75,169,206,241,156,146,186
368,27,233,110,71,22,213,192,142,113
368,28,167,188,99,136,71,90,121,45
368,29,50,115,7,139,229,236,23,56
368,30,12,81,165,103,190,159,205,251
368,31,71,111,252,251,107,40,91,42
368,32,96,201,40,186,116,61,42,106
368,33,49,11,58,182,116,238,12,232
368,34,205,180,95,196,101,102,19,171
368,35,3,153,145,184,20,214,63,218
368,36,193,117,211,0,210,8,244,202
368,37,220,84,241,147,57,227,14,31
368,38,97,75,244,44,250,86,126,39
368,39,52,62,9,145,181,254,242,78
369,0,175,222,55,65,31,157,199,103
369,1,153,49,79,135,164,76,42,61
369,2,58,89,71,179,3,193,101,117
369,3,44,228,66,234,16,218,243,0
369,4,30,51,190,17,178,158,60,93
369,5,81,33,151,115,236,5,48,195
369,6,57,232,185,25,48,29,107,42
369,7,1,16,239,223,167,169,220,208
369,8,88,222,201,107,207,124,68,183
369,9,5,14,146,4,234,24,145,128
369,10,31,143,228,232,19,159,242,246
369,11,103,85,218,59,231,109,207,84
369,12,132,207,59,50,46,181,177,136
369,13,228,123,18,19,181,226,76,70
369,14,169,156,14,206,62,146,11,235
369,15,22,192,209,28,33,135,142,13
369,16,190,31,167,102,42,146,95,21
369,17,164,188,231,50,213,214,115,139
369,18,72,12,190,165,238,251,158,70
369,19,111,71,40,34,43,113,42,85
369,20,88,201,222,107,207,124,121,242
369,21,146,14,4,102,24,43,5,234
369,22,228,19,143,242,31,232,51,81
369,23,85,103,69,218,59,231,207,137
369,24,7,181,59,132,65,11,155,56
369,25,228,123,18,48,81,19,51,155
369,26,169,83,146,206,156,238,235,75
369,27,33,22,71,142,209,135,192,233
369,28,167,190,147,45,99,21,90,71
369,29,164,115,188,173,56,206,50,23
369,30,165,190,12,28,251,63,73,70
369,31,252,111,71,40,38,70,218,28
369,32,22,18,61,40,76,48,123,201
369,33,95,234,11,224,49,116,29,68
369,34,240,175,95,64,28,72,220,67
369,35,191,2,85,20,184,145,3,5
369,36,67,202,39,142,49,211,193,117
369,37,43,193,15,60,207,16,169,78
369,38,169,119,96,44,80,75,191,158
369,39,244,72,158,122,146,165,139,15
370,0,146,242,22,157,63,46,187,186
370,1,232,133,169,66,104,223,117,158
370,2,71,249,239,183,226,89,181,254
370,3,53,226,90,228,236,234,42,202
370,4,105,65,30,60,139,215,190,180
370,5,236,31,81,151,142,61,66,34
370,6,42,57,39,142,182,107,232,157
370,7,131,1,239,79,109,16,169,220
370,8,207,88,107,222,201,164,184,35
370,9,240,14,5,4,234,217,145,0
370,10,228,114,143,19,88,31,155,211
370,11,69,85,207,49,142,93,103,109
370,12,132,67,138,7,155,56,59,19
370,13,18,81,123,48,28,76,254,137
370,14,40,169,238,156,146,83,206,235
370,15,22,33,233,71,192,207,26,142
370,16,167,188,95,73,185,71,136,90
370,17,104,188,115,229,88,50,7,157
370,18,94,12,165,190,63,162,246,158
370,19,225,111,71,28,40,238,178,252
370,20,207,201,88,107,124,112,68,186
370,21,240,14,4,102,206,24,13,128
370,22,143,228,246,114,19,163,88,31
370,23,93,142,49,207,69,250,156,18
370,24,65,0,132,7,67,181,46,106
370,25,48,18,200,123,113,30,51,100
370,26,40,146,83,235,156,169,205,93
370,27,22,71,209,241,33,220,135,110
370,28,167,90,73,21,149,185,78,46
370,29,115,173,206,147,56,7,231,188
370,30,165,6,28,190,70,238,12,90
370,31,238,71,40,38,111,251,225,28
370,32,75,201,61,18,116,22,40,91
370,33,168,116,182,6,11,94,224,49
370,34,205,175,95,187,235,225,34,12
370,35,2,132,63,145,20,210,85,184
370,36,253,117,202,67,211,0,8,172
370,37,220,84,43,60,25,241,175,250
370,38,75,44,139,196,136,5,244,161
370,39,23,241,68,16,254,159,146,37
371,0,165,157,250,233,198,85,10,49
371,1,82,154,203,79,98,63,135,166
371,2,249,239,117,183,237,247,72,211
371,3,53,90,228,132,234,240,188,213
371,4,105,180,164,30,60,231,215,61
371,5,178,236,31,151,14,252,81,34
371,6,42,129,57,142,114,232,25,90
371,7,1,131,109,239,16,79,220,169
371,8,88,207,222,107,201,68,184,157
371,9,14,5,234,4,24,217,240,128
371,10,143,228,46,114,31,19,68,85
371,11,93,103,85,109,207,158,252,84
371,12,132,138,59,7,57,181,46,90
371,13,18,123,228,48,137,164,81,187
371,14,156,169,83,235,14,146,206,232
371,15,22,209,192,13,71,142,135,230
371,16,167,102,71,42,99,219,118,31
371,17,104,92,50,231,214,213,115,139
371,18,190,12,165,251,238,253,90,232
371,19,225,111,146,40,71,43,113,42
371,20,207,88,222,201,124,184,121,107
371,21,146,4,24,14,102,234,5,11
371,22,143,228,246,114,31,85,51,216
371,23,93,103,203,250,84,201,158,208
371,24,7,11,132,181,56,65,128,59
371,25,228,18,123,137,81,13,19,48
371,26,203,75,206,169,156,93,146,241
371,27,142,192,22,233,13,96,71,113
371,28,21,167,188,237,99,71,181,33
371,29,206,104,115,50,229,139,7,56
371,30,190,165,12,188,90,70,11,103
371,31,225,111,71,251,252,199,113,146
371,32,48,62,18,102,40,246,201,22
371,33,107,224,49,132,121,253,11,18
371,34,175,95,64,240,28,220,70,205
371,35,85,2,20,94,161,236,61,132
371,36,202,195,246,152,67,117,142,39
371,37,161,60,43,174,83,135,45,56
371,38,234,201,44,9,30,163,119,126
371,39,246,250,1,92,248,215,125,252
372,0,234,242,186,55,188,152,223,144
372,1,85,5,101,42,87,64,245,117
372,2,117,230,110,107,23,237,3,89
372,3,155,66,116,58,197,228,16,44
372,4,12,71,30,94,164,27,82,130
372,5,151,217,66,115,178,33,93,6
372,6,235,115,92,9,73,185,108,232
372,7,1,239,243,4,181,40,16,131
372,8,124,88,65,201,242,107,184,222
372,9,96,5,14,4,145,146,24,128
372,10,143,9,218,7,114,31,51,174
372,11,114,103,153,116,208,207,93,209
372,12,132,206,95,181,7,59,136,90
372,13,228,18,38,123,137,48,13,254
372,14,206,169,75,156,186,83,14,101
372,15,22,192,142,233,123,13,207,71
372,16,21,186,167,95,146,42,188,71
372,17,206,115,88,50,197,78,92,101
372,18,188,12,190,94,238,165,70,251
372,19,60,111,71,178,91,113,28,151
372,20,88,201,242,107,184,207,124,132
372,21,96,14,146,4,220,145,5,231
372,22,0,140,31,7,218,114,143,51
372,23,103,114,116,15,208,113,59,151
372,24,95,206,181,7,65,132,219,121
372,25,228,38,48,13,51,123,18,211
372,26,206,220,93,75,146,169,218,156
372,27,142,248,22,123,192,71,7,135
372,28,21,186,167,71,78,230,99,226
372,29,206,115,49,56,7,92,173,50
372,30,165,70,12,238,69,50,190,103
372,31,60,71,251,111,28,185,151,38
372,32,86,40,91,62,195,109,201,146
372,33,36,97,37,181,248,104,6,38
372,34,109,28,90,212,44,238,255,30
372,35,44,49,190,148,161,20,100,145
372,36,147,227,234,39,115,11,42,117
372,37,193,27,15,78,83,220,196,227
372,38,215,139,44,126,119,169,250,251
372,39,158,224,72,36,15,165,127,252
373,0,96,117,93,226,198,67,194,80
373,1,96,209,195,40,94,120,2,13
373,2,197,19,118,117,171,173,114,229
373,3,247,155,53,66,241,8,122,44
373,4,71,12,55,119,30,60,82,180
373,5,187,225,217,116,151,19,3,33
373,6,115,235,92,9,200,16,25,61
373,7,1,243,181,4,239,84,220,16
373,8,112,124,88,201,183,107,68,248
373,9,19,96,5,14,206,4,178,145
373,10,163,9,143,15,7,140,51,218
373,11,18,116,103,208,212,153,15,113
373,12,95,206,181,132,67,7,22,136
373,13,200,48,18,123,228,70,254,116
373,14,206,38,156,119,169,186,218,75
373,15,22,142,123,241,99,192,209,157
373,16,21,186,167,20,78,226,180,149
373,17,206,88,155,240,50,92,36,80
373,18,70,238,165,190,12,243,113,188
373,19,71,111,151,178,176,251,60,113
373,20,201,68,112,88,124,45,12,149
373,21,19,220,96,4,11,14,43,206
373,22,140,7,163,15,0,30,143,31
373,23,113,103,208,18,26,200,15,142
373,24,95,181,219,173,152,107,183,172
373,25,48,163,228,123,193,51,200,18
373,26,206,13,220,38,186,174,251,218
373,27,142,22,99,192,241,234,7,40
373,28,21,226,186,78,206,167,149,204
373,29,206,55,128,155,56,92,181,240
373,30,165,70,238,12,69,6,243,190
373,31,60,71,111,251,185,28,176,151
373,32,17,40,89,86,91,61,199,177
373,33,105,117,248,214,94,23,12,36
373,34,28,177,187,30,90,58,149,19
373,35,100,49,161,92,98,131,60,7
373,36,11,57,0,42,253,8,193,147
373,37,158,84,220,241,164,227,200,83
373,38,136,250,126,162,44,40,15,39
373,39,23,146,241,16,220,68,52,15
374,0,110,57,157,250,50,37,84,44
374,1,98,166,95,190,154,119,165,50
374,2,197,33,13,246,159,19,173,118
374,3,247,70,138,240,53,122,65,32
374,4,60,138,55,2,180,30,71,164
374,5,3,24,144,236,81,33,151,66
374,6,115,142,128,9,235,123,200,59
374,7,243,239,1,4,169,122,139,133
374,8,124,88,201,68,184,65,12,207
374,9,148,5,4,14,237,11,234,96
374,10,143,73,154,114,7,92,238,140
374,11,147,210,154,103,84,113,208,116
374,12,132,147,121,7,84,181,222,205
374,13,228,123,51,18,13,48,133,81
374,14,75,156,206,169,186,11,246,178
374,15,192,22,71,203,207,113,135,209
374,16,95,167,186,42,193,146,33,21
374,17,50,115,229,92,139,56,23,88
374,18,12,190,251,165,135,232,238,70
374,19,111,113,40,146,71,251,70,65
374,20,88,201,184,222,207,13,68,242
374,21,148,146,14,234,4,220,231,43
374,22,31,143,216,140,81,7,154,51
374,23,210,147,116,103,201,154,250,45
374,24,128,7,121,181,147,11,65,132
374,25,18,228,13,48,123,81,19,140
374,26,169,146,203,206,218,75,40,156
374,27,203,142,192,207,22,13,135,113
374,28,193,71,21,167,45,78,99,186
374,29,88,115,49,214,173,206,61,255
374,30,162,165,50,12,238,70,73,190
374,31,28,38,111,71,43,170,60,34
374,32,86,179,40,62,125,91,201,246
374,33,96,104,36,6,132,49,151,117
374,34,28,44,238,206,90,62,95,70
374,35,190,148,49,74,20,161,236,100
374,36,39,227,147,115,11,117,202,42
374,37,27,193,78,15,83,241,95,227
374,38,215,119,169,44,139,251,126,75
374,39,158,72,36,15,122,75,179,220
375,0,157,46,233,110,22,63,202,176
375,1,223,13,111,43,158,117,178,131
375,2,107,35,212,59,117,22,196,252
375,3,228,202,214,247,2,177,76,241
375,4,180,139,60,30,231,55,123,71
375,5,67,31,254,151,66,19,100,3
375,6,114,245,61,235,142,115,107,73
375,7,1,239,243,19,220,7,131,16
375,8,242,103,65,107,201,124,88,186
375,9,14,96,5,145,149,4,128,141
375,10,114,17,252,51,218,63,117,168
375,11,151,207,156,208,116,236,103,142
375,12,7,95,67,132,56,206,55,65
375,13,123,137,18,48,51,38,28,81
375,14,38,83,169,75,206,234,119,40
375,15,213,233,22,192,207,13,102,244
375,16,188,167,95,180,21,243,71,23
375,17,88,143,115,229,50,206,249,104
375,18,190,188,12,94,162,113,253,238
375,19,225,111,178,71,91,28,252,113
375,20,242,88,201,124,207,184,107,186
375,21,96,14,145,4,240,146,11,220
375,22,114,17,140,31,117,143,51,7
375,23,156,208,151,103,45,184,170,113
375,24,95,206,181,40,132,219,65,121
375,25,18,48,123,38,228,51,163,196
375,26,206,220,93,72,75,218,13,186
375,27,142,123,7,207,192,22,211,197
375,28,21,186,226,71,167,99,128,188
375,29,206,104,55,50,7,115,157,12
375,30,190,237,238,70,69,210,12,165
375,31,60,225,71,28,251,111,185,38
375,32,75,116,62,40,201,91,102,177
375,33,182,36,224,6,248,168,38,105
375,34,205,90,95,28,238,70,12,44
375,35,132,49,20,236,161,148,212,190
375,36,147,251,227,117,193,42,11,39
375,37,15,193,83,241,227,209,153,90
375,38,44,126,250,139,124,39,162,215
375,39,72,27,15,36,158,201,220,203
376,0,2,115,86,41,152,218,133,214
376,1,241,132,11,34,105,134,42,157
376,2,117,107,212,192,93,141,63,159
376,3,247,2,213,66,58,44,63,54
376,4,30,180,158,231,169,164,93,55
376,5,66,67,93,225,115,187,3,19
376,6,115,114,9,200,142,245,235,134
376,7,1,239,243,133,95,41,101,19
376,8,124,242,201,88,183,45,12,107
376,9,5,14,4,96,145,237,146,190
376,10,140,143,117,15,7,114,17,252
376,11,103,151,116,208,209,113,212,248
376,12,95,7,181,132,207,205,56,22
376,13,123,228,48,51,18,77,100,70
376,14,206,169,75,156,186,83,11,14
376,15,192,22,142,207,135,13,186,209
376,16,21,167,33,186,42,193,146,31
376,17,50,92,206,78,115,139,36,56
376,18,12,190,70,135,238,26,251,232
376,19,111,113,230,251,71,178,176,42
376,20,88,201,242,184,124,207,45,165
376,21,146,220,14,4,43,102,231,145
376,22,140,216,31,117,17,143,81,51
376,23,103,151,116,59,209,107,113,170
376,24,128,7,181,65,219,132,95,152
376,25,228,48,97,19,81,123,211,71
376,26,206,169,146,75,218,174,101,40
376,27,142,22,192,135,57,207,7,13
376,28,193,167,71,45,99,21,196,82
376,29,88,78,115,255,61,49,21,173
376,30,50,162,12,165,70,81,237,251
376,31,225,218,28,43,111,252,251,4
376,32,75,179,125,40,86,106,131,254
376,33,161,5,104,49,132,116,36,6
376,34,44,28,227,238,62,109,205,173
376,35,190,148,74,145,20,63,80,161
376,36,39,115,227,147,202,55,19,98
376,37,27,78,169,190,145,250,175,127
376,38,169,75,119,215,96,158,67,251
376,39,158,75,179,254,163,117,231,192
377,0,97,166,113,205,142,210,150,213
377,1,34,26,227,187,59,158,148,117
377,2,235,0,227,210,17,59,117,176
377,3,211,46,37,31,146,135,142,76
377,4,167,161,65,30,14,251,13,105
377,5,6,151,66,104,161,186,235,10
377,6,167,61,107,245,142,172,200,115
377,7,91,239,29,1,79,10,23,2
377,8,33,107,242,88,207,201,212,89
377,9,39,94,13,29,14,132,0,11
377,10,130,63,51,114,216,171,72,222
377,11,20,236,107,147,103,151,145,248
377,12,26,7,56,63,128,65,132,174
377,13,123,137,43,28,18,228,51,48
377,14,75,169,124,206,146,83,156,14
377,15,213,65,233,192,22,220,81,230
377,16,167,5,243,233,196,71,95,188
377,17,115,61,166,50,229,172,139,255
377,18,148,205,57,50,12,187,190,142
377,19,130,252,111,229,28,146,39,113
377,20,107,33,88,207,115,201,186,56
377,21,39,13,197,29,94,14,146,131
377,22,130,114,51,63,83,143,222,72
377,23,20,107,236,103,147,36,250,106
377,24,65,26,63,7,19,160,132,217
377,25,43,29,48,123,13,16,147,156
377,26,146,169,124,75,39,206,43,241
377,27,65,207,37,57,96,81,22,192
377,28,167,71,5,45,96,99,188,2
377,29,172,115,50,61,139,255,229,7
377,30,148,187,12,81,190,165,251,103
377,31,130,120,111,218,28,252,251,12
377,32,99,113,201,238,106,40,62,254
377,33,190,232,49,104,116,41,224,143
377,34,161,62,88,97,34,70,220,206
377,35,2,145,74,20,236,151,3,39
377,36,202,207,39,49,120,246,227,193
377,37,27,145,190,60,15,161,193,43
377,38,234,71,75,44,80,30,139,213
377,39,72,69,92,244,254,183,36,250
378,0,6,66,106,40,185,22,157,46
378,1,117,223,118,191,112,250,84,86
378,2,198,87,59,121,22,173,239,104
378,3,214,76,228,146,202,234,236,98
378,4,122,139,118,65,105,67,30,242
378,5,67,18,161,10,151,100,254,14
378,6,114,167,3,61,107,245,241,142
378,7,44,91,239,1,253,79,16,4
378,8,33,107,7,88,212,103,207,201
378,9,240,217,132,14,94,178,13,98
378,10,62,114,253,51,161,63,1,163
378,11,49,20,36,236,142,195,207,238
378,12,7,56,203,132,67,32,217,181
378,13,142,33,21,76,123,228,48,81
378,14,169,146,39,206,156,147,75,11
378,15,96,22,192,76,207,13,142,213
378,16,167,71,2,45,243,42,13,95
378,17,110,102,50,139,7,114,229,115
378,18,12,215,190,165,251,214,70,135
378,19,111,71,218,120,113,43,28,40
378,20,88,184,33,201,49,207,124,7
378,21,146,217,4,240,14,145,132,102
378,22,143,31,51,62,81,159,114,140
378,23,49,103,101,207,36,42,250,216
378,24,7,46,203,181,132,106,219,217
378,25,228,48,76,21,123,81,51,142
378,26,206,169,156,39,146,172,186,40
378,27,22,142,207,166,192,120,135,241
378,28,167,21,2,45,42,231,66,147
378,29,23,102,173,231,236,206,56,110
378,30,28,165,12,70,135,9,251,159
378,31,38,40,71,111,107,251,43,120
378,32,61,96,42,116,238,17,186,40
378,33,11,232,94,182,49,23,58,116
378,34,206,205,225,180,161,196,19,187
378,35,63,20,153,151,145,214,3,236
378,36,0,181,193,117,145,8,253,34
378,37,220,84,90,45,190,145,83,227
378,38,75,44,86,244,22,3,213,250
378,39,254,145,52,16,36,181,62,23
379,0,181,82,107,251,39,255,119,83
379,1,135,117,79,248,237,168,55,220
379,2,173,239,132,108,76,124,0,181
379,3,134,194,48,138,90,227,147,164
379,4,133,254,30,17,122,82,130,182
379,5,174,18,147,68,159,5,189,114
379,6,149,19,166,108,243,42,164,191
379,7,1,242,253,239,220,44,16,145
379,8,88,68,201,107,184,217,7,207
379,9,217,151,5,14,145,146,24,240
379,10,68,228,143,31,114,155,161,240
379,11,64,207,69,238,49,22,28,79
379,12,132,7,56,203,19,187,46,207
379,13,228,230,164,123,76,21,48,195
379,14,156,169,235,39,75,146,206,172
379,15,22,209,142,96,192,166,207,239
379,16,167,45,31,2,42,13,71,118
379,17,231,102,23,26,139,7,50,114
379,18,12,165,28,251,215,190,214,70
379,19,40,71,111,237,245,175,43,107
379,20,222,88,207,124,66,49,132,43
379,21,4,146,24,236,14,145,231,105
379,22,68,85,143,31,246,128,159,51
379,23,64,207,101,103,84,69,212,250
379,24,46,7,57,203,181,107,132,121
379,25,164,48,228,199,76,21,195,181
379,26,172,156,206,39,235,169,22,146
379,27,22,209,142,207,231,192,116,166
379,28,21,167,42,45,147,8,2,211
379,29,26,231,23,173,206,188,101,102
379,30,55,165,28,238,70,12,190,206
379,31,237,40,38,71,111,107,251,43
379,32,224,61,197,42,40,206,7,199
379,33,179,201,156,12,217,40,122,154
379,34,217,49,206,225,235,196,213,188
379,35,63,224,214,3,210,20,73,151
379,36,255,24,239,57,193,145,250,117
379,37,14,50,90,57,147,241,83,45
379,38,75,146,86,44,244,250,3,126
379,39,62,85,181,13,254,177,52,242
380,0,41,109,2,65,177,152,86,24
380,1,236,164,76,226,61,144,252,83
380,2,181,221,93,77,58,139,83,7
380,3,66,234,243,215,202,61,217,167
380,4,30,149,243,51,93,178,169,158
380,5,115,33,213,5,133,52,48,66
380,6,149,245,25,48,19,185,17,49
380,7,239,1,220,167,169,146,66,150
380,8,88,68,124,201,183,222,242,106
380,9,4,5,24,14,146,128,102,190
380,10,117,143,228,232,119,17,85,204
380,11,103,209,207,231,84,208,151,21
380,12,166,132,32,46,57,217,107,95
380,13,123,230,228,76,21,122,199,181
380,14,156,169,39,206,146,172,232,14
380,15,22,79,209,192,207,142,71,76
380,16,167,45,2,219,138,21,42,118
380,17,231,206,50,139,7,78,23,114
380,18,12,190,238,165,215,251,130,214
380,19,71,111,70,206,237,43,40,218
380,20,88,124,242,7,222,49,201,66
380,21,4,146,14,236,24,145,110,102
380,22,117,17,143,228,216,51,31,85
380,23,103,209,59,231,151,207,208,137
380,24,7,46,166,181,203,217,121,107
380,25,230,48,21,228,195,123,81,76
380,26,39,169,146,206,172,156,218,93
380,27,22,79,142,116,207,192,209,231
380,28,21,138,167,2,201,45,82,20
380,29,78,206,231,173,23,56,50,139
380,30,165,238,28,12,90,55,130,70
380,31,111,71,40,38,70,43,113,107
380,32,22,61,14,40,197,28,75,62
380,33,5,103,12,179,250,201,54,68
380,34,227,94,5,109,11,225,235,175
380,35,63,214,244,3,210,151,20,85
380,36,48,24,193,251,129,57,239,145
380,37,14,147,162,57,241,83,227,43
380,38,75,44,250,124,244,39,126,185
380,39,254,62,181,77,242,52,13,177
381,0,55,178,65,76,214,194,175,12
381,1,236,44,206,42,50,10,32,230
381,2,235,253,149,71,207,181,3,130
381,3,44,234,217,66,0,213,90,254
381,4,44,30,190,243,51,82,148,169
381,5,81,33,14,48,5,168,195,236
381,6,57,245,25,149,241,108,39,37
381,7,16,223,1,146,220,239,95,253
381,8,68,88,207,201,124,183,222,28
381,9,4,14,24,145,5,234,146,128
381,10,31,19,216,143,85,246,159,228
381,11,84,103,109,231,222,85,220,212
381,12,46,57,132,12,121,107,32,7
381,13,230,21,133,123,48,122,18,199
381,14,156,172,169,206,22,235,146,186
381,15,22,79,33,239,209,192,197,146
381,16,167,45,219,42,2,190,66,22
381,17,164,231,213,50,206,23,7,143
381,18,12,165,190,215,28,90,72,70
381,19,111,71,40,43,38,218,85,211
381,20,88,49,207,68,201,124,121,222
381,21,14,4,145,146,200,110,105,36
381,22,31,216,19,159,242,51,228,143
381,23,59,218,220,103,85,250,231,203
381,24,46,7,11,128,132,217,181,56
381,25,230,81,48,21,19,156,76,228
381,26,203,172,169,206,39,156,75,146
381,27,142,22,33,207,197,192,239,96
381,28,21,237,167,2,190,99,71,186
381,29,206,164,50,173,7,21,132,139
381,30,70,90,165,63,11,190,188,12
381,31,71,251,38,185,111,199,60,178
381,32,62,18,48,246,91,40,102,61
381,33,234,107,95,237,11,248,224,68
381,34,240,175,72,225,64,28,70,235
381,35,191,85,63,236,20,2,161,94
381,36,202,142,195,246,152,67,39,211
381,37,161,83,60,174,43,193,45,135
381,38,201,234,119,75,44,9,30,215
381,39,246,250,1,92,248,215,252,220
382,0,96,226,146,80,171,194,198,243
382,1,134,236,32,133,185,169,2,232
382,2,254,71,249,183,127,46,142,239
382,3,188,221,90,53,240,122,44,66
382,4,190,60,30,119,181,82,105,180
382,5,81,61,195,66,102,48,33,194
382,6,16,57,25,245,37,119,48,49
382,7,16,1,239,220,217,167,219,253
382,8,68,112,124,88,207,201,183,157
382,9,206,14,4,5,145,24,102,146
382,10,31,216,19,143,163,159,228,85
382,11,18,207,142,109,69,85,103,21
382,12,46,67,132,106,57,7,121,98
382,13,200,230,48,199,81,76,18,123
382,14,156,172,235,38,186,218,169,238
382,15,241,22,33,209,166,239,96,76
382,16,167,45,190,13,21,149,2,90
382,17,231,102,155,206,23,188,50,7
382,18,12,165,28,6,238,215,162,251
382,19,71,40,111,70,175,43,107,245
382,20,222,112,68,207,88,124,74,66
382,21,206,4,24,236,14,110,234,145
382,22,163,85,143,31,119,246,128,47
382,23,18,142,101,207,84,109,212,208
382,24,46,67,57,7,121,107,132,203
382,25,48,122,199,200,133,181,249,195
382,26,172,156,22,235,38,39,146,186
382,27,22,231,209,166,142,33,241,207
382,28,21,167,8,42,149,45,140,78
382,29,23,231,155,173,206,56,191,213
382,30,28,165,6,206,12,238,70,1
382,31,40,38,71,111,245,107,175,43
382,32,89,61,194,17,142,40,177,217
382,33,68,214,237,23,94,122,117,154
382,34,225,187,182,173,235,155,19,28
382,35,63,7,236,218,20,73,184,111
382,36,253,0,139,211,193,145,242,42
382,37,164,84,220,45,143,94,28,83
382,38,75,136,3,22,244,44,101,86
382,39,16,23,254,145,62,181,52,14
383,0,65,2,218,212,223,86,157,1
383,1,153,253,98,131,17,48,190,117
383,2,211,139,183,46,249,127,180,239
383,3,90,44,53,240,197,156,188,190
383,4,190,30,180,178,27,51,202,3
383,5,14,213,252,89,48,178,168,155
383,6,129,2,71,174,37,108,100,240
383,7,16,131,61,253,71,1,157,217
383,8,207,68,222,186,157,201,124,66
383,9,14,24,234,105,4,192,231,198
383,10,31,159,143,246,85,170,47,187
383,11,109,201,250,17,207,147,156,94
383,12,46,132,57,121,12,55,97,107
383,13,124,100,48,195,76,199,155,81
383,14,172,235,186,38,6,156,40,218
383,15,22,44,142,110,219,239,241,146
383,16,167,10,22,90,232,45,119,233
383,17,206,155,213,245,7,126,235,23
383,18,165,162,12,28,63,237,9,21
383,19,40,38,71,253,225,43,175,111
383,20,68,207,222,157,186,74,66,88
383,21,200,14,105,110,4,24,206,234
383,22,159,31,47,85,246,170,154,17
383,23,109,250,142,207,156,11,147,17
383,24,46,55,67,7,132,101,107,65
383,25,124,100,48,249,79,195,126,30
383,26,172,235,225,146,38,218,40,190
383,27,22,44,51,241,231,76,209,52
383,28,22,201,167,10,42,45,78,73
383,29,173,235,213,23,126,101,231,157
383,30,165,28,237,62,206,214,70,21
383,31,38,40,71,217,225,60,111,175
383,32,157,142,61,174,116,57,22,75
383,33,237,18,161,59,206,198,182,177
383,34,225,205,164,249,175,227,11,45
383,35,63,132,203,7,34,210,54,95
383,36,251,145,148,172,117,48,252,55
383,37,196,92,50,14,55,109,162,126
383,38,124,75,132,47,3,44,249,244
383,39,166,254,177,13,15,77,224,52
384,0,250,239,116,1,69,134,50,136
384,1,150,88,154,253,105,131,101,116
384,2,211,177,94,218,127,83,97,189
384,3,44,0,53,90,234,239,63,197
384,4,190,180,30,27,51,178,250,44
384,5,14,252,89,48,81,168,178,5
384,6,129,2,174,37,56,42,114,71
384,7,16,253,1,131,146,95,83,129
384,8,68,207,222,88,124,183,186,109
384,9,14,4,24,105,231,234,146,160
384,10,31,159,85,98,47,170,246,143
384,11,109,199,250,201,17,169,84,147
384,12,46,132,57,121,107,12,131,249
384,13,124,48,228,76,133,81,192,195
384,14,172,235,156,186,169,218,206,146
384,15,22,44,146,79,142,239,71,49
384,16,167,22,45,2,219,90,71,233
384,17,213,7,50,23,56,229,173,114
384,18,12,165,90,215,21,28,251,151
384,19,71,111,38,119,40,43,245,218
384,20,207,88,184,74,68,222,107,49
384,21,14,4,146,105,200,160,145,231
384,22,31,159,51,47,98,216,81,85
384,23,201,109,250,203,147,169,37,158
384,24,46,7,128,132,11,217,65,181
384,25,48,81,228,156,19,21,76,124
384,26,203,206,75,218,172,156,40,39
384,27,22,142,207,71,186,44,96,123
384,28,237,167,21,2,99,186,71,146
384,29,7,206,213,50,115,139,173,21
384,30,70,90,188,190,81,186,11,165
384,31,251,71,178,111,68,91,199,185
384,32,48,62,18,91,201,102,61,177
384,33,107,132,237,224,28,49,38,248
384,34,175,64,240,95,70,28,183,235
384,35,85,2,94,20,191,161,236,151
384,36,202,195,246,152,67,142,117,211
384,37,83,161,60,174,43,135,56,45
384,38,201,234,44,9,119,163,30,39
384,39,246,250,1,92,248,215,252,15
385,0,127,63,188,111,202,85,50,227
385,1,43,158,198,235,117,223,232,107
385,2,23,127,46,152,169,239,183,70
385,3,116,55,90,171,20,53,240,234
385,4,12,215,71,30,82,190,126,172
385,5,169,249,253,68,29,89,11,138
385,6,235,37,2,42,56,61,243,178
385,7,56,40,1,16,253,219,242,239
385,8,65,88,207,201,107,103,68,124
385,9,96,239,14,145,5,4,24,146
385,10,24,31,218,114,51,143,19,216
385,11,114,203,250,238,207,216,17,79
385,12,132,7,160,206,56,46,52,12
385,13,38,81,48,21,123,228,124,76
385,14,169,206,75,146,218,39,235,234
385,15,96,22,44,192,207,142,57,33
385,16,167,71,2,180,237,21,45,90
385,17,50,197,7,139,143,114,92,115
385,18,188,215,12,190,135,165,70,11
385,19,218,111,71,119,178,230,113,40
385,20,184,201,88,124,207,49,120,7
385,21,239,14,146,96,4,89,102,200
385,22,31,24,51,140,114,81,143,7
385,23,114,250,216,203,109,103,101,207
385,24,132,206,181,46,7,219,217,95
385,25,48,38,228,156,21,81,51,124
385,26,206,75,172,241,156,174,220,39
385,27,44,142,22,123,207,135,192,186
385,28,21,167,237,13,231,226,2,211
385,29,206,218,7,115,50,139,173,143
385,30,70,190,11,238,188,12,165,4
385,31,71,251,185,199,68,178,91,170
385,32,221,62,201,48,91,18,195,40
385,33,121,107,28,224,96,38,248,253
385,34,81,95,70,208,64,235,171,28
385,35,196,2,161,20,236,94,151,132
385,36,202,195,117,246,152,0,67,211
385,37,161,60,83,174,43,135,45,220
385,38,234,201,44,9,30,39,126,162
385,39,250,246,183,1,92,252,23,72
386,0,46,102,65,84,212,218,250,110
386,1,171,228,221,63,92,255,117,42
386,2,23,94,110,183,230,201,180,166
386,3,202,90,55,214,53,240,15,156
386,4,71,30,12,37,215,164,112,176
386,5,254,100,67,169,253,14,249,89
386,6,178,235,2,73,42,61,142,37
386,7,56,40,1,16,253,242,219,79
386,8,88,207,65,201,103,13,186,124
386,9,96,14,240,145,4,5,102,146
386,10,31,24,114,51,1,218,159,7
386,11,17,114,250,207,109,216,49,236
386,12,132,7,206,46,52,56,12,95
386,13,38,124,48,81,21,228,123,76
386,14,172,169,101,206,156,186,234,218
386,15,22,44,96,146,192,197,142,207
386,16,167,2,180,237,21,45,90,13
386,17,50,197,213,7,139,206,23,56
386,18,188,135,12,11,215,165,190,73
386,19,111,71,119,178,218,40,91,38
386,20,184,201,207,88,120,124,13,7
386,21,14,240,146,96,4,105,89,102
386,22,31,24,140,51,114,81,159,17
386,23,109,250,216,114,101,103,156,113
386,24,132,181,46,206,219,7,217,43
386,25,48,38,228,156,124,51,30,175
386,26,206,220,75,93,174,39,156,218
386,27,44,142,22,123,207,192,7,135
386,28,21,167,226,146,13,42,2,231
386,29,206,213,157,7,50,139,56,218
386,30,70,11,188,165,190,238,12,4
386,31,71,251,199,185,225,230,170,68
386,32,116,221,62,102,18,91,246,75
386,33,182,107,121,28,224,38,248,244
386,34,81,70,205,95,64,208,28,171
386,35,196,161,2,20,132,92,236,94
386,36,202,195,246,152,117,193,251,42
386,37,161,83,60,174,43,135,45,15
386,38,234,201,44,9,30,126,39,163
386,39,246,250,1,183,92,252,72,220
387,0,50,186,242,234,144,84,188,250
387,1,29,198,221,255,126,79,117,105
387,2,127,23,94,110,72,64,150,201
387,3,213,155,116,90,202,15,214,95
387,4,164,30,71,12,94,37,239,82
387,5,81,253,169,236,115,33,48,52
387,6,178,42,37,235,136,2,48,142
387,7,16,219,239,146,242,56,243,95
387,8,88,201,124,207,183,68,13,222
387,9,96,14,5,4,145,200,24,146
387,10,31,159,114,218,1,51,143,9
387,11,17,116,114,250,103,153,109,207
387,12,206,46,132,7,121,12,101,95
387,13,48,124,38,123,81,100,249,228
387,14,172,169,234,218,101,206,6,39
387,15,22,44,146,96,239,49,197,192
387,16,180,167,21,90,20,66,2,55
387,17,197,50,206,213,7,157,173,23
387,18,188,11,165,12,238,190,70,73
387,19,91,111,71,178,184,113,42,107
387,20,201,207,184,88,7,124,65,214
387,21,96,14,240,146,4,105,89,145
387,22,31,114,50,0,51,24,140,252
387,23,109,250,114,216,103,17,95,101
387,24,132,206,181,46,7,217,219,65
387,25,228,48,38,156,111,51,30,81
387,26,206,39,93,174,75,220,101,218
387,27,142,192,123,44,22,7,207,135
387,28,21,226,146,167,13,42,231,2
387,29,213,206,50,139,7,157,218,56
387,30,70,11,190,238,12,188,165,4
387,31,71,251,199,185,170,230,113,111
387,32,62,221,102,40,195,201,61,18
387,33,36,97,107,6,244,38,37,224
387,34,70,212,255,64,95,81,202,28
387,35,161,2,20,92,196,236,49,44
387,36,234,202,152,246,193,117,195,42
387,37,83,161,60,174,45,135,43,227
387,38,234,44,9,30,126,39,97,15
387,39,165,252,92,179,15,250,23,220
388,0,233,80,117,96,226,227,221,119
388,1,120,92,88,171,96,94,184,188
388,2,127,94,189,52,183,23,186,46
388,3,255,213,214,162,202,91,14,60
388,4,71,119,37,12,254,55,30,171
388,5,169,253,254,82,194,18,221,215
388,6,178,235,73,90,142,37,2,200
388,7,56,181,219,239,1,79,243,16
388,8,201,88,207,103,65,124,184,7
388,9,96,14,4,5,145,200,146,21
388,10,31,24,114,218,51,0,174,7
388,11,250,17,216,207,114,18,153,109
388,12,132,206,7,95,46,43,52,181
388,13,48,228,124,123,38,111,156,72
388,14,206,169,172,156,75,101,39,186
388,15,22,96,207,192,44,123,142,237
388,16,21,13,167,146,237,2,180,42
388,17,50,139,7,206,213,231,197,56
388,18,12,135,188,11,190,70,238,215
388,19,111,230,113,71,218,42,228,40
388,20,184,201,124,222,7,88,120,13
388,21,96,146,102,4,14,24,200,105
388,22,140,31,24,81,143,51,159,117
388,23,216,109,103,101,113,250,208,212
388,24,219,181,46,206,132,217,95,43
388,25,228,48,156,38,175,76,196,123
388,26,206,174,39,75,14,156,67,93
388,27,142,192,7,54,135,22,207,123
388,28,21,146,2,231,42,226,167,199
388,29,206,139,213,7,50,157,218,55
388,30,70,188,4,238,11,190,12,221
388,31,71,199,251,230,170,185,113,60
388,32,221,89,102,62,40,17,18,61
388,33,105,107,244,121,224,38,248,253
388,34,81,70,95,208,64,235,220,28
388,35,132,161,2,20,92,94,236,151
388,36,202,246,152,195,253,193,117,42
388,37,83,161,60,174,43,45,135,158
388,38,234,44,201,9,126,30,39,97
388,39,246,252,1,250,248,92,15,220
389,0,186,234,242,144,177,92,152,223
389,1,223,155,197,5,208,255,52,165
389,2,150,230,110,86,92,23,157,183
389,3,155,66,213,234,90,58,202,2
389,4,94,71,30,164,169,93,12,168
389,5,93,115,6,33,66,52,81,48
389,6,178,123,235,92,115,2,142,185
389,7,1,239,243,16,181,220,219,4
389,8,124,184,201,7,88,38,183,207
389,9,96,4,200,5,14,146,102,145
389,10,31,143,51,117,218,174,15,114
389,11,116,103,216,153,28,250,17,196
389,12,132,46,181,32,7,217,95,206
389,13,228,48,123,124,156,38,72,216
389,14,206,172,169,156,75,174,39,14
389,15,22,192,142,247,123,207,135,76
389,16,21,167,146,237,45,2,193,71
389,17,206,50,78,7,139,190,231,36
389,18,70,190,12,238,135,11,4,215
389,19,60,230,111,71,218,42,228,40
389,20,88,7,201,184,13,208,124,38
389,21,96,146,102,200,4,14,190,89
389,22,0,140,216,31,117,51,81,143
389,23,116,103,250,216,59,151,28,79
389,24,217,128,7,46,181,132,65,95
389,25,48,228,19,38,97,156,21,81
389,26,206,40,101,146,174,93,218,172
389,27,142,22,44,5,192,7,207,135
389,28,21,193,230,82,78,167,2,196
389,29,88,49,206,61,173,78,56,7
389,30,50,70,238,165,162,4,12,11
389,31,60,135,251,71,230,185,28,170
389,32,120,179,86,125,40,61,91,18
389,33,104,36,250,97,37,38,49,6
389,34,28,109,44,238,212,255,90,235
389,35,49,148,190,92,74,145,121,20
389,36,147,227,39,115,234,148,42,98
389,37,27,78,193,15,83,241,145,84
389,38,215,119,169,139,75,44,251,250
389,39,158,231,72,252,224,122,179,15
390,0,123,229,249,216,196,7,105,242
390,1,225,231,244,93,155,27,150,118
390,2,103,17,4,163,227,73,109,176
390,3,133,187,235,152,31,37,231,212
390,4,142,102,30,236,222,13,167,251
390,5,104,186,193,236,6,253,90,5
390,6,167,61,123,153,107,172,142,178
390,7,29,23,79,1,10,239,253,4
390,8,207,234,88,7,107,201,184,84
390,9,13,94,29,164,145,197,203,35
390,10,169,130,63,31,51,216,222,72
390,11,189,236,42,250,107,147,216,103
390,12,26,74,32,128,63,132,7,65
390,13,43,123,156,29,147,124,134,154
390,14,75,146,124,169,186,51,206,52
390,15,22,213,192,162,181,81,207,71
390,16,5,167,196,233,46,71,243,90
390,17,250,61,115,166,50,87,255,172
390,18,205,50,57,179,187,197,12,190
390,19,109,130,205,252,111,39,20,4
390,20,234,88,115,207,56,116,239,4
390,21,13,29,197,94,164,203,146,47
390,22,169,130,198,196,63,222,35,236
390,23,189,42,62,107,111,128,56,147
390,24,74,26,65,220,63,15,160,1
390,25,43,147,48,134,123,29,154,6
390,26,32,52,124,169,60,51,75,148
390,27,181,87,81,165,200,162,57,192
390,28,136,5,167,133,188,99,150,196
390,29,250,255,172,76,50,87,229,139
390,30,81,179,205,187,12,115,106,21
390,31,39,252,130,205,109,111,4,251
390,32,98,134,131,99,106,77,186,201
390,33,183,238,49,232,126,116,73,86
390,34,84,207,180,96,101,171,235,62
390,35,145,57,22,63,153,160,20,3
390,36,181,120,70,98,235,14,211,193
390,37,190,145,31,58,143,227,182,105
390,38,75,148,92,71,213,250,123,97
390,39,2,69,189,38,213,217,254,146
391,0,57,110,56,127,32,157,238,165
391,1,117,73,242,112,118,72,122,179
391,2,80,33,121,255,165,60,133,243
391,3,70,171,191,131,119,219,72,254
391,4,118,74,254,122,255,30,242,27
391,5,144,24,169,5,248,44,147,30
391,6,183,208,164,137,89,193,230,191
391,7,1,101,56,10,145,221,210,37
391,8,207,234,88,186,184,84,201,176
391,9,13,148,217,156,47,105,93,151
391,10,24,72,114,91,161,73,62,84
391,11,27,210,147,195,66,106,95,236
391,12,191,155,84,138,65,132,154,18
391,13,22,168,18,48,28,41,30,29
391,14,75,61,60,32,213,178,51,186
391,15,203,88,22,110,71,87,250,207
391,16,167,136,46,161,233,0,249,90
391,17,50,166,17,229,56,132,205,16
391,18,159,12,115,205,190,103,21,113
391,19,111,39,252,228,178,42,200,199
391,20,207,88,184,186,234,115,35,201
391,21,148,13,47,197,130,146,89,149
391,22,35,72,114,24,222,123,91,196
391,23,27,147,107,210,195,66,250,3
391,24,191,138,65,155,84,181,132,234
391,25,22,48,30,41,113,29,123,18
391,26,60,75,32,52,156,61,241,178
391,27,203,110,71,88,250,192,87,20
391,28,167,136,161,119,99,188,66,46
391,29,214,50,139,17,16,23,205,7
391,30,81,159,135,115,71,103,177,21
391,31,91,39,181,251,111,199,228,107
391,32,201,192,221,106,91,48,212,131
391,33,96,58,121,151,116,107,38,205
391,34,226,208,56,171,175,95,252,235
391,35,22,85,99,218,20,135,5,94
391,36,1,211,195,117,246,152,202,62
391,37,67,56,143,174,161,48,83,60
391,38,201,101,9,195,234,30,213,50
391,39,246,1,250,215,92,37,248,15
392,0,250,10,84,228,93,102,242,225
392,1,117,211,111,72,29,118,65,255
392,2,33,133,230,80,15,240,134,239
392,3,214,19,202,234,177,70,172,199
392,4,112,74,30,122,118,71,94,98
392,5,169,144,44,254,100,69,5,67
392,6,73,183,208,42,166,142,172,69
392,7,1,79,10,101,239,7,32,74
392,8,207,159,184,186,35,88,103,56
392,9,128,151,13,47,14,156,217,197
392,10,114,72,222,62,91,161,35,24
392,11,66,27,147,247,236,195,114,106
392,12,191,155,138,35,132,65,43,154
392,13,48,18,22,123,111,168,38,28
392,14,75,241,218,169,60,131,119,186
392,15,110,192,88,22,71,87,213,8
392,16,136,167,188,95,46,181,66,231
392,17,166,132,50,229,197,187,139,255
392,18,205,159,12,142,190,103,115,31
392,19,252,111,178,39,113,170,51,146
392,20,88,35,207,159,103,186,115,201
392,21,13,217,151,197,156,14,146,11
392,22,114,62,63,72,196,222,35,24
392,23,66,42,27,147,107,247,195,236
392,24,138,191,206,65,155,19,220,132
392,25,123,29,48,22,18,111,228,70
392,26,52,169,75,241,83,131,206,156
392,27,110,192,13,142,57,120,162,8
392,28,136,188,167,66,99,31,119,71
392,29,255,166,139,50,229,7,187,16
392,30,81,205,159,12,142,103,106,190
392,31,252,111,39,113,225,170,51,71
392,32,201,96,106,186,40,77,221,107
392,33,238,58,6,116,189,205,97,232
392,34,180,212,101,9,95,207,205,196
392,35,153,145,22,80,3,63,151,61
392,36,98,181,193,234,34,117,8,120
392,37,31,241,190,84,227,90,250,175
392,38,250,75,86,97,244,44,126,213
392,39,62,9,145,241,181,52,242,146
393,0,165,57,110,157,56,131,59,71
393,1,79,63,234,222,117,67,180,16
393,2,238,123,234,120,251,33,84,65
393,3,214,171,70,105,237,85,49,20
393,4,74,254,138,172,122,213,17,79
393,5,169,250,249,11,147,5,144,100
393,6,42,73,107,147,61,142,198,230
393,7,1,79,239,56,10,101,3,109
393,8,35,120,88,207,186,65,103,201
393,9,151,148,217,96,14,13,93,5
393,10,46,63,24,114,72,252,222,155
393,11,42,210,195,236,66,93,27,49
393,12,132,56,152,7,207,181,138,30
393,13,228,123,18,48,173,96,111,75
393,14,169,75,156,206,14,101,11,241
393,15,192,22,120,13,209,96,108,207
393,16,42,71,146,167,122,99,95,31
393,17,50,139,92,231,254,101,187,137
393,18,12,190,251,205,232,165,238,103
393,19,111,113,43,252,170,146,40,230
393,20,88,201,165,184,35,222,208,132
393,21,146,4,102,5,220,11,145,234
393,22,143,232,46,204,63,24,117,31
393,23,80,103,84,210,101,42,113,26
393,24,181,59,152,207,132,56,42,7
393,25,228,123,81,18,51,72,29,175
393,26,169,156,75,14,206,213,72,210
393,27,192,142,120,203,135,108,13,110
393,28,188,31,42,181,71,99,167,21
393,29,104,139,229,50,206,255,218,187
393,30,159,190,81,188,12,103,26,142
393,31,252,71,225,111,113,199,146,39
393,32,221,201,102,48,107,106,40,62
393,33,205,96,121,224,6,116,107,143
393,34,95,208,175,64,220,34,90,70
393,35,2,85,94,99,5,61,151,145
393,36,67,195,117,202,246,152,248,39
393,37,56,43,60,161,135,174,207,227
393,38,195,163,201,231,234,44,8,67
393,39,246,138,1,215,92,250,15,235
394,0,122,194,84,102,228,57,14,88
394,1,29,117,255,37,72,65,57,90
394,2,120,234,238,123,173,101,68,134
394,3,116,20,214,171,203,236,199,141
394,4,74,12,172,254,215,30,79,247
394,5,169,250,11,249,159,69,144,88
394,6,42,61,107,73,147,142,136,182
394,7,79,1,10,56,101,239,3,40
394,8,35,120,207,186,88,103,56,65
394,9,151,14,148,13,128,5,98,239
394,10,46,114,24,63,72,218,222,252
394,11,114,236,66,195,93,210,49,247
394,12,138,155,191,65,35,154,56,206
394,13,38,48,123,111,137,18,22,28
394,14,75,241,83,169,218,93,206,213
394,15,192,120,22,110,207,213,8,13
394,16,188,136,167,95,137,66,181,90
394,17,166,104,50,218,187,139,229,92
394,18,205,12,190,142,159,103,246,106
394,19,111,252,113,178,170,71,146,51
394,20,88,35,120,201,4,186,103,207
394,21,13,151,146,11,197,14,145,5
394,22,46,114,63,24,72,218,143,196
394,23,114,66,103,107,27,49,12,101
394,24,138,191,206,65,152,19,181,155
394,25,123,38,228,48,29,111,18,22
394,26,169,52,75,241,180,114,206,205
394,27,192,110,142,120,13,207,8,57
394,28,188,31,136,167,99,66,20,119
394,29,218,139,104,187,50,229,255,166
394,30,81,190,12,159,103,26,251,238
394,31,252,71,113,111,51,170,225,42
394,32,221,201,40,106,102,107,21,194
394,33,121,168,205,6,96,116,224,122
394,34,95,208,81,55,15,34,70,220
394,35,39,99,61,151,145,20,76,3
394,36,117,49,195,67,193,34,202,11
394,37,15,241,227,193,220,84,90,145
394,38,250,44,97,86,80,126,139,39
394,39,72,244,241,36,183,68,15,52
395,0,46,157,233,63,180,40,122,250
395,1,126,29,221,223,79,111,117,188
395,2,234,238,120,194,236,101,84,23
395,3,214,236,213,20,234,148,202,55
395,4,122,37,105,119,228,172,139,74
395,5,114,236,250,100,194,5,178,34
395,6,42,107,61,142,147,182,62,136
395,7,101,10,79,1,239,40,44,109
395,8,35,207,88,103,201,212,186,164
395,9,217,151,178,13,14,98,146,93
395,10,63,114,62,46,222,72,55,218
395,11,42,236,66,195,49,147,27,107
395,12,56,7,67,132,154,152,19,191
395,13,123,228,18,111,29,48,28,156
395,14,169,75,241,206,156,93,14,146
395,15,120,192,22,13,207,142,230,96
395,16,13,71,188,167,122,42,66,99
395,17,166,139,50,92,132,187,36,231
395,18,12,190,205,103,165,232,251,26
395,19,111,113,252,146,170,71,4,178
395,20,88,201,35,184,212,4,165,207
395,21,217,146,13,178,145,11,4,5
395,22,62,236,114,143,63,232,51,31
395,23,42,103,207,84,101,12,66,236
395,24,59,181,132,56,152,19,67,207
395,25,123,228,29,51,81,18,48,14
395,26,169,146,83,156,206,114,75,241
395,27,120,192,142,13,110,96,57,207
395,28,31,167,99,45,42,71,122,188
395,29,255,229,139,102,50,231,187,92
395,30,12,205,159,251,103,165,81,28
395,31,111,252,113,170,40,218,71,107
395,32,96,40,186,61,42,201,116,62
395,33,238,232,11,122,116,58,245,182
395,34,180,207,101,205,196,235,102,70
395,35,63,184,145,153,61,151,3,255
395,36,181,193,210,98,34,8,244,11
395,37,84,31,241,227,57,147,90,220
395,38,75,250,86,44,244,97,126,22
395,39,62,145,181,242,52,146,9,254
396,0,222,55,242,223,203,124,224,211
396,1,153,59,245,42,49,125,37,79
396,2,58,193,216,3,5,157,89,32
396,3,44,197,243,66,61,16,234,32
396,4,178,51,30,137,158,207,169,80
396,5,81,228,48,168,33,102,5,52
396,6,82,174,48,172,232,126,168,25
396,7,146,239,220,1,130,217,109,246
396,8,88,222,183,201,68,207,128,124
396,9,24,234,4,65,128,192,146,102
396,10,85,146,119,228,7,31,143,232
396,11,231,37,84,157,59,70,225,30
396,12,57,50,208,12,125,46,121,107
396,13,122,19,13,123,181,18,228,239
396,14,156,232,169,11,235,172,14,206
396,15,22,209,239,192,157,142,13,146
396,16,167,42,102,53,122,118,95,59
396,17,23,231,188,19,213,214,191,137
396,18,12,165,28,90,238,251,190,1
396,19,111,40,247,48,43,175,71,113
396,20,222,88,183,201,207,28,124,121
396,21,24,146,4,102,234,5,145,14
396,22,146,228,246,143,119,85,31,232
396,23,231,70,84,157,37,164,103,225
396,24,50,57,11,56,7,59,46,132
396,25,123,228,13,81,51,19,18,22
396,26,156,213,169,206,196,75,14,232
396,27,192,142,13,209,35,197,157,96
396,28,181,31,42,53,21,99,167,237
396,29,229,206,132,139,62,50,231,187
396,30,90,12,190,103,165,188,251,28
396,31,111,252,199,113,146,170,40,107
396,32,62,48,102,40,85,22,246,12
396,33,107,56,139,122,189,181,224,143
396,34,175,240,195,48,252,70,95,220
396,35,94,2,85,185,61,5,151,236
396,36,202,246,152,67,195,248,125,142
396,37,161,60,174,135,43,83,227,56
396,38,234,30,201,9,44,163,126,119
396,39,92,250,138,246,1,125,215,44
397,0,175,234,55,74,13,242,31,177
397,1,64,232,49,59,174,87,141,162
397,2,38,252,200,230,150,110,19,86
397,3,155,53,44,66,153,156,94,86
397,4,94,71,30,202,51,93,63,169
397,5,115,194,33,93,187,52,225,30
397,6,235,123,92,61,48,108,232,25
397,7,239,40,181,243,228,220,109,1
397,8,88,124,38,201,7,103,183,222
397,9,5,96,14,4,102,24,145,120
397,10,218,140,9,114,143,7,5,15
397,11,153,216,114,103,208,207,113,101
397,12,206,95,56,7,132,181,32,59
397,13,123,38,116,48,228,22,36,18
397,14,156,169,206,14,232,11,186,230
397,15,123,157,192,22,209,76,207,142
397,16,21,20,122,13,42,167,99,188
397,17,206,231,197,236,50,92,139,240
397,18,12,190,238,165,103,70,3,232
397,19,111,113,71,60,146,252,40,178
397,20,88,38,201,124,7,242,222,199
397,21,96,4,24,14,146,5,11,102
397,22,140,0,218,5,9,143,232,114
397,23,103,153,216,84,15,101,114,208
397,24,95,59,181,206,57,46,222,152
397,25,123,228,51,116,38,48,29,249
397,26,156,206,220,169,39,93,14,186
397,27,142,192,248,123,207,197,157,13
397,28,21,230,42,54,118,31,33,231
397,29,206,236,139,231,56,187,114,92
397,30,69,12,238,165,103,251,190,214
397,31,60,111,113,71,170,151,107,230
397,32,195,40,62,120,109,86,146,61
397,33,37,97,36,217,12,181,94,122
397,34,90,212,255,109,187,188,28,19
397,35,49,44,145,151,60,196,100,61
397,36,147,234,0,193,8,42,34,11
397,37,84,220,193,241,93,83,45,227
397,38,44,250,139,126,162,39,244,70
397,39,224,23,241,146,127,68,15,52
398,0,187,242,96,146,52,250,133,116
398,1,96,40,209,232,183,80,253,206
398,2,114,176,44,155,35,137,73,110
398,3,192,155,247,170,122,66,86,213
398,4,71,55,94,30,180,216,12,34
398,5,194,115,93,33,225,52,19,221
398,6,123,235,92,55,142,204,178,241
398,7,228,239,181,4,243,220,95,109
398,8,88,38,201,124,7,103,183,132
398,9,5,14,102,145,4,24,120,96
398,10,143,5,218,7,140,9,15,76
398,11,216,153,103,79,130,186,114,207
398,12,95,154,206,32,132,59,181,57
398,13,123,116,195,228,48,76,38,249
398,14,156,169,232,14,206,75,11,39
398,15,22,192,209,76,157,123,207,230
398,16,21,13,42,66,33,167,118,99
398,17,231,114,50,139,92,206,137,236
398,18,12,214,165,215,103,190,238,251
398,19,111,71,113,107,40,211,216,43
398,20,88,124,38,49,222,201,7,68
398,21,4,146,24,145,102,236,120,5
398,22,232,140,5,143,51,128,71,85
398,23,79,103,84,101,153,130,216,207
398,24,57,181,59,95,46,207,206,121
398,25,228,195,123,51,116,76,133,122
398,26,156,206,39,186,11,75,114,251
398,27,192,142,207,123,76,22,234,248
398,28,21,42,20,118,31,231,54,146
398,29,206,139,236,114,231,23,56,187
398,30,12,214,69,238,251,103,221,215
398,31,111,113,71,60,170,107,40,102
398,32,40,195,194,61,62,146,206,17
398,33,12,97,94,122,37,217,40,154
398,34,212,187,188,19,70,90,255,102
398,35,214,100,151,49,3,92,61,244
398,36,193,0,8,234,42,239,129,34
398,37,241,84,220,57,227,147,45,90
398,38,250,44,244,97,126,22,86,162
398,39,23,52,16,68,145,242,62,181
399,0,181,82,251,107,39,83,221,245
399,1,158,40,96,206,176,183,248,134
399,2,112,205,0,178,191,24,1,48
399,3,216,5,14,247,102,109,164,111
399,4,156,60,216,155,82,202,180,69
399,5,194,174,19,142,33,93,134,221
399,6,123,115,149,55,77,108,49,175
399,7,239,228,4,220,1,195,167,84
399,8,88,68,38,201,124,49,7,183
399,9,5,4,145,120,14,24,146,102
399,10,68,143,5,126,76,134,128,51
399,11,64,79,207,130,216,208,103,21
399,12,154,232,95,132,106,206,57,181
399,13,195,123,230,164,76,228,48,122
399,14,156,169,39,75,186,232,14,206
399,15,22,192,207,209,76,230,142,13
399,16,45,167,13,42,21,31,118,33
399,17,139,231,114,50,26,137,23,92
399,18,12,215,214,165,103,190,238,251
399,19,111,113,107,71,211,245,43,237
399,20,88,124,222,49,201,184,132,43
399,21,146,4,145,24,231,102,5,236
399,22,68,232,51,143,31,81,117,140
399,23,103,64,84,79,101,207,202,17
399,24,181,57,207,46,59,132,121,219
399,25,228,164,123,195,51,76,133,199
399,26,206,156,39,75,11,114,22,186
399,27,192,142,207,123,234,22,5,197
399,28,21,20,42,146,31,118,2,231
399,29,26,206,139,231,114,187,23,50
399,30,238,55,12,221,214,190,251,103
399,31,237,113,111,170,60,107,71,230
399,32,224,40,197,206,62,61,101,91
399,33,179,12,201,156,217,122,154,40
399,34,49,217,188,70,90,102,213,28
399,35,224,214,100,3,151,92,244,55
399,36,24,255,193,239,42,57,129,210
399,37,241,50,14,227,57,147,90,45
399,38,146,44,250,244,97,86,162,126
399,39,62,13,85,177,181,52,242,252
400,0,177,55,78,109,152,217,224,223
400,1,236,252,245,219,186,240,37,215
400,2,191,221,182,157,228,176,19,24
400,3,16,44,66,234,247,197,248,157
400,4,30,51,243,93,137,169,1,158
400,5,115,52,93,33,84,48,142,238
400,6,25,185,50,108,123,238,115,104
400,7,239,246,163,228,146,137,60,167
400,8,124,47,201,88,68,183,43,34
400,9,4,24,146,5,145,220,128,102
400,10,97,109,143,66,117,85,140,31
400,11,103,15,208,212,84,2,209,146
400,12,181,57,207,47,206,95,66,166
400,13,228,195,123,230,199,48,51,238
400,14,156,206,169,39,11,232,218,186
400,15,192,142,178,22,234,13,207,209
400,16,21,42,45,2,186,167,154,82
400,17,206,231,114,139,50,78,23,181
400,18,238,12,108,130,198,26,209,70
400,19,247,71,60,111,179,113,43,251
400,20,47,88,201,124,165,167,49,0
400,21,146,4,24,220,250,11,14,219
400,22,194,216,140,97,233,66,146,117
400,23,103,59,79,231,216,146,113,208
400,24,210,157,166,181,55,47,119,217
400,25,230,195,228,48,169,116,76,123
400,26,39,220,206,93,156,48,218,210
400,27,178,142,192,5,123,207,79,112
400,28,21,56,82,20,42,190,186,2
400,29,206,19,114,126,78,92,181,216
400,30,108,238,55,12,209,165,151,63
400,31,111,60,247,37,113,179,71,185
400,32,80,248,40,14,92,18,144,76
400,33,11,122,133,250,54,154,12,242
400,34,249,94,15,80,18,72,59,177
400,35,185,77,55,106,236,176,100,180
400,36,21,79,17,138,37,228,39,115
400,37,214,110,196,45,126,17,210,244
400,38,150,141,149,156,197,39,133,52
400,39,91,83,251,209,66,142,50,196
401,0,239,209,240,116,159,17,52,167
401,1,236,89,149,80,9,88,209,37
401,2,191,24,176,19,21,229,17,203
401,3,197,247,234,132,66,41,163,48
401,4,30,243,221,51,137,158,93,180
401,5,115,33,19,238,93,81,66,52
401,6,25,123,185,175,18,238,104,115
401,7,239,246,167,60,146,228,1,95
401,8,124,88,201,68,49,183,43,132
401,9,4,146,24,5,145,11,14,128
401,10,143,117,232,85,5,7,31,66
401,11,103,79,84,59,209,248,216,212
401,12,181,57,132,59,7,210,121,207
401,13,195,228,123,76,230,51,181,133
401,14,156,206,39,11,169,232,75,14
401,15,192,22,209,207,13,234,197,76
401,16,42,21,45,167,2,33,186,31
401,17,231,114,139,50,206,23,137,187
401,18,12,215,238,5,214,190,103,73
401,19,111,113,71,211,43,181,107,170
401,20,88,49,201,124,184,165,43,34
401,21,146,4,145,24,14,102,11,105
401,22,216,51,117,140,5,232,143,31
401,23,103,79,59,84,216,231,113,38
401,24,181,128,217,210,7,59,157,46
401,25,230,228,195,19,192,123,116,76
401,26,156,206,39,146,93,220,75,235
401,27,192,142,207,123,76,197,234,231
401,28,190,21,193,82,42,2,33,167
401,29,88,206,78,19,21,255,114,231
401,30,63,50,165,12,238,250,162,251
401,31,111,60,247,71,113,170,151,252
401,32,18,40,179,76,109,144,80,61
401,33,11,181,139,104,122,250,12,56
401,34,94,44,195,72,28,109,101,18
401,35,185,236,55,148,214,145,100,184
401,36,79,39,44,115,48,129,142,202
401,37,162,27,14,227,126,45,241,57
401,38,250,39,119,44,80,79,97,244
401,39,77,62,9,44,89,242,244,231
402,0,229,249,216,196,123,105,7,242
402,1,225,244,231,93,27,118,155,117
402,2,162,163,103,17,4,176,229,210
402,3,133,187,31,152,235,231,84,212
402,4,167,30,142,102,222,13,251,236
402,5,104,6,161,236,193,186,90,235
402,6,123,167,61,153,245,175,142,200
402,7,239,29,23,109,1,79,228,242
402,8,234,88,207,7,201,212,184,35
402,9,94,13,29,145,4,11,146,203
402,10,216,169,130,5,63,51,114,248
402,11,103,189,236,79,216,42,248,170
402,12,56,26,32,7,63,128,132,59
402,13,123,29,43,228,51,18,28,48
402,14,156,169,206,75,124,14,11,146
402,15,192,13,22,207,81,142,209,250
402,16,5,42,196,122,71,99,167,188
402,17,166,61,250,231,139,50,92,172
402,18,12,190,57,50,205,187,251,5
402,19,111,130,205,113,146,252,43,109
402,20,88,234,201,184,212,207,4,165
402,21,29,13,4,146,94,145,102,11
402,22,169,236,130,143,198,51,62,31
402,23,42,189,103,84,236,250,79,62
402,24,26,63,74,181,132,128,160,56
402,25,228,43,29,123,147,81,48,51
402,26,146,156,206,169,124,75,51,172
402,27,120,192,81,207,181,22,197,209
402,28,5,42,167,99,133,45,71,196
402,29,255,250,231,172,50,76,229,23
402,30,28,12,179,205,187,81,251,1
402,31,130,111,252,205,40,109,43,175
402,32,98,61,186,99,96,134,40,201
402,33,183,232,238,126,116,122,73,86
402,34,84,207,180,235,101,96,225,34
402,35,63,145,153,57,20,184,218,73
402,36,181,211,120,70,193,98,244,202
402,37,193,190,31,58,84,143,182,45
402,38,75,71,92,148,213,250,3,44
402,39,2,189,69,38,254,52,213,146
403,0,185,32,68,106,66,56,242,147
403,1,117,242,202,118,84,122,86,226
403,2,133,58,121,60,255,80,10,219
403,3,214,92,219,202,131,217,73,32
403,4,139,118,30,8,242,182,54,88
403,5,223,147,114,44,238,69,5,21
403,6,183,164,3,208,42,166,110,104
403,7,109,19,101,239,2,1,16,79
403,8,88,207,201,234,35,68,183,164
403,9,206,19,156,13,151,145,24,4
403,10,142,163,62,114,161,72,31,155
403,11,69,27,109,195,156,18,221,236
403,12,155,191,138,132,56,57,136,154
403,13,22,123,228,48,220,81,29,200
403,14,156,169,11,146,39,14,206,241
403,15,103,192,120,22,96,207,209,142
403,16,232,167,42,119,13,71,45,66
403,17,155,231,188,229,50,139,102,92
403,18,159,165,12,162,158,215,6,190
403,19,111,71,43,113,178,179,107,34
403,20,68,88,207,222,201,124,112,43
403,21,206,19,4,24,14,146,234,145
403,22,142,163,128,85,51,143,59,31
403,23,69,18,27,84,195,207,103,101
403,24,57,203,7,46,121,67,181,132
403,25,81,22,123,200,51,228,122,239
403,26,146,38,156,232,235,169,172,39
403,27,103,209,241,142,17,120,192,22
403,28,232,42,149,167,119,45,118,30
403,29,155,231,23,188,180,102,56,191
403,30,165,28,158,6,1,12,159,9
403,31,111,40,71,216,175,43,179,107
403,32,175,61,37,17,42,171,40,217
403,33,117,214,23,94,10,142,40,122
403,34,28,58,12,187,182,54,45,235
403,35,7,255,63,73,184,71,3,60
403,36,245,244,0,8,193,210,25,112
403,37,84,164,220,221,241,227,45,90
403,38,136,75,244,44,22,4,250,39
403,39,16,23,145,146,14,52,254,181
404,0,122,110,57,88,157,56,59,68
404,1,190,28,202,89,60,72,117,166
404,2,185,33,47,125,78,80,58,238
404,3,70,19,42,121,44,234,90,32
404,4,30,139,133,2,74,60,138,126
404,5,223,24,144,174,147,3,114,48
404,6,243,42,48,58,104,174,3,191
404,7,129,239,217,19,1,146,219,71
404,8,68,207,88,201,183,222,186,109
404,9,148,5,24,11,145,14,4,192
404,10,142,68,73,143,154,59,85,128
404,11,210,69,147,154,27,109,207,156
404,12,121,155,12,132,57,84,206,147
404,13,164,22,123,48,51,133,18,228
404,14,156,235,169,11,186,39,146,206
404,15,203,22,110,192,103,207,96,230
404,16,232,167,119,42,90,46,45,95
404,17,26,229,23,50,155,231,188,56
404,18,165,12,162,158,9,28,159,106
404,19,111,206,71,43,175,106,113,107
404,20,68,88,222,207,201,124,106,157
404,21,148,206,4,14,24,192,19,234
404,22,68,142,128,85,143,154,51,59
404,23,210,147,69,207,84,64,45,250
404,24,57,121,7,46,203,19,107,230
404,25,164,123,133,122,51,81,192,200
404,26,156,186,39,172,235,146,169,38
404,27,203,192,142,17,22,241,209,103
404,28,232,42,21,118,149,167,45,2
404,29,26,23,188,155,231,206,56,180
404,30,28,165,158,12,9,238,221,1
404,31,111,71,216,40,43,175,107,113
404,32,175,224,61,37,197,171,42,217
404,33,177,117,96,156,10,142,40,122
404,34,28,49,217,58,213,235,155,188
404,35,7,224,255,73,63,60,184,214
404,36,245,255,244,24,193,239,210,129
404,37,50,14,57,90,241,45,227,221
404,38,146,244,75,44,86,250,126,39
404,39,85,177,13,14,181,62,52,254
405,0,180,2,65,41,152,55,1,218
405,1,111,42,190,245,22,117,49,105
405,2,185,47,139,77,33,221,182,78
405,3,156,42,66,0,70,234,90,58
405,4,243,149,51,30,93,190,137,158
405,5,81,223,213,144,168,14,238,48
405,6,243,48,241,104,25,29,168,174
405,7,129,239,146,217,16,65,1,220
405,8,68,88,183,201,222,124,207,128
405,9,24,4,146,5,14,145,234,236
405,10,85,31,119,142,154,143,232,159
405,11,84,231,109,147,37,103,201,69
405,12,46,57,166,12,121,132,107,208
405,13,199,133,228,123,173,122,36,226
405,14,156,146,172,186,169,206,11,232
405,15,22,79,239,192,209,230,146,142
405,16,167,42,45,138,219,2,82,232
405,17,213,231,23,188,62,214,92,206
405,18,12,165,28,130,9,158,251,5
405,19,111,71,43,175,245,247,107,40
405,20,222,88,68,124,201,13,66,207
405,21,4,24,146,236,14,234,110,145
405,22,85,142,17,119,128,154,31,143
405,23,147,109,84,231,209,103,59,69
405,24,7,46,57,166,203,121,217,107
405,25,199,81,133,192,19,230,228,123
405,26,39,156,146,186,172,206,22,196
405,27,79,142,192,22,231,209,207,239
405,28,232,138,42,21,167,66,82,2
405,29,213,231,23,188,62,56,78,206
405,30,28,165,158,130,12,90,238,9
405,31,111,247,70,113,71,107,40,43
405,32,61,37,14,175,148,40,197,157
405,33,177,5,103,237,12,40,68,161
405,34,28,11,227,45,18,235,94,213
405,35,7,214,244,191,60,73,255,63
405,36,245,48,193,24,244,251,129,44
405,37,14,162,57,241,45,83,227,37
405,38,244,124,44,126,39,75,250,185
405,39,77,181,62,242,52,14,177,44
406,0,69,116,175,13,134,250,239,159
406,1,111,44,154,17,49,88,235,158
406,2,135,47,127,185,183,239,46,203
406,3,90,42,213,44,66,202,143,190
406,4,243,30,51,44,221,137,101,178
406,5,81,223,14,144,3,168,228,102
406,6,243,48,57,241,232,128,174,104
406,7,239,129,217,223,1,146,16,95
406,8,68,88,201,222,207,34,183,124
406,9,146,24,14,5,4,128,234,102
406,10,142,85,154,119,143,232,19,31
406,11,84,231,147,220,203,103,201,109
406,12,57,56,12,121,46,7,132,107
406,13,22,123,211,228,199,51,133,81
406,14,146,156,39,169,186,206,11,172
406,15,79,192,96,22,207,197,230,203
406,16,167,42,2,66,219,45,71,95
406,17,213,139,50,229,92,166,231,132
406,18,90,12,215,165,190,103,193,26
406,19,111,43,113,218,252,211,146,170
406,20,88,201,184,124,212,4,165,68
406,21,146,145,4,13,14,102,223,11
406,22,142,51,62,31,114,143,232,81
406,23,203,42,17,84,236,103,147,12
406,24,7,203,181,217,56,46,132,84
406,25,228,220,22,81,123,51,211,29
406,26,39,206,156,169,75,146,114,235
406,27,192,207,142,197,96,57,249,22
406,28,99,181,42,167,31,237,2,21
406,29,255,139,62,229,213,50,231,132
406,30,12,90,205,103,81,251,70,73
406,31,111,252,113,91,71,107,43,211
406,32,148,96,40,186,85,61,201,62
406,33,238,132,95,58,234,198,122,151
406,34,45,180,101,240,235,164,28,70
406,35,145,153,20,191,151,218,236,61
406,36,211,202,39,11,193,120,98,115
406,37,227,143,190,45,84,241,250,16
406,38,3,250,44,75,39,35,244,179
406,39,75,155,252,196,139,146,118,163
407,0,97,166,113,142,205,210,213,150
407,1,34,199,62,158,26,151,39,59
407,2,64,239,127,70,130,26,249,4
407,3,42,211,135,53,90,31,46,142
407,4,17,161,105,30,179,131,190,167
407,5,14,223,161,144,56,34,254,117
407,6,243,42,48,166,241,142,88,44
407,7,239,40,109,91,129,79,1,217
407,8,88,35,184,201,68,56,212,103
407,9,39,13,146,24,14,145,102,4
407,10,142,62,114,143,51,31,71,252
407,11,203,236,42,84,109,147,103,17
407,12,56,7,154,57,132,181,12,121
407,13,228,123,22,211,48,76,29,220
407,14,156,169,39,206,11,75,14,146
407,15,96,192,22,207,13,120,230,209
407,16,13,42,31,66,167,118,45,122
407,17,139,231,50,23,92,137,132,56
407,18,12,215,103,190,165,193,251,5
407,19,111,71,113,107,43,245,211,228
407,20,88,184,124,201,35,49,43,165
407,21,146,4,39,145,217,24,102,14
407,22,62,51,232,236,143,81,140,31
407,23,103,42,101,84,203,17,113,202
407,24,181,7,57,132,46,59,207,217
407,25,228,81,51,123,199,238,163,36
407,26,206,156,39,169,75,146,22,235
407,27,192,142,209,234,249,120,22,65
407,28,42,146,167,99,21,66,31,2
407,29,231,139,23,206,213,132,50,56
407,30,12,206,205,251,70,193,103,28
407,31,130,111,40,113,179,107,71,252
407,32,61,96,148,186,40,91,99,201
407,33,190,232,238,58,122,38,154,12
407,34,88,180,235,196,101,45,207,161
407,35,20,153,236,145,73,111,184,55
407,36,11,211,207,181,139,193,244,42
407,37,84,31,45,227,143,190,220,241
407,38,3,250,244,75,44,71,39,162
407,39,241,9,62,145,52,220,242,181
408,0,110,6,56,57,127,157,66,88
408,1,158,117,199,242,179,250,122,73
408,2,64,33,239,127,70,198,134,238
408,3,70,171,90,19,217,246,137,53
408,4,17,254,74,138,122,176,30,49
408,5,24,144,169,249,68,11,14,63
408,6,164,243,128,42,241,73,166,48
408,7,239,56,40,217,109,1,146,141
408,8,88,184,201,207,35,65,222,108
408,9,148,217,145,14,11,146,24,4
408,10,252,24,114,73,143,155,76,37
408,11,210,147,203,154,236,45,31,66
408,12,7,154,56,147,121,57,84,181
408,13,228,123,22,48,133,51,38,199
408,14,156,169,39,206,75,11,186,146
408,15,192,22,203,207,96,230,209,197
408,16,66,13,42,167,118,31,45,122
408,17,139,231,50,23,92,56,137,229
408,18,12,103,165,215,251,5,193,238
408,19,111,71,113,107,199,43,211,91
408,20,88,184,124,201,35,69,222,65
408,21,4,146,148,145,14,24,236,231
408,22,24,252,114,51,140,143,7,85
408,23,210,103,84,101,147,113,154,96
408,24,181,7,57,206,43,84,132,59
408,25,228,51,81,123,238,22,48,181
408,26,156,206,39,169,75,11,22,114
408,27,192,142,203,234,207,123,197,249
408,28,161,21,99,42,167,66,31,237
408,29,139,206,214,231,50,23,218,56
408,30,71,12,103,251,193,206,165,189
408,31,91,199,111,113,107,71,179,181
408,32,48,221,40,91,61,62,246,201
408,33,96,151,58,107,121,122,253,38
408,34,208,56,175,95,252,70,235,171
408,35,20,85,218,99,236,151,61,5
408,36,211,246,202,195,152,193,1,248
408,37,161,67,143,174,56,227,83,60
408,38,234,9,201,195,30,44,3,39
408,39,246,1,250,248,92,215,125,252
409,0,14,102,84,228,127,85,54,176
409,1,29,251,111,63,3,117,143,77
409,2,15,33,64,239,7,127,80,134
409,3,116,51,20,214,171,70,55,90
409,4,215,30,112,74,79,12,176,49
409,5,169,144,11,68,249,24,33,18
409,6,136,42,73,166,164,241,128,243
409,7,40,239,56,85,217,161,1,109
409,8,120,88,201,65,35,184,207,212
409,9,148,11,14,5,145,4,24,151
409,10,252,24,114,7,143,218,71,31
409,11,114,210,147,203,236,66,208,45
409,12,206,56,7,95,57,181,132,147
409,13,38,123,51,228,22,48,81,199
409,14,156,169,39,206,11,241,218,114
409,15,192,203,96,22,142,230,207,197
409,16,137,13,66,21,167,31,122,42
409,17,231,139,197,218,50,92,56,187
409,18,12,165,238,103,190,70,215,193
409,19,91,111,113,71,170,102,107,43
409,20,88,120,124,201,35,184,43,165
409,21,146,4,14,145,148,228,11,24
409,22,24,114,252,143,51,140,232,223
409,23,114,103,84,210,101,113,147,208
409,24,181,206,57,7,207,121,132,95
409,25,228,51,38,123,81,48,133,22
409,26,156,206,39,169,11,75,114,22
409,27,142,192,207,234,197,123,203,22
409,28,21,42,31,161,118,137,167,99
409,29,206,139,218,231,56,50,23,92
409,30,12,238,103,251,165,190,70,221
409,31,91,111,113,71,107,179,251,102
409,32,221,40,61,62,102,91,48,201
409,33,168,121,122,96,151,12,224,154
409,34,81,208,55,95,56,70,28,102
409,35,99,39,20,151,61,236,3,218
409,36,49,202,195,193,117,211,152,248
409,37,193,15,227,161,67,83,174,93
409,38,234,44,9,30,126,80,39,250
409,39,244,72,183,92,250,36,15,125
410,0,46,65,218,212,84,63,157,110
410,1,29,251,126,117,63,255,60,221
410,2,15,212,33,236,230,136,23,239
410,3,202,214,20,55,137,19,211,177
410,4,215,37,30,112,12,54,231,164
410,5,254,67,144,100,11,31,18,169
410,6,241,136,73,166,128,42,170,48
410,7,239,40,56,161,79,217,1,146
410,8,88,120,65,103,201,212,184,207
410,9,14,145,4,11,128,5,146,223
410,10,252,114,24,220,7,17,218,71
410,11,114,247,236,147,210,109,66,101
410,12,7,56,206,132,181,147,57,95
410,13,38,111,123,22,29,228,48,81
410,14,39,156,169,206,11,75,241,186
410,15,96,192,207,203,22,197,13,142
410,16,13,66,167,42,122,2,118,45
410,17,231,139,50,197,218,56,229,92
410,18,12,165,103,190,215,238,193,188
410,19,91,111,113,71,107,43,252,218
410,20,88,120,201,124,35,184,7,69
410,21,146,4,240,14,145,71,11,236
410,22,220,24,114,143,252,51,140,85
410,23,103,101,114,247,84,210,49,113
410,24,181,206,207,57,7,203,217,59
410,25,228,51,38,123,111,133,48,81
410,26,156,206,39,169,75,11,186,22
410,27,192,142,234,207,22,123,209,250
410,28,21,66,42,31,161,231,146,118
410,29,206,218,231,139,56,50,23,92
410,30,12,103,238,165,251,71,189,188
410,31,91,111,113,107,71,251,170,181
410,32,221,40,116,91,61,102,62,246
410,33,121,168,182,151,122,224,12,96
410,34,81,205,208,55,95,56,28,70
410,35,99,39,20,151,218,236,61,132
410,36,49,211,193,202,117,195,11,152
410,37,193,227,15,67,143,83,174,161
410,38,44,234,9,126,30,80,250,39
410,39,72,244,183,92,250,15,36,252
411,0,50,155,2,242,92,103,223,237
411,1,64,185,32,29,144,56,97,59
411,2,212,15,236,230,121,55,150,159
411,3,66,44,155,213,243,90,137,202
411,4,239,30,178,158,51,93,37,149
411,5,115,66,33,81,168,238,144,102
411,6,136,241,123,172,200,128,245,142
411,7,239,161,146,1,243,228,95,220
411,8,88,7,201,184,124,183,222,106
411,9,4,146,14,24,237,128,145,102
411,10,117,143,9,232,252,85,7,158
411,11,103,84,116,216,209,147,208,114
411,12,7,181,217,95,57,207,59,132
411,13,228,123,133,38,48,181,51,238
411,14,156,206,39,11,169,75,22,232
411,15,192,22,207,123,197,234,209,239
411,16,21,42,2,122,45,66,167,118
411,17,231,50,206,139,78,49,56,23
411,18,12,238,211,5,215,190,251,103
411,19,111,70,91,71,113,107,211,181
411,20,88,7,184,29,201,69,124,222
411,21,4,146,14,145,236,71,11,24
411,22,0,216,117,140,51,143,85,9
411,23,103,116,84,59,208,151,212,209
411,24,181,217,128,7,59,57,207,95
411,25,228,51,48,38,123,181,222,133
411,26,206,156,11,39,93,169,75,22
411,27,192,142,207,234,22,248,5,197
411,28,21,42,2,230,31,99,118,66
411,29,49,231,88,56,139,23,206,78
411,30,12,50,238,103,162,251,165,189
411,31,60,111,71,107,113,251,51,170
411,32,61,40,179,86,91,120,146,62
411,33,104,181,6,154,97,38,122,75
411,34,44,28,238,255,227,70,5,212
411,35,20,148,151,49,73,100,60,3
411,36,115,194,193,227,39,147,242,98
411,37,27,227,93,78,45,28,83,84
411,38,44,215,3,250,119,94,135,244
411,39,158,122,75,165,129,252,52,197
412,0,96,93,117,226,210,187,185,242
412,1,96,206,195,209,2,230,183,57
412,2,242,55,112,35,142,7,176,118
412,3,122,14,170,216,247,188,221,195
412,4,60,119,239,55,105,123,8,139
412,5,194,66,114,144,33,81,93,221
412,6,16,123,241,172,200,3,136,92
412,7,239,161,1,146,243,181,228,79
412,8,35,184,88,112,201,7,124,103
412,9,4,178,14,19,145,5,146,120
412,10,163,229,143,76,158,9,85,7
412,11,18,130,103,116,84,142,207,208
412,12,7,67,181,154,95,217,57,59
412,13,200,228,123,48,111,51,81,222
412,14,156,206,75,39,169,232,11,38
412,15,22,209,192,207,239,197,120,241
412,16,13,167,42,66,21,45,118,122
412,17,231,102,23,50,139,236,206,56
412,18,12,238,165,251,6,103,190,5
412,19,111,71,70,113,107,245,43,40
412,20,222,88,112,35,124,184,74,69
412,21,4,146,178,24,145,120,236,231
412,22,163,85,143,232,81,97,76,71
412,23,101,84,18,207,130,103,142,212
412,24,181,57,46,59,67,121,207,219
412,25,228,51,199,181,48,133,123,238
412,26,156,206,11,39,22,186,169,75
412,27,192,142,207,234,22,209,166,231
412,28,21,42,231,118,8,31,66,2
412,29,231,23,139,236,206,56,102,155
412,30,12,103,221,238,251,6,189,165
412,31,111,113,107,71,51,66,40,70
412,32,61,17,194,40,89,91,206,177
412,33,214,23,94,154,122,40,12,38
412,34,187,19,54,235,188,58,70,34
412,35,214,100,151,61,3,73,20,244
412,36,242,194,0,193,253,239,8,129
412,37,84,28,57,147,45,227,220,241
412,38,44,244,250,22,94,84,126,86
412,39,145,62,242,181,16,52,23,78
413,0,181,82,251,107,99,39,83,119
413,1,237,119,89,9,220,168,176,248
413,2,81,5,56,197,202,73,154,194
413,3,105,65,72,246,227,17,9,48
413,4,20,133,120,246,82,60,188,145
413,5,174,68,194,189,114,82,250,142
413,6,172,89,108,118,149,49,134,104
413,7,1,146,220,239,60,195,228,122
413,8,68,88,184,124,201,183,35,159
413,9,4,5,24,14,145,146,120,190
413,10,68,143,76,10,158,232,191,128
413,11,64,207,208,31,224,130,26,51
413,12,57,181,210,132,206,154,46,207
413,13,230,164,123,228,199,51,48,122
413,14,156,169,39,11,206,232,186,75
413,15,22,192,142,209,207,239,197,230
413,16,66,21,31,42,167,118,45,13
413,17,26,231,206,139,50,23,92,102
413,18,238,12,165,55,103,70,190,189
413,19,237,111,71,113,107,245,251,181
413,20,88,124,68,201,184,222,132,106
413,21,146,4,145,71,236,14,24,43
413,22,68,232,143,31,140,97,81,117
413,23,64,207,103,84,208,101,212,96
413,24,181,207,59,57,46,107,121,95
413,25,228,51,164,199,123,48,122,238
413,26,156,206,39,11,169,22,186,114
413,27,142,192,207,234,22,123,209,118
413,28,21,42,20,118,31,146,167,8
413,29,26,206,231,139,23,56,92,187
413,30,55,238,12,103,165,70,190,221
413,31,237,111,113,71,170,107,40,251
413,32,224,40,61,206,101,91,197,62
413,33,179,201,12,156,154,122,40,38
413,34,217,49,28,70,188,235,34,213
413,35,224,214,3,73,100,151,244,39
413,36,24,255,57,239,194,193,242,34
413,37,50,14,90,241,57,227,147,28
413,38,146,44,250,86,244,126,84,97
413,39,62,177,85,13,181,52,242,36
414,0,109,2,41,65,86,24,152,3
414,1,226,236,42,245,255,22,68,101
414,2,221,77,5,139,193,56,83,93
414,3,66,234,156,215,202,44,13,218
414,4,30,149,243,93,158,51,169,239
414,5,213,115,33,102,168,250,48,52
414,6,172,149,25,84,185,241,245,134
414,7,1,239,169,146,220,167,4,95
414,8,88,184,68,201,124,183,159,222
414,9,24,5,146,14,4,102,11,231
414,10,117,143,232,85,17,204,81,128
414,11,103,207,209,17,84,202,145,252
414,12,57,132,7,181,59,166,207,121
414,13,228,230,123,51,48,122,226,18
414,14,156,206,39,169,75,11,14,186
414,15,79,22,192,209,207,239,142,197
414,16,167,21,138,45,99,122,42,2
414,17,231,139,23,50,78,56,206,137
414,18,12,238,165,190,130,251,70,103
414,19,111,71,113,107,237,206,70,216
414,20,184,88,124,201,222,43,13,165
414,21,146,4,14,236,24,5,102,89
414,22,17,117,143,216,232,81,128,85
414,23,103,209,84,207,59,231,17,208
414,24,181,7,57,128,95,210,59,19
414,25,228,123,230,51,48,122,155,36
414,26,39,156,206,93,75,169,186,174
414,27,142,207,192,79,209,22,118,234
414,28,21,193,138,167,82,2,42,20
414,29,78,88,231,61,139,23,56,206
414,30,50,238,12,70,251,165,130,162
414,31,111,216,113,107,70,170,251,230
414,32,61,179,40,125,75,66,91,217
414,33,5,104,103,171,12,38,122,154
414,34,94,227,44,28,70,235,238,155
414,35,73,148,20,214,100,151,236,74
414,36,115,39,48,193,42,24,242,57
414,37,14,27,83,45,147,162,241,57
414,38,244,44,250,119,39,124,3,162
414,39,62,242,77,52,181,14,197,177
415,0,101,186,249,242,181,135,57,108
415,1,132,191,26,117,86,242,112,70
415,2,121,87,235,43,133,90,70,198
415,3,146,211,226,37,236,181,31,214
415,4,118,65,242,30,244,222,167,54
415,5,174,161,104,236,6,33,142,66
415,6,172,167,149,241,245,200,197,157
415,7,2,239,169,1,220,29,44,58
415,8,88,35,216,184,201,164,68,124
415,9,13,180,24,94,145,4,29,14
415,10,68,216,88,143,253,114,37,10
415,11,20,64,103,42,224,236,84,49
415,12,7,56,59,57,181,154,132,128
415,13,112,29,123,164,228,22,111,222
415,14,156,39,206,75,169,232,11,218
415,15,166,22,209,142,239,207,234,118
415,16,167,13,96,42,45,140,2,118
415,17,231,23,102,50,26,56,139,7
415,18,148,12,165,28,251,190,238,70
415,19,71,111,245,107,181,70,40,51
415,20,222,184,35,124,88,128,109,6
415,21,4,236,146,180,231,241,24,110
415,22,143,85,253,68,97,88,81,128
415,23,101,20,64,212,84,113,202,49
415,24,181,57,46,67,121,7,59,219
415,25,228,112,181,238,48,163,164,51
415,26,156,206,22,174,11,39,232,218
415,27,166,234,209,118,22,207,142,231
415,28,8,96,167,42,21,211,30,140
415,29,231,23,26,56,206,3,50,189
415,30,148,206,157,189,70,55,243,28
415,31,107,245,216,251,40,237,71,179
415,32,61,224,91,158,197,206,94,238
415,33,179,201,154,156,38,171,167,10
415,34,217,235,49,188,34,70,155,28
415,35,73,224,184,55,214,100,20,236
415,36,24,255,193,242,194,239,42,57
415,37,45,50,14,83,147,28,57,90
415,38,244,146,44,3,39,162,86,75
415,39,177,13,85,62,52,181,14,196
416,0,177,175,55,109,31,152,2,224
416,1,83,236,245,109,52,42,68,215
416,2,157,3,193,244,221,118,185,42
416,3,44,197,16,58,36,234,243,155
416,4,51,243,137,169,30,93,178,1
416,5,81,228,168,48,102,84,133,238
416,6,174,25,149,82,49,172,108,104
416,7,146,246,60,122,1,220,239,217
416,8,128,66,88,68,207,183,9,124
416,9,24,65,128,4,244,146,75,105
416,10,85,119,181,146,7,31,97,246
416,11,84,212,37,2,59,157,231,94
416,12,57,46,121,107,53,210,66,12
416,13,238,230,133,122,110,36,126,185
416,14,156,22,206,11,249,232,172,42
416,15,22,239,209,231,142,197,219,207
416,16,82,167,45,42,30,233,227,2
416,17,231,23,206,180,213,191,3,50
416,18,28,12,193,165,238,157,1,116
416,19,71,181,179,111,247,43,60,245
416,20,128,74,124,88,222,66,13,167
416,21,24,4,236,110,244,75,105,146
416,22,85,146,97,216,7,246,194,31
416,23,212,37,59,157,84,231,2,103
416,24,57,46,210,155,128,7,181,11
416,25,238,230,48,19,211,22,181,122
416,26,22,218,156,206,39,119,157,203
416,27,209,22,239,231,234,118,207,142
416,28,212,167,8,227,82,233,190,219
416,29,231,23,206,56,3,50,189,88
416,30,148,28,1,63,206,189,157,12
416,31,179,71,40,251,107,181,216,245
416,32,61,57,18,91,76,246,12,171
416,33,139,11,162,56,181,54,10,154
416,34,235,28,94,48,195,155,5,240
416,35,185,73,77,55,184,3,223,191
416,36,147,193,39,242,244,139,194,79
416,37,45,28,83,176,227,193,140,27
416,38,3,244,75,44,39,179,162,250
416,39,75,196,14,44,52,188,9,245
417,0,166,113,97,150,142,205,215,123
417,1,34,87,26,5,177,187,59,139
417,2,90,162,244,146,38,164,252,200
417,3,146,211,46,37,84,136,135,88
417,4,167,161,14,30,181,67,65,19
417,5,235,6,66,81,142,68,106,56
417,6,149,215,172,174,42,142,167,48
417,7,176,2,146,1,91,239,220,217
417,8,33,88,68,183,207,124,201,184
417,9,132,39,4,24,145,14,11,146
417,10,248,143,85,253,31,158,128,216
417,11,36,84,20,103,212,2,174,250
417,12,160,57,7,121,46,210,59,132
417,13,33,112,22,222,48,238,51,123
417,14,156,147,206,39,11,22,169,146
417,15,166,22,65,207,239,197,192,231
417,16,156,167,13,45,2,42,118,122
417,17,231,110,23,50,102,206,56,191
417,18,12,128,165,28,238,251,5,148
417,19,120,71,111,12,107,40,43,245
417,20,33,222,124,74,109,88,184,128
417,21,132,4,236,146,39,71,110,120
417,22,248,85,143,119,128,31,97,71
417,23,36,101,84,212,202,20,113,103
417,24,57,46,181,121,7,227,59,107
417,25,33,181,122,228,142,48,133,199
417,26,156,147,22,206,39,186,11,218
417,27,166,231,22,207,209,234,192,118
417,28,212,156,42,8,167,21,231,140
417,29,23,231,56,110,206,57,191,3
417,30,206,128,28,148,12,9,157,189
417,31,107,120,40,12,245,66,216,111
417,32,61,238,158,113,194,91,217,94
417,33,41,190,154,171,122,38,40,10
417,34,97,235,34,155,161,88,19,188
417,35,73,3,214,223,60,100,83,111
417,36,242,193,194,139,244,207,57,214
417,37,45,28,84,57,147,90,220,94
417,38,244,3,44,94,86,162,39,75
417,39,14,52,220,216,242,145,23,165
418,0,181,82,6,107,251,39,83,99
418,1,191,250,117,248,173,54,110,136
418,2,76,61,222,108,198,87,243,30
418,3,146,75,174,194,227,246,76,123
418,4,67,244,30,81,7,118,62,20
418,5,174,85,189,106,245,238,142,224
418,6,149,19,108,49,11,193,174,217
418,7,176,146,220,2,1,60,91,44
418,8,33,68,216,88,183,181,66,201
418,9,24,132,4,14,236,231,105,244
418,10,68,143,161,85,90,10,128,181
418,11,64,36,22,31,74,212,180,84
418,12,57,115,154,212,121,107,227,46
418,13,33,164,230,238,133,48,112,142
418,14,156,147,11,186,206,39,22,232
418,15,22,166,239,209,207,231,142,219
418,16,156,167,212,42,118,13,45,227
418,17,231,23,26,110,50,102,56,206
418,18,12,28,165,9,193,206,128,251
418,19,71,107,120,245,111,40,181,237
418,20,222,74,128,124,6,66,13,33
418,21,4,236,132,146,128,231,234,120
418,22,85,68,143,248,128,97,161,119
418,23,101,64,212,36,84,238,22,113
418,24,57,46,121,181,227,219,194,107
418,25,181,33,164,122,48,133,199,36
418,26,22,156,206,147,11,39,232,186
418,27,231,22,166,21,209,234,118,207
418,28,8,42,212,21,156,140,167,30
418,29,231,23,26,206,56,3,110,191
418,30,206,55,128,157,28,189,70,243
418,31,107,237,66,40,245,120,216,251
418,32,61,224,238,197,206,91,94,158
418,33,179,201,154,156,41,171,122,38
418,34,217,235,49,34,155,188,28,70
418,35,73,224,214,3,60,100,223,111
418,36,242,24,255,193,239,194,57,139
418,37,45,14,28,50,57,147,94,90
418,38,3,244,146,44,94,75,86,162
418,39,62,13,181,14,52,85,242,177
419,0,55,109,177,2,152,175,31,24
419,1,226,236,245,49,100,71,42,3
419,2,76,221,193,157,3,194,61,93
419,3,44,66,197,234,243,215,90,125
419,4,51,30,243,137,93,178,158,149
419,5,81,115,48,228,102,168,236,5
419,6,25,19,49,172,29,174,116,245
419,7,239,146,167,1,220,122,130,60
419,8,88,124,68,128,222,183,201,109
419,9,4,24,146,5,128,236,14,204
419,10,117,232,85,143,31,8,17,161
419,11,103,59,84,202,209,231,15,22
419,12,115,57,46,210,59,107,121,227
419,13,199,230,133,228,238,122,36,48
419,14,156,172,206,22,39,171,186,169
419,15,22,239,209,231,192,197,142,207
419,16,42,45,167,21,82,2,193,138
419,17,231,206,78,23,50,84,7,213
419,18,12,130,238,5,165,190,28,206
419,19,71,111,43,247,70,245,40,107
419,20,222,124,88,74,128,13,6,142
419,21,4,146,236,110,24,5,190,234
419,22,216,85,143,117,17,146,31,232
419,23,103,231,59,136,85,209,84,202
419,24,115,128,46,210,57,217,7,227
419,25,230,19,48,122,133,228,181,199
419,26,156,39,22,93,206,186,11,218
419,27,231,22,207,142,192,209,234,189
419,28,212,82,21,42,190,227,56,138
419,29,231,23,56,78,206,191,88,137
419,30,148,206,12,130,28,238,251,5
419,31,107,111,40,249,113,245,71,99
419,32,61,76,57,40,217,179,91,85
419,33,103,181,56,139,122,5,162,95
419,34,235,94,72,155,48,195,249,18
419,35,73,214,46,191,185,223,20,3
419,36,242,193,244,48,139,129,194,39
419,37,14,45,57,147,162,28,126,94
419,38,3,244,44,75,84,250,74,162
419,39,62,242,77,75,181,14,52,78
420,0,166,97,113,150,142,215,205,213
420,1,87,34,177,5,64,59,139,26
420,2,90,146,28,176,213,46,26,73
420,3,146,211,46,37,136,135,142,212
420,4,167,161,14,67,30,181,81,246
420,5,224,235,6,104,66,106,85,56
420,6,54,149,215,172,245,167,174,48
420,7,239,1,176,146,220,91,2,29
420,8,88,33,201,68,184,124,21,164
420,9,39,132,24,4,145,146,29,94
420,10,248,216,130,85,143,31,253,158
420,11,103,36,84,20,136,17,45,22
420,12,7,57,132,121,59,115,56,160
420,13,33,123,228,51,76,133,48,156
420,14,156,169,75,39,146,206,147,186
420,15,22,192,207,65,209,13,71,197
420,16,45,167,2,118,42,156,13,33
420,17,50,139,110,231,213,137,114,92
420,18,12,128,215,190,148,165,103,112
420,19,111,120,113,107,71,218,40,211
420,20,33,88,124,184,201,49,222,7
420,21,132,4,39,146,145,234,236,102
420,22,248,143,51,81,232,85,114,140
420,23,36,84,103,101,20,136,96,113
420,24,181,7,217,121,57,46,132,59
420,25,228,33,142,51,48,123,133,36
420,26,156,206,147,39,11,186,75,169
420,27,207,192,22,142,65,234,197,209
420,28,212,156,167,21,2,42,118,99
420,29,23,231,56,139,206,110,50,92
420,30,12,128,103,148,206,251,9,238
420,31,107,111,120,113,12,71,40,251
420,32,61,238,40,158,113,194,91,62
420,33,190,41,122,154,38,232,12,171
420,34,34,97,161,88,70,188,19,235
420,35,214,151,73,20,60,3,61,100
420,36,193,194,242,207,239,34,57,129
420,37,147,57,227,84,45,241,28,90
420,38,244,44,250,86,94,3,126,97
420,39,52,14,68,252,242,61,145,62
421,0,181,82,6,107,251,39,83,99
421,1,191,173,248,250,117,136,220,237
421,2,76,108,222,61,243,198,28,113
421,3,146,75,174,123,227,76,194,246
421,4,67,244,30,81,7,61,182,118
421,5,174,224,85,56,245,189,192,106
421,6,149,19,54,193,49,247,89,131
421,7,176,220,2,1,44,146,239,91
421,8,33,216,88,68,201,181,124,184
421,9,132,14,24,4,145,5,68,190
421,10,161,68,253,143,114,248,10,90
421,11,64,36,136,180,22,133,74,20
421,12,154,115,144,212,210,7,95,57
421,13,33,230,164,142,48,22,123,112
421,14,147,156,39,169,218,206,11,186
421,15,166,22,207,192,142,197,65,239
421,16,156,13,212,167,45,42,118,2
421,17,231,110,50,26,23,139,102,56
421,18,12,128,238,165,190,103,251,148
421,19,120,111,71,107,113,237,12,245
421,20,222,124,33,88,201,69,109,184
421,21,4,146,132,120,236,145,234,231
421,22,68,143,248,85,31,82,161,81
421,23,101,64,84,36,103,238,212,113
421,24,181,46,57,121,132,227,59,7
421,25,33,164,228,142,181,51,48,199
421,26,156,206,39,11,22,147,186,169
421,27,207,142,192,22,234,250,123,118
421,28,21,42,212,156,167,231,8,118
421,29,231,206,23,26,139,56,110,50
421,30,12,55,103,238,206,128,221,251
421,31,107,111,237,120,71,113,40,251
421,32,61,224,206,40,238,91,197,62
421,33,179,201,154,156,12,122,41,38
421,34,34,217,49,188,235,70,28,97
421,35,214,73,224,151,20,3,60,100
421,36,24,239,194,193,255,242,57,129
421,37,14,50,45,57,147,227,90,28
421,38,44,244,146,250,86,94,3,126
421,39,62,13,181,52,242,85,177,252
422,0,65,2,109,24,41,86,223,218
422,1,255,143,236,182,226,245,252,144
422,2,76,221,147,139,193,182,183,83
422,3,66,234,44,58,202,156,101,177
422,4,30,155,149,51,93,243,169,158
422,5,213,115,81,48,66,102,5,98
422,6,25,19,241,108,49,149,142,172
422,7,146,1,220,167,239,61,60,122
422,8,124,88,183,68,157,201,207,222
422,9,4,14,24,145,5,120,146,244
422,10,31,117,143,17,250,114,220,251
422,11,103,109,207,208,209,84,212,21
422,12,166,115,206,132,46,57,7,95
422,13,48,230,123,238,133,199,22,228
422,14,156,169,39,11,22,218,172,186
422,15,22,197,142,192,116,207,209,123
422,16,167,21,42,2,212,118,45,13
422,17,206,231,23,50,139,216,7,78
422,18,12,238,165,70,106,190,73,5
422,19,71,111,43,107,245,113,40,206
422,20,222,88,157,132,124,74,48,184
422,21,146,4,236,231,145,54,120,234
422,22,17,31,220,117,143,85,140,97
422,23,209,238,101,84,109,156,103,208
422,24,219,181,46,227,194,121,207,57
422,25,228,48,181,199,230,133,123,151
422,26,156,11,22,39,206,220,169,186
422,27,142,231,123,21,192,22,116,207
422,28,21,42,138,20,201,8,118,167
422,29,206,231,78,23,216,139,213,56
422,30,237,12,238,103,245,251,70,165
422,31,111,71,107,40,66,113,245,202
422,32,61,75,197,40,206,220,91,14
422,33,154,103,5,161,179,59,201,12
422,34,227,188,11,94,235,109,213,155
422,35,214,73,20,100,3,244,236,92
422,36,194,239,48,251,24,242,193,214
422,37,14,28,45,83,57,162,227,147
422,38,124,44,244,84,94,39,3,97
422,39,13,62,177,242,52,181,15,77
423,0,55,177,31,175,134,192,74,13
423,1,67,236,97,42,105,49,70,44
423,2,183,235,192,189,44,104,157,52
423,3,197,16,44,213,66,234,14,155
423,4,30,51,169,44,243,178,93,1
423,5,81,48,137,202,165,66,238,168
423,6,25,238,82,9,241,201,29,27
423,7,208,146,243,65,246,41,1,167
423,8,124,29,132,88,68,219,222,183
423,9,4,54,146,24,231,65,14,128
423,10,85,81,66,7,216,31,250,143
423,11,212,2,59,103,84,15,141,153
423,12,194,115,17,210,219,181,46,57
423,13,230,48,151,133,181,173,140,126
423,14,11,156,39,22,206,218,171,169
423,15,22,67,142,207,197,21,192,18
423,16,21,167,82,2,42,233,45,212
423,17,231,206,23,230,50,3,7,78
423,18,12,238,251,135,165,245,177,106
423,19,71,60,33,111,43,181,251,107
423,20,29,222,124,48,132,184,219,88
423,21,4,54,146,231,236,65,14,89
423,22,216,140,194,85,66,146,81,143
423,23,212,59,238,37,103,15,10,84
423,24,115,194,128,181,210,219,157,46
423,25,230,48,151,181,155,19,166,163
423,26,11,156,22,218,39,206,93,220
423,27,21,142,22,234,67,118,236,5
423,28,190,21,42,230,8,233,2,82
423,29,231,206,23,88,3,216,56,230
423,30,245,165,50,238,189,12,148,70
423,31,60,71,33,111,202,185,249,251
423,32,61,76,109,179,220,91,40,120
423,33,154,56,104,189,250,139,38,248
423,34,72,28,44,94,109,249,195,235
423,35,185,3,100,104,73,20,89,44
423,36,194,147,39,214,115,193,79,242
423,37,28,27,193,227,84,45,78,229
423,38,94,250,44,119,215,3,87,162
423,39,158,224,52,165,197,122,252,231
424,0,96,226,247,80,171,128,11,119
424,1,67,56,236,2,169,196,222,203
424,2,35,254,73,183,226,176,44,55
424,3,188,221,170,122,234,144,63,180
424,4,119,30,169,60,93,82,35,180
424,5,81,61,6,202,225,137,66,165
424,6,25,16,49,82,241,115,238,84
424,7,208,146,243,1,41,61,219,220
424,8,124,112,157,68,132,184,88,248
424,9,206,4,5,14,54,146,120,231
424,10,229,81,143,163,66,31,7,216
424,11,18,103,207,212,2,15,208,3
424,12,194,106,46,219,67,132,7,95
424,13,200,48,151,123,230,133,228,238
424,14,11,156,39,218,62,22,38,169
424,15,241,67,22,207,142,192,250,21
424,16,167,21,2,212,42,45,118,13
424,17,206,231,23,50,139,7,230,102
424,18,12,238,165,251,106,177,245,135
424,19,71,111,33,40,70,43,113,107
424,20,222,112,29,184,124,132,88,68
424,21,54,206,4,146,120,234,102,65
424,22,81,163,143,66,140,85,232,187
424,23,18,101,207,103,84,238,142,212
424,24,194,181,67,219,46,7,59,57
424,25,199,51,151,228,123,200,48,181
424,26,11,156,39,206,38,186,22,93
424,27,241,142,207,21,192,22,67,118
424,28,21,42,149,118,167,8,231,2
424,29,23,206,231,56,139,236,230,155
424,30,165,12,238,251,245,177,6,103
424,31,60,111,71,40,107,113,66,51
424,32,89,61,40,194,17,220,199,91
424,33,154,214,68,94,23,40,206,122
424,34,182,187,235,28,54,19,188,34
424,35,214,3,100,151,73,244,60,104
424,36,194,253,0,193,8,242,239,214
424,37,84,28,220,164,90,57,45,147
424,38,94,44,22,86,250,244,97,136
424,39,145,62,52,16,181,242,23,252
425,0,155,177,175,31,55,152,211,224
425,1,153,42,97,91,35,253,245,95
425,2,211,71,3,157,193,183,51,143
425,3,44,243,234,215,66,36,247,159
425,4,51,30,178,137,158,169,76,44
425,5,137,252,86,84,165,228,96,168
425,6,238,57,25,129,39,84,241,10
425,7,208,146,223,27,239,1,65,246
425,8,29,48,132,124,222,88,66,184
425,9,54,4,146,24,81,231,165,128
425,10,81,19,85,66,143,146,119,250
425,11,212,10,59,84,37,141,103,157
425,12,226,194,46,17,157,234,181,121
425,13,166,151,48,228,133,173,238,110
425,14,11,156,206,39,22,171,232,42
425,15,22,21,207,197,142,67,239,234
425,16,193,167,82,42,2,21,66,45
425,17,231,164,23,206,50,7,84,56
425,18,12,238,106,151,245,251,70,165
425,19,71,33,111,251,43,85,113,107
425,20,29,124,88,121,222,48,184,13
425,21,4,54,146,89,236,105,237,189
425,22,216,146,66,19,85,81,140,158
425,23,136,201,59,103,212,231,37,84
425,24,128,217,115,7,181,205,46,11
425,25,97,48,19,81,230,156,228,222
425,26,169,39,206,171,153,75,156,146
425,27,57,207,192,197,22,142,96,5
425,28,196,193,99,2,71,167,82,42
425,29,61,255,119,164,88,21,50,139
425,30,205,12,186,148,50,26,162,81
425,31,205,4,111,211,252,249,218,146
425,32,186,125,40,131,66,179,96,254
425,33,238,234,132,122,104,75,189,86
425,34,5,96,101,180,44,207,240,62
425,35,145,153,57,74,20,151,160,63
425,36,39,11,115,120,98,193,93,142
425,37,229,190,227,27,169,175,58,16
425,38,75,250,169,119,92,61,67,3
425,39,231,189,129,197,146,163,254,139
426,0,229,249,123,196,216,7,105,242
426,1,225,244,93,231,118,27,150,155
426,2,163,100,103,162,4,140,227,214
426,3,133,187,152,235,231,31,212,77
426,4,13,142,236,30,222,167,102,251
426,5,104,6,193,186,112,90,161,47
426,6,167,172,54,241,153,123,200,48
426,7,239,29,23,109,1,216,146,10
426,8,234,88,7,89,184,56,201,180
426,9,29,13,94,145,4,164,146,223
426,10,216,130,169,248,51,85,31,1
426,11,189,103,84,236,147,163,216,161
426,12,7,26,63,128,217,56,74,57
426,13,43,29,123,147,156,51,76,228
426,14,39,124,156,146,206,169,51,20
426,15,207,81,22,192,197,13,57,200
426,16,5,196,167,71,2,42,122,99
426,17,61,172,166,250,50,139,231,76
426,18,187,12,57,50,179,205,215,190
426,19,130,111,205,146,113,218,252,109
426,20,234,88,184,212,201,7,4,207
426,21,94,29,13,146,145,4,164,11
426,22,130,169,51,198,31,143,236,83
426,23,189,42,103,84,236,216,17,79
426,24,128,26,217,63,74,160,181,7
426,25,43,147,81,123,228,97,29,211
426,26,169,124,146,206,39,156,75,51
426,27,81,200,192,207,57,181,96,197
426,28,5,133,196,99,42,167,2,71
426,29,172,250,255,76,61,139,50,231
426,30,187,205,179,12,186,81,251,103
426,31,130,111,205,252,113,109,107,251
426,32,98,186,99,40,96,131,61,201
426,33,183,238,232,122,126,58,73,116
426,34,207,180,84,62,101,96,235,30
426,35,153,145,20,151,184,63,61,3
426,36,11,181,70,193,120,211,244,98
426,37,31,190,227,58,182,241,84,143
426,38,75,92,250,71,148,244,44,3
426,39,2,189,69,38,213,242,52,146
427,0,57,157,88,110,56,59,66,32
427,1,242,117,118,60,86,112,73,122
427,2,33,80,255,58,133,60,121,238
427,3,70,19,214,131,219,72,107,181
427,4,118,74,30,242,255,126,138,249
427,5,174,144,24,147,5,245,44,97
427,6,183,166,208,115,164,118,77,217
427,7,239,129,109,1,217,146,220,2
427,8,88,201,207,234,222,184,68,183
427,9,148,11,4,145,5,217,146,24
427,10,228,68,161,73,143,114,219,155
427,11,210,27,147,195,69,154,45,113
427,12,155,181,56,132,147,7,84,154
427,13,228,164,22,123,168,48,199,51
427,14,206,156,39,169,11,75,238,14
427,15,203,192,207,22,96,230,197,39
427,16,42,13,167,45,2,122,21,118
427,17,26,139,50,231,132,181,92,229
427,18,12,215,103,159,26,190,165,251
427,19,111,113,230,218,251,211,170,252
427,20,184,201,165,88,49,124,208,132
427,21,146,4,148,220,5,145,14,11
427,22,68,228,140,143,51,232,81,31
427,23,210,113,103,101,216,84,64,195
427,24,181,152,7,132,59,219,217,42
427,25,228,164,22,51,123,81,76,163
427,26,206,39,156,75,238,169,210,114
427,27,192,203,197,142,207,234,5,123
427,28,21,146,42,161,2,167,45,99
427,29,206,26,139,181,214,50,231,92
427,30,12,103,251,26,186,70,11,165
427,31,111,113,91,251,71,102,170,107
427,32,224,40,42,91,61,62,197,206
427,33,177,96,122,156,217,84,12,38
427,34,49,196,217,175,30,213,149,188
427,35,210,224,60,214,100,85,236,20
427,36,11,255,24,193,239,211,129,42
427,37,227,14,50,158,57,241,147,93
427,38,250,146,39,44,244,162,126,40
427,39,85,13,62,177,181,52,252,61
428,0,180,55,177,175,139,70,231,152
428,1,70,111,22,117,49,155,245,42
428,2,221,3,212,77,33,193,133,71
428,3,243,234,159,44,70,58,16,167
428,4,178,243,51,158,30,137,125,27
428,5,144,33,66,5,40,102,16,168
428,6,115,57,48,128,191,25,241,185
428,7,239,129,38,1,223,109,220,243
428,8,184,88,124,68,165,201,132,5
428,9,4,146,11,220,24,5,128,14
428,10,228,232,174,5,143,19,66,146
428,11,231,147,103,37,113,154,137,208
428,12,181,152,84,207,147,42,7,155
428,13,228,22,123,133,173,24,48,19
428,14,206,156,11,39,169,75,210,14
428,15,192,230,207,203,22,13,197,142
428,16,42,146,122,21,2,33,99,53
428,17,50,139,231,181,214,206,254,187
428,18,12,26,219,251,190,215,103,135
428,19,113,111,199,170,228,211,230,43
428,20,165,184,88,201,124,132,49,5
428,21,146,4,220,14,145,11,46,5
428,22,140,228,51,114,232,143,24,81
428,23,154,103,231,113,216,84,147,59
428,24,152,181,84,42,7,11,217,56
428,25,228,81,22,51,123,156,24,19
428,26,206,39,75,156,153,169,210,67
428,27,192,197,142,96,207,5,123,57
428,28,161,146,99,21,237,181,42,4
428,29,214,206,139,50,181,132,229,164
428,30,71,26,103,12,90,251,117,11
428,31,91,199,111,113,71,176,230,251
428,32,48,91,40,62,85,201,102,246
428,33,107,234,58,122,151,154,38,248
428,34,56,175,252,240,95,70,48,171
428,35,85,218,92,20,236,114,247,94
428,36,195,152,246,202,211,158,248,193
428,37,161,227,67,174,135,143,83,60
428,38,234,9,201,30,44,39,66,126
428,39,246,250,1,92,248,215,125,252
429,0,175,186,178,234,70,31,13,224
429,1,232,84,42,117,255,198,61,106
429,2,230,86,150,122,249,110,12,92
429,3,155,236,234,66,197,58,243,44
429,4,158,94,178,112,169,30,71,47
429,5,33,202,115,96,137,66,5,84
429,6,92,25,115,34,185,238,38,9
429,7,243,239,181,132,1,171,129,41
429,8,124,165,132,88,65,13,184,183
429,9,146,14,5,96,220,4,46,231
429,10,140,81,207,9,7,218,15,66
429,11,153,15,114,103,66,3,216,130
429,12,152,181,7,219,206,84,132,42
429,13,228,38,140,48,22,123,81,51
429,14,206,156,73,39,169,11,75,220
429,15,192,248,123,142,207,13,54,146
429,16,21,45,42,2,31,146,167,99
429,17,197,206,139,50,218,181,7,236
429,18,135,26,69,12,238,215,73,190
429,19,60,71,230,218,113,211,91,240
429,20,165,88,124,201,208,65,132,48
429,21,146,14,224,231,81,220,102,24
429,22,140,0,81,7,232,51,9,114
429,23,15,153,103,216,10,114,84,95
429,24,219,106,7,152,59,181,56,132
429,25,228,81,22,140,48,51,38,76
429,26,39,83,169,206,220,73,93,75
429,27,142,248,192,249,146,123,207,197
429,28,230,21,2,54,146,45,99,42
429,29,236,206,139,230,23,56,7,102
429,30,69,12,251,135,103,245,186,28
429,31,60,71,111,43,51,113,107,233
429,32,195,86,40,61,199,146,109,91
429,33,189,97,37,36,94,181,217,122
429,34,90,212,187,255,235,54,19,206
429,35,49,63,214,44,3,184,92,73
429,36,147,234,0,8,193,242,145,34
429,37,193,84,220,28,147,45,57,227
429,38,75,22,44,244,97,39,250,86
429,39,23,224,16,254,145,62,52,241
430,0,157,212,33,57,218,110,59,202
430,1,40,96,166,183,13,209,222,232
430,2,224,238,148,23,169,128,12,226
430,3,55,155,3,4,234,247,147,105
430,4,156,138,30,71,60,216,123,82
430,5,178,19,31,202,33,250,236,213
430,6,92,57,142,200,59,115,151,38
430,7,243,239,101,1,61,228,222,132
430,8,157,65,124,184,88,165,159,103
430,9,14,5,146,47,148,4,145,22
430,10,68,46,19,114,81,222,143,252
430,11,93,64,66,207,3,145,210,156
430,12,138,7,132,19,56,0,152,181
430,13,228,164,123,81,22,76,48,156
430,14,83,75,156,39,206,169,235,11
430,15,33,116,192,207,96,142,135,22
430,16,45,2,167,42,13,31,71,99
430,17,104,139,50,7,187,137,231,229
430,18,12,215,190,135,251,26,165,238
430,19,225,218,111,113,71,43,211,230
430,20,157,184,88,124,165,49,201,132
430,21,148,146,14,4,145,102,24,147
430,22,68,19,232,31,143,51,81,228
430,23,93,64,103,207,69,84,17,101
430,24,7,56,46,181,217,106,19,59
430,25,164,228,81,76,51,199,123,200
430,26,83,39,206,156,43,235,172,22
430,27,116,33,142,192,207,241,213,209
430,28,201,21,146,2,20,31,42,167
430,29,104,206,139,231,173,56,187,230
430,30,12,238,69,251,165,190,73,28
430,31,225,111,113,71,43,170,60,40
430,32,224,40,86,197,61,102,206,62
430,33,18,206,36,156,122,154,12,217
430,34,90,217,49,235,11,28,238,213
430,35,49,214,244,63,3,184,92,148
430,36,147,227,255,251,193,57,129,239
430,37,193,14,147,227,57,241,90,28
430,38,75,124,44,215,97,39,250,244
430,39,254,62,242,52,181,13,224,36
431,0,186,187,242,188,234,131,39,2
431,1,85,13,111,209,96,101,183,234
431,2,23,224,39,148,169,156,78,176
431,3,3,247,155,170,192,113,63,58
431,4,55,180,164,123,169,30,158,152
431,5,19,178,202,115,3,33,52,85
431,6,92,142,123,57,200,178,185,9
431,7,239,243,4,228,1,132,181,133
431,8,124,88,165,184,103,201,132,38
431,9,146,14,231,4,5,215,236,145
431,10,81,46,7,207,218,140,222,114
431,11,116,103,93,15,216,3,10,208
431,12,219,7,132,181,46,206,95,152
431,13,228,140,123,216,38,36,81,51
431,14,156,75,206,83,169,39,73,172
431,15,192,22,142,207,76,13,146,197
431,16,45,146,99,42,2,186,21,180
431,17,139,206,50,197,104,7,92,187
431,18,135,188,12,26,190,251,215,73
431,19,218,71,60,111,113,211,230,91
431,20,165,88,201,124,68,184,132,208
431,21,146,14,81,220,231,147,19,224
431,22,140,7,81,0,31,51,114,232
431,23,116,103,216,15,95,236,210,123
431,24,152,7,219,181,56,190,132,59
431,25,228,51,140,81,48,22,222,38
431,26,39,206,75,73,218,93,156,18
431,27,142,192,207,197,146,96,249,57
431,28,21,146,99,186,237,4,31,78
431,29,49,206,139,88,7,230,218,187
431,30,238,12,26,50,251,193,190,103
431,31,71,60,28,113,111,170,252,230
431,32,86,102,40,157,179,61,91,246
431,33,36,104,154,117,122,97,132,6
431,34,44,238,28,55,90,235,177,109
431,35,92,49,148,229,3,133,163,73
431,36,227,193,34,242,147,39,11,234
431,37,227,15,27,48,45,241,78,28
431,38,215,44,97,162,250,244,94,126
431,39,158,72,252,36,165,220,52,61
432,0,22,117,185,214,128,187,18,176
432,1,13,96,241,158,117,183,81,223
432,2,107,35,117,205,112,191,252,0
432,3,170,14,192,153,247,234,5,255
432,4,123,122,139,55,12,60,119,180
432,5,114,33,194,178,202,19,31,3
432,6,92,3,114,200,59,247,142,77
432,7,85,243,239,4,1,228,44,133
432,8,120,159,124,184,103,88,165,201
432,9,178,14,146,5,217,47,4,145
432,10,163,222,218,46,81,114,143,231
432,11,66,116,18,93,130,103,248,142
432,12,7,132,206,19,95,190,67,181
432,13,228,123,38,200,81,222,48,22
432,14,40,75,39,206,156,83,169,235
432,15,192,207,96,39,22,76,142,33
432,16,13,45,137,2,42,99,146,167
432,17,139,50,218,7,102,231,187,206
432,18,190,12,188,238,135,26,103,215
432,19,71,113,111,91,228,230,218,170
432,20,165,120,184,88,201,124,132,159
432,21,146,4,14,145,147,102,47,231
432,22,232,163,143,81,31,114,140,218
432,23,103,66,248,101,216,84,18,113
432,24,181,219,42,207,46,152,206,19
432,25,228,51,123,48,76,38,36,222
432,26,40,75,39,206,73,67,43,156
432,27,142,192,249,230,207,209,54,5
432,28,146,137,231,21,31,211,42,20
432,29,206,139,230,7,187,231,102,56
432,30,238,251,190,12,103,193,221,135
432,31,71,113,111,170,230,40,120,245
432,32,102,17,40,61,75,89,221,220
432,33,168,224,154,122,12,11,220,245
432,34,55,95,205,34,81,12,188,19
432,35,39,132,92,99,214,3,151,212
432,36,253,34,49,193,239,117,242,0
432,37,15,90,227,241,84,220,48,28
432,38,97,86,44,250,126,84,22,139
432,39,36,72,145,62,16,15,52,181
433,0,57,241,135,108,242,88,61,160
433,1,192,11,70,97,118,117,146,241
433,2,237,194,36,8,95,39,232,120
433,3,106,236,211,226,234,199,58,250
433,4,240,129,251,30,123,133,45,165
433,5,69,33,250,146,46,130,202,122
433,6,255,62,25,182,246,247,142,185
433,7,239,85,1,79,28,10,208,199
433,8,159,124,88,120,184,201,35,56
433,9,69,180,14,47,13,146,5,4
433,10,88,194,222,34,114,81,46,143
433,11,39,66,248,99,106,19,188,191
433,12,19,206,119,7,207,132,184,95
433,13,228,123,137,112,48,216,222,81
433,14,75,218,39,206,156,169,40,11
433,15,192,207,36,22,142,54,13,230
433,16,45,137,42,146,2,31,99,118
433,17,139,187,7,50,206,102,231,92
433,18,170,12,190,238,103,26,215,165
433,19,71,111,113,91,170,228,230,43
433,20,165,88,201,184,186,124,120,132
433,21,146,69,4,180,14,145,102,47
433,22,194,232,81,143,31,117,114,51
433,23,66,39,103,248,99,101,216,84
433,24,207,42,181,206,219,19,46,132
433,25,228,51,48,123,175,191,151,166
433,26,206,73,39,156,114,75,43,205
433,27,192,142,209,230,5,207,0,146
433,28,146,137,211,42,21,31,46,90
433,29,206,139,7,231,230,189,23,28
433,30,170,12,238,251,103,193,190,26
433,31,71,111,113,120,170,40,230,179
433,32,60,40,102,101,158,61,191,237
433,33,229,220,154,122,224,168,12,116
433,34,34,95,93,29,55,235,188,82
433,35,39,22,229,35,99,3,92,63
433,36,117,193,49,34,242,120,2,14
433,37,104,227,15,241,90,48,84,28
433,38,135,97,27,75,250,126,84,44
433,39,243,15,110,36,12,69,242,78
434,0,175,152,76,199,222,124,70,161
434,1,49,245,191,42,197,208,252,153
434,2,194,215,157,193,188,237,251,85
434,3,197,243,58,66,44,215,159,234
434,4,51,178,158,30,137,93,70,149
434,5,33,115,165,96,52,86,168,5
434,6,25,62,168,238,185,232,227,116
434,7,239,85,246,146,208,65,167,132
434,8,124,165,88,184,201,132,68,34
434,9,146,5,4,102,220,14,24,236
434,10,143,66,232,81,204,117,15,128
434,11,103,15,248,99,84,231,68,212
434,12,119,166,108,207,42,181,95,206
434,13,228,123,48,137,222,199,238,133
434,14,156,206,11,169,39,218,40,14
434,15,192,142,5,230,22,79,197,207
434,16,21,31,42,45,146,20,138,137
434,17,206,139,231,187,7,78,50,181
434,18,238,130,165,12,26,190,70,135
434,19,71,230,113,111,247,228,60,43
434,20,68,165,201,184,88,124,208,43
434,21,146,102,4,165,220,87,24,147
434,22,194,66,232,233,81,109,154,107
434,23,248,103,99,59,209,216,245,84
434,24,119,181,80,219,108,166,107,207
434,25,228,48,222,123,155,169,51,175
434,26,40,206,218,39,93,67,220,156
434,27,5,142,79,18,192,230,123,207
434,28,56,137,21,146,233,153,138,82
434,29,206,230,126,19,231,252,78,7
434,30,130,209,198,238,151,50,251,196
434,31,71,247,60,80,111,33,25,113
434,32,157,14,40,101,61,85,55,162
434,33,154,229,103,12,104,171,122,38
434,34,18,143,249,11,195,181,102,44
434,35,191,185,3,89,92,73,136,214
434,36,79,48,39,44,193,115,242,74
434,37,162,14,100,227,126,28,83,37
434,38,122,97,87,94,244,79,250,126
434,39,77,197,62,242,44,52,252,181
435,0,13,175,55,116,177,159,152,31
435,1,17,23,88,162,10,245,94,80
435,2,146,215,144,109,176,101,102,145
435,3,197,222,234,44,58,66,215,7
435,4,178,44,30,51,221,158,169,148
435,5,52,33,115,81,165,236,86,93
435,6,25,62,185,123,238,142,115,1
435,7,85,239,246,146,151,1,167,4
435,8,124,88,165,132,201,184,7,208
435,9,146,4,5,14,102,236,128,24
435,10,143,232,66,15,81,204,174,117
435,11,103,248,59,216,220,99,208,212
435,12,119,181,42,207,217,7,32,80
435,13,228,123,48,222,76,156,51,137
435,14,206,156,169,39,11,75,232,14
435,15,142,192,5,76,230,207,22,197
435,16,21,2,45,42,99,193,167,31
435,17,139,206,50,231,187,78,7,66
435,18,238,12,190,151,26,215,251,70
435,19,111,71,211,218,113,80,230,146
435,20,88,7,184,124,201,165,38,132
435,21,146,4,14,145,237,102,98,223
435,22,216,51,194,81,140,66,1,232
435,23,248,103,216,59,220,236,99,84
435,24,128,217,119,205,7,181,32,56
435,25,97,228,81,19,222,140,156,101
435,26,75,169,206,39,40,93,218,46
435,27,142,192,207,57,5,197,13,146
435,28,193,196,99,82,2,4,33,66
435,29,88,61,255,21,139,92,7,50
435,30,50,162,232,26,250,12,251,186
435,31,111,252,43,211,218,71,34,151
435,32,179,125,40,85,156,131,109,86
435,33,102,104,229,189,132,56,95,181
435,34,44,238,72,240,109,195,28,55
435,35,148,190,74,185,61,55,20,92
435,36,39,115,227,142,202,147,248,211
435,37,100,78,27,169,126,123,227,175
435,38,122,61,169,196,143,233,18,158
435,39,163,197,179,18,139,129,11,231
436,0,179,197,91,145,135,108,79,51
436,1,139,64,87,11,5,216,97,106
436,2,164,146,38,88,210,17,215,225
436,3,211,146,59,205,142,37,107,234
436,4,131,241,181,170,240,30,82,230
436,5,33,6,238,122,131,235,175,142
436,6,255,62,25,185,107,38,247,246
436,7,85,239,4,188,132,1,68,228
436,8,124,88,184,165,201,7,89,132
436,9,69,146,4,13,14,145,24,102
436,10,216,143,1,222,51,81,130,46
436,11,248,103,99,216,20,236,79,147
436,12,7,56,32,132,19,181,42,152
436,13,228,123,76,216,51,156,81,43
436,14,206,156,75,39,11,235,169,146
436,15,192,76,207,57,22,79,230,13
436,16,42,146,2,45,99,167,33,71
436,17,139,50,61,181,92,231,7,190
436,18,12,26,190,215,50,135,57,151
436,19,218,130,111,113,211,230,43,146
436,20,165,88,208,184,7,201,132,151
436,21,146,69,145,81,184,4,227,220
436,22,216,81,51,1,130,31,66,140
436,23,20,103,216,116,236,84,25,79
436,24,217,128,152,219,181,7,205,56
436,25,228,81,156,140,97,51,166,29
436,26,75,206,156,73,18,39,46,169
436,27,23,192,197,146,96,142,57,207
436,28,193,99,146,4,196,33,42,64
436,29,88,139,61,50,21,49,255,122
436,30,26,162,232,50,103,12,73,251
436,31,111,252,43,211,218,71,113,34
436,32,179,40,156,254,86,102,62,21
436,33,126,104,132,122,224,11,154,58
436,34,44,240,238,72,235,55,28,95
436,35,148,190,61,74,218,92,185,20
436,36,2,39,227,211,115,202,248,142
436,37,27,78,227,15,143,200,126,60
436,38,215,169,119,80,250,126,84,96
436,39,158,179,122,72,244,165,139,117
437,0,117,233,226,58,171,125,96,227
437,1,120,232,81,169,13,104,66,30
437,2,242,107,22,59,237,215,194,169
437,3,91,170,221,122,35,128,166,3
437,4,55,139,60,105,8,82,119,182
437,5,27,61,114,142,33,3,217,208
437,6,90,62,200,59,114,25,92,174
437,7,181,85,239,44,243,4,131,228
437,8,112,124,201,184,88,103,65,69
437,9,178,19,146,14,145,4,5,206
437,10,163,253,5,24,81,7,114,51
437,11,142,248,247,20,18,216,255,103
437,12,43,67,7,222,181,59,152,95
437,13,228,140,116,200,123,48,51,222
437,14,38,206,156,39,75,73,169,11
437,15,99,192,197,39,207,230,142,13
437,16,99,42,186,146,54,2,45,119
437,17,88,139,231,50,155,181,23,206
437,18,12,26,232,135,103,73,114,63
437,19,113,71,111,108,211,43,228,230
437,20,165,112,88,201,65,43,184,242
437,21,178,146,4,145,14,5,215,220
437,22,163,253,5,53,7,140,31,114
437,23,142,216,103,20,84,247,101,207
437,24,222,43,152,67,181,59,132,19
437,25,228,140,51,199,100,24,48,166
437,26,206,156,39,75,38,153,169,67
437,27,99,197,192,142,3,5,230,13
437,28,33,186,146,54,99,21,4,231
437,29,206,155,139,231,236,181,56,218
437,30,71,103,12,26,251,114,221,232
437,31,111,71,199,91,113,33,108,107
437,32,17,89,40,21,156,201,18,62
437,33,105,107,244,122,58,154,143,214
437,34,12,81,56,252,21,95,58,235
437,35,132,61,218,99,89,20,236,151
437,36,253,246,152,248,211,202,193,117
437,37,161,60,227,135,67,174,158,143
437,38,30,234,9,136,101,44,84,126
437,39,246,250,1,92,248,203,15,125
438,0,186,242,234,210,144,155,188,92
438,1,217,198,95,42,79,175,213,37
438,2,92,13,150,86,159,110,230,107
438,3,155,234,215,66,202,58,44,30
438,4,94,30,71,158,216,139,112,133
438,5,33,18,194,52,27,208,168,98
438,6,154,235,123,92,200,142,114,90
438,7,181,239,243,4,187,151,19,1
438,8,124,88,201,165,69,132,103,106
438,9,146,145,14,4,231,120,165,5
438,10,53,5,9,253,114,235,207,108
438,11,153,170,142,255,207,15,216,13
438,12,222,59,152,219,206,42,181,7
438,13,228,116,140,100,166,22,48,123
438,14,206,38,156,169,11,39,218,73
438,15,197,192,3,230,142,76,123,39
438,16,186,33,99,54,42,146,21,45
438,17,206,23,231,139,181,197,88,236
438,18,232,135,26,114,12,73,198,215
438,19,211,71,108,43,113,111,228,33
438,20,165,88,201,65,242,37,38,208
438,21,146,4,220,14,231,96,145,46
438,22,5,53,108,253,9,0,66,140
438,23,153,15,103,207,101,84,216,142
438,24,222,152,206,59,181,219,42,132
438,25,228,116,140,24,199,48,166,51
438,26,206,220,93,39,76,72,218,156
438,27,197,248,142,192,230,3,123,5
438,28,186,33,21,54,146,230,4,42
438,29,206,236,139,181,56,231,7,157
438,30,69,221,12,26,103,251,198,238
438,31,71,111,113,60,176,33,204,107
438,32,195,40,146,194,86,61,206,220
438,33,217,37,97,122,36,94,154,189
438,34,212,188,90,255,187,19,30,54
438,35,49,214,244,89,92,196,73,1
438,36,234,0,11,8,239,193,129,117
438,37,84,227,220,57,103,241,147,45
438,38,22,86,250,94,39,84,40,244
438,39,23,62,16,242,145,224,181,203
439,0,175,177,55,152,178,52,116,222
439,1,40,153,245,143,48,49,42,67
439,2,112,192,116,209,178,193,44,205
439,3,247,197,44,243,2,14,32,66
439,4,180,178,51,137,158,197,30,169
439,5,19,66,81,98,187,235,16,115
439,6,123,86,154,204,200,115,245,116
439,7,239,187,167,146,109,4,132,95
439,8,88,165,201,5,242,124,37,29
439,9,4,146,220,145,46,14,24,147
439,10,5,53,232,117,66,108,235,15
439,11,170,103,59,84,151,216,255,8
439,12,222,152,59,181,32,207,42,139
439,13,228,140,51,24,133,48,123,199
439,14,206,156,169,39,11,76,210,75
439,15,197,192,230,142,207,13,76,3
439,16,193,42,33,99,186,146,2,21
439,17,231,139,50,78,23,7,181,206
439,18,26,12,151,114,50,250,190,232
439,19,211,111,113,108,71,43,176,170
439,20,165,88,242,37,201,13,54,124
439,21,145,4,146,14,98,220,11,46
439,22,216,5,53,51,117,108,219,31
439,23,116,103,231,59,84,201,216,151
439,24,128,222,152,205,59,7,217,56
439,25,97,140,228,81,19,222,116,24
439,26,218,169,39,206,93,18,234,40
439,27,197,192,230,3,57,146,142,13
439,28,193,196,33,99,82,186,4,2
439,29,88,61,21,255,49,78,165,7
439,30,50,162,250,232,26,186,12,205
439,31,4,43,211,218,205,252,111,34
439,32,85,131,125,179,76,40,156,16
439,33,104,56,102,6,132,95,36,238
439,34,44,238,28,195,62,20,72,240
439,35,190,148,74,145,185,184,63,102
439,36,227,39,115,147,142,85,172,98
439,37,78,27,169,126,190,16,19,175
439,38,169,215,75,119,96,35,158,233
439,39,231,158,179,117,139,163,196,109
440,0,229,249,123,196,216,7,105,242
440,1,225,244,231,93,27,118,155,150
440,2,163,100,103,162,4,227,105,214
440,3,133,187,152,235,231,31,212,84
440,4,13,142,167,236,222,30,251,102
440,5,104,193,6,161,186,112,204,5
440,6,167,123,153,200,61,142,241,59
440,7,239,29,23,109,1,10,199,187
440,8,234,89,56,88,212,7,201,69
440,9,13,94,29,164,146,145,11,4
440,10,130,169,216,51,222,248,1,63
440,11,189,103,216,161,236,248,185,147
440,12,7,26,74,63,128,56,32,181
440,13,147,43,156,228,29,123,51,28
440,14,206,124,39,75,169,146,20,156
440,15,81,207,192,57,197,13,200,142
440,16,5,196,2,42,99,71,167,45
440,17,61,172,250,166,139,50,76,255
440,18,57,187,179,50,205,12,26,190
440,19,130,205,111,109,252,146,113,218
440,20,234,88,56,212,115,4,165,201
440,21,94,29,13,164,146,145,197,4
440,22,130,169,51,198,222,143,196,1
440,23,189,236,42,161,103,84,216,62
440,24,74,26,63,128,217,160,32,65
440,25,43,147,97,156,81,134,228,123
440,26,20,169,124,148,51,146,75,32
440,27,200,81,181,37,162,57,192,120
440,28,5,196,133,99,167,42,71,188
440,29,255,172,250,76,61,50,87,229
440,30,179,187,205,12,81,28,73,251
440,31,130,205,252,111,109,4,40,251
440,32,98,99,186,131,134,61,77,176
440,33,183,238,232,126,73,116,122,86
440,34,84,62,207,180,96,101,235,34
440,35,145,184,153,255,63,57,160,80
440,36,181,120,98,70,193,210,217,99
440,37,190,65,58,31,182,241,227,200
440,38,92,71,148,75,250,244,157,39
440,39,2,189,69,38,217,52,146,14
441,0,46,22,32,66,106,157,110,202
441,1,112,117,242,86,118,19,197,211
441,2,255,10,108,121,80,167,60,133
441,3,214,194,117,92,219,146,76,202
441,4,118,242,122,54,30,251,89,187
441,5,10,100,67,161,254,44,147,5
441,6,183,167,208,122,142,133,61,164
441,7,242,44,79,109,10,1,23,239
441,8,33,113,234,88,56,212,207,7
441,9,13,240,217,94,156,98,145,151
441,10,62,114,72,161,142,51,63,76
441,11,49,203,27,236,195,20,69,181
441,12,7,56,132,191,138,26,155,181
441,13,142,72,123,168,228,18,48,29
441,14,75,169,156,206,241,146,11,14
441,15,192,96,120,22,13,207,142,230
441,16,42,167,71,13,99,188,95,146
441,17,166,132,50,139,231,92,61,200
441,18,12,159,190,205,251,26,103,187
441,19,111,113,252,120,205,43,146,251
441,20,88,184,201,33,113,165,222,43
441,21,4,146,240,217,13,24,145,102
441,22,62,236,143,114,51,31,246,81
441,23,42,49,84,103,27,69,195,225
441,24,181,132,155,191,59,57,19,7
441,25,228,29,81,21,123,72,51,18
441,26,156,206,169,75,146,241,232,14
441,27,120,192,142,209,13,234,22,5
441,28,99,167,42,122,119,237,21,31
441,29,255,50,231,110,229,23,173,139
441,30,159,28,187,165,12,205,103,251
441,31,111,252,40,251,71,107,113,120
441,32,96,61,201,186,40,134,116,176
441,33,232,238,73,58,122,116,182,142
441,34,207,180,9,101,34,235,70,102
441,35,184,145,218,153,255,20,63,151
441,36,181,211,193,120,98,210,202,8
441,37,84,193,31,190,143,241,220,90
441,38,75,44,250,86,244,157,39,215
441,39,62,146,52,241,9,145,242,72
442,0,40,185,157,18,233,110,171,250
442,1,242,226,117,79,84,122,73,42
442,2,108,58,201,133,251,80,0,134
442,3,214,194,202,117,217,105,92,245
442,4,122,139,30,242,172,17,179,150
442,5,18,147,14,114,11,10,100,5
442,6,166,42,208,142,65,81,178,164
442,7,109,242,239,1,101,79,210,16
442,8,88,122,201,207,184,103,35,7
442,9,217,178,151,146,145,14,156,4
442,10,142,62,31,114,163,7,155,171
442,11,69,27,247,109,49,236,195,95
442,12,12,132,155,43,181,56,0,191
442,13,228,18,81,72,123,1,48,142
442,14,156,206,169,75,11,172,14,186
442,15,120,96,22,192,13,209,207,234
442,16,13,167,42,122,146,99,71,95
442,17,231,188,50,56,23,102,236,200
442,18,162,165,12,158,190,251,28,159
442,19,111,71,34,113,175,179,107,43
442,20,184,201,88,43,222,35,183,28
442,21,217,24,4,178,14,146,145,102
442,22,62,142,163,143,114,85,246,7
442,23,69,84,247,207,109,27,103,101
442,24,57,181,12,59,132,147,46,67
442,25,228,81,199,1,51,72,21,123
442,26,156,206,232,169,75,38,14,152
442,27,209,120,142,213,192,71,22,234
442,28,167,42,21,231,211,119,122,99
442,29,188,231,23,206,56,213,50,139
442,30,165,158,28,1,103,12,70,71
442,31,91,111,71,175,40,181,179,251
442,32,96,246,61,42,186,201,116,40
442,33,151,11,58,107,232,122,38,142
442,34,12,180,101,56,95,45,235,252
442,35,218,153,145,184,20,255,99,236
442,36,211,202,193,117,152,246,248,217
442,37,174,143,161,31,67,83,250,60
442,38,101,234,30,9,44,39,157,126
442,39,241,9,92,68,250,125,15,67
443,0,110,57,250,56,157,127,68,88
443,1,119,135,222,179,117,134,220,237
443,2,239,33,181,127,89,174,202,30
443,3,70,42,171,194,90,107,185,240
443,4,122,254,74,17,138,30,255,133
443,5,24,144,147,11,169,18,114,138
443,6,243,145,128,166,178,191,142,42
443,7,239,109,56,242,217,1,165,146
443,8,88,201,184,207,122,222,56,65
443,9,148,146,217,145,24,14,4,105
443,10,142,24,76,73,7,114,31,155
443,11,210,69,147,154,109,247,207,27
443,12,12,57,132,43,121,147,46,0
443,13,1,72,18,123,81,228,133,181
443,14,156,169,186,232,172,206,11,235
443,15,203,209,22,239,192,120,13,146
443,16,167,42,95,175,66,118,90,13
443,17,231,23,188,50,56,213,92,200
443,18,165,12,28,162,251,103,158,1
443,19,111,71,175,40,199,43,34,113
443,20,222,183,201,215,88,184,65,207
443,21,24,4,148,234,146,5,145,14
443,22,24,85,143,7,142,140,246,114
443,23,210,147,69,101,84,207,45,103
443,24,57,43,181,12,59,147,206,46
443,25,1,228,51,123,122,72,81,199
443,26,156,232,152,206,220,14,169,172
443,27,209,203,142,239,120,213,192,71
443,28,21,42,161,167,118,241,231,211
443,29,231,206,23,188,214,56,50,139
443,30,165,28,158,1,103,71,12,251
443,31,91,111,199,71,179,216,175,181
443,32,221,246,61,48,40,201,18,91
443,33,96,107,151,121,58,122,244,253
443,34,56,208,175,95,252,12,70,171
443,35,218,85,20,184,99,236,255,61
443,36,211,195,246,202,152,193,117,248
443,37,161,174,143,67,56,60,83,135
443,38,234,201,9,30,44,101,195,39
443,39,246,1,250,92,248,215,125,15
444,0,186,234,242,84,144,223,12,55
444,1,198,5,87,111,117,188,29,65
444,2,150,230,86,239,92,15,33,89
444,3,42,155,44,202,234,240,66,214
444,4,112,94,30,98,71,158,169,178
444,5,144,169,5,168,48,115,18,81
444,6,174,200,243,92,178,9,142,128
444,7,243,146,239,228,181,242,41,1
444,8,88,183,201,222,124,68,215,207
444,9,5,24,4,14,145,236,146,244
444,10,7,85,142,9,140,143,97,31
444,11,153,69,147,103,114,15,207,212
444,12,206,57,12,181,233,117,132,95
444,13,72,1,48,228,123,140,238,81
444,14,156,232,169,206,220,42,119,172
444,15,209,239,22,192,203,142,123,248
444,16,21,42,167,122,66,13,118,31
444,17,206,188,231,197,23,50,56,240
444,18,165,28,158,12,11,1,70,162
444,19,71,111,91,179,60,181,216,113
444,20,68,215,201,88,183,222,124,43
444,21,24,4,14,5,146,244,196,162
444,22,7,140,0,128,85,114,9,142
444,23,15,103,153,69,207,147,101,84
444,24,57,206,59,181,12,117,95,46
444,25,1,123,51,249,122,48,228,72
444,26,220,156,152,232,83,93,206,169
444,27,209,142,248,239,192,17,123,230
444,28,21,78,42,241,118,230,167,30
444,29,206,231,23,56,188,49,236,128
444,30,165,28,69,1,158,235,231,189
444,31,60,111,71,216,91,179,28,113
444,32,86,40,195,176,109,61,246,62
444,33,36,97,37,6,117,10,12,142
444,34,28,90,212,255,47,206,102,109
444,35,49,255,44,184,20,73,66,99
444,36,147,234,227,193,210,172,11,225
444,37,193,15,84,83,241,87,220,45
444,38,139,44,157,215,126,250,244,206
444,39,158,224,72,146,91,36,165,127
445,0,96,242,117,121,171,250,187,133
445,1,209,40,96,134,94,222,157,81
445,2,19,123,55,0,197,73,239,21
445,3,240,44,247,42,155,234,170,53
445,4,112,55,30,98,71,180,2,76
445,5,3,48,144,232,168,5,133,33
445,6,178,174,200,9,243,92,142,108
445,7,239,243,146,181,133,217,60,228
445,8,68,88,201,124,183,103,112,12
445,9,5,19,24,14,236,4,206,102
445,10,7,163,85,128,143,9,142,97
445,11,18,69,103,153,130,212,147,15
445,12,57,206,12,95,132,181,233,136
445,13,200,72,228,123,1,48,81,238
445,14,156,232,169,206,14,220,11,251
445,15,209,192,22,239,241,142,13,234
445,16,21,13,167,42,122,20,232,31
445,17,188,206,231,236,155,240,102,23
445,18,165,12,238,70,28,158,251,190
445,19,71,111,216,91,113,179,34,175
445,20,68,215,201,183,88,165,184,124
445,21,19,24,4,5,146,196,102,162
445,22,128,163,143,85,7,140,232,59
445,23,103,18,207,130,101,69,84,15
445,24,57,59,106,181,206,207,46,107
445,25,228,200,123,1,249,122,199,51
445,26,156,152,232,14,38,93,206,220
445,27,209,142,241,230,17,108,213,99
445,28,21,30,118,231,167,147,42,122
445,29,206,155,236,231,137,23,188,56
445,30,165,28,1,6,238,69,235,70
445,31,111,71,216,113,170,70,40,60
445,32,175,40,17,176,37,194,61,199
445,33,117,94,214,40,23,12,105,142
445,34,28,187,54,58,19,47,182,70
445,35,255,7,184,212,161,214,3,60
445,36,0,245,8,210,34,193,253,57
445,37,84,220,241,90,164,87,102,57
445,38,157,244,136,44,86,250,22,126
445,39,23,16,146,68,145,52,36,61
446,0,181,82,251,107,39,255,119,83
446,1,89,237,9,220,166,176,248,119
446,2,125,95,185,209,191,19,9,190
446,3,255,158,73,41,65,227,240,102
446,4,182,145,227,82,211,30,247,7
446,5,3,174,223,142,232,83,68,234
446,6,108,174,9,178,58,149,25,151
446,7,146,133,220,239,122,1,94,13
446,8,68,88,201,183,124,215,222,66
446,9,24,4,146,5,196,162,52,139
446,10,68,85,143,128,181,76,134,7
446,11,64,42,131,84,94,212,56,208
446,12,57,132,59,207,117,12,125,107
446,13,123,228,18,164,122,51,230,72
446,14,156,14,169,75,232,206,174,129
446,15,22,192,209,71,142,230,135,250
446,16,167,42,146,122,31,99,21,33
446,17,231,137,50,139,26,23,56,200
446,18,165,12,251,190,70,238,103,232
446,19,111,113,251,230,40,216,71,107
446,20,184,165,201,183,88,222,68,215
446,21,4,146,102,24,5,234,145,162
446,22,68,143,232,117,204,140,128,246
446,23,103,64,80,101,225,84,202,207
446,24,181,57,59,46,107,132,7,207
446,25,228,164,249,123,1,175,122,72
446,26,14,206,156,174,232,72,152,16
446,27,209,142,234,118,22,108,192,230
446,28,21,232,30,222,20,42,122,147
446,29,26,206,231,155,240,137,180,101
446,30,55,165,238,70,28,235,231,1
446,31,237,216,71,111,14,170,132,251
446,32,224,175,176,40,37,197,206,171
446,33,179,201,117,12,156,40,142,105
446,34,28,49,217,58,47,213,102,34
446,35,224,7,255,184,214,39,99,71
446,36,255,245,24,210,57,193,34,25
446,37,50,14,90,241,221,102,87,57
446,38,146,44,244,86,157,250,126,4
446,39,85,177,62,13,36,52,181,14
447,0,109,2,41,65,177,24,152,86
447,1,226,236,245,42,190,105,252,22
447,2,95,185,221,47,13,193,139,191
447,3,66,247,207,156,234,255,44,137
447,4,30,155,243,149,180,51,239,158
447,5,3,33,223,52,115,2,48,5
447,6,174,172,175,48,108,149,200,185
447,7,239,133,169,1,146,167,220,122
447,8,88,68,201,184,183,38,7,159
447,9,24,5,145,146,14,196,4,102
447,10,232,117,85,143,154,7,128,59
447,11,103,145,17,84,209,79,2,231
447,12,57,132,59,207,107,12,125,172
447,13,123,228,1,122,230,72,51,175
447,14,156,232,169,206,11,75,14,16
447,15,209,22,192,239,13,142,207,79
447,16,21,167,31,122,138,42,193,118
447,17,78,231,50,206,23,188,56,139
447,18,165,238,12,190,1,103,28,251
447,19,71,111,70,175,113,179,216,107
447,20,184,88,183,43,68,215,222,7
447,21,24,146,4,14,234,5,145,201
447,22,216,117,17,128,154,232,146,85
447,23,103,59,209,201,231,116,84,79
447,24,128,57,59,12,181,7,11,205
447,25,19,1,228,230,81,48,123,21
447,26,156,169,232,93,75,206,218,205
447,27,209,13,142,192,79,71,207,197
447,28,193,167,82,99,42,21,118,30
447,29,88,255,231,78,21,50,61,56
447,30,28,165,162,90,12,70,1,103
447,31,111,252,216,70,179,251,107,71
447,32,148,40,86,61,246,91,176,75
447,33,5,132,161,142,6,11,38,143
447,34,28,45,238,94,44,227,72,240
447,35,148,255,190,20,74,184,236,145
447,36,227,39,115,202,211,147,142,245
447,37,27,78,126,190,169,87,113,143
447,38,169,119,157,215,250,44,244,135
447,39,75,158,122,44,197,129,179,14
448,0,97,113,166,142,205,210,150,213
448,1,34,199,26,59,62,187,132,151
448,2,59,64,210,26,227,242,176,191
448,3,42,211,31,135,46,84,142,146
448,4,167,161,30,17,131,251,202,19
448,5,14,3,204,10,161,104,186,6
448,6,174,200,243,178,167,172,9,48
448,7,40,239,242,91,133,1,146,228
448,8,88,201,33,89,184,183,164,132
448,9,39,24,146,94,13,145,14,4
448,10,142,85,7,216,143,130,31,114
448,11,203,20,103,84,147,250,109,2
448,12,12,57,56,7,132,59,117,160
448,13,123,228,72,29,1,21,51,81
448,14,156,169,206,75,11,14,146,232
448,15,65,192,96,22,13,207,209,39
448,16,13,42,122,71,167,99,118,146
448,17,231,166,50,213,132,92,137,139
448,18,90,12,190,103,165,26,232,251
448,19,111,113,146,251,130,71,107,252
448,20,165,184,88,201,212,43,33,124
448,21,39,4,146,145,24,217,94,14
448,22,142,62,114,236,143,140,232,51
448,23,203,103,42,84,113,101,186,109
448,24,181,152,132,59,12,42,7,128
448,25,228,29,21,81,123,140,72,51
448,26,206,75,156,210,169,220,72,241
448,27,65,192,142,234,197,96,5,123
448,28,42,21,99,146,181,33,237,112
448,29,213,139,50,181,206,255,132,172
448,30,12,103,26,251,90,11,70,205
448,31,130,111,113,251,91,252,107,71
448,32,96,148,40,186,99,113,91,201
448,33,190,232,238,122,58,38,41,86
448,34,161,180,88,45,97,34,101,30
448,35,153,145,20,218,236,61,151,184
448,36,207,11,211,193,181,147,120,202
448,37,31,190,193,143,227,84,241,174
448,38,71,44,250,39,215,80,244,234
448,39,241,9,72,52,145,68,69,92
449,0,88,57,6,56,110,59,157,68
449,1,242,158,112,117,118,250,191,60
449,2,64,198,33,58,134,87,239,76
449,3,70,214,5,194,19,217,90,92
449,4,17,74,254,30,255,229,182,242
449,5,174,144,24,18,5,249,97,255
449,6,166,115,193,178,164,7,42,17
449,7,40,129,239,1,109,91,242,4
449,8,88,201,184,165,68,106,132,12
449,9,148,4,5,146,145,11,24,220
449,10,228,68,252,5,114,143,73,140
449,11,210,203,147,113,104,45,96,154
449,12,181,152,132,154,190,206,207,95
449,13,228,164,123,18,199,72,48,22
449,14,206,156,75,169,232,14,213,11
449,15,192,234,203,209,22,96,13,39
449,16,13,42,146,21,122,33,99,167
449,17,26,231,50,181,206,139,254,137
449,18,12,103,26,251,190,211,165,238
449,19,113,251,111,228,107,230,176,71
449,20,165,184,201,43,88,208,13,242
449,21,4,146,148,220,145,11,5,46
449,22,68,228,140,143,30,252,66,5
449,23,210,103,113,101,84,147,64,154
449,24,181,152,42,59,132,57,172,84
449,25,228,164,123,140,48,51,72,18
449,26,206,156,220,210,75,72,139,114
449,27,192,203,142,234,5,197,123,230
449,28,21,146,161,42,112,231,206,33
449,29,206,26,181,214,231,50,139,92
449,30,26,12,103,11,70,165,251,221
449,31,111,251,113,91,71,170,102,230
449,32,224,40,91,42,197,206,177,66
449,33,177,96,217,122,156,38,84,12
449,34,49,217,196,30,213,188,28,235
449,35,224,210,214,100,60,244,131,247
449,36,255,11,24,193,239,129,57,42
449,37,14,227,50,241,57,158,83,147
449,38,146,250,44,39,40,126,244,97
449,39,13,85,62,177,181,52,242,252
450,0,180,175,55,199,177,124,224,137
450,1,111,49,22,117,42,178,8,245
450,2,71,221,3,193,212,58,77,33
450,3,243,66,234,44,107,16,13,70
450,4,178,243,158,30,60,51,125,80
450,5,66,33,5,40,144,52,102,48
450,6,115,57,172,123,200,48,134,25
450,7,1,239,129,220,223,167,95,183
450,8,184,88,68,201,124,183,165,222
450,9,4,24,146,220,11,5,102,87
450,10,228,232,143,19,66,5,204,146
450,11,231,59,103,113,147,212,137,84
450,12,181,207,210,0,152,208,136,59
450,13,228,123,48,198,173,207,19,18
450,14,206,156,14,169,75,232,174,11
450,15,234,192,22,5,209,230,13,142
450,16,21,42,82,146,122,33,31,167
450,17,164,231,206,181,50,254,187,137
450,18,12,251,190,26,70,238,219,103
450,19,251,111,113,230,176,70,102,247
450,20,184,201,165,88,43,13,124,5
450,21,4,220,146,5,11,14,147,89
450,22,228,146,140,19,232,252,66,143
450,23,103,231,113,59,147,84,218,212
450,24,181,11,152,59,190,42,206,84
450,25,228,19,140,51,48,123,81,22
450,26,206,220,203,93,156,72,210,75
450,27,197,192,5,142,234,123,105,151
450,28,21,42,161,33,146,206,99,82
450,29,206,214,181,164,50,132,90,139
450,30,26,11,70,103,12,90,188,71
450,31,91,199,251,71,111,113,185,176
450,32,48,85,91,40,62,102,177,80
450,33,234,107,68,38,122,224,177,95
450,34,240,175,95,64,56,30,28,70
450,35,236,85,20,94,99,5,55,185
450,36,202,195,246,152,211,117,142,193
450,37,83,161,60,174,45,43,67,135
450,38,234,201,44,9,39,30,3,40
450,39,246,1,250,92,248,215,125,15
451,0,234,188,242,111,186,146,223,13
451,1,232,117,198,43,29,66,162,7
451,2,23,230,173,110,150,249,122,86
451,3,116,155,234,7,51,66,236,202
451,4,71,12,94,30,47,213,112,53
451,5,169,81,66,33,34,217,3,6
451,6,115,200,123,178,73,142,57,38
451,7,243,239,40,1,220,129,56,4
451,8,65,201,124,88,184,103,208,199
451,9,96,5,4,145,14,220,146,222
451,10,7,114,252,218,212,9,66,15
451,11,114,153,216,208,15,8,116,243
451,12,206,181,190,152,95,11,90,132
451,13,228,38,48,199,155,123,24,187
451,14,220,206,169,156,114,234,76,218
451,15,123,192,234,5,197,142,22,230
451,16,21,20,42,180,122,33,192,146
451,17,206,197,181,50,231,80,90,218
451,18,12,188,26,103,238,11,165,70
451,19,91,251,111,113,71,176,181,107
451,20,165,201,65,184,43,124,208,88
451,21,96,4,146,220,5,14,145,162
451,22,140,0,7,114,252,66,218,30
451,23,15,114,103,113,208,84,156,101
451,24,206,181,152,132,59,95,190,42
451,25,228,38,48,51,123,140,249,18
451,26,220,206,156,72,210,76,114,174
451,27,142,5,234,192,123,197,105,151
451,28,21,42,206,20,192,71,99,78
451,29,206,218,181,90,231,189,3,50
451,30,165,69,70,26,238,103,243,11
451,31,71,251,91,185,28,60,181,111
451,32,195,91,40,62,80,86,177,201
451,33,36,117,97,12,38,37,154,248
451,34,90,28,95,212,255,235,171,30
451,35,99,49,20,126,236,55,100,1
451,36,147,234,117,193,49,223,202,227
451,37,193,83,15,45,37,227,209,84
451,38,139,44,39,213,126,215,3,250
451,39,224,72,15,158,201,36,244,252
452,0,96,198,52,226,117,250,44,133
452,1,82,63,134,137,7,188,40,96
452,2,23,212,110,15,230,236,173,0
452,3,156,7,236,155,234,66,166,188
452,4,55,71,12,213,164,30,53,60
452,5,81,33,3,66,98,217,52,169
452,6,200,115,142,73,136,178,50,25
452,7,243,4,239,56,28,1,129,228
452,8,124,65,88,201,184,103,112,68
452,9,96,4,145,5,14,19,240,46
452,10,7,114,31,141,140,9,163,212
452,11,15,208,116,153,113,8,156,130
452,12,206,181,95,132,152,190,101,226
452,13,228,199,155,48,123,38,196,187
452,14,220,206,218,156,169,39,114,76
452,15,123,142,5,192,197,234,157,22
452,16,21,20,192,42,180,66,232,162
452,17,206,197,181,50,155,231,90,254
452,18,238,165,26,103,12,3,188,190
452,19,91,251,71,111,113,181,107,40
452,20,165,43,201,124,68,208,65,37
452,21,4,162,19,146,96,37,220,24
452,22,140,0,66,7,143,114,252,97
452,23,15,103,208,113,114,130,84,101
452,24,181,206,152,95,132,57,59,107
452,25,228,38,48,51,123,140,24,249
452,26,220,206,156,210,76,75,114,72
452,27,142,5,234,192,123,190,209,197
452,28,21,42,20,206,232,192,146,249
452,29,206,155,231,90,181,218,189,139
452,30,165,69,238,70,26,103,28,198
452,31,71,40,60,251,107,91,181,28
452,32,91,37,17,80,61,101,40,195
452,33,117,36,12,23,154,212,122,38
452,34,177,90,28,235,155,187,54,188
452,35,99,49,126,184,20,3,55,100
452,36,57,0,193,234,239,223,139,253
452,37,84,164,220,83,37,45,32,17
452,38,136,44,39,3,22,40,75,205
452,39,23,16,15,113,145,224,52,252
453,0,2,86,223,41,104,71,29,232
453,1,95,153,117,180,40,13,105,42
453,2,174,236,24,99,181,173,212,107
453,3,66,247,234,58,44,172,63,21
453,4,180,30,178,231,93,169,149,83
453,5,3,81,66,33,232,225,6,213
453,6,25,136,115,186,200,114,9,71
453,7,243,167,41,1,95,143,150,19
453,8,124,46,43,242,6,201,68,165
453,9,4,5,250,37,133,128,111,242
453,10,66,97,17,239,140,246,102,15
453,11,15,208,151,13,2,146,209,113
453,12,206,95,227,114,181,226,55,72
453,13,228,199,207,196,48,24,155,187
453,14,206,220,76,48,218,169,203,156
453,15,123,5,142,234,197,99,192,190
453,16,21,20,192,42,232,66,146,180
453,17,206,78,181,30,240,155,90,231
453,18,237,3,198,238,26,35,70,11
453,19,71,91,251,235,60,176,99,92
453,20,242,43,208,165,167,68,0,46
453,21,4,250,220,146,162,136,37,128
453,22,17,66,140,117,109,194,107,7
453,23,151,103,209,208,13,113,156,26
453,24,152,181,95,107,114,206,90,179
453,25,228,48,24,207,196,187,249,46
453,26,220,206,76,210,93,218,48,209
453,27,5,142,234,192,179,190,201,123
453,28,21,10,192,232,206,146,20,222
453,29,126,206,78,189,246,90,155,231
453,30,237,151,238,198,165,50,209,70
453,31,60,71,24,40,251,179,43,80
453,32,101,75,80,37,40,14,175,91
453,33,185,161,154,12,122,103,212,38
453,34,177,143,227,28,90,235,18,249
453,35,1,99,100,55,242,7,236,34
453,36,55,57,251,223,48,42,131,139
453,37,196,162,83,84,126,45,14,149
453,38,132,124,52,39,75,3,162,185
453,39,27,77,224,66,190,26,84,151
454,0,50,177,104,152,69,55,223,224
454,1,88,180,215,206,245,186,228,179
454,2,131,203,174,235,83,107,75,132
454,3,247,213,197,114,234,66,61,44
454,4,180,30,221,178,164,158,231,44
454,5,3,115,66,33,98,19,96,52
454,6,115,25,200,178,136,123,38,186
454,7,239,167,1,41,243,146,220,95
454,8,124,184,165,5,242,43,88,159
454,9,4,146,220,14,24,5,162,215
454,10,117,66,5,252,9,143,232,218
454,11,103,116,151,209,113,15,145,8
454,12,181,7,59,190,152,132,207,95
454,13,228,140,123,48,72,207,38,18
454,14,206,156,75,169,232,14,2,11
454,15,192,234,209,22,5,230,197,207
454,16,42,21,146,122,193,33,99,167
454,17,231,50,206,78,181,56,139,90
454,18,26,12,211,251,151,5,103,238
454,19,111,113,251,176,107,181,91,71
454,20,165,43,184,201,88,13,69,242
454,21,4,146,145,162,98,89,105,24
454,22,216,81,117,143,0,5,66,85
454,23,103,59,84,116,151,113,13,95
454,24,128,181,152,205,59,7,222,132
454,25,228,140,19,97,48,81,41,123
454,26,206,156,75,93,210,169,218,146
454,27,192,13,234,142,197,22,230,5
454,28,193,196,42,99,82,33,146,21
454,29,61,88,255,21,49,78,50,231
454,30,50,251,12,70,162,26,232,205
454,31,111,230,252,251,4,107,205,113
454,32,125,40,91,179,86,186,131,61
454,33,181,238,104,38,132,54,5,161
454,34,44,101,180,28,238,109,235,227
454,35,145,20,148,190,161,153,236,55
454,36,39,115,120,227,211,147,98,11
454,37,190,27,78,143,58,16,169,250
454,38,169,3,215,61,92,119,96,75
454,39,231,189,179,163,117,146,129,65
455,0,229,249,123,196,7,216,105,242
455,1,225,244,231,93,118,117,27,122
455,2,100,163,227,4,214,103,155,162
455,3,133,187,152,235,31,231,212,190
455,4,13,142,167,30,251,102,236,222
455,5,104,6,193,161,5,112,204,236
455,6,167,200,123,153,172,178,245,115
455,7,239,29,1,23,109,242,79,10
455,8,234,184,88,201,89,56,212,164
455,9,94,13,29,4,164,146,98,102
455,10,130,216,169,248,5,143,63,31
455,11,189,103,236,185,151,170,84,250
455,12,7,26,181,63,56,128,132,57
455,13,228,29,43,18,123,147,51,21
455,14,156,206,124,75,169,14,146,2
455,15,22,81,192,13,207,234,209,142
455,16,5,71,42,196,122,167,99,146
455,17,166,61,250,172,231,50,139,213
455,18,187,12,190,205,57,50,26,251
455,19,130,111,205,113,146,252,109,251
455,20,184,234,88,212,201,165,4,207
455,21,29,13,94,146,4,102,164,220
455,22,169,236,143,130,81,198,62,31
455,23,42,189,84,103,62,236,225,113
455,24,26,181,63,74,132,128,7,59
455,25,228,43,29,147,123,81,51,18
455,26,206,156,124,169,75,72,51,14
455,27,120,192,81,234,166,5,200,142
455,28,5,42,99,167,146,133,71,196
455,29,250,172,255,139,231,50,76,181
455,30,205,187,179,251,70,12,103,206
455,31,130,111,251,230,252,107,205,109
455,32,98,99,186,96,61,91,40,176
455,33,232,183,238,126,38,58,122,73
455,34,180,84,207,101,34,70,235,196
455,35,153,145,20,161,151,184,218,236
455,36,181,211,193,70,139,11,120,34
455,37,31,143,227,190,58,241,182,83
455,38,71,3,92,148,250,44,244,39
455,39,2,189,69,38,252,217,52,213
456,0,110,157,57,56,127,32,66,165
456,1,117,242,118,122,73,90,54,161
456,2,80,33,255,121,133,165,243,202
456,3,70,171,131,19,217,32,107,96
456,4,118,254,74,242,122,255,30,138
456,5,24,144,169,11,161,5,249,30
456,6,183,166,118,164,191,63,128,89
456,7,56,239,1,2,109,101,210,217
456,8,88,184,201,207,234,35,253,56
456,9,148,217,11,13,4,146,24,145
456,10,24,161,73,114,92,143,171,84
456,11,210,195,147,154,27,66,45,163
456,12,154,181,147,84,7,155,43,132
456,13,228,22,123,18,48,142,116,51
456,14,156,206,75,169,232,14,213,174
456,15,209,22,203,192,234,239,207,13
456,16,167,13,42,33,95,66,21,99
456,17,231,50,23,137,56,139,200,197
456,18,12,103,251,190,165,211,5,206
456,19,111,113,199,107,71,251,179,181
456,20,184,201,88,43,35,222,215,165
456,21,4,148,146,24,145,102,14,234
456,22,24,143,114,81,140,232,85,161
456,23,210,101,84,103,147,113,225,154
456,24,181,59,43,132,84,57,227,206
456,25,228,22,51,29,48,123,140,81
456,26,156,206,75,232,72,169,174,14
456,27,234,203,209,5,192,142,197,22
456,28,161,42,99,167,21,146,33,231
456,29,214,231,50,206,139,23,181,56
456,30,71,103,251,206,12,189,243,211
456,31,91,111,251,199,107,181,230,179
456,32,91,48,221,40,177,61,201,62
456,33,96,58,151,107,121,122,38,242
456,34,56,208,175,95,252,171,34,70
456,35,20,85,218,236,99,61,161,55
456,36,195,211,246,152,202,1,193,139
456,37,67,161,143,174,56,83,60,135
456,38,9,234,201,44,30,3,195,39
456,39,246,1,250,92,248,215,220,15
457,0,186,234,242,84,92,144,155,4
457,1,198,117,29,255,111,118,42,91
457,2,230,15,33,150,133,86,134,234
457,3,155,214,66,202,156,116,70,234
457,4,112,71,94,158,30,60,98,74
457,5,18,33,144,2,169,5,194,115
457,6,172,84,142,73,200,115,128,170
457,7,239,1,109,181,101,40,210,79
457,8,184,159,88,201,103,165,183,207
457,9,146,14,4,128,24,102,120,220
457,10,9,114,143,5,81,161,232,218
457,11,153,145,103,114,66,147,130,137
457,12,181,7,59,132,95,155,126,136
457,13,228,38,22,123,48,18,116,81
457,14,156,206,75,169,14,174,232,11
457,15,192,209,22,234,142,248,13,207
457,16,167,13,42,33,21,31,66,146
457,17,197,231,50,139,236,218,56,102
457,18,190,251,12,103,70,211,69,232
457,19,71,111,70,230,51,251,113,107
457,20,184,159,88,248,201,43,242,35
457,21,4,14,146,102,234,220,43,128
457,22,0,143,232,114,81,204,9,66
457,23,153,103,101,114,15,113,66,130
457,24,181,59,107,227,132,206,172,7
457,25,228,249,48,123,22,51,38,181
457,26,174,206,156,14,232,93,169,79
457,27,166,209,118,234,248,71,5,22
457,28,222,167,21,54,8,42,231,226
457,29,236,174,231,206,240,102,56,23
457,30,70,69,231,4,206,251,189,1
457,31,51,71,230,251,185,216,111,107
457,32,195,146,86,176,61,194,91,40
457,33,97,37,6,38,75,94,189,171
457,34,212,187,146,70,235,19,255,188
457,35,161,49,214,131,123,20,92,100
457,36,234,0,139,193,42,8,129,239
457,37,145,220,147,87,83,241,84,57
457,38,44,162,167,244,15,39,250,86
457,39,23,252,220,61,145,52,68,16
458,0,181,82,107,251,255,39,83,246
458,1,40,117,234,176,248,183,222,96
458,2,120,173,225,101,28,197,2,209
458,3,150,105,50,169,229,134,109,212
458,4,172,60,156,254,227,82,7,30
458,5,174,250,68,194,5,18,33,159
458,6,84,172,149,89,108,115,134,247
458,7,1,239,220,146,41,173,180,195
458,8,184,88,159,68,201,183,124,248
458,9,4,14,24,5,146,120,190,102
458,10,68,143,204,76,15,181,114,81
458,11,64,145,130,212,207,208,31,66
458,12,154,181,57,53,132,234,95,107
458,13,164,228,112,230,48,18,137,122
458,14,174,156,232,14,169,206,218,75
458,15,22,209,142,118,166,234,239,71
458,16,167,42,21,13,206,233,222,30
458,17,231,102,26,50,174,206,3,23
458,18,70,190,251,231,211,189,238,206
458,19,71,251,111,51,216,107,237,230
458,20,248,215,184,183,35,124,222,43
458,21,4,162,24,242,236,133,244,128
458,22,68,143,204,15,97,254,232,181
458,23,64,101,113,212,207,208,202,103
458,24,181,107,173,227,172,57,59,210
458,25,249,122,163,164,181,112,48,228
458,26,174,232,79,14,206,156,152,69
458,27,209,166,118,7,234,22,233,5
458,28,222,21,8,226,140,167,83,199
458,29,26,174,240,231,3,31,206,55
458,30,70,55,4,231,206,221,190,36
458,31,237,185,251,230,216,58,71,46
458,32,224,176,94,206,197,91,61,40
458,33,179,201,38,156,185,12,171,248
458,34,217,49,146,188,235,34,70,213
458,35,224,161,214,131,123,92,236,111
458,36,24,255,42,139,239,193,129,57
458,37,50,14,83,147,87,241,45,97
458,38,146,44,86,167,162,3,15,39
458,39,252,220,85,13,177,62,61,52
459,0,175,109,55,152,24,31,177,74
459,1,42,236,245,114,226,219,49,11
459,2,157,193,221,120,3,5,36,194
459,3,66,197,243,234,13,58,44,15
459,4,243,51,169,30,93,178,137,158
459,5,115,250,217,33,5,187,225,48
459,6,49,84,161,25,115,108,172,185
459,7,220,1,239,84,41,146,167,246
459,8,124,88,183,215,45,68,184,201
459,9,4,5,133,220,146,190,162,14
459,10,15,232,204,117,143,66,103,239
459,11,212,59,103,113,194,68,202,30
459,12,210,53,95,29,234,181,72,136
459,13,228,48,163,137,136,230,70,123
459,14,174,14,156,237,232,79,206,13
459,15,22,234,209,142,7,118,233,192
459,16,21,82,167,66,233,206,226,140
459,17,206,231,174,55,31,36,240,3
459,18,70,190,238,206,243,251,231,189
459,19,71,230,251,185,46,250,216,111
459,20,45,248,149,184,215,124,252,6
459,21,4,80,216,220,133,89,236,128
459,22,204,143,117,15,216,146,140,30
459,23,113,212,59,194,85,103,231,68
459,24,210,181,53,173,29,107,59,227
459,25,163,48,230,249,137,181,228,122
459,26,174,237,79,14,232,156,206,218
459,27,118,7,234,209,22,40,71,166
459,28,226,190,8,167,21,222,233,212
459,29,55,174,31,3,240,231,206,78
459,30,70,231,243,189,210,206,250,36
459,31,185,71,216,46,251,230,58,111
459,32,176,85,76,57,61,126,91,86
459,33,102,56,38,248,11,171,185,3
459,34,146,72,94,47,19,209,28,202
459,35,123,161,131,100,255,111,217,242
459,36,42,139,116,25,193,39,127,147
459,37,87,84,45,221,102,7,139,83
459,38,3,162,14,15,167,244,157,114
459,39,165,61,146,220,252,14,67,223
460,0,226,96,247,171,80,128,11,107
460,1,236,2,169,57,16,104,199,136
460,2,122,36,149,250,254,196,12,39
460,3,221,188,2,170,191,234,179,122
460,4,60,119,30,82,169,20,63,105
460,5,250,61,225,6,194,217,66,187
460,6,16,49,84,115,161,172,108,25
460,7,1,220,84,41,239,146,157,150
460,8,112,184,124,68,88,248,45,176
460,9,206,4,14,220,133,120,5,162
460,10,229,15,204,143,30,163,140,211
460,11,18,212,113,145,202,103,207,194
460,12,106,29,53,95,234,181,172,67
460,13,200,48,112,228,163,137,122,181
460,14,174,156,232,206,218,237,42,14
460,15,241,22,209,142,234,118,233,166
460,16,167,149,21,140,206,8,222,233
460,17,231,102,206,31,236,23,55,3
460,18,70,189,231,206,243,6,251,210
460,19,71,216,185,46,251,111,179,250
460,20,215,248,45,112,183,222,184,230
460,21,80,162,206,236,4,24,133,91
460,22,97,143,163,204,200,15,254,85
460,23,101,18,212,113,207,68,240,225
460,24,173,172,57,29,53,227,181,107
460,25,163,122,181,249,48,136,200,238
460,26,232,174,237,79,152,156,38,14
460,27,209,118,166,241,7,22,234,43
460,28,8,30,149,226,222,241,140,167
460,29,174,236,231,31,240,55,3,137
460,30,231,70,206,6,1,189,243,36
460,31,216,185,71,46,60,251,179,172
460,32,89,176,199,194,61,126,243,17
460,33,94,214,38,171,23,248,12,185
460,34,146,187,54,19,47,182,28,34
460,35,123,100,161,131,255,111,73,184
460,36,42,0,253,8,139,193,210,127
460,37,220,87,84,45,164,102,90,221
460,38,22,244,162,3,14,15,167,157
460,39,145,61,16,220,23,252,14,146
461,0,181,82,107,251,39,255,83,245
461,1,131,89,9,166,175,35,176,110
461,2,196,211,209,149,9,122,250,124
461,3,3,191,150,245,179,169,240,239
461,4,133,82,135,39,182,227,232,64
461,5,174,252,142,181,25,225,250,200
461,6,108,129,17,115,149,146,94,49
461,7,220,146,122,1,84,94,173,60
461,8,68,248,215,124,184,45,183,88
461,9,4,162,24,190,80,231,206,244
461,10,68,15,140,181,90,239,30,208
461,11,64,212,129,68,131,240,113,190
461,12,57,106,53,234,172,29,27,107
461,13,164,230,122,48,181,174,249,30
461,14,232,156,42,174,152,30,22,206
461,15,209,22,239,142,118,241,166,48
461,16,167,233,30,73,66,90,140,8
461,17,26,231,112,23,180,3,147,137
461,18,28,55,1,165,87,251,70,231
461,19,71,237,216,111,181,175,132,179
461,20,183,215,222,248,207,68,88,73
461,21,24,4,162,128,236,234,214,244
461,22,68,97,143,85,128,15,204,90
461,23,64,101,212,131,144,207,46,113
461,24,53,57,107,227,29,89,98,181
461,25,164,122,181,249,163,48,238,198
461,26,232,174,152,237,79,14,156,118
461,27,209,118,166,22,236,241,234,7
461,28,8,222,30,241,149,226,140,233
461,29,26,174,240,231,31,3,137,23
461,30,55,70,231,1,206,189,243,237
461,31,237,216,185,179,46,60,172,196
461,32,224,176,197,61,126,89,199,243
461,33,179,201,156,38,185,171,248,12
461,34,217,49,146,47,213,28,235,209
461,35,100,224,123,184,131,255,161,111
461,36,255,42,24,139,57,193,239,223
461,37,87,50,45,14,102,221,7,158
461,38,146,3,244,162,15,14,157,167
461,39,61,220,13,85,177,14,252,52
462,0,109,47,55,177,24,224,20,231
462,1,70,197,236,155,226,5,42,105
462,2,3,221,42,157,211,193,143,254
462,3,16,234,197,44,66,215,243,245
462,4,169,30,243,137,178,63,51,204
462,5,48,181,225,252,30,187,116,6
462,6,219,115,9,25,108,17,201,189
462,7,146,220,246,130,84,38,166,95
462,8,248,215,124,45,9,68,70,128
462,9,162,80,91,4,242,52,236,244
462,10,15,103,140,146,30,200,254,67
462,11,212,68,37,190,197,100,240,146
462,12,172,173,72,231,234,233,53,107
462,13,136,230,88,122,163,193,48,249
462,14,174,79,237,192,205,232,156,152
462,15,118,22,209,142,7,234,18,10
462,16,82,233,30,226,8,241,167,206
462,17,31,231,206,3,71,55,205,174
462,18,231,70,116,189,36,55,151,30
462,19,185,58,216,71,114,85,251,46
462,20,248,45,215,70,13,134,43,9
462,21,91,162,89,80,52,244,4,236
462,22,146,254,216,30,15,140,181,200
462,23,212,201,37,197,68,59,190,100
462,24,172,128,173,72,53,11,210,231
462,25,230,48,136,249,163,137,88,19
462,26,174,79,218,237,203,40,192,141
462,27,118,7,234,209,22,40,10,233
462,28,212,190,226,167,82,8,206,193
462,29,31,88,3,55,128,205,174,240
462,30,231,63,189,70,36,50,162,151
462,31,185,58,216,71,251,18,60,126
462,32,144,179,57,126,190,91,18,176
462,33,38,139,104,185,11,162,250,248
462,34,44,146,94,72,28,240,62,109
462,35,148,131,190,161,44,236,123,185
462,36,39,79,147,227,142,115,42,137
462,37,27,78,193,87,196,83,101,45
462,38,215,119,15,162,3,169,167,157
462,39,158,75,61,220,252,115,122,9
463,0,113,166,97,142,205,150,215,123
463,1,26,34,187,87,59,117,247,132
463,2,162,146,164,90,73,215,28,151
463,3,211,46,146,31,135,37,84,142
463,4,167,161,14,65,30,82,13,16
463,5,235,6,104,161,181,250,238,5
463,6,84,167,115,172,219,149,9,142
463,7,176,1,91,220,146,29,2,239
463,8,33,184,88,124,207,248,201,176
463,9,132,39,4,13,94,29,14,190
463,10,248,216,143,204,15,232,81,140
463,11,36,20,145,212,103,113,129,84
463,12,160,181,59,57,184,234,7,39
463,13,228,33,112,48,123,122,51,29
463,14,147,156,206,14,174,75,169,218
463,15,166,142,65,209,22,234,192,118
463,16,156,167,33,206,21,233,42,26
463,17,110,231,57,50,3,56,178,102
463,18,128,251,148,70,190,211,12,231
463,19,120,12,111,251,71,51,230,107
463,20,33,184,248,4,201,88,124,13
463,21,132,4,39,126,102,133,162,89
463,22,248,143,15,204,232,114,81,168
463,23,36,101,113,212,20,103,145,202
463,24,181,59,227,107,53,172,57,173
463,25,33,228,249,48,122,142,181,163
463,26,147,174,206,232,156,14,79,218
463,27,166,209,234,118,22,5,65,71
463,28,212,222,156,167,21,8,116,206
463,29,57,231,240,174,3,50,56,137
463,30,70,148,206,128,231,211,4,251
463,31,251,12,120,51,230,185,107,130
463,32,238,113,158,94,176,91,99,194
463,33,190,41,38,232,185,12,49,171
463,34,34,97,161,88,235,171,70,56
463,35,161,20,218,123,111,151,131,184
463,36,207,139,193,211,42,8,34,203
463,37,83,143,97,241,161,87,67,90
463,38,44,3,39,167,86,9,201,234
463,39,248,252,220,92,1,61,52,250
464,0,181,82,6,107,251,83,39,245
464,1,191,250,117,248,110,136,237,173
464,2,76,198,108,61,222,87,121,28
464,3,146,194,75,174,246,73,76,227
464,4,118,67,244,65,30,211,61,39
464,5,174,250,85,6,5,142,30,245
464,6,19,84,149,115,49,219,108,17
464,7,176,220,2,1,91,44,84,146
464,8,33,184,216,248,68,88,157,176
464,9,132,4,190,14,162,86,217,220
464,10,161,68,253,211,15,240,10,152
464,11,64,36,133,22,74,173,212,129
464,12,115,154,212,210,234,181,53,144
464,13,33,48,164,230,228,249,136,137
464,14,174,147,156,232,14,206,218,79
464,15,166,209,22,118,234,142,7,233
464,16,156,212,167,222,140,206,227,233
464,17,231,110,26,31,57,102,50,206
464,18,70,231,190,128,251,189,206,4
464,19,251,120,216,71,12,111,230,51
464,20,248,184,215,33,13,230,183,156
464,21,4,162,132,133,242,89,236,128
464,22,68,143,15,248,161,204,254,97
464,23,101,64,36,113,212,238,208,202
464,24,181,227,173,172,107,210,212,57
464,25,249,33,122,48,181,164,137,163
464,26,174,232,147,79,14,206,152,156
464,27,209,118,7,234,22,233,5,166
464,28,222,21,212,156,167,8,83,231
464,29,26,240,174,231,3,206,31,137
464,30,70,206,4,231,55,190,128,221
464,31,237,251,185,230,120,80,250,216
464,32,224,94,176,238,206,197,91,61
464,33,179,201,38,156,185,12,41,217
464,34,217,49,34,235,188,213,146,47
464,35,224,123,161,131,214,111,20,255
464,36,24,139,255,239,193,129,42,57
464,37,50,14,83,97,147,87,241,90
464,38,44,3,86,146,39,167,250,97
464,39,85,177,13,62,252,220,61,52
465,0,109,2,65,24,86,41,152,29
465,1,255,42,226,236,84,117,213,22
465,2,76,221,77,139,193,157,5,65
465,3,156,66,234,177,202,58,215,218
465,4,149,243,30,63,93,169,133,166
465,5,213,115,250,66,2,5,225,31
465,6,49,19,84,115,172,149,108,232
465,7,169,1,220,61,239,173,84,41
465,8,157,184,124,88,248,201,183,207
465,9,14,120,4,5,133,0,231,216
465,10,17,117,143,204,161,232,253,114
465,11,202,209,207,103,212,145,194,21
465,12,115,166,95,210,59,234,53,181
465,13,228,48,230,137,249,123,122,142
465,14,174,14,156,218,206,232,75,79
465,15,22,71,116,209,118,5,234,233
465,16,167,212,222,42,21,116,138,206
465,17,231,174,31,50,206,240,137,78
465,18,190,70,130,231,251,211,4,206
465,19,71,251,111,230,216,250,51,237
465,20,248,157,184,230,215,183,156,46
465,21,4,133,162,107,89,14,128,102
465,22,17,204,143,117,15,161,254,103
465,23,209,101,202,113,156,238,194,212
465,24,181,173,227,210,107,172,37,166
465,25,249,48,228,137,181,136,163,193
465,26,174,79,14,206,93,232,22,218
465,27,7,118,5,40,233,234,209,22
465,28,222,138,83,21,167,201,199,226
465,29,78,174,240,31,55,206,3,231
465,30,4,70,130,231,206,237,55,36
465,31,251,80,185,237,230,71,58,216
465,32,75,197,94,176,91,206,61,14
465,33,5,38,179,103,201,185,18,59
465,34,227,235,11,146,94,213,188,47
465,35,123,131,161,214,111,224,20,184
465,36,24,139,251,42,254,239,48,193
465,37,97,14,83,87,147,50,162,7
465,38,3,39,124,44,14,167,15,162
465,39,252,177,13,220,62,61,52,203
466,0,134,55,177,152,175,231,214,224
466,1,180,100,145,101,236,230,44,49
466,2,235,65,3,157,71,192,247,196
466,3,213,16,215,234,197,58,66,243
466,4,169,44,63,243,93,30,51,1
466,5,115,225,187,5,75,48,6,217
466,6,161,49,70,25,115,108,189,84
466,7,220,130,246,84,1,248,138,122
466,8,124,248,176,208,215,45,46,68
466,9,216,4,80,220,133,242,91,14
466,10,15,103,204,66,143,254,232,117
466,11,202,194,212,59,113,129,208,103
466,12,210,172,115,72,95,234,108,37
466,13,48,137,228,249,136,196,230,198
466,14,174,14,79,218,171,232,206,192
466,15,233,7,22,5,209,71,118,40
466,16,222,167,21,212,190,233,171,82
466,17,206,174,240,31,78,55,36,231
466,18,4,70,190,238,87,231,72,206
466,19,251,230,71,70,216,46,28,58
466,20,248,176,149,45,215,242,124,13
466,21,128,80,216,89,220,43,196,14
466,22,103,143,216,204,15,12,168,101
466,23,194,202,238,212,85,59,113,101
466,24,115,172,210,107,181,37,46,108
466,25,249,48,137,136,230,193,181,122
466,26,174,14,79,218,93,152,237,232
466,27,233,7,40,209,22,118,71,5
466,28,222,190,167,83,212,21,26,233
466,29,174,240,78,55,31,147,232,3
466,30,70,4,231,63,87,250,148,206
466,31,40,185,71,216,251,230,60,46
466,32,176,76,109,61,18,245,94,126
466,33,250,102,11,185,38,56,68,95
466,34,72,235,146,94,47,109,182,19
466,35,123,131,191,40,161,111,255,145
466,36,139,42,254,193,85,116,213,147
466,37,87,84,7,83,34,145,126,102
466,38,3,157,167,14,75,105,162,15
466,39,252,165,61,146,220,223,67,41
467,0,96,226,171,80,247,107,54,176
467,1,180,145,169,100,236,2,81,90
467,2,254,132,166,142,71,224,247,51
467,3,188,221,2,170,240,242,234,195
467,4,119,63,60,82,169,20,105,181
467,5,61,225,6,250,217,92,66,195
467,6,49,16,161,70,115,84,19,108
467,7,220,1,84,173,77,41,169,0
467,8,112,248,124,184,157,176,46,68
467,9,206,14,216,80,242,220,120,4
467,10,229,15,103,204,163,143,66,254
467,11,18,202,212,194,129,113,207,145
467,12,106,172,95,72,115,234,37,67
467,13,200,48,249,136,137,228,196,146
467,14,174,79,232,14,237,192,38,205
467,15,241,209,118,233,22,7,71,142
467,16,149,212,167,222,140,30,227,21
467,17,102,31,174,236,206,240,231,45
467,18,4,70,231,190,6,206,87,238
467,19,251,216,71,58,230,46,250,40
467,20,248,215,112,176,183,46,149,13
467,21,206,80,128,162,216,196,242,89
467,22,15,103,143,163,254,204,239,229
467,23,101,18,212,113,238,207,194,129
467,24,172,46,107,173,72,37,181,227
467,25,249,122,48,181,200,136,198,193
467,26,174,79,152,232,14,38,237,22
467,27,209,166,241,118,7,22,40,233
467,28,222,8,149,83,241,30,167,21
467,29,174,236,240,31,232,231,3,55
467,30,70,4,231,6,206,36,1,87
467,31,216,185,40,71,60,251,233,51
467,32,89,176,199,194,61,17,126,94
467,33,94,214,38,23,68,185,12,171
467,34,187,235,146,182,19,54,47,34
467,35,123,131,255,100,161,111,40,184
467,36,253,0,8,42,139,193,57,210
467,37,220,87,84,164,102,7,83,45
467,38,157,3,22,75,14,244,167,136
467,39,252,16,61,23,145,68,220,14
468,0,181,82,107,251,39,255,83,221
468,1,131,89,9,166,175,35,176,237
468,2,211,132,166,156,69,202,51,224
468,3,240,105,121,244,102,3,48,60
468,4,133,182,227,82,232,97,64,48
468,5,174,25,201,247,244,143,200,142
468,6,108,129,219,189,115,17,27,70
468,7,220,146,213,207,122,195,94,130
468,8,248,68,215,176,183,124,88,184
468,9,162,80,52,242,24,244,190,4
468,10,68,15,181,254,103,128,239,204
468,11,64,212,131,240,68,6,74,100
468,12,172,36,57,106,27,234,115,107
468,13,164,249,230,136,122,241,48,128
468,14,174,232,152,14,79,205,156,171
468,15,209,22,118,247,241,142,166,239
468,16,167,30,227,233,212,66,149,90
468,17,26,231,112,31,45,147,3,23
468,18,70,231,4,1,87,55,251,28
468,19,216,71,237,251,40,206,111,179
468,20,248,215,183,222,207,201,9,68
468,21,52,162,128,190,196,242,4,80
468,22,68,15,103,143,204,239,181,78
468,23,64,101,171,212,129,233,131,194
468,24,172,107,53,98,46,173,27,72
468,25,249,164,114,122,181,136,48,193
468,26,174,152,232,79,14,237,22,118
468,27,166,209,118,7,22,40,247,241
468,28,222,241,83,8,30,149,233,227
468,29,26,174,240,232,31,3,231,71
468,30,4,70,231,55,206,36,87,237
468,31,237,216,185,40,60,58,230,179
468,32,224,176,197,89,199,126,61,94
468,33,179,201,185,156,38,12,171,248
468,34,49,217,235,146,47,213,34,28
468,35,123,131,224,255,40,100,111,161
468,36,255,24,42,57,139,193,239,25
468,37,87,50,14,102,158,83,7,221
468,38,157,146,3,75,244,14,167,15
468,39,252,61,13,85,177,220,62,254
469,0,109,24,208,203,47,152,177,55
469,1,236,11,226,132,34,26,85,105
469,2,211,221,193,157,42,3,239,24
469,3,234,197,243,0,66,90,7,215
469,4,243,169,30,51,82,63,137,190
469,5,48,217,252,102,5,75,133,54
469,6,108,25,71,129,149,32,219,104
469,7,146,220,1,246,130,173,95,122
469,8,248,68,215,183,124,201,176,9
469,9,4,52,162,190,128,196,24,236
469,10,31,159,15,103,181,146,239,204
469,11,212,37,6,109,201,146,59,240
469,12,46,172,57,234,36,107,27,98
469,13,249,122,230,48,136,198,241,114
469,14,22,174,232,42,14,172,171,156
469,15,22,209,118,7,142,239,18,5
469,16,222,167,233,140,82,21,30,206
469,17,231,206,240,213,19,173,3,174
469,18,70,4,238,231,165,190,87,206
469,19,247,251,71,216,40,43,112,58
469,20,248,215,183,176,68,46,13,134
469,21,196,4,52,89,162,190,128,43
469,22,146,216,15,159,31,143,103,204
469,23,201,212,37,59,146,6,194,109
469,24,46,172,128,210,115,72,11,107
469,25,249,230,48,137,19,136,114,122
469,26,22,174,171,14,218,203,93,6
469,27,7,22,209,118,5,40,18,233
469,28,222,212,193,82,233,167,21,219
469,29,88,19,240,174,119,173,231,61
469,30,70,4,148,50,162,63,231,73
469,31,249,40,185,251,230,60,216,43
469,32,144,176,179,57,86,70,125,66
469,33,139,237,38,162,250,104,185,198
469,34,235,94,44,109,240,28,48,195
469,35,46,148,161,185,190,191,255,20
469,36,79,39,202,61,42,230,85,139
469,37,83,196,169,16,113,80,101,86
469,38,75,119,169,157,3,96,254,132
469,39,75,252,174,115,73,10,117,44
470,0,113,166,142,97,205,215,150,67
470,1,34,26,87,59,187,177,5,199
470,2,146,163,4,127,176,90,26,51
470,3,146,211,46,37,135,142,84,90
470,4,161,167,14,67,131,81,30,82
470,5,224,235,104,6,186,138,106,85
470,6,84,54,167,108,215,129,172,217
470,7,176,1,220,146,29,91,169,239
470,8,184,33,88,201,176,248,183,165
470,9,39,132,4,29,94,13,24,14
470,10,248,216,143,130,232,90,15,204
470,11,36,136,20,103,212,202,145,74
470,12,115,57,46,160,59,181,53,107
470,13,33,228,137,48,123,249,122,175
470,14,147,156,50,14,206,75,169,232
470,15,166,22,65,189,209,71,142,192
470,16,156,167,33,66,42,212,233,31
470,17,110,231,50,57,56,147,36,137
470,18,128,251,12,190,148,70,211,253
470,19,111,120,12,71,251,107,51,230
470,20,33,184,88,201,124,222,19,183
470,21,4,132,39,146,102,234,133,24
470,22,248,143,232,204,81,114,15,216
470,23,36,101,113,20,136,103,202,129
470,24,181,59,227,107,53,46,57,132
470,25,33,228,48,18,123,181,142,175
470,26,147,206,156,174,14,232,218,69
470,27,22,166,209,234,192,65,118,189
470,28,212,167,156,21,222,42,8,206
470,29,231,56,57,50,23,110,139,137
470,30,148,206,70,128,12,251,103,211
470,31,251,107,51,12,111,120,80,250
470,32,238,94,113,158,91,61,194,40
470,33,190,38,41,232,122,49,12,94
470,34,34,97,88,161,70,19,102,171
470,35,20,214,111,123,161,151,3,46
470,36,193,139,207,34,8,129,42,239
470,37,241,83,147,90,97,57,220,87
470,38,44,3,86,250,39,97,244,167
470,39,68,220,52,241,165,61,225,252
471,0,181,82,6,107,251,39,83,245
471,1,191,117,250,248,110,136,176,54
471,2,76,108,198,222,243,61,30,226
471,3,146,194,75,246,90,73,169,143
471,4,67,81,244,30,62,211,118,7
471,5,174,224,250,85,229,159,5,189
471,6,19,84,54,49,217,96,17,214
471,7,176,1,220,2,91,44,207,101
471,8,33,184,216,88,201,248,176,68
471,9,132,14,4,190,217,68,86,24
471,10,68,161,253,248,211,240,114,80
471,11,64,36,133,173,145,20,130,49
471,12,115,154,144,212,181,210,234,53
471,13,33,164,48,230,228,142,249,18
471,14,147,174,156,206,14,218,93,75
471,15,166,22,209,234,118,142,192,5
471,16,212,156,167,13,206,42,140,222
471,17,231,110,26,50,56,102,57,3
471,18,70,190,12,251,211,128,206,238
471,19,251,111,120,51,107,71,12,237
471,20,184,201,222,248,13,124,33,215
471,21,4,24,132,236,234,133,162,89
471,22,143,68,161,248,15,204,97,81
471,23,101,64,113,36,212,238,208,202
471,24,181,227,57,107,210,59,173,132
471,25,181,33,164,48,249,163,18,228
471,26,232,174,206,147,14,156,79,69
471,27,209,22,234,118,233,71,7,43
471,28,21,167,222,156,212,8,206,231
471,29,26,231,56,240,206,50,3,174
471,30,206,70,190,55,243,211,221,12
471,31,251,237,107,120,111,185,250,80
471,32,224,94,91,206,197,61,238,40
471,33,179,201,38,156,122,12,41,185
471,34,217,49,34,188,70,213,102,209
471,35,224,214,20,111,123,161,236,184
471,36,24,193,239,255,139,129,42,11
471,37,50,83,241,14,147,97,90,57
471,38,44,86,3,250,146,39,97,126
471,39,62,177,13,85,220,52,181,61
472,0,55,109,24,124,151,60,31,192
472,1,226,236,132,42,34,70,245,11
472,2,193,76,221,3,5,61,71,157
472,3,234,197,243,66,2,215,218,241
472,4,30,243,60,169,178,93,63,137
472,5,5,66,48,116,133,217,102,250
472,6,49,115,19,84,161,172,108,25
472,7,220,1,167,146,246,41,95,7
472,8,184,88,124,68,248,201,222,13
472,9,4,133,231,162,220,14,128,242
472,10,15,143,161,232,30,168,204,138
472,11,212,113,59,37,100,103,194,208
472,12,227,210,181,115,234,95,59,27
472,13,48,228,230,181,198,18,122,137
472,14,206,156,14,232,79,174,218,171
472,15,22,234,209,142,43,5,97,208
472,16,21,42,212,82,167,140,226,206
472,17,206,231,50,23,240,36,31,3
472,18,206,70,190,178,238,231,251,87
472,19,250,71,251,111,70,215,5,176
472,20,230,215,13,248,184,255,156,37
472,21,133,4,89,91,242,128,162,24
472,22,15,143,161,85,146,216,140,168
472,23,113,212,238,101,100,208,231,85
472,24,227,210,181,115,59,107,37,170
472,25,48,181,137,249,18,122,230,198
472,26,79,174,232,206,14,156,93,218
472,27,43,22,209,118,71,208,234,105
472,28,167,21,226,190,83,42,212,8
472,29,23,231,31,138,240,206,3,236
472,30,206,178,70,231,250,148,243,211
472,31,250,71,251,111,5,60,40,185
472,32,94,76,85,61,176,86,177,91
472,33,56,38,6,185,11,181,3,248
472,34,72,94,209,19,195,70,146,235
472,35,123,111,161,185,184,145,20,131
472,36,139,41,193,39,25,117,147,42
472,37,84,87,83,90,126,45,209,7
472,38,3,167,14,44,157,162,15,179
472,39,165,220,61,252,15,52,163,225
473,0,96,226,247,93,80,198,54,171
473,1,236,2,169,104,67,175,210,81
473,2,254,23,173,197,36,208,124,0
473,3,188,221,2,122,170,166,234,215
473,4,119,60,20,30,105,169,82,3
473,5,61,116,194,250,92,217,66,6
473,6,16,49,84,115,172,19,119,146
473,7,1,220,146,167,173,95,207,41
473,8,112,184,68,248,88,124,159,201
473,9,4,206,133,14,231,162,120,242
473,10,229,15,163,143,161,140,30,212
473,11,18,212,113,130,145,208,100,207
473,12,227,106,181,234,115,27,67,57
473,13,200,48,122,181,249,112,198,193
473,14,232,79,156,42,206,174,218,38
473,15,209,22,241,43,208,234,142,105
473,16,212,140,167,149,226,30,8,42
473,17,231,23,206,31,102,236,240,36
473,18,206,178,231,87,70,6,238,1
473,19,250,71,40,181,111,196,251,70
473,20,215,112,230,156,37,13,248,222
473,21,133,128,4,162,24,206,204,231
473,22,163,85,15,143,97,67,119,168
473,23,101,18,212,100,130,207,238,240
473,24,227,57,107,37,46,67,106,172
473,25,181,122,48,249,200,193,198,18
473,26,232,79,174,22,156,14,152,237
473,27,43,209,22,236,118,241,166,71
473,28,8,140,226,167,149,83,222,21
473,29,231,23,240,236,138,31,3,174
473,30,206,178,70,6,231,1,189,190
473,31,250,71,196,40,251,233,185,5
473,32,94,89,194,61,17,176,199,177
473,33,214,94,23,38,248,185,3,68
473,34,187,54,209,19,70,235,182,188
473,35,123,111,161,100,184,131,255,40
473,36,139,0,253,8,193,42,41,239
473,37,220,90,87,84,45,7,164,209
473,38,3,167,14,22,86,44,162,15
473,39,145,220,36,16,23,61,62,52
474,0,181,82,107,251,255,39,119,221
474,1,131,89,9,166,175,35,237,176
474,2,197,211,173,138,105,124,209,36
474,3,105,49,188,150,68,179,169,143
474,4,133,213,82,3,61,229,7,62
474,5,174,116,68,250,92,252,200,32
474,6,146,129,115,108,49,217,149,16
474,7,220,1,207,146,173,77,94,250
474,8,68,248,215,184,112,216,124,230
474,9,133,4,242,162,91,190,231,206
474,10,68,15,140,254,30,153,239,143
474,11,64,212,113,129,207,100,240,208
474,12,227,106,234,37,172,57,27,231
474,13,164,230,48,249,193,200,122,198
474,14,232,79,152,174,29,42,237,156
474,15,209,241,22,43,208,142,118,93
474,16,212,140,149,167,30,21,226,203
474,17,26,231,206,31,23,240,102,36
474,18,206,178,231,55,63,70,87,238
474,19,250,237,71,206,40,196,251,181
474,20,215,230,248,205,112,37,183,222
474,21,133,4,242,128,162,24,206,204
474,22,68,15,85,97,143,67,168,119
474,23,64,101,212,100,207,113,238,208
474,24,227,57,37,107,46,170,172,181
474,25,181,164,249,122,48,174,193,198
474,26,232,79,174,22,152,14,237,156
474,27,43,209,118,166,236,22,241,105
474,28,8,226,83,140,147,222,149,21
474,29,26,231,240,31,23,138,3,174
474,30,206,55,70,231,178,1,189,87
474,31,250,237,40,196,71,5,251,216
474,32,224,94,197,61,176,89,199,177
474,33,179,201,156,185,38,248,3,12
474,34,217,49,209,235,70,47,213,188
474,35,123,111,224,161,184,100,40,131
474,36,139,255,24,239,193,42,25,41
474,37,50,87,90,45,14,221,7,83
474,38,3,167,14,146,86,44,244,162
474,39,220,13,61,85,36,52,62,177
475,0,109,55,47,151,81,222,152,24
475,1,70,236,226,52,105,109,35,42
475,2,211,3,173,221,23,120,36,193
475,3,234,44,243,215,167,197,63,16
475,4,243,169,30,178,137,80,51,126
475,5,116,48,228,5,75,252,30,118
475,6,149,201,146,217,172,9,84,25
475,7,146,220,1,130,38,246,94,77
475,8,128,68,215,183,6,222,88,124
475,9,133,4,231,128,236,24,65,52
475,10,85,146,15,119,153,67,143,103
475,11,212,37,197,100,157,240,201,113
475,12,227,57,234,46,36,107,27,115
475,13,230,48,181,122,249,30,110,193
475,14,232,79,42,156,206,22,218,174
475,15,22,209,239,208,43,234,118,236
475,16,140,167,233,82,42,8,30,90
475,17,231,23,206,3,138,240,50,19
475,18,206,178,28,87,70,116,21,63
475,19,71,250,181,40,111,196,251,5
475,20,6,215,13,222,156,248,230,128
475,21,133,4,128,231,204,89,236,24
475,22,146,85,15,216,143,67,97,153
475,23,212,197,37,201,157,59,116,238
475,24,227,46,128,57,11,210,115,107
475,25,48,230,181,137,249,122,217,18
475,26,232,79,22,174,156,218,14,203
475,27,43,209,236,22,208,118,234,71
475,28,167,8,226,82,190,206,140,193
475,29,231,23,138,240,88,3,169,50
475,30,206,28,70,63,50,189,231,178
475,31,250,251,71,185,40,216,181,196
475,32,94,18,179,61,91,144,177,246
475,33,11,185,248,139,38,104,3,224
475,34,209,44,28,235,240,94,48,64
475,35,111,161,148,185,123,190,236,20
475,36,139,39,202,142,227,49,37,79
475,37,27,45,193,78,83,161,87,15
475,38,3,234,167,80,215,119,30,44
475,39,92,244,220,183,9,250,72,44
476,0,68,185,128,226,117,243,133,171
476,1,232,236,66,13,202,117,81,169
476,2,154,162,164,156,107,138,254,224
476,3,221,215,239,188,234,170,143,166
476,4,82,182,139,55,8,3,60,225
476,5,116,92,223,61,118,48,181,6
476,6,3,217,146,114,9,115,84,149
476,7,146,220,1,131,77,250,243,84
476,8,68,124,248,6,252,184,44,230
476,9,206,19,231,133,4,236,242,14
476,10,163,15,153,85,140,143,200,7
476,11,18,212,142,116,190,113,207,197
476,12,227,67,234,181,57,45,46,37
476,13,48,200,196,181,122,137,78,230
476,14,38,232,79,174,42,218,156,206
476,15,208,103,241,43,22,234,118,209
476,16,232,167,140,21,149,226,206,90
476,17,155,231,23,206,240,138,88,174
476,18,206,6,178,28,162,70,63,190
476,19,71,250,40,196,216,181,111,46
476,20,215,68,6,156,222,230,13,167
476,21,19,206,24,231,133,4,236,204
476,22,163,128,97,200,85,143,59,15
476,23,18,142,212,207,131,101,130,190
476,24,227,67,57,107,46,7,181,29
476,25,181,122,48,249,200,217,198,18
476,26,232,38,174,22,79,14,152,156
476,27,209,103,236,22,118,43,241,208
476,28,232,8,30,167,149,140,21,226
476,29,155,231,240,23,180,138,3,174
476,30,206,6,70,28,231,1,165,189
476,31,216,71,196,46,40,185,251,250
476,32,175,37,17,94,61,176,171,126
476,33,214,117,23,94,248,38,89,12
476,34,58,28,187,54,235,209,12,70
476,35,7,100,255,111,161,73,184,123
476,36,245,42,0,139,244,8,223,193
476,37,164,45,220,90,84,87,210,83
476,38,136,162,244,3,44,86,157,14
476,39,23,16,220,14,61,52,145,68
477,0,122,241,136,78,89,56,118,227
477,1,166,6,28,190,202,117,186,119
477,2,185,47,125,22,156,181,78,138
477,3,153,239,121,3,166,102,179,234
477,4,253,82,139,3,133,30,35,225
477,5,116,223,174,3,118,92,48,225
477,6,3,114,217,58,146,201,27,25
477,7,146,220,19,77,1,250,41,94
477,8,157,68,124,6,252,248,222,215
477,9,231,19,206,133,4,236,14,24
477,10,12,200,68,97,154,128,85,15
477,11,64,212,207,142,156,201,197,130
477,12,227,67,57,234,27,106,55,107
477,13,42,100,48,181,122,200,217,1
477,14,232,38,156,79,218,157,174,42
477,15,209,22,103,118,208,241,239,43
477,16,167,232,8,30,21,90,119,140
477,17,231,23,185,155,50,206,137,56
477,18,206,28,190,165,1,72,87,12
477,19,71,216,111,40,107,21,196,110
477,20,215,156,222,183,6,68,167,157
477,21,24,19,206,204,236,133,231,244
477,22,128,59,12,68,143,97,154,163
477,23,64,101,207,131,212,142,202,156
477,24,57,227,67,7,107,132,181,125
477,25,122,181,48,42,249,217,238,239
477,26,232,174,38,152,156,218,14,22
477,27,209,118,17,22,236,71,43,103
477,28,30,232,167,147,8,241,21,231
477,29,231,155,185,23,180,137,240,206
477,30,72,28,206,70,157,1,165,189
477,31,216,71,40,46,132,196,251,7
477,32,175,224,37,171,61,94,197,176
477,33,63,156,117,142,10,18,12,38
477,34,152,54,58,28,235,213,209,70
477,35,7,73,100,255,184,111,55,39
477,36,245,244,239,139,42,251,24,193
477,37,50,45,90,14,87,210,94,221
477,38,244,146,3,162,86,44,157,4
477,39,14,13,177,220,85,62,52,61
478,0,36,2,86,134,65,41,136,1
478,1,190,254,165,117,28,42,213,91
478,2,47,185,54,182,139,125,78,181
478,3,234,44,66,156,215,247,7,102
478,4,149,253,30,216,63,3,180,169
478,5,223,213,116,3,48,170,5,118
478,6,114,243,84,174,178,146,58,108
478,7,1,146,169,220,4,239,19,250
478,8,157,68,222,184,124,183,207,88
478,9,231,14,133,5,24,4,236,105
478,10,143,154,12,59,128,85,253,117
478,11,207,17,186,202,201,250,212,156
478,12,227,132,206,55,166,57,67,181
478,13,100,48,42,181,122,217,239,228
478,14,232,156,38,218,203,206,79,152
478,15,116,209,22,71,118,239,142,17
478,16,232,167,21,154,42,30,138,90
478,17,23,231,137,155,180,206,78,185
478,18,206,28,165,237,72,190,1,87
478,19,71,216,111,132,175,206,250,110
478,20,157,183,156,222,68,184,6,215
478,21,24,139,204,133,236,0,14,244
478,22,17,128,59,154,12,85,143,225
478,23,209,131,101,202,186,156,212,207
478,24,227,57,166,230,107,46,7,125
478,25,122,181,48,42,249,239,100,217
478,26,232,174,93,152,156,218,14,79
478,27,17,209,118,116,208,22,43,236
478,28,232,30,138,201,8,167,21,83
478,29,155,157,180,231,78,23,137,185
478,30,206,237,72,28,165,235,70,178
478,31,216,250,71,40,132,46,196,251
478,32,175,37,75,94,171,197,61,14
478,33,161,142,18,103,63,59,10,5
478,34,227,28,152,11,235,213,209,188
478,35,7,255,73,100,111,184,214,71
478,36,139,244,148,245,251,42,48,24
478,37,14,162,45,87,57,94,50,210
478,38,124,3,244,162,4,157,14,44
478,39,14,177,13,62,220,181,52,61
479,0,134,139,55,151,81,192,178,231
479,1,137,101,254,245,105,49,42,134
479,2,54,3,47,192,71,185,83,225
479,3,44,0,234,215,66,213,58,90
479,4,178,44,137,30,51,253,169,176
479,5,116,48,223,232,94,3,133,228
479,6,174,58,243,48,187,100,172,29
479,7,146,38,169,220,130,1,133,94
479,8,68,183,222,9,128,207,88,124
479,9,24,139,65,52,105,128,244,204
479,10,85,12,225,154,59,119,181,128
479,11,201,37,17,212,84,131,186,231
479,12,57,230,12,227,107,27,55,208
479,13,122,181,146,239,1,48,217,30
479,14,232,156,154,206,171,235,42,14
479,15,209,22,239,17,142,71,48,118
479,16,167,82,193,233,30,73,212,90
479,17,180,231,62,23,214,137,191,56
479,18,28,151,165,1,21,87,206,12
479,19,71,132,175,111,216,249,40,85
479,20,183,68,222,121,207,156,13,124
479,21,24,139,190,244,4,0,89,234
479,22,216,154,128,85,59,146,225,12
479,23,201,131,37,231,212,59,154,218
479,24,128,115,57,230,55,227,89,11
479,25,19,97,48,122,230,181,41,238
479,26,171,218,232,203,156,14,40,174
479,27,209,22,17,71,234,190,142,13
479,28,193,212,196,82,167,219,99,30
479,29,61,88,62,119,255,21,231,50
479,30,205,232,70,50,162,12,148,206
479,31,4,111,251,252,249,146,205,128
479,32,125,186,179,86,85,40,131,94
479,33,68,238,132,104,139,95,38,142
479,34,44,240,48,28,235,103,238,101
479,35,190,148,255,117,46,73,114,191
479,36,244,39,227,115,142,79,139,44
479,37,27,78,169,16,250,56,66,212
479,38,169,215,244,3,119,75,35,182
479,39,231,14,158,117,44,163,139,179
480,0,229,249,196,7,216,123,105,242
480,1,225,244,93,231,27,118,155,117
480,2,163,100,4,103,54,214,162,227
480,3,133,187,152,235,231,212,190,77
480,4,13,142,236,222,30,102,251,167
480,5,104,6,193,112,224,186,5,90
480,6,54,167,153,172,84,123,142,107
480,7,239,29,23,1,146,169,46,216
480,8,234,184,88,89,201,56,180,165
480,9,13,94,29,164,11,146,4,24
480,10,216,130,248,169,143,90,220,81
480,11,189,103,136,145,161,84,147,185
480,12,26,63,7,74,181,59,128,56
480,13,228,51,147,43,123,29,18,175
480,14,156,124,206,169,20,75,14,146
480,15,81,192,13,22,200,207,142,232
480,16,5,196,42,71,33,167,99,133
480,17,61,172,166,250,76,139,50,92
480,18,187,57,50,179,12,190,205,232
480,19,130,111,205,146,113,252,109,170
480,20,234,88,184,201,212,4,165,19
480,21,94,29,146,164,13,4,102,145
480,22,130,169,143,31,198,81,236,216
480,23,189,42,103,84,161,62,236,170
480,24,128,26,63,74,181,160,132,152
480,25,228,43,147,123,97,29,18,81
480,26,169,124,75,148,206,51,156,20
480,27,192,81,200,13,181,142,197,96
480,28,5,133,196,99,42,71,31,188
480,29,172,250,76,255,139,61,50,119
480,30,179,205,187,12,251,103,26,81
480,31,111,130,252,113,205,109,251,107
480,32,98,186,99,40,96,134,77,131
480,33,183,238,232,122,73,126,116,58
480,34,84,180,207,101,96,62,30,102
480,35,145,153,61,151,218,20,3,229
480,36,181,11,70,193,211,98,120,248
480,37,31,227,190,58,241,65,143,182
480,38,92,250,148,71,97,40,44,39
480,39,2,189,69,38,242,213,52,217
481,0,110,57,56,127,157,32,66,88
481,1,117,242,118,122,73,90,54,112
481,2,80,33,255,133,165,243,60,202
481,3,70,171,219,131,217,32,107,19
481,4,118,74,254,242,122,244,89,255
481,5,144,24,169,161,11,5,147,249
481,6,183,166,208,63,46,164,89,128
481,7,56,1,109,239,101,2,143,210
481,8,88,216,184,234,201,207,33,120
481,9,148,217,13,11,146,145,156,4
481,10,161,24,114,73,171,155,92,84
481,11,210,195,147,27,154,168,163,66
481,12,212,155,154,147,181,7,43,84
481,13,22,228,142,18,168,123,48,146
481,14,156,147,169,206,75,213,93,14
481,15,192,203,22,207,13,113,250,142
481,16,13,156,167,42,33,95,188,99
481,17,50,231,139,56,92,137,166,197
481,18,12,103,159,251,190,165,232,135
481,19,111,113,120,199,107,71,251,170
481,20,201,184,88,165,222,216,65,35
481,21,146,4,148,145,11,5,24,234
481,22,24,161,143,114,232,31,81,140
481,23,210,103,101,84,195,147,154,27
481,24,181,132,59,43,84,57,155,152
481,25,228,22,51,123,142,29,18,33
481,26,156,206,75,169,139,232,72,114
481,27,192,203,142,234,209,197,22,13
481,28,161,42,21,99,31,167,33,146
481,29,139,214,206,231,50,56,23,187
481,30,103,12,251,71,159,165,211,26
481,31,111,91,107,113,120,199,251,181
481,32,40,221,48,91,62,201,102,177
481,33,96,121,58,107,151,122,224,38
481,34,208,56,175,95,252,34,171,102
481,35,85,61,20,218,99,236,151,5
481,36,211,195,246,152,202,193,248,1
481,37,161,143,67,174,60,227,135,56
481,38,234,201,44,9,30,195,126,39
481,39,246,1,250,92,248,215,125,15
482,0,102,14,84,228,127,85,54,153
482,1,29,117,251,111,63,3,143,77
482,2,15,33,80,133,7,136,234,134
482,3,116,51,214,20,171,70,55,203
482,4,215,112,74,79,30,49,6,126
482,5,169,144,11,5,24,30,249,68
482,6,136,42,166,73,183,128,142,37
482,7,239,56,1,109,217,40,161,101
482,8,120,88,201,184,65,207,103,21
482,9,11,148,5,4,145,14,146,151
482,10,24,114,161,143,7,171,46,218
482,11,114,210,147,195,66,236,243,253
482,12,206,155,181,95,132,136,147,154
482,13,38,22,228,123,18,168,48,51
482,14,169,156,206,213,241,75,14,11
482,15,192,203,22,234,39,142,13,209
482,16,13,21,42,137,122,20,167,188
482,17,197,231,50,218,139,56,92,187
482,18,165,12,103,238,190,251,26,232
482,19,91,111,113,71,170,251,107,230
482,20,201,184,120,88,165,35,124,43
482,21,4,146,14,5,148,11,145,220
482,22,24,114,143,232,140,7,31,117
482,23,103,114,210,101,84,147,113,208
482,24,181,206,59,132,152,57,95,121
482,25,228,51,123,22,38,48,18,81
482,26,156,206,114,139,169,75,220,93
482,27,192,142,203,234,197,22,113,13
482,28,21,42,161,31,99,231,146,118
482,29,206,218,139,56,231,92,50,187
482,30,12,103,251,165,190,238,71,221
482,31,91,111,113,107,71,170,120,251
482,32,221,40,102,91,62,48,201,44
482,33,168,121,122,96,224,151,38,107
482,34,81,208,55,95,56,28,34,102
482,35,99,39,20,61,218,236,3,60
482,36,49,211,195,117,193,202,152,248
482,37,193,15,227,241,161,143,67,174
482,38,44,9,234,250,30,126,39,97
482,39,72,250,244,183,92,36,15,203
483,0,2,65,218,86,46,84,152,29
483,1,29,42,255,221,126,117,118,84
483,2,212,15,230,33,97,236,157,135
483,3,66,211,202,234,214,44,58,20
483,4,30,37,158,51,112,239,93,60
483,5,67,254,66,144,115,33,100,18
483,6,136,200,142,178,42,73,151,241
483,7,239,56,161,85,1,217,243,220
483,8,201,88,184,124,120,103,106,183
483,9,5,14,4,146,145,11,102,128
483,10,117,17,114,143,232,220,7,213
483,11,209,103,15,45,113,147,114,21
483,12,206,95,181,59,207,132,155,166
483,13,228,22,38,123,51,48,18,199
483,14,156,169,206,139,114,218,11,232
483,15,192,22,234,203,13,209,142,207
483,16,21,42,33,138,13,31,99,66
483,17,206,231,78,216,92,50,254,197
483,18,103,12,165,238,130,5,188,26
483,19,91,111,71,113,170,107,176,251
483,20,201,184,88,165,120,106,242,208
483,21,146,4,14,5,102,220,11,43
483,22,17,114,117,232,143,24,7,66
483,23,103,209,156,101,84,113,38,147
483,24,181,59,95,206,207,190,57,132
483,25,228,51,38,123,48,198,199,18
483,26,206,156,93,139,114,75,220,169
483,27,192,142,234,5,113,22,230,203
483,28,21,42,146,161,137,31,66,118
483,29,206,56,78,92,231,216,139,254
483,30,12,237,103,165,130,251,238,221
483,31,91,111,113,170,107,71,251,176
483,32,75,40,102,221,116,91,246,44
483,33,168,161,5,122,182,121,224,38
483,34,205,81,28,227,55,95,34,56
483,35,99,39,20,61,35,60,236,229
483,36,49,193,117,202,211,55,11,152
483,37,193,227,15,241,83,174,37,161
483,38,126,44,9,39,250,234,30,97
483,39,72,183,244,250,15,92,203,224
484,0,50,2,242,188,27,223,65,92
484,1,29,157,44,92,221,126,37,245
484,2,135,97,212,235,63,15,94,65
484,3,66,213,44,234,202,154,155,251
484,4,158,178,37,30,51,164,149,239
484,5,144,33,115,66,3,52,40,48
484,6,136,200,174,245,115,241,185,128
484,7,239,1,161,220,152,146,243,85
484,8,201,106,88,184,34,222,183,205
484,9,146,5,4,128,24,14,234,204
484,10,7,232,117,143,31,5,8,9
484,11,103,45,147,209,116,17,84,15
484,12,181,59,207,57,132,95,206,46
484,13,228,51,123,18,48,198,185,133
484,14,156,169,206,232,22,11,114,14
484,15,192,22,234,209,250,142,13,207
484,16,42,21,33,193,31,138,167,82
484,17,231,206,78,49,50,213,56,92
484,18,12,103,165,238,151,130,5,211
484,19,91,111,71,113,170,107,176,43
484,20,201,88,184,68,165,106,13,222
484,21,146,14,5,4,98,190,145,102
484,22,216,0,31,7,232,114,85,143
484,23,103,116,59,147,231,38,84,248
484,24,128,59,181,205,119,7,95,132
484,25,51,22,19,228,123,48,140,97
484,26,169,93,206,156,75,114,218,139
484,27,192,142,13,197,113,22,234,207
484,28,193,99,21,82,196,42,31,167
484,29,49,88,61,56,173,78,255,92
484,30,50,165,12,162,103,238,251,232
484,31,111,107,43,91,252,28,71,113
484,32,40,179,86,125,157,91,146,62
484,33,104,5,6,36,75,181,122,161
484,34,28,44,238,227,55,235,171,202
484,35,148,190,74,20,145,61,151,136
484,36,39,227,115,147,211,202,11,193
484,37,27,78,169,16,227,193,93,186
484,38,169,215,119,250,35,126,8,67
484,39,158,231,75,122,117,179,163,165
485,0,249,229,123,196,216,242,7,105
485,1,225,244,231,93,27,62,118,150
485,2,4,163,227,235,229,17,135,162
485,3,133,187,31,152,235,190,84,37
485,4,167,142,30,13,222,251,236,135
485,5,104,193,6,66,161,44,224,235
485,6,167,245,136,200,142,153,42,61
485,7,239,29,23,1,10,216,210,5
485,8,234,201,88,89,184,164,207,56
485,9,94,29,13,164,11,4,145,146
485,10,216,169,130,1,248,5,143,51
485,11,189,103,147,161,236,170,248,163
485,12,26,63,7,59,181,128,56,132
485,13,147,43,51,18,28,29,123,228
485,14,156,124,169,206,20,146,75,186
485,15,81,22,192,13,200,113,207,220
485,16,5,196,71,133,42,167,99,188
485,17,61,172,166,250,76,50,92,139
485,18,187,179,50,57,205,12,190,142
485,19,130,111,205,146,252,109,113,20
485,20,234,88,201,212,4,207,115,89
485,21,29,164,94,13,145,11,146,197
485,22,130,169,143,198,31,196,216,51
485,23,189,42,161,62,103,84,236,147
485,24,74,128,63,26,160,132,65,15
485,25,43,147,123,97,6,18,134,228
485,26,169,148,124,20,51,75,32,206
485,27,81,200,192,181,13,57,113,22
485,28,133,5,196,99,167,42,71,188
485,29,76,250,172,255,61,50,87,92
485,30,179,187,205,12,81,26,251,103
485,31,252,205,130,111,109,113,4,170
485,32,98,99,186,77,134,40,131,96
485,33,183,238,232,126,73,122,116,86
485,34,84,207,180,96,101,62,102,173
485,35,145,153,57,160,61,3,63,184
485,36,181,70,120,98,193,11,235,210
485,37,65,190,227,31,58,241,182,105
485,38,92,148,250,75,71,206,97,67
485,39,2,38,189,69,243,217,52,242
486,0,177,47,115,158,132,192,235,141
486,1,182,244,93,155,197,118,213,117
486,2,93,123,100,57,29,82,27,103
486,3,133,187,117,233,235,190,103,40
486,4,142,144,236,128,45,30,222,102
486,5,193,90,47,127,65,112,88,43
486,6,153,60,206,138,22,196,173,101
486,7,29,117,23,10,64,123,216,190
486,8,234,239,116,180,207,56,84,99
486,9,164,13,191,239,2,113,197,36
486,10,169,185,198,125,130,65,150,240
486,11,189,206,161,128,108,86,62,107
486,12,74,93,26,63,128,65,44,54
486,13,134,147,43,6,154,97,61,32
486,14,51,124,137,148,32,159,60,47
486,15,87,162,200,58,181,81,148,213
486,16,133,5,43,233,46,196,80,0
486,17,87,250,61,76,172,0,166,255
486,18,179,187,50,205,163,134,89,57
486,19,109,39,116,205,20,111,252,57
486,20,234,239,88,115,116,207,4,186
486,21,197,164,13,191,94,29,2,47
486,22,169,198,130,125,196,236,185,35
486,23,189,42,62,128,206,106,86,161
486,24,74,93,26,63,44,15,65,54
486,25,6,134,147,154,43,48,182,123
486,26,148,32,51,124,169,60,137,52
486,27,181,87,200,81,58,192,162,31
486,28,5,133,43,136,188,196,167,99
486,29,250,76,172,255,87,0,50,61
486,30,179,187,205,81,163,12,115,106
486,31,205,252,109,116,39,111,4,20
486,32,119,134,77,186,106,131,90,96
486,33,183,238,93,116,73,232,122,129
486,34,207,82,180,84,96,101,62,102
486,35,145,57,184,160,153,3,63,229
486,36,181,70,120,98,193,235,34,210
486,37,190,104,58,31,227,241,182,105
486,38,27,250,148,71,92,75,97,213
486,39,243,69,110,38,242,12,52,78
487,0,222,124,186,242,76,144,55,43
487,1,59,153,245,19,42,117,86,118
487,2,58,60,133,193,3,49,157,219
487,3,44,197,155,243,66,234,61,32
487,4,178,51,30,88,118,137,98,158
487,5,81,228,48,168,33,5,102,40
487,6,82,174,48,172,183,68,126,44
487,7,109,239,220,146,217,1,130,38
487,8,88,222,183,201,207,68,128,56
487,9,24,234,65,128,4,146,192,75
487,10,85,146,119,228,7,138,143,232
487,11,231,70,157,84,37,164,59,153
487,12,57,50,208,125,155,46,121,230
487,13,168,19,22,122,13,239,123,181
487,14,156,213,169,11,232,14,172,235
487,15,22,209,192,157,220,13,239,71
487,16,42,102,167,118,53,95,59,233
487,17,188,231,23,214,19,213,62,137
487,18,12,165,90,238,190,251,159,232
487,19,111,48,247,40,146,43,113,252
487,20,88,222,201,183,124,121,207,28
487,21,24,146,234,5,4,102,13,14
487,22,228,146,246,31,143,232,114,85
487,23,164,70,231,103,195,84,157,37
487,24,155,11,191,56,132,59,7,50
487,25,22,123,228,13,18,51,81,29
487,26,213,169,156,206,196,75,241,11
487,27,192,142,13,35,110,197,113,96
487,28,181,31,188,53,99,42,33,237
487,29,229,139,132,206,50,187,19,62
487,30,12,90,103,251,190,165,188,73
487,31,111,252,199,113,146,170,40,107
487,32,48,40,62,173,102,85,21,12
487,33,56,107,181,139,143,189,224,122
487,34,195,175,48,143,249,252,240,95
487,35,136,185,2,94,85,5,61,3
487,36,125,202,79,44,246,37,67,195
487,37,60,161,43,135,174,196,227,162
487,38,87,234,97,201,163,30,250,132
487,39,44,251,138,62,215,242,92,1
488,0,13,175,204,177,224,73,31,74
488,1,49,232,141,23,174,80,245,61
488,2,252,38,200,71,207,208,19,4
488,3,44,153,53,205,215,86,78,208
488,4,202,30,148,60,44,51,221,173
488,5,102,236,48,168,52,33,81,165
488,6,57,232,172,25,104,48,208,49
488,7,1,239,223,167,4,220,130,208
488,8,88,184,222,201,207,183,132,165
488,9,24,146,4,234,5,128,44,11
488,10,143,19,81,228,232,31,146,85
488,11,222,220,59,103,3,231,84,17
488,12,208,132,50,55,121,46,210,181
488,13,228,13,18,19,123,181,175,168
488,14,156,206,75,169,235,14,11,186
488,15,22,192,135,209,33,26,250,207
488,16,167,102,146,42,33,186,99,95
488,17,188,164,21,50,139,214,23,56
488,18,135,12,90,190,251,232,238,165
488,19,111,113,85,42,146,230,40,71
488,20,201,88,222,165,184,121,132,159
488,21,146,102,4,14,5,234,220,184
488,22,228,31,19,146,143,242,232,81
488,23,103,220,222,231,218,164,84,203
488,24,155,11,7,181,132,59,56,152
488,25,22,228,123,13,81,51,18,101
488,26,213,169,75,206,241,203,156,14
488,27,192,142,13,33,96,135,197,113
488,28,181,188,71,99,31,237,167,33
488,29,164,229,206,139,50,132,187,21
488,30,190,188,165,90,12,103,251,11
488,31,111,229,252,199,71,113,170,251
488,32,102,48,40,85,123,21,62,144
488,33,107,224,234,189,95,56,102,181
488,34,175,240,95,64,220,48,72,102
488,35,85,2,94,61,5,20,161,185
488,36,202,195,246,152,67,142,117,248
488,37,60,161,43,174,135,83,227,209
488,38,234,201,163,30,9,44,126,119
488,39,246,1,250,92,248,215,125,203
489,0,234,186,242,144,111,92,188,223
489,1,144,182,143,66,232,123,198,162
489,2,23,110,150,249,230,173,92,15
489,3,155,66,202,116,166,234,53,156
489,4,71,12,30,94,164,93,158,60
489,5,115,33,249,93,81,236,217,195
489,6,235,92,48,61,232,57,73,185
489,7,4,239,1,40,243,181,16,219
489,8,88,201,165,124,222,132,103,34
489,9,96,5,14,145,146,24,4,0
489,10,31,218,9,143,7,114,117,232
489,11,103,153,114,116,170,209,109,200
489,12,132,95,7,206,56,155,52,219
489,13,38,123,228,18,168,70,51,13
489,14,206,169,156,75,186,101,11,14
489,15,192,22,13,26,135,213,96,146
489,16,186,33,21,99,188,167,71,95
489,17,50,197,78,206,92,188,49,229
489,18,188,12,190,238,232,165,90,251
489,19,111,178,146,113,71,91,38,28
489,20,88,201,242,184,132,207,124,222
489,21,96,14,146,5,145,13,4,11
489,22,31,0,218,114,216,9,5,143
489,23,116,103,114,15,84,109,151,208
489,24,95,132,191,222,152,65,155,128
489,25,22,38,123,13,228,168,81,51
489,26,169,75,177,206,93,72,241,203
489,27,192,13,142,113,8,197,248,135
489,28,188,99,31,71,21,186,33,230
489,29,49,255,88,139,21,187,166,78
489,30,162,165,12,190,251,103,238,50
489,31,252,111,170,28,113,151,42,34
489,32,86,40,146,21,179,66,195,27
489,33,75,36,97,6,133,37,104,181
489,34,238,44,212,28,255,5,90,101
489,35,148,190,49,145,74,61,20,63
489,36,227,39,234,147,115,98,19,85
489,37,27,78,15,186,169,193,16,250
489,38,169,215,119,139,251,75,158,96
489,39,158,72,122,179,165,241,36,139
490,0,233,40,46,63,22,121,110,202
490,1,183,13,223,206,81,117,96,155
490,2,35,252,242,236,107,160,142,112
490,3,202,55,214,236,53,17,255,216
490,4,122,139,105,30,228,60,65,55
490,5,114,236,194,10,161,100,18,66
490,6,61,114,200,167,3,123,245,42
490,7,239,44,199,79,23,4,40,109
490,8,35,88,56,212,103,164,201,52
490,9,217,178,13,96,98,14,94,145
490,10,63,114,62,218,163,171,55,51
490,11,236,42,203,116,107,103,142,20
490,12,56,67,7,132,19,1,154,26
490,13,18,123,28,29,168,22,111,6
490,14,169,75,38,93,241,11,14,206
490,15,120,192,13,213,22,113,207,96
490,16,188,13,99,42,71,122,95,167
490,17,166,132,139,218,92,50,187,102
490,18,205,190,232,12,103,251,26,165
490,19,111,113,252,146,71,170,230,42
490,20,201,88,35,184,212,4,165,103
490,21,178,146,217,5,102,145,11,13
490,22,62,114,31,236,143,232,81,63
490,23,42,103,207,84,101,195,66,12
490,24,132,181,59,152,19,222,56,67
490,25,228,123,51,29,142,18,48,81
490,26,169,75,206,156,114,235,14,241
490,27,192,142,120,13,135,113,96,197
490,28,31,99,42,96,167,231,188,21
490,29,139,255,187,229,50,132,56,92
490,30,12,103,251,205,159,190,165,73
490,31,111,252,113,170,107,120,218,42
490,32,96,40,186,201,62,102,116,21
490,33,11,232,238,58,122,143,107,28
490,34,101,180,205,34,207,220,252,102
490,35,2,61,218,145,94,153,151,20
490,36,202,211,248,181,152,246,11,193
490,37,60,31,174,161,135,43,227,241
490,38,250,44,97,196,234,182,126,233
490,39,241,9,68,125,105,92,139,123
491,0,165,57,83,56,110,176,59,227
491,1,79,222,179,117,63,73,168,122
491,2,5,234,238,81,154,220,62,179
491,3,171,70,55,105,51,194,50,75
491,4,254,122,21,138,183,74,30,242
491,5,249,114,194,11,169,134,161,24
491,6,90,166,89,208,28,57,235,243
491,7,56,242,109,239,1,22,236,220
491,8,88,35,120,201,253,184,65,132
491,9,148,96,217,5,146,24,14,145
491,10,24,46,143,218,19,114,76,231
491,11,210,207,93,28,236,205,103,38
491,12,154,132,56,7,95,59,19,207
491,13,228,123,18,116,22,175,236,48
491,14,156,213,14,169,75,206,235,11
491,15,22,192,209,135,33,120,26,96
491,16,13,122,167,42,146,99,31,33
491,17,139,187,231,50,137,92,23,200
491,18,165,12,251,190,238,232,103,70
491,19,111,113,40,43,252,71,230,42
491,20,201,120,88,184,165,222,124,28
491,21,146,5,102,4,148,24,145,234
491,22,24,143,232,31,81,246,19,204
491,23,103,210,101,84,207,93,225,3
491,24,132,181,59,222,152,19,46,207
491,25,228,123,51,29,81,18,142,191
491,26,213,156,206,180,75,14,235,169
491,27,192,142,13,135,249,203,96,113
491,28,21,31,42,181,99,118,231,33
491,29,139,187,206,104,56,218,50,132
491,30,190,12,188,103,251,165,70,238
491,31,111,113,199,252,170,120,40,146
491,32,102,221,48,40,62,21,18,246
491,33,96,224,107,121,122,143,205,28
491,34,208,175,64,95,220,67,102,34
491,35,94,2,85,61,5,20,3,151
491,36,202,195,246,67,152,248,193,11
491,37,60,43,161,135,174,227,56,241
491,38,234,201,44,30,97,163,126,9
491,39,246,1,92,250,248,215,125,252
492,0,102,127,84,49,85,176,194,228
492,1,29,63,111,117,3,228,251,65
492,2,234,5,15,154,202,179,136,108
492,3,116,51,171,20,55,214,203,194
492,4,215,12,30,74,21,79,69,130
492,5,169,249,11,106,194,82,206,207
492,6,166,136,89,73,230,61,243,28
492,7,242,56,161,239,109,1,40,85
492,8,120,88,35,201,65,184,17,253
492,9,151,5,148,14,146,11,145,190
492,10,24,218,114,46,76,171,168,63
492,11,114,207,210,236,93,66,28,55
492,12,56,206,95,154,11,19,132,7
492,13,38,123,18,22,228,236,48,28
492,14,213,169,14,241,156,11,206,75
492,15,192,120,22,13,157,33,26,168
492,16,137,122,13,31,99,20,146,21
492,17,139,187,218,92,197,137,132,102
492,18,238,190,251,103,12,165,188,232
492,19,111,113,91,252,71,230,170,42
492,20,120,201,88,184,165,35,124,222
492,21,146,5,102,14,4,228,11,220
492,22,24,218,232,143,81,114,31,204
492,23,114,103,248,101,207,210,84,54
492,24,181,59,132,219,152,206,207,95
492,25,228,123,51,38,142,18,175,29
492,26,180,156,206,14,169,114,75,139
492,27,192,142,249,135,13,209,54,63
492,28,137,20,21,31,42,231,146,71
492,29,218,206,139,187,104,92,56,229
492,30,238,251,190,12,188,103,221,165
492,31,111,113,170,252,71,28,120,40
492,32,221,40,102,21,62,50,254,107
492,33,168,121,12,224,205,122,96,40
492,34,55,81,208,95,102,64,67,220
492,35,39,99,3,92,61,20,212,110
492,36,49,202,195,193,34,117,152,67
492,37,15,241,193,90,227,174,135,161
492,38,97,80,44,250,234,86,126,30
492,39,72,244,183,92,250,36,52,203
493,0,2,177,155,31,242,152,50,92
493,1,252,29,215,186,228,240,126,241
493,2,212,110,150,230,157,15,23,86
493,3,66,155,202,58,159,243,234,207
493,4,30,239,158,164,93,169,51,178
493,5,115,33,93,52,40,194,48,217
493,6,136,92,185,115,28,25,232,235
493,7,161,239,243,1,95,242,171,152
493,8,201,88,124,165,34,183,222,132
493,9,5,146,102,87,24,14,4,216
493,10,218,232,9,7,143,140,204,90
493,11,103,116,15,114,207,2,8,68
493,12,95,206,59,219,207,136,42,132
493,13,228,123,38,48,18,191,22,175
493,14,14,169,206,156,11,186,2,75
493,15,192,22,123,142,135,54,103,13
493,16,21,146,20,122,42,186,31,33
493,17,206,197,49,78,187,218,139,92
493,18,238,251,188,165,70,12,190,103
493,19,60,111,230,113,71,228,216,170
493,20,201,35,88,165,68,194,183,124
493,21,146,5,102,220,107,14,4,96
493,22,218,140,232,0,9,81,143,31
493,23,103,116,130,207,114,15,101,84
493,24,59,95,181,152,132,42,139,133
493,25,228,38,123,51,48,81,249,140
493,26,93,206,14,180,75,156,114,235
493,27,192,142,248,135,54,249,209,103
493,28,21,31,146,230,78,42,231,118
493,29,49,139,187,102,218,236,206,56
493,30,12,251,238,103,165,70,190,69
493,31,111,113,60,170,71,28,107,252
493,32,40,86,247,146,109,195,66,194
493,33,181,97,36,122,6,133,54,104
493,34,255,212,238,28,90,109,19,102
493,35,49,61,229,3,212,151,76,247
493,36,98,147,227,234,11,193,34,210
493,37,84,227,241,193,15,78,27,0
493,38,250,97,44,215,126,39,119,40
493,39,158,165,72,52,36,146,125,224
494,0,96,93,226,243,117,68,185,187
494,1,209,96,183,206,2,230,13,57
494,2,146,118,244,125,215,85,176,102
494,3,170,122,180,247,105,9,153,221
494,4,119,55,60,239,123,8,2,182
494,5,223,194,93,114,3,142,33,52
494,6,3,136,92,16,115,232,28,235
494,7,161,239,242,243,28,1,16,131
494,8,88,35,201,68,112,165,124,183
494,9,5,19,146,206,102,14,178,24
494,10,163,218,232,9,143,7,31,229
494,11,130,103,18,116,207,17,142,21
494,12,154,95,67,56,206,132,7,59
494,13,228,123,200,18,222,175,48,51
494,14,156,14,75,169,206,235,38,11
494,15,192,22,103,135,209,241,13,120
494,16,13,122,167,146,42,21,31,232
494,17,236,139,102,187,155,218,231,206
494,18,12,165,238,251,103,190,6,70
494,19,111,113,71,230,40,51,91,170
494,20,201,68,165,184,35,112,88,28
494,21,146,19,4,5,102,120,220,178
494,22,232,163,143,218,81,204,66,31
494,23,103,130,18,101,207,113,202,84
494,24,181,59,207,152,42,67,132,95
494,25,228,123,51,200,175,142,222,249
494,26,206,156,14,139,235,75,93,210
494,27,192,103,209,142,213,135,234,22
494,28,42,231,21,146,232,31,20,118
494,29,155,236,139,231,56,187,206,102
494,30,12,251,103,221,6,190,238,165
494,31,111,113,170,107,51,233,120,71
494,32,40,17,194,175,37,206,247,89
494,33,214,122,23,94,117,40,12,245
494,34,187,19,54,102,58,188,34,182
494,35,61,7,214,229,3,212,244,35
494,36,0,193,11,245,239,34,8,253
494,37,84,227,241,57,147,164,220,90
494,38,250,44,86,22,97,126,39,136
494,39,145,62,242,181,16,52,23,36
495,0,177,222,122,55,175,223,3,161
495,1,153,37,91,187,245,219,68,95
495,2,83,193,54,56,157,93,47,13
495,3,66,197,44,243,234,207,215,218
495,4,51,158,30,93,180,60,207,169
495,5,115,33,235,223,48,3,170,2
495,6,185,172,245,29,232,49,25,48
495,7,167,239,220,1,4,219,169,215
495,8,88,222,124,132,183,184,165,34
495,9,5,146,24,102,4,128,204,0
495,10,117,232,143,31,204,222,8,85
495,11,103,17,59,209,202,186,208,231
495,12,132,207,59,50,210,46,119,57
495,13,228,123,18,181,122,226,175,222
495,14,156,169,206,14,75,172,11,232
495,15,22,209,192,13,146,207,142,135
495,16,146,122,42,21,31,82,167,99
495,17,78,206,50,139,231,213,137,56
495,18,190,238,12,237,251,165,26,130
495,19,111,113,71,146,43,107,40,247
495,20,165,184,88,201,222,124,242,34
495,21,146,5,4,24,102,11,98,190
495,22,216,117,143,232,146,31,194,233
495,23,103,59,231,84,201,208,209,225
495,24,128,210,119,59,152,7,181,50
495,25,228,123,19,222,97,51,24,0
495,26,93,156,206,169,14,2,75,139
495,27,192,13,209,142,22,113,135,230
495,28,82,212,193,42,146,21,167,31
495,29,88,61,78,231,56,21,139,255
495,30,50,12,251,250,162,238,165,151
495,31,111,113,107,170,43,252,251,102
495,32,40,179,57,76,125,21,66,177
495,33,104,5,162,122,56,250,161,133
495,34,44,109,72,238,195,5,102,143
495,35,61,148,185,74,190,151,229,3
495,36,193,115,98,39,11,227,139,148
495,37,241,227,27,84,126,57,78,147
495,38,250,44,126,39,97,84,119,40
495,39,242,52,165,179,125,122,61,158
496,0,51,49,153,22,247,85,119,227
496,1,223,169,53,177,168,227,87,156
496,2,54,16,176,208,225,30,242,149
496,3,98,97,238,160,27,146,88,208
496,4,167,14,181,30,65,201,67,227
496,5,235,67,223,66,191,3,25,82
496,6,245,167,200,215,197,136,184,243
496,7,44,239,161,28,220,242,1,167
496,8,33,88,164,201,132,165,124,212
496,9,132,98,5,11,146,94,145,102
496,10,248,216,10,232,117,143,63,222
496,11,36,20,103,17,248,232,170,202
496,12,59,56,154,160,7,210,128,207
496,13,33,123,222,228,18,29,142,241
496,14,147,169,156,206,93,75,14,2
496,15,166,192,22,13,120,207,113,240
496,16,156,13,122,42,179,146,118,31
496,17,110,50,102,231,92,139,56,166
496,18,12,112,128,238,190,103,251,165
496,19,111,120,113,107,12,71,40,51
496,20,33,201,165,88,222,184,124,19
496,21,132,146,4,5,234,120,24,11
496,22,248,143,117,232,31,204,63,81
496,23,36,101,103,20,84,207,225,200
496,24,181,59,132,207,57,152,154,95
496,25,228,33,142,123,51,18,175,249
496,26,156,147,206,14,139,75,232,186
496,27,192,209,22,142,13,113,230,190
496,28,156,42,21,231,212,118,146,31
496,29,110,231,139,56,50,206,23,187
496,30,128,12,103,112,251,221,190,165
496,31,111,120,113,107,170,12,251,40
496,32,238,40,158,113,194,206,21,217
496,33,73,41,122,40,94,232,245,12
496,34,97,34,161,19,188,102,21,70
496,35,61,214,244,212,3,20,229,151
496,36,193,181,239,129,34,11,0,245
496,37,84,241,57,227,147,14,90,209
496,38,250,44,86,97,126,39,84,22
496,39,62,145,181,242,52,16,203,125
497,0,222,55,152,175,223,177,37,26
497,1,83,143,245,153,61,120,182,173
497,2,76,193,16,54,93,5,32,108
497,3,197,66,215,243,205,94,208,238
497,4,60,30,203,51,137,158,93,178
497,5,66,33,48,115,52,93,252,102
497,6,19,172,245,232,185,115,49,29
497,7,239,1,167,220,66,228,19,190
497,8,222,88,201,124,183,132,68,34
497,9,4,5,146,24,11,102,234,128
497,10,232,143,117,222,174,138,204,5
497,11,103,231,59,136,209,208,84,200
497,12,115,181,59,207,210,152,132,121
497,13,228,123,18,173,181,222,175,51
497,14,206,75,14,156,169,171,139,2
497,15,192,207,22,13,209,250,113,135
497,16,146,42,82,21,122,31,193,33
497,17,194,78,50,139,231,187,206,28
497,18,12,190,219,251,238,103,26,250
497,19,111,113,251,249,247,107,70,71
497,20,88,201,132,165,242,222,124,184
497,21,146,4,5,11,102,234,24,220
497,22,143,216,232,146,117,5,204,168
497,23,103,231,59,136,201,84,202,208
497,24,128,115,59,181,119,210,152,11
497,25,228,222,97,19,123,81,140,241
497,26,169,206,171,75,14,156,72,210
497,27,192,13,8,142,135,177,22,197
497,28,193,196,82,71,99,31,42,167
497,29,119,255,61,88,21,139,50,92
497,30,50,12,205,162,250,26,232,63
497,31,249,4,252,111,205,113,135,151
497,32,85,125,40,179,28,254,76,186
497,33,133,104,238,56,132,102,122,143
497,34,44,238,195,101,20,240,28,5
497,35,148,74,190,145,185,61,229,21
497,36,115,39,227,11,142,19,235,98
497,37,27,169,78,227,126,250,200,16
497,38,169,119,215,75,250,80,180,67
497,39,231,158,179,117,75,122,163,197
498,0,229,249,216,196,123,7,105,242
498,1,225,231,155,27,93,62,244,150
498,2,17,4,109,210,162,103,57,155
498,3,31,133,187,152,235,84,37,176
498,4,102,142,30,54,236,167,222,13
498,5,104,90,186,193,161,236,6,112
498,6,167,245,153,61,157,232,172,62
498,7,239,23,29,109,199,79,1,10
498,8,234,88,35,56,116,164,212,180
498,9,94,13,29,203,98,164,197,35
498,10,216,169,130,63,248,1,51,222
498,11,189,236,103,42,248,163,107,170
498,12,56,26,128,63,7,59,74,160
498,13,29,43,28,123,147,154,222,18
498,14,124,169,75,93,51,146,86,11
498,15,81,13,192,181,148,220,22,207
498,16,5,196,71,99,42,188,167,95
498,17,61,166,250,172,87,139,255,76
498,18,205,187,50,57,179,190,12,232
498,19,111,130,205,252,146,113,109,4
498,20,234,88,212,56,4,201,184,115
498,21,29,13,94,146,164,197,102,4
498,22,169,236,130,198,143,31,63,62
498,23,42,189,62,103,84,236,250,184
498,24,26,74,63,128,160,152,132,181
498,25,228,43,29,147,123,6,154,97
498,26,169,124,75,51,206,156,146,148
498,27,192,81,181,120,200,13,135,142
498,28,5,99,167,133,196,42,71,31
498,29,250,172,255,76,139,50,61,229
498,30,187,205,179,12,251,103,81,70
498,31,130,111,252,205,113,109,170,251
498,32,98,99,186,40,96,77,134,201
498,33,183,238,232,126,122,73,116,58
498,34,84,207,180,101,96,30,102,34
498,35,145,218,151,153,61,63,229,20
498,36,181,70,211,248,235,202,11,120
498,37,31,58,190,227,143,182,241,250
498,38,92,71,148,75,250,97,95,39
498,39,2,189,69,38,213,217,52,242
499,0,165,57,83,56,110,32,127,66
499,1,242,73,117,112,122,118,132,86
499,2,234,255,238,121,80,133,181,124
499,3,171,70,55,208,205,73,214,32
499,4,118,254,242,74,138,30,244,183
499,5,249,161,11,147,110,21,169,134
499,6,183,166,89,164,57,133,208,28
499,7,56,2,109,239,101,1,44,251
499,8,88,120,216,35,234,201,253,207
499,9,148,96,217,13,151,146,24,5
499,10,161,46,24,114,19,143,69,240
499,11,210,93,195,236,27,251,101,66
499,12,154,56,132,155,212,7,0,59
499,13,22,123,228,18,116,48,142,181
499,14,213,156,169,75,206,14,235,11
499,15,22,33,192,209,142,135,207,39
499,16,42,167,99,13,146,71,95,33
499,17,139,50,104,23,132,187,231,92
499,18,12,190,165,251,232,103,135,90
499,19,111,113,40,252,199,42,146,71
499,20,201,88,120,184,222,165,124,212
499,21,146,148,5,102,4,96,234,24
499,22,24,143,31,19,81,232,161,228
499,23,210,103,93,195,84,101,225,3
499,24,132,181,59,222,152,219,19,155
499,25,228,123,22,51,29,18,81,140
499,26,213,156,75,206,180,169,14,235
499,27,192,142,13,203,135,113,22,96
499,28,181,21,99,31,33,188,42,96
499,29,139,206,187,50,132,104,229,56
499,30,103,190,12,188,251,165,70,159
499,31,111,113,252,199,170,120,251,228
499,32,221,48,40,102,62,21,246,201
499,33,96,107,121,224,143,205,122,28
499,34,208,175,64,95,220,67,102,70
499,35,94,2,85,61,5,20,236,3
499,36,202,246,195,67,152,248,11,193
499,37,60,161,43,135,174,56,227,83
499,38,234,201,30,163,9,97,44,126
499,39,246,1,250,92,248,215,125,203
500,0,234,242,186,188,92,144,155,223
500,1,198,117,197,155,111,213,42,105
500,2,230,150,110,86,234,92,15,23
500,3,66,155,202,156,116,51,44,207
500,4,71,30,94,12,158,53,82,60
500,5,194,33,93,48,110,40,52,168
500,6,235,123,92,28,108,142,232,115
500,7,239,1,181,243,220,4,40,219
500,8,88,124,201,7,38,132,183,248
500,9,96,5,4,145,146,24,102,14
500,10,143,9,140,218,31,7,5,15
500,11,216,153,15,208,103,114,8,2
500,12,206,181,95,132,222,155,207,152
500,13,228,116,22,38,123,249,18,48
500,14,156,206,169,14,186,220,172,11
500,15,123,22,192,186,142,209,207,76
500,16,21,13,20,42,33,99,180,122
500,17,206,197,236,231,50,218,139,92
500,18,12,165,188,238,190,251,70,3
500,19,111,60,113,71,43,40,107,251
500,20,201,38,88,165,124,222,132,7
500,21,96,146,4,5,102,14,24,145
500,22,140,218,0,9,5,143,31,232
500,23,103,153,101,15,216,114,84,79
500,24,46,206,181,95,222,132,59,207
500,25,228,123,38,116,51,133,48,22
500,26,220,156,206,75,93,39,186,172
500,27,192,142,248,123,207,22,249,209
500,28,21,42,230,118,54,33,78,31
500,29,206,236,139,187,92,56,231,114
500,30,12,69,238,165,251,103,190,70
500,31,60,113,111,170,71,107,40,230
500,32,195,40,86,146,62,194,61,55
500,33,37,97,94,36,12,122,40,245
500,34,90,212,187,255,19,102,28,70
500,35,44,49,3,214,92,151,247,229
500,36,234,193,0,8,147,34,11,129
500,37,227,241,57,84,220,147,193,90
500,38,97,250,44,244,126,86,39,22
500,39,23,224,52,68,16,252,241,125
501,0,181,107,82,39,255,221,251,119
501,1,40,209,222,96,183,12,220,248
501,2,215,242,85,73,9,144,186,250
501,3,14,192,227,139,247,200,255,195
501,4,71,156,60,180,216,30,20,31
501,5,194,19,174,33,142,93,66,195
501,6,123,235,92,115,25,28,149,108
501,7,239,4,243,220,1,101,253,28
501,8,38,68,88,201,124,132,7,165
501,9,5,4,145,146,120,96,14,102
501,10,5,68,140,143,31,218,46,9
501,11,64,216,79,153,103,208,15,113
501,12,206,95,222,132,181,154,136,46
501,13,228,123,164,116,195,230,133,22
501,14,156,169,206,39,14,11,172,186
501,15,123,192,22,207,209,76,230,13
501,16,13,21,42,167,20,33,78,118
501,17,206,114,26,231,50,139,92,137
501,18,12,165,238,214,215,190,55,103
501,19,113,111,237,43,170,71,40,28
501,20,201,88,165,38,184,124,68,132
501,21,146,4,5,87,102,120,24,43
501,22,68,140,5,143,232,31,90,117
501,23,103,64,101,79,207,202,113,153
501,24,46,207,181,42,219,121,95,139
501,25,228,123,164,195,116,133,51,76
501,26,206,39,172,156,114,75,235,22
501,27,142,192,123,207,22,209,249,230
501,28,21,20,146,42,31,231,118,45
501,29,206,26,139,187,114,92,231,101
501,30,238,55,12,70,221,165,190,69
501,31,60,113,237,170,111,40,112,230
501,32,224,40,197,206,101,61,62,176
501,33,179,201,12,156,122,117,217,245
501,34,49,217,90,213,28,70,102,188
501,35,224,214,244,3,247,92,229,63
501,36,24,255,239,57,193,129,34,11
501,37,50,14,227,241,57,147,90,97
501,38,146,44,97,86,250,126,244,39
501,39,85,177,13,62,181,52,252,242
502,0,55,109,175,199,177,151,24,31
502,1,49,226,236,42,245,85,105,22
502,2,215,242,160,3,221,112,185,193
502,3,247,14,66,192,234,255,44,197
502,4,180,243,158,30,51,93,63,207
502,5,19,115,33,93,236,52,23,3
502,6,123,25,185,161,49,175,235,6
502,7,239,4,167,28,95,253,138,220
502,8,124,201,68,88,165,38,132,34
502,9,146,5,4,102,14,145,87,107
502,10,232,143,5,31,8,117,250,9
502,11,103,79,202,59,85,216,15,54
502,12,210,132,207,42,59,46,95,181
502,13,228,123,230,195,133,173,79,199
502,14,156,169,39,206,172,14,75,11
502,15,207,192,142,13,22,123,249,146
502,16,42,21,146,31,190,167,33,20
502,17,206,114,78,50,139,231,187,92
502,18,238,12,190,214,215,26,165,130
502,19,28,43,71,113,60,111,230,40
502,20,165,88,201,49,124,132,184,7
502,21,146,5,4,14,102,87,107,11
502,22,216,232,140,5,143,31,204,242
502,23,103,85,79,59,202,231,216,207
502,24,128,46,210,207,95,59,42,181
502,25,228,230,123,116,195,192,48,51
502,26,93,39,206,169,235,75,156,220
502,27,192,142,207,230,123,76,22,13
502,28,190,21,42,146,78,82,193,33
502,29,88,206,187,92,139,56,114,28
502,30,12,238,50,63,165,250,251,26
502,31,111,170,113,28,71,60,43,151
502,32,40,76,179,86,123,18,109,66
502,33,104,11,95,122,56,245,139,12
502,34,94,72,44,28,195,235,90,70
502,35,191,185,229,63,151,3,60,113
502,36,115,79,193,26,39,147,11,235
502,37,84,227,126,27,241,196,169,78
502,38,250,75,52,44,87,119,126,169
502,39,158,231,146,254,44,122,165,252
503,0,96,226,247,171,80,11,214,243
503,1,236,179,149,9,89,2,169,91
503,2,149,254,215,208,253,66,196,137
503,3,188,221,170,247,122,216,200,2
503,4,119,60,20,180,105,30,93,181
503,5,19,61,93,194,33,142,81,3
503,6,123,16,25,49,175,161,185,38
503,7,239,167,4,253,28,220,1,150
503,8,112,68,124,38,201,49,7,88
503,9,206,14,4,120,146,5,145,178
503,10,229,163,5,31,143,250,158,51
503,11,18,79,207,103,85,216,130,186
503,12,106,132,154,7,95,210,67,46
503,13,200,123,195,228,230,116,48,192
503,14,39,156,206,169,172,146,186,235
503,15,241,22,207,192,76,13,230,123
503,16,13,167,42,45,31,185,2,33
503,17,114,50,139,236,231,206,102,137
503,18,12,238,214,215,165,190,6,251
503,19,43,113,111,71,28,135,170,40
503,20,112,88,201,165,49,68,184,124
503,21,146,206,4,120,102,14,24,87
503,22,163,232,143,31,117,5,140,220
503,23,18,207,103,101,202,79,54,84
503,24,46,207,67,181,132,121,95,219
503,25,228,199,200,195,123,192,51,133
503,26,206,39,156,235,172,93,38,186
503,27,192,142,241,22,207,230,209,213
503,28,21,149,146,42,118,78,185,231
503,29,236,206,155,139,92,23,114,231
503,30,6,12,165,238,214,221,251,70
503,31,111,113,60,170,71,51,40,107
503,32,89,40,199,194,61,101,17,217
503,33,68,214,94,122,23,12,245,40
503,34,182,187,235,54,19,28,34,102
503,35,63,214,151,229,3,60,35,7
503,36,253,0,193,8,34,210,11,104
503,37,84,164,227,220,241,57,147,90
503,38,136,75,22,250,126,44,86,97
503,39,146,16,145,254,62,23,181,52
504,0,110,57,88,59,56,68,180,157
504,1,131,166,60,89,98,35,9,149
504,2,211,33,149,196,246,28,66,12
504,3,70,240,188,191,200,28,3,17
504,4,133,60,30,138,82,49,126,202
504,5,24,144,174,160,252,19,33,214
504,6,129,49,123,16,115,48,175,185
504,7,239,129,4,1,228,253,167,217
504,8,68,112,88,201,124,184,7,49
504,9,148,5,4,14,206,11,146,145
504,10,68,73,143,31,5,92,59,154
504,11,210,207,147,45,154,201,79,202
504,12,106,132,46,210,121,84,19,67
504,13,164,195,123,228,199,192,51,200
504,14,156,206,39,186,169,235,172,75
504,15,203,241,22,192,207,230,209,142
504,16,167,42,21,149,66,13,45,31
504,17,26,50,114,137,139,23,231,88
504,18,165,12,238,214,103,63,190,106
504,19,111,113,43,71,170,28,40,34
504,20,68,201,112,88,184,165,222,124
504,21,148,206,146,4,5,11,192,24
504,22,68,143,232,31,154,100,5,85
504,23,207,210,103,202,147,101,64,154
504,24,46,121,57,207,95,106,132,67
504,25,164,199,228,200,123,195,51,192
504,26,235,186,156,39,172,206,38,93
504,27,203,192,142,241,22,207,230,209
504,28,21,149,42,118,185,78,167,146
504,29,26,206,23,155,92,56,101,231
504,30,165,12,238,221,103,251,70,214
504,31,111,113,170,60,102,107,40,71
504,32,224,40,89,197,61,206,217,199
504,33,177,96,156,122,40,12,117,159
504,34,49,217,213,28,90,235,102,188
504,35,224,214,244,63,60,3,151,7
504,36,255,193,24,239,11,210,129,57
504,37,14,50,227,57,241,90,147,37
504,38,146,250,75,44,86,126,97,244
504,39,177,62,85,13,254,181,242,52
505,0,2,180,65,41,86,29,237,214
505,1,111,42,60,245,117,190,105,22
505,2,33,193,77,211,139,221,199,93
505,3,66,202,58,234,70,44,218,113
505,4,30,243,149,51,158,93,180,207
505,5,213,115,33,144,252,168,172,250
505,6,129,48,49,185,123,241,175,25
505,7,239,129,1,253,217,167,220,152
505,8,88,68,201,124,222,183,106,49
505,9,5,14,24,146,4,11,234,102
505,10,117,143,232,17,31,154,85,128
505,11,103,209,207,45,147,84,231,201
505,12,166,46,132,207,19,95,57,88
505,13,195,123,192,199,228,76,230,51
505,14,156,39,146,169,206,172,186,232
505,15,22,79,192,116,207,203,209,230
505,16,138,167,21,45,2,42,66,118
505,17,206,78,114,139,137,50,23,7
505,18,130,12,238,165,190,214,215,103
505,19,111,71,113,43,206,170,28,83
505,20,88,124,201,106,49,222,68,165
505,21,146,4,87,5,14,43,11,190
505,22,17,117,154,143,232,216,18,31
505,23,209,103,207,147,45,79,231,137
505,24,166,46,210,7,95,128,55,121
505,25,192,199,123,228,195,230,19,76
505,26,93,39,156,206,186,172,114,146
505,27,79,142,192,22,116,209,207,230
505,28,138,21,20,201,42,118,167,146
505,29,78,206,23,56,92,213,231,187
505,30,165,238,12,130,237,221,251,151
505,31,111,113,170,40,247,71,107,43
505,32,40,75,14,197,61,206,217,37
505,33,5,177,103,161,12,122,40,133
505,34,227,11,94,213,18,102,28,235
505,35,214,244,63,7,3,110,60,229
505,36,48,193,129,24,57,251,210,11
505,37,14,227,57,241,162,147,97,37
505,38,250,75,124,126,97,244,185,39
505,39,62,77,181,254,242,13,52,177
506,0,175,55,134,155,177,31,178,151
506,1,111,245,44,230,206,143,49,182
506,2,253,235,130,149,113,4,211,93
506,3,66,213,44,202,197,159,243,79
506,4,44,243,30,51,180,158,93,9
506,5,81,252,33,168,115,144,52,160
506,6,129,48,49,185,123,82,241,245
506,7,239,217,129,1,167,253,28,152
506,8,201,68,88,124,106,34,49,183
506,9,24,5,4,146,145,14,234,43
506,10,232,216,31,143,85,5,154,7
506,11,103,79,84,147,59,201,220,231
506,12,132,222,7,32,121,57,59,19
506,13,123,192,51,228,195,76,156,199
506,14,156,39,206,169,186,172,146,14
506,15,192,207,22,209,13,108,197,113
506,16,193,42,99,33,21,31,118,167
506,17,50,139,213,231,56,214,137,78
506,18,165,12,190,151,238,11,50,114
506,19,111,113,43,146,40,170,28,112
506,20,201,88,124,184,28,165,209,132
506,21,146,5,4,145,24,102,98,11
506,22,216,143,31,5,140,7,90,232
506,23,103,201,79,216,59,186,220,231
506,24,128,11,132,119,117,205,222,59
506,25,97,123,19,228,81,22,18,51
506,26,169,75,93,203,156,153,206,14
506,27,192,142,13,113,22,146,197,9
506,28,193,196,33,99,82,81,21,42
506,29,61,88,21,255,62,92,139,50
506,30,50,12,162,232,165,250,103,251
506,31,111,252,113,170,146,43,251,151
506,32,125,86,179,40,62,21,246,76
506,33,75,104,36,56,132,143,95,133
506,34,44,240,238,28,5,220,90,72
506,35,148,190,74,61,2,20,145,236
506,36,227,202,115,147,39,248,142,211
506,37,27,78,60,174,16,193,169,175
506,38,169,215,119,97,255,75,44,35
506,39,231,158,179,75,122,117,139,11
507,0,229,123,249,216,7,196,105,242
507,1,225,231,244,93,27,155,118,62
507,2,4,17,162,163,109,103,229,54
507,3,133,187,31,152,235,84,176,231
507,4,142,167,30,236,13,222,54,102
507,5,104,193,161,6,236,186,224,90
507,6,123,167,61,153,175,245,200,48
507,7,239,29,23,1,4,253,10,109
507,8,234,88,7,201,164,212,52,132
507,9,13,94,29,164,145,146,35,84
507,10,216,169,130,5,248,63,51,143
507,11,189,103,216,248,236,38,79,170
507,12,26,63,222,74,128,56,59,7
507,13,43,123,147,29,228,28,18,51
507,14,124,75,169,156,51,20,206,186
507,15,81,207,22,192,13,200,220,232
507,16,5,196,133,99,42,71,188,167
507,17,61,250,166,172,76,87,50,255
507,18,187,50,205,179,57,12,190,161
507,19,111,130,205,252,109,146,39,20
507,20,234,88,4,212,207,201,115,56
507,21,29,13,94,164,197,145,146,4
507,22,130,169,198,236,143,196,185,31
507,23,189,42,62,250,46,103,236,128
507,24,74,26,63,128,65,160,132,52
507,25,43,147,6,18,123,97,134,154
507,26,169,124,148,51,75,32,156,146
507,27,81,181,200,192,13,22,58,113
507,28,133,5,99,167,196,42,188,95
507,29,250,172,76,255,61,50,87,139
507,30,187,179,205,12,81,251,115,103
507,31,130,111,252,205,109,39,40,4
507,32,98,99,186,77,134,40,96,106
507,33,183,238,232,73,116,126,86,122
507,34,84,207,180,96,101,62,171,173
507,35,145,57,153,63,160,218,20,61
507,36,181,70,120,211,98,193,248,217
507,37,190,31,58,182,143,227,241,175
507,38,75,71,92,148,250,213,97,95
507,39,2,69,189,38,213,254,217,52
508,0,165,57,83,56,110,127,32,66
508,1,117,73,242,122,112,118,161,243
508,2,255,234,238,80,121,133,222,124
508,3,171,70,55,208,214,32,205,212
508,4,118,244,254,242,74,67,138,30
508,5,249,161,169,224,134,230,110,147
508,6,183,166,164,57,89,221,133,208
508,7,56,2,109,101,239,1,44,57
508,8,216,88,120,201,33,234,35,253
508,9,96,148,217,13,151,14,156,24
508,10,161,24,46,114,19,168,240,71
508,11,210,195,93,38,101,27,236,66
508,12,212,154,155,117,132,0,115,43
508,13,22,116,18,142,123,33,168,48
508,14,213,156,147,169,93,206,75,83
508,15,22,192,39,33,113,207,142,166
508,16,156,13,42,167,212,99,33,188
508,17,166,50,139,104,110,92,56,132
508,18,12,190,251,232,103,165,159,135
508,19,111,113,120,199,252,146,107,42
508,20,201,88,222,212,120,184,124,132
508,21,5,148,146,234,96,102,4,24
508,22,24,143,161,31,114,19,81,46
508,23,103,210,195,84,101,93,3,184
508,24,222,132,181,59,155,19,138,219
508,25,123,22,51,228,18,29,142,48
508,26,213,156,75,169,206,14,186,114
508,27,192,142,13,113,203,135,22,9
508,28,33,99,181,21,188,31,167,42
508,29,139,50,206,187,104,132,229,92
508,30,103,12,190,251,188,159,165,70
508,31,111,252,199,113,120,251,170,228
508,32,221,48,40,102,21,62,201,246
508,33,96,121,107,224,143,205,122,58
508,34,208,175,95,64,220,252,102,34
508,35,85,94,2,61,20,5,236,3
508,36,202,195,246,67,152,248,117,11
508,37,161,60,43,174,135,56,83,67
508,38,234,201,30,9,163,97,44,126
508,39,246,1,250,92,248,215,125,203
509,0,234,242,186,155,84,144,4,92
509,1,251,3,255,195,71,111,198,83
509,2,150,230,234,110,15,7,23,92
509,3,202,155,66,116,156,92,214,218
509,4,71,94,30,60,216,158,12,228
509,5,194,33,18,69,169,114,102,34
509,6,235,61,92,55,142,59,19,73
509,7,1,239,181,101,4,79,220,40
509,8,88,184,159,201,207,164,103,222
509,9,5,96,14,146,128,151,145,102
509,10,9,218,5,143,161,81,114,222
509,11,153,66,103,114,3,145,144,186
509,12,222,181,132,95,155,7,59,90
509,13,22,116,123,38,18,228,48,206
509,14,75,156,206,169,14,93,186,11
509,15,192,22,113,39,207,13,9,250
509,16,42,13,167,188,33,99,31,95
509,17,197,50,218,236,92,187,139,56
509,18,12,103,165,190,232,251,238,114
509,19,111,113,51,252,170,71,228,151
509,20,159,201,88,184,212,4,222,207
509,21,5,146,11,96,14,234,4,43
509,22,143,0,9,5,218,114,81,91
509,23,103,153,66,144,101,3,84,114
509,24,222,59,181,132,121,19,46,117
509,25,123,51,22,116,228,18,29,48
509,26,75,169,156,186,114,206,93,139
509,27,192,113,248,13,142,22,135,71
509,28,167,54,42,21,118,99,31,33
509,29,139,56,92,218,236,130,187,255
509,30,12,103,165,69,251,238,3,190
509,31,51,111,151,252,113,71,170,102
509,32,40,195,86,201,146,66,91,217
509,33,6,75,97,37,49,116,58,36
509,34,255,212,90,101,149,95,109,28
509,35,49,145,61,20,80,151,60,3
509,36,234,0,117,211,167,227,193,147
509,37,220,93,145,84,241,19,2,127
509,38,179,44,126,184,70,197,220,191
509,39,241,23,127,146,6,235,155,224
510,0,110,57,84,250,157,180,214,56
510,1,183,209,96,57,206,40,50,251
510,2,7,33,148,181,118,173,213,142
510,3,70,105,202,217,216,51,122,64
510,4,60,71,138,158,30,216,94,156
510,5,194,24,144,250,69,102,27,33
510,6,235,59,128,208,28,55,191,89
510,7,239,1,101,4,236,181,79,139
510,8,159,184,88,201,207,103,181,222
510,9,148,14,5,11,146,145,128,4
510,10,5,143,73,114,81,222,76,9
510,11,66,210,145,147,103,3,154,153
510,12,222,132,154,181,84,43,121,147
510,13,123,18,116,228,22,48,236,133
510,14,156,75,169,186,206,232,14,172
510,15,192,22,113,209,39,207,230,13
510,16,13,42,167,33,118,188,99,31
510,17,50,92,56,236,139,23,231,187
510,18,165,12,103,190,238,251,232,70
510,19,111,51,113,71,170,252,40,102
510,20,201,88,159,184,222,183,215,124
510,21,5,11,146,24,148,4,234,145
510,22,143,114,62,232,204,5,63,31
510,23,66,103,101,147,210,84,153,3
510,24,222,59,132,121,181,19,57,107
510,25,123,51,18,228,116,137,48,133
510,26,156,169,206,186,139,75,114,110
510,27,192,209,113,22,142,13,230,203
510,28,167,118,99,31,21,42,54,161
510,29,139,56,206,92,23,187,231,236
510,30,165,12,103,70,251,142,190,238
510,31,111,51,170,91,113,252,102,71
510,32,40,96,195,201,86,176,186,221
510,33,6,96,58,151,49,238,116,97
510,34,101,180,90,212,95,102,149,77
510,35,153,145,49,61,60,255,20,184
510,36,193,234,227,98,210,117,171,211
510,37,145,84,241,93,250,227,76,186
510,38,250,44,35,206,126,235,233,215
510,39,146,165,241,6,155,168,68,179
511,0,165,233,85,49,157,93,110,146
511,1,203,111,57,81,117,183,234,184
511,2,120,173,212,112,33,7,39,84
511,3,236,216,202,214,105,55,17,217
511,4,122,119,254,30,172,20,60,105
511,5,250,194,69,114,144,61,31,2
511,6,235,55,133,59,90,172,28,107
511,7,239,101,1,79,4,95,109,28
511,8,159,88,184,201,35,103,207,164
511,9,217,14,145,5,151,13,146,102
511,10,62,114,222,5,143,63,171,46
511,11,66,145,207,42,103,236,247,195
511,12,154,132,19,222,56,43,181,7
511,13,123,18,116,137,228,48,22,254
511,14,169,156,75,186,232,114,14,129
511,15,192,22,209,113,39,13,230,142
511,16,13,167,188,31,42,99,118,21
511,17,92,50,139,132,236,187,231,56
511,18,165,12,103,190,238,70,106,246
511,19,111,71,170,51,113,252,178,40
511,20,88,201,159,184,222,124,183,215
511,21,217,5,11,24,145,196,146,14
511,22,62,143,114,232,51,63,204,222
511,23,103,66,101,42,84,207,247,250
511,24,59,132,206,181,19,57,222,121
511,25,123,51,18,137,228,199,48,39
511,26,169,114,156,110,186,152,139,251
511,27,192,142,230,209,22,157,113,13
511,28,118,99,167,21,31,42,231,237
511,29,139,56,206,92,187,231,7,236
511,30,165,12,103,70,205,142,190,159
511,31,111,170,113,252,71,107,91,102
511,32,96,40,186,42,201,176,61,199
511,33,58,11,232,238,116,151,122,40
511,34,180,196,207,101,102,95,149,235
511,35,153,145,60,255,20,61,110,3
511,36,181,193,8,210,0,117,211,143
511,37,84,241,31,220,57,250,93,190
511,38,250,44,126,97,244,75,157,22
511,39,146,241,9,68,62,145,181,52
